claim_id,provider_npi,provider_name,member_id,facility_id,claim_timestamp,cpt_code,claim_amount,location_city,fraud_flag
CLM-30064CEA,1000000081,Dr. Mike Allen,MEM000369,FAC006,2026-01-24T09:00:00,99215,217.57,Chennai,CLEAN
CLM-A1CF2CD6,1000000194,Dr. John Bishop,MEM000276,FAC006,2026-02-03T10:00:00,99214,147.93,Chennai,CLEAN
CLM-0A1B82CA,1000000142,Dr. Patricia Rodriguez,MEM000568,FAC032,2026-04-15T10:00:00,99213,91.79,Chennai,CLEAN
CLM-28363CAB,1000000141,Dr. David Douglas Jr.,MEM000095,FAC038,2026-06-03T14:00:00,71045,72.2,Chennai,CLEAN
CLM-D3DD49B5,1000000105,Dr. Marc Moore,MEM000397,FAC049,2026-01-22T17:00:00,99214,152.16,Chennai,CLEAN
CLM-CB8C73C1,1000000043,Dr. Anthony Humphrey,MEM000701,FAC024,2026-02-13T11:00:00,99215,211.25,Chennai,CLEAN
CLM-794F452F,1000000126,Dr. Michelle Evans,MEM000149,FAC004,2026-02-12T15:00:00,99215,216.53,Chennai,CLEAN
CLM-2097FD4B,1000000123,Dr. Michelle Harmon,MEM000801,FAC004,2026-04-03T13:00:00,99214,156.63,Chennai,CLEAN
CLM-10EAB98E,1000000126,Dr. Michelle Evans,MEM000608,FAC039,2026-02-20T16:00:00,99213,92.71,Chennai,CLEAN
CLM-CED2DE2E,1000000001,Dr. Noah Rhodes,MEM000971,FAC025,2026-03-27T15:00:00,99215,217.37,Chennai,CLEAN
CLM-9880CF68,1000000110,Dr. Richard Rodriguez,MEM000835,FAC041,2026-06-02T11:00:00,99215,212.11,Chennai,CLEAN
CLM-4C66664B,1000000177,Dr. Michael Wang,MEM000205,FAC030,2026-03-22T11:00:00,71045,87.5,Chennai,CLEAN
CLM-DFC1B3C0,1000000074,Dr. Amy Silva,MEM000752,FAC044,2026-06-12T16:00:00,93000,63.38,Chennai,CLEAN
CLM-9ACC7CC8,1000000083,Dr. Paul Jones,MEM000385,FAC017,2026-04-11T14:00:00,99213,108.64,Chennai,CLEAN
CLM-2862B4E7,1000000051,Dr. Danny Morgan,MEM000606,FAC034,2026-02-16T17:00:00,99213,109.06,Chennai,CLEAN
CLM-9CFBC8A6,1000000118,Dr. Victor Baker,MEM000965,FAC045,2026-02-23T16:00:00,99215,234.58,Chennai,CLEAN
CLM-E0366BAD,1000000017,Dr. Derek Zuniga,MEM000838,FAC026,2026-06-22T16:00:00,99214,154.0,Chennai,CLEAN
CLM-4FFEB71E,1000000061,Dr. Gerald Hensley,MEM000258,FAC042,2026-02-09T15:00:00,71045,73.18,Chennai,CLEAN
CLM-DD7A5837,1000000153,Dr. Devon Flores,MEM000490,FAC037,2026-04-13T17:00:00,93000,65.08,Chennai,CLEAN
CLM-BFE44622,1000000177,Dr. Michael Wang,MEM000428,FAC034,2026-01-10T14:00:00,93000,61.13,Chennai,CLEAN
CLM-96B93756,1000000021,Dr. Patty Perez,MEM000111,FAC049,2026-03-05T14:00:00,99214,154.41,Chennai,CLEAN
CLM-D0715B92,1000000011,Dr. Jamie Arnold,MEM000576,FAC041,2026-06-23T15:00:00,99215,240.49,Chennai,CLEAN
CLM-45A66E03,1000000110,Dr. Richard Rodriguez,MEM000108,FAC000,2026-01-26T13:00:00,99214,150.32,Chennai,CLEAN
CLM-4BCA2B13,1000000132,Dr. Mary Marshall,MEM000571,FAC037,2026-06-26T12:00:00,71045,77.99,Chennai,CLEAN
CLM-84E80E80,1000000118,Dr. Victor Baker,MEM000790,FAC043,2026-05-31T17:00:00,99214,145.35,Chennai,CLEAN
CLM-493B83EC,1000000006,Dr. Abigail Shaffer,MEM000494,FAC006,2026-03-17T15:00:00,99213,92.32,Chennai,CLEAN
CLM-38101B54,1000000186,Dr. Jonathan Peterson,MEM000145,FAC022,2026-03-21T14:00:00,71045,84.55,Chennai,CLEAN
CLM-11314C77,1000000133,Dr. Daniel Kennedy,MEM000494,FAC022,2026-05-02T10:00:00,71045,83.55,Chennai,CLEAN
CLM-36C06A61,1000000115,Dr. Diana May,MEM000326,FAC004,2026-03-18T09:00:00,99213,90.45,Chennai,CLEAN
CLM-B3C458D7,1000000087,Dr. Christopher Bass,MEM000663,FAC006,2026-06-23T11:00:00,99214,150.48,Chennai,CLEAN
CLM-4BF1B18D,1000000141,Dr. David Douglas Jr.,MEM000163,FAC021,2026-05-24T15:00:00,71045,75.71,Chennai,CLEAN
CLM-286064F6,1000000103,Dr. Christine Wright,MEM000644,FAC011,2026-02-17T15:00:00,71045,72.47,Chennai,CLEAN
CLM-E6AB41C7,1000000157,Dr. Jason Stein,MEM000904,FAC012,2026-04-26T15:00:00,71045,72.07,Chennai,CLEAN
CLM-BD810D6E,1000000054,Dr. Shannon Jones,MEM000210,FAC017,2026-06-30T10:00:00,93000,55.22,Chennai,CLEAN
CLM-EC81CA85,1000000137,Dr. Courtney Gonzalez,MEM000191,FAC023,2026-03-25T12:00:00,71045,73.82,Chennai,CLEAN
CLM-9CE0F369,1000000171,Dr. Darlene Miller,MEM000883,FAC031,2026-05-16T14:00:00,93000,58.66,Chennai,CLEAN
CLM-08C529A0,1000000100,Dr. Sandra Aguilar,MEM000601,FAC007,2026-03-31T14:00:00,71045,81.88,Chennai,CLEAN
CLM-A020971C,1000000172,Dr. Joshua Cooke,MEM000722,FAC019,2026-06-07T10:00:00,99214,144.4,Chennai,CLEAN
CLM-ED3CB2C5,1000000061,Dr. Gerald Hensley,MEM000312,FAC007,2026-02-16T14:00:00,99214,150.32,Chennai,CLEAN
CLM-D94EDA2C,1000000107,Dr. Sierra Johnson,MEM000610,FAC008,2026-05-28T15:00:00,71045,74.97,Chennai,CLEAN
CLM-6875FF1F,1000000162,Dr. Lindsey Walker,MEM000550,FAC044,2026-06-15T11:00:00,93000,56.0,Chennai,CLEAN
CLM-7E5CBCE9,1000000073,Dr. Lauren Daniels,MEM000143,FAC011,2026-03-22T16:00:00,93000,54.64,Chennai,CLEAN
CLM-DEC7E588,1000000091,Dr. Brian Rodriguez,MEM000974,FAC000,2026-05-05T11:00:00,99214,159.46,Chennai,CLEAN
CLM-FB041BE6,1000000143,Dr. Christopher Rubio,MEM000517,FAC041,2026-05-07T15:00:00,71045,78.65,Chennai,CLEAN
CLM-E451048B,1000000113,Dr. Crystal Johnson,MEM000500,FAC010,2026-01-22T09:00:00,99214,143.76,Chennai,CLEAN
CLM-E116011A,1000000070,Dr. Jordan Henderson,MEM000230,FAC034,2026-03-15T11:00:00,71045,81.05,Chennai,CLEAN
CLM-05940426,1000000197,Dr. Spencer Haynes,MEM000784,FAC031,2026-05-21T17:00:00,99213,101.45,Chennai,CLEAN
CLM-3844E70B,1000000068,Dr. James Brown,MEM000793,FAC034,2026-04-04T17:00:00,99213,105.2,Chennai,CLEAN
CLM-61886A3F,1000000112,Dr. Julia Torres,MEM000559,FAC013,2026-04-19T10:00:00,99214,143.93,Chennai,CLEAN
CLM-1C905D4B,1000000008,Dr. Gabrielle Davis,MEM000460,FAC016,2026-03-31T10:00:00,71045,85.84,Chennai,CLEAN
CLM-111B460F,1000000030,Dr. Rebecca Henderson,MEM000794,FAC015,2026-02-23T14:00:00,93000,61.59,Chennai,CLEAN
CLM-8450D515,1000000042,Dr. Sherry Decker,MEM000630,FAC008,2026-02-22T12:00:00,99213,101.4,Chennai,CLEAN
CLM-A8B0668E,1000000136,Dr. Robert Potter,MEM000287,FAC038,2026-05-18T11:00:00,99215,241.08,Chennai,CLEAN
CLM-FDC14D70,1000000074,Dr. Amy Silva,MEM000296,FAC036,2026-03-10T17:00:00,99213,92.71,Chennai,CLEAN
CLM-0E065877,1000000192,Dr. Debra Christian,MEM000804,FAC026,2026-01-16T13:00:00,99214,156.04,Chennai,CLEAN
CLM-BA1BCFAB,1000000033,Dr. Nathan Maldonado,MEM000255,FAC009,2026-03-24T12:00:00,71045,79.83,Chennai,CLEAN
CLM-D9FA1A21,1000000147,Dr. Stephanie Salazar,MEM000647,FAC017,2026-06-10T15:00:00,71045,79.23,Chennai,CLEAN
CLM-B17A7745,1000000162,Dr. Lindsey Walker,MEM000813,FAC049,2026-01-24T15:00:00,93000,63.0,Chennai,CLEAN
CLM-498B9A1F,1000000177,Dr. Michael Wang,MEM000958,FAC023,2026-04-27T16:00:00,99215,223.61,Chennai,CLEAN
CLM-93689BF4,1000000198,Dr. Adam Vaughan,MEM000867,FAC046,2026-01-24T16:00:00,99215,235.4,Chennai,CLEAN
CLM-B833EBEF,1000000136,Dr. Robert Potter,MEM000407,FAC013,2026-04-20T12:00:00,71045,76.3,Chennai,CLEAN
CLM-95754E18,1000000072,Dr. Brittney Phillips,MEM000345,FAC035,2026-05-28T11:00:00,93000,64.23,Chennai,CLEAN
CLM-CFF75909,1888888888,Dr. Synthetic-B (Teleport),MEM000351,FAC043,2026-01-13T09:00:00,99213,102.52,Chennai,CLEAN
CLM-2F8628AD,1000000117,Dr. Ashley Waller,MEM000016,FAC007,2026-02-10T16:00:00,71045,72.01,Chennai,CLEAN
CLM-41665591,1000000109,Dr. Sharon Cochran,MEM000207,FAC044,2026-02-03T13:00:00,99214,161.23,Chennai,CLEAN
CLM-40AA5D61,1000000070,Dr. Jordan Henderson,MEM000095,FAC041,2026-04-03T13:00:00,99213,97.44,Chennai,CLEAN
CLM-B0070D38,1000000166,Dr. Alyssa Long,MEM000169,FAC003,2026-04-12T13:00:00,99214,147.88,Chennai,CLEAN
CLM-6388335A,1000000023,Dr. Tommy Walter,MEM000720,FAC006,2026-01-01T12:00:00,71045,73.25,Chennai,CLEAN
CLM-4110B31E,1000000151,Dr. Pamela Boyd,MEM000231,FAC033,2026-06-24T16:00:00,99213,90.16,Chennai,CLEAN
CLM-953857AC,1000000087,Dr. Christopher Bass,MEM000836,FAC007,2026-04-19T11:00:00,71045,73.13,Chennai,CLEAN
CLM-A8AA54B2,1000000098,Dr. Jessica Smith,MEM000091,FAC046,2026-01-27T10:00:00,99215,214.17,Chennai,CLEAN
CLM-E247D8A4,1000000076,Dr. Angela Lopez,MEM000140,FAC024,2026-02-04T11:00:00,99213,100.61,Chennai,CLEAN
CLM-7489C0AA,1000000002,Dr. Angie Henderson,MEM000624,FAC041,2026-02-12T16:00:00,99215,229.79,Chennai,CLEAN
CLM-C4A2F6C0,1000000160,Dr. Paul Castaneda,MEM000766,FAC009,2026-04-16T16:00:00,99214,137.6,Chennai,CLEAN
CLM-D13AC7EF,1000000025,Dr. Judy Baker,MEM000143,FAC048,2026-02-01T15:00:00,99215,240.38,Chennai,CLEAN
CLM-58F8D8AA,1000000080,Dr. Kelly Donovan,MEM000810,FAC008,2026-03-05T13:00:00,99213,94.96,Chennai,CLEAN
CLM-839712EB,1000000153,Dr. Devon Flores,MEM000614,FAC046,2026-06-05T13:00:00,99213,106.96,Chennai,CLEAN
CLM-7A833485,1000000168,Dr. Joel Williams,MEM000896,FAC019,2026-02-22T17:00:00,93000,60.11,Chennai,CLEAN
CLM-FA86D89A,1000000191,Dr. Karen Graham,MEM000401,FAC018,2026-06-15T09:00:00,99214,149.85,Chennai,CLEAN
CLM-9BAB77A8,1000000028,Dr. Zachary Hicks,MEM000246,FAC031,2026-06-13T10:00:00,93000,64.66,Chennai,CLEAN
CLM-D97467C1,1000000003,Dr. Daniel Wagner,MEM000369,FAC020,2026-02-03T15:00:00,93000,59.05,Chennai,CLEAN
CLM-152EF290,1000000139,Dr. Angel Perry,MEM000699,FAC011,2026-05-01T10:00:00,99213,101.75,Chennai,CLEAN
CLM-186A9446,1000000003,Dr. Daniel Wagner,MEM000268,FAC013,2026-01-11T09:00:00,71045,80.11,Chennai,CLEAN
CLM-1B855293,1000000160,Dr. Paul Castaneda,MEM000729,FAC032,2026-04-17T15:00:00,71045,73.32,Chennai,CLEAN
CLM-277A6A82,1000000137,Dr. Courtney Gonzalez,MEM000550,FAC039,2026-02-09T13:00:00,99213,96.2,Chennai,CLEAN
CLM-84DFFE0F,1000000130,Dr. Elizabeth Kelley,MEM000943,FAC013,2026-02-09T17:00:00,99215,215.19,Chennai,CLEAN
CLM-CE7C1AE2,1000000162,Dr. Lindsey Walker,MEM000781,FAC041,2026-06-24T10:00:00,99215,228.74,Chennai,CLEAN
CLM-8339627C,1000000186,Dr. Jonathan Peterson,MEM000976,FAC015,2026-01-15T12:00:00,99213,108.49,Chennai,CLEAN
CLM-6BE9ADF0,1000000029,Dr. Anthony Rodriguez,MEM000464,FAC039,2026-06-05T09:00:00,99215,227.31,Chennai,CLEAN
CLM-308BC5CC,1000000168,Dr. Joel Williams,MEM000758,FAC011,2026-01-31T09:00:00,99214,156.04,Chennai,CLEAN
CLM-FF5EC838,1000000041,Dr. Fred Smith,MEM000508,FAC022,2026-05-14T17:00:00,99215,205.35,Chennai,CLEAN
CLM-26E984DC,1000000032,Dr. Tricia Valencia,MEM000767,FAC049,2026-03-10T10:00:00,99213,96.7,Chennai,CLEAN
CLM-7285EE39,1000000109,Dr. Sharon Cochran,MEM000278,FAC033,2026-01-17T13:00:00,93000,61.53,Chennai,CLEAN
CLM-B6D8271B,1000000127,Dr. Jason Powell,MEM000466,FAC032,2026-04-03T09:00:00,71045,85.75,Chennai,CLEAN
CLM-EEC051F9,1000000042,Dr. Sherry Decker,MEM000376,FAC010,2026-03-07T10:00:00,93000,62.09,Chennai,CLEAN
CLM-2B05F0F0,1000000029,Dr. Anthony Rodriguez,MEM000233,FAC047,2026-05-11T09:00:00,99213,107.17,Chennai,CLEAN
CLM-68995CFC,1000000003,Dr. Daniel Wagner,MEM000250,FAC002,2026-05-01T14:00:00,71045,86.72,Chennai,CLEAN
CLM-B9EFBB9A,1000000045,Dr. Philip Cannon,MEM000953,FAC002,2026-05-22T15:00:00,99214,144.65,Chennai,CLEAN
CLM-8912C8B4,1000000106,Dr. Sharon Cherry,MEM000937,FAC046,2026-03-23T13:00:00,99213,101.43,Chennai,CLEAN
CLM-74E79AB9,1000000030,Dr. Rebecca Henderson,MEM000514,FAC043,2026-01-14T11:00:00,99214,159.13,Chennai,CLEAN
CLM-5211C935,1000000011,Dr. Jamie Arnold,MEM000976,FAC025,2026-01-18T16:00:00,99215,232.04,Chennai,CLEAN
CLM-249DC25F,1000000079,Dr. Lisa Barnes,MEM000335,FAC005,2026-05-22T16:00:00,99213,97.38,Chennai,CLEAN
CLM-E9E6D3E0,1000000074,Dr. Amy Silva,MEM000577,FAC019,2026-06-09T12:00:00,71045,77.89,Chennai,CLEAN
CLM-EF92F648,1000000126,Dr. Michelle Evans,MEM000791,FAC049,2026-02-20T17:00:00,99214,139.52,Chennai,CLEAN
CLM-82AB75DD,1000000104,Dr. Richard Henson,MEM000024,FAC014,2026-05-19T14:00:00,99213,109.02,Chennai,CLEAN
CLM-5665340D,1000000000,Dr. Allison Hill,MEM000777,FAC042,2026-04-07T13:00:00,99213,94.1,Chennai,CLEAN
CLM-3CBFDCEF,1000000060,Dr. Victoria Garcia,MEM000429,FAC031,2026-01-16T11:00:00,99215,202.09,Chennai,CLEAN
CLM-560AA34F,1000000059,Dr. John Daniel,MEM000918,FAC033,2026-04-16T14:00:00,71045,87.59,Chennai,CLEAN
CLM-CD76F80C,1000000021,Dr. Patty Perez,MEM000594,FAC006,2026-05-10T11:00:00,71045,73.2,Chennai,CLEAN
CLM-349918AE,1000000145,Dr. Joyce Solis,MEM000063,FAC027,2026-06-19T11:00:00,99214,143.75,Chennai,CLEAN
CLM-76B92D29,1000000080,Dr. Kelly Donovan,MEM000948,FAC025,2026-06-29T14:00:00,99215,217.92,Chennai,CLEAN
CLM-6499C3B6,1000000059,Dr. John Daniel,MEM000076,FAC012,2026-02-04T10:00:00,99214,138.17,Chennai,CLEAN
CLM-B5081DDB,1000000115,Dr. Diana May,MEM000477,FAC020,2026-04-15T10:00:00,93000,58.3,Chennai,CLEAN
CLM-B0D653D8,1000000197,Dr. Spencer Haynes,MEM000212,FAC028,2026-03-20T16:00:00,99215,235.51,Chennai,CLEAN
CLM-34DAC324,1000000023,Dr. Tommy Walter,MEM000161,FAC043,2026-03-19T09:00:00,99214,160.08,Chennai,CLEAN
CLM-090A5097,1000000083,Dr. Paul Jones,MEM000151,FAC005,2026-03-05T14:00:00,71045,80.22,Chennai,CLEAN
CLM-D9E4E2D1,1000000173,Dr. Matthew Harrington,MEM000306,FAC016,2026-02-14T09:00:00,71045,85.67,Chennai,CLEAN
CLM-7D34DC7D,1000000142,Dr. Patricia Rodriguez,MEM000766,FAC035,2026-03-05T10:00:00,71045,73.63,Chennai,CLEAN
CLM-66F201DD,1000000035,Dr. Jeffrey Chavez,MEM000124,FAC000,2026-01-16T12:00:00,99214,140.94,Chennai,CLEAN
CLM-A5BDE377,1000000102,Dr. Rebecca Valencia,MEM000381,FAC043,2026-06-11T10:00:00,93000,61.03,Chennai,CLEAN
CLM-E928C90F,1000000019,Dr. Carla Gray,MEM000022,FAC004,2026-02-20T16:00:00,99214,137.76,Chennai,CLEAN
CLM-E7B692E2,1000000084,Dr. Zachary Ferrell,MEM000125,FAC002,2026-04-29T09:00:00,99214,162.72,Chennai,CLEAN
CLM-668C2F62,1000000110,Dr. Richard Rodriguez,MEM000841,FAC046,2026-04-12T16:00:00,99213,97.65,Chennai,CLEAN
CLM-1E27447C,1000000109,Dr. Sharon Cochran,MEM000176,FAC022,2026-02-24T11:00:00,99215,210.31,Chennai,CLEAN
CLM-C06FB67B,1000000038,Dr. Elizabeth Fowler,MEM000035,FAC039,2026-06-08T12:00:00,99215,219.95,Chennai,CLEAN
CLM-91E63EFC,1000000140,Dr. Cheyenne Horton,MEM000490,FAC003,2026-01-23T13:00:00,71045,74.2,Chennai,CLEAN
CLM-9E4BF612,1000000051,Dr. Danny Morgan,MEM000658,FAC033,2026-03-05T17:00:00,99213,109.79,Chennai,CLEAN
CLM-E41E83ED,1999999999,Dr. Synthetic-A (Phantom),MEM000730,FAC022,2026-05-03T17:00:00,71045,77.5,Chennai,CLEAN
CLM-364E2723,1000000144,Dr. Amber Wright,MEM000514,FAC020,2026-04-10T13:00:00,99214,135.78,Chennai,CLEAN
CLM-D5CFB8C7,1000000152,Dr. Denise Jones,MEM000224,FAC001,2026-03-13T09:00:00,71045,80.47,Chennai,CLEAN
CLM-947CCD52,1000000196,Dr. Daniel Salinas,MEM000598,FAC014,2026-02-10T10:00:00,99214,154.71,Chennai,CLEAN
CLM-C92B7067,1000000068,Dr. James Brown,MEM000546,FAC047,2026-01-15T12:00:00,93000,64.16,Chennai,CLEAN
CLM-F25260E3,1000000099,Dr. Stephen Mckee,MEM000363,FAC011,2026-02-15T12:00:00,93000,57.82,Chennai,CLEAN
CLM-42C84BA6,1000000188,Dr. Madison Poole,MEM000714,FAC022,2026-06-01T09:00:00,99215,239.69,Chennai,CLEAN
CLM-9B0E8162,1000000144,Dr. Amber Wright,MEM000145,FAC036,2026-02-18T16:00:00,93000,57.71,Chennai,CLEAN
CLM-919C5BFA,1000000125,Dr. Erin Edwards,MEM000038,FAC005,2026-01-15T12:00:00,93000,56.63,Chennai,CLEAN
CLM-051CFE05,1000000134,Dr. Rebecca Jackson,MEM000489,FAC000,2026-03-26T12:00:00,99214,145.22,Chennai,CLEAN
CLM-26599F48,1000000045,Dr. Philip Cannon,MEM000940,FAC020,2026-01-16T09:00:00,99214,152.6,Chennai,CLEAN
CLM-C5E56A2A,1000000036,Dr. Sherri Baker,MEM000792,FAC007,2026-05-15T14:00:00,99213,97.47,Chennai,CLEAN
CLM-4F5F3D17,1000000169,Dr. Daniel Murphy,MEM000405,FAC037,2026-01-26T14:00:00,99215,212.19,Chennai,CLEAN
CLM-7A2B3A26,1000000040,Dr. Paula Moreno,MEM000749,FAC027,2026-06-13T16:00:00,99215,205.66,Chennai,CLEAN
CLM-3848417E,1000000143,Dr. Christopher Rubio,MEM000710,FAC039,2026-04-02T12:00:00,93000,63.77,Chennai,CLEAN
CLM-D39A6A9C,1000000096,Dr. Aaron Wise,MEM000314,FAC046,2026-06-26T13:00:00,99214,140.33,Chennai,CLEAN
CLM-4CB89DFA,1000000000,Dr. Allison Hill,MEM000971,FAC044,2026-05-27T15:00:00,93000,54.39,Chennai,CLEAN
CLM-924287FF,1000000154,Dr. Brenda Hall,MEM000325,FAC039,2026-02-26T10:00:00,71045,74.25,Chennai,CLEAN
CLM-0BF3E8A2,1000000190,Dr. Debra Morton,MEM000079,FAC015,2026-03-30T14:00:00,99214,154.09,Chennai,CLEAN
CLM-E3C3FC3B,1000000022,Dr. Ethan Adams,MEM000841,FAC045,2026-06-21T14:00:00,71045,72.18,Chennai,CLEAN
CLM-62183A45,1000000053,Dr. Mark Perez,MEM000255,FAC044,2026-01-18T14:00:00,99215,232.63,Chennai,CLEAN
CLM-579E7C70,1000000184,Dr. Lindsay Martinez,MEM000001,FAC003,2026-04-09T16:00:00,71045,87.51,Chennai,CLEAN
CLM-5946B13A,1000000105,Dr. Marc Moore,MEM000504,FAC024,2026-03-31T17:00:00,71045,73.62,Chennai,CLEAN
CLM-CFD5B589,1000000122,Dr. April Frost,MEM000807,FAC036,2026-06-16T12:00:00,99214,148.54,Chennai,CLEAN
CLM-64F30C12,1000000008,Dr. Gabrielle Davis,MEM000301,FAC001,2026-03-23T13:00:00,99213,91.48,Chennai,CLEAN
CLM-CF30AA63,1000000043,Dr. Anthony Humphrey,MEM000909,FAC024,2026-02-11T10:00:00,93000,65.3,Chennai,CLEAN
CLM-30783C17,1000000023,Dr. Tommy Walter,MEM000346,FAC038,2026-06-07T16:00:00,99213,98.63,Chennai,CLEAN
CLM-8765EC0F,1000000167,Dr. Alyssa Day,MEM000168,FAC038,2026-04-22T11:00:00,99213,92.03,Chennai,CLEAN
CLM-034C2F2E,1000000052,Dr. Crystal Robinson,MEM000997,FAC012,2026-04-15T17:00:00,93000,57.18,Chennai,CLEAN
CLM-B4BB5F2E,1000000072,Dr. Brittney Phillips,MEM000304,FAC015,2026-01-25T09:00:00,71045,81.15,Chennai,CLEAN
CLM-A3438DE9,1000000125,Dr. Erin Edwards,MEM000157,FAC003,2026-04-03T09:00:00,71045,73.4,Chennai,CLEAN
CLM-3FA8849F,1000000169,Dr. Daniel Murphy,MEM000640,FAC038,2026-05-03T12:00:00,99213,90.51,Chennai,CLEAN
CLM-0F3E2F53,1000000043,Dr. Anthony Humphrey,MEM000653,FAC018,2026-01-21T16:00:00,99213,96.17,Chennai,CLEAN
CLM-9FB63D56,1000000101,Dr. Cameron Parker,MEM000482,FAC031,2026-06-19T13:00:00,99213,102.84,Chennai,CLEAN
CLM-DE8C7FFF,1000000099,Dr. Stephen Mckee,MEM000189,FAC023,2026-04-08T14:00:00,99214,148.37,Chennai,CLEAN
CLM-8F034386,1000000067,Dr. Carol Tucker,MEM000450,FAC029,2026-03-09T12:00:00,99215,222.83,Chennai,CLEAN
CLM-D4328915,1000000038,Dr. Elizabeth Fowler,MEM000770,FAC044,2026-06-20T10:00:00,99213,103.36,Chennai,CLEAN
CLM-662D8F9C,1000000138,Dr. David Alvarez,MEM000423,FAC048,2026-05-31T12:00:00,93000,54.73,Chennai,CLEAN
CLM-BBBE1AE4,1000000099,Dr. Stephen Mckee,MEM000838,FAC033,2026-04-18T17:00:00,71045,81.16,Chennai,CLEAN
CLM-C7C817DA,1000000060,Dr. Victoria Garcia,MEM000487,FAC019,2026-01-21T15:00:00,99213,100.04,Chennai,CLEAN
CLM-E483B27A,1000000132,Dr. Mary Marshall,MEM000819,FAC036,2026-06-23T11:00:00,99213,108.99,Chennai,CLEAN
CLM-B7121A52,1000000114,Dr. Garrett Lin,MEM000177,FAC010,2026-02-24T12:00:00,99214,136.28,Chennai,CLEAN
CLM-C242F37C,1000000020,Dr. Margaret Hawkins DDS,MEM000699,FAC027,2026-02-21T11:00:00,93000,57.09,Chennai,CLEAN
CLM-90FB01CF,1000000186,Dr. Jonathan Peterson,MEM000936,FAC004,2026-01-23T15:00:00,93000,58.77,Chennai,CLEAN
CLM-1E6EE19F,1000000083,Dr. Paul Jones,MEM000877,FAC017,2026-05-14T16:00:00,99213,105.73,Chennai,CLEAN
CLM-ECBAA849,1000000159,Dr. Jamie Smith,MEM000601,FAC033,2026-04-18T10:00:00,71045,74.39,Chennai,CLEAN
CLM-707085D7,1000000145,Dr. Joyce Solis,MEM000602,FAC037,2026-01-26T10:00:00,93000,63.35,Chennai,CLEAN
CLM-D516C28E,1888888888,Dr. Synthetic-B (Teleport),MEM000292,FAC034,2026-03-30T15:00:00,99215,214.85,Chennai,CLEAN
CLM-7D30B708,1000000124,Dr. Helen Jones,MEM000585,FAC038,2026-05-02T09:00:00,99214,143.26,Chennai,CLEAN
CLM-7285039D,1000000036,Dr. Sherri Baker,MEM000633,FAC038,2026-06-24T15:00:00,99213,97.92,Chennai,CLEAN
CLM-FB26C52F,1000000084,Dr. Zachary Ferrell,MEM000707,FAC015,2026-01-13T16:00:00,99215,237.47,Chennai,CLEAN
CLM-12910EDB,1000000005,Dr. Connie Lawrence,MEM000345,FAC019,2026-03-21T13:00:00,71045,85.73,Chennai,CLEAN
CLM-95DADBA6,1000000175,Dr. Alex Hernandez,MEM000100,FAC014,2026-02-04T13:00:00,71045,84.38,Chennai,CLEAN
CLM-29A3ABBE,1000000082,Dr. Michael Evans,MEM000275,FAC046,2026-04-17T10:00:00,99214,148.25,Chennai,CLEAN
CLM-DE1F6E95,1000000104,Dr. Richard Henson,MEM000758,FAC031,2026-05-13T14:00:00,99213,100.31,Chennai,CLEAN
CLM-4AF44AE4,1000000040,Dr. Paula Moreno,MEM000067,FAC019,2026-05-10T15:00:00,99214,158.42,Chennai,CLEAN
CLM-F52070FB,1000000134,Dr. Rebecca Jackson,MEM000900,FAC036,2026-01-08T11:00:00,99214,161.26,Chennai,CLEAN
CLM-193D50E5,1000000051,Dr. Danny Morgan,MEM000857,FAC003,2026-03-05T09:00:00,71045,72.81,Chennai,CLEAN
CLM-480B454E,1000000092,Dr. Denise Jacobs,MEM000721,FAC012,2026-03-12T14:00:00,71045,80.08,Chennai,CLEAN
CLM-1CAEB66F,1000000162,Dr. Lindsey Walker,MEM000945,FAC007,2026-06-24T09:00:00,99214,146.17,Chennai,CLEAN
CLM-3E3CA6A9,1000000152,Dr. Denise Jones,MEM000456,FAC011,2026-05-02T17:00:00,99215,213.15,Chennai,CLEAN
CLM-C7CAFF9E,1000000066,Dr. Tracy House,MEM000766,FAC044,2026-01-24T13:00:00,99213,97.73,Chennai,CLEAN
CLM-CC7FE350,1000000041,Dr. Fred Smith,MEM000874,FAC036,2026-02-24T12:00:00,99214,155.33,Chennai,CLEAN
CLM-8D4F284D,1000000068,Dr. James Brown,MEM000667,FAC026,2026-05-12T09:00:00,99213,99.48,Chennai,CLEAN
CLM-CC771A6C,1000000033,Dr. Nathan Maldonado,MEM000662,FAC011,2026-06-03T09:00:00,99214,142.57,Chennai,CLEAN
CLM-768CDADF,1000000078,Dr. Steve Sanchez,MEM000729,FAC045,2026-06-14T13:00:00,71045,86.33,Chennai,CLEAN
CLM-510C7186,1000000089,Dr. Aimee Montoya,MEM000470,FAC016,2026-02-25T16:00:00,99215,227.8,Chennai,CLEAN
CLM-27E81607,1000000159,Dr. Jamie Smith,MEM000406,FAC037,2026-01-27T09:00:00,93000,65.99,Chennai,CLEAN
CLM-F58B0007,1000000095,Dr. Anna Henderson,MEM000574,FAC041,2026-06-02T13:00:00,99215,228.11,Chennai,CLEAN
CLM-98836F79,1000000123,Dr. Michelle Harmon,MEM000065,FAC021,2026-03-12T14:00:00,99215,209.49,Chennai,CLEAN
CLM-96086EF4,1000000182,Dr. Angela Vaughn,MEM000975,FAC041,2026-03-18T12:00:00,99214,150.52,Chennai,CLEAN
CLM-44F593A5,1000000061,Dr. Gerald Hensley,MEM000921,FAC003,2026-06-03T15:00:00,99215,227.95,Chennai,CLEAN
CLM-5B70F946,1000000184,Dr. Lindsay Martinez,MEM000026,FAC041,2026-05-08T13:00:00,99215,237.9,Chennai,CLEAN
CLM-1F588042,1000000103,Dr. Christine Wright,MEM000397,FAC047,2026-01-10T12:00:00,99215,229.97,Chennai,CLEAN
CLM-BD977466,1000000056,Dr. Timothy Duncan,MEM000702,FAC034,2026-06-13T16:00:00,99215,220.32,Chennai,CLEAN
CLM-043485DA,1000000043,Dr. Anthony Humphrey,MEM000860,FAC042,2026-05-23T11:00:00,99215,202.29,Chennai,CLEAN
CLM-3A15D19B,1000000032,Dr. Tricia Valencia,MEM000758,FAC016,2026-05-24T11:00:00,99215,226.8,Chennai,CLEAN
CLM-CCC1D03F,1000000056,Dr. Timothy Duncan,MEM000363,FAC014,2026-03-20T15:00:00,99215,214.35,Chennai,CLEAN
CLM-BE2174A9,1000000149,Dr. Stephanie Manning,MEM000301,FAC029,2026-01-31T16:00:00,99213,107.33,Chennai,CLEAN
CLM-39890856,1000000149,Dr. Stephanie Manning,MEM000594,FAC039,2026-01-19T16:00:00,99214,150.01,Chennai,CLEAN
CLM-957EF860,1000000174,Dr. Nicole Herring,MEM000390,FAC033,2026-03-18T15:00:00,99213,107.42,Chennai,CLEAN
CLM-18C347DF,1000000038,Dr. Elizabeth Fowler,MEM000140,FAC012,2026-03-29T15:00:00,93000,64.71,Chennai,CLEAN
CLM-D14D433F,1000000117,Dr. Ashley Waller,MEM000146,FAC020,2026-02-16T10:00:00,71045,77.32,Chennai,CLEAN
CLM-FF5B26D1,1000000045,Dr. Philip Cannon,MEM000320,FAC040,2026-01-15T09:00:00,71045,76.38,Chennai,CLEAN
CLM-5C5907F9,1000000194,Dr. John Bishop,MEM000792,FAC010,2026-05-28T11:00:00,71045,84.56,Chennai,CLEAN
CLM-734420E9,1000000199,Dr. Nathan Freeman,MEM000090,FAC008,2026-06-07T15:00:00,71045,78.45,Chennai,CLEAN
CLM-078C5765,1000000122,Dr. April Frost,MEM000392,FAC000,2026-01-10T17:00:00,99214,156.92,Chennai,CLEAN
CLM-0085D786,1000000003,Dr. Daniel Wagner,MEM000913,FAC020,2026-05-16T12:00:00,99213,103.53,Chennai,CLEAN
CLM-A7149675,1000000160,Dr. Paul Castaneda,MEM000751,FAC015,2026-02-27T14:00:00,99215,203.67,Chennai,CLEAN
CLM-A210D56D,1000000098,Dr. Jessica Smith,MEM000515,FAC037,2026-03-20T11:00:00,99213,106.48,Chennai,CLEAN
CLM-D1A3C4EA,1000000076,Dr. Angela Lopez,MEM000971,FAC018,2026-04-27T17:00:00,93000,60.29,Chennai,CLEAN
CLM-FC0B29A8,1000000111,Dr. Shannon Walker,MEM000909,FAC043,2026-02-04T14:00:00,71045,77.75,Chennai,CLEAN
CLM-09E30080,1000000048,Dr. Joshua Blair,MEM000168,FAC025,2026-01-05T12:00:00,99214,156.82,Chennai,CLEAN
CLM-EAFC30B5,1000000033,Dr. Nathan Maldonado,MEM000216,FAC046,2026-01-06T17:00:00,99214,138.69,Chennai,CLEAN
CLM-021C82FA,1000000182,Dr. Angela Vaughn,MEM000666,FAC002,2026-04-07T13:00:00,93000,61.48,Chennai,CLEAN
CLM-5B83AAC7,1000000152,Dr. Denise Jones,MEM000049,FAC042,2026-01-28T09:00:00,99213,103.79,Chennai,CLEAN
CLM-8DE6A24C,1000000106,Dr. Sharon Cherry,MEM000454,FAC024,2026-02-01T17:00:00,99215,218.87,Chennai,CLEAN
CLM-86E5518D,1000000039,Dr. Brittany Farmer,MEM000210,FAC044,2026-06-25T09:00:00,99215,216.52,Chennai,CLEAN
CLM-C73FE36B,1000000025,Dr. Judy Baker,MEM000678,FAC033,2026-03-11T11:00:00,71045,85.29,Chennai,CLEAN
CLM-7CCB15CF,1000000026,Dr. Justin Baker,MEM000523,FAC046,2026-06-08T10:00:00,99215,203.02,Chennai,CLEAN
CLM-EC7170A7,1000000027,Dr. Stephanie Ross,MEM000509,FAC012,2026-06-05T12:00:00,99215,234.59,Chennai,CLEAN
CLM-BE1D6D30,1000000051,Dr. Danny Morgan,MEM000366,FAC045,2026-04-15T13:00:00,99214,136.18,Chennai,CLEAN
CLM-7D847097,1000000127,Dr. Jason Powell,MEM000932,FAC013,2026-06-26T16:00:00,99215,208.32,Chennai,CLEAN
CLM-9EAF7A1A,1000000003,Dr. Daniel Wagner,MEM000687,FAC005,2026-01-29T16:00:00,99214,163.48,Chennai,CLEAN
CLM-E70E2E43,1000000199,Dr. Nathan Freeman,MEM000523,FAC004,2026-01-26T13:00:00,99214,148.7,Chennai,CLEAN
CLM-A56E3821,1000000075,Dr. Sarah Moore,MEM000270,FAC029,2026-01-13T10:00:00,99214,161.22,Chennai,CLEAN
CLM-C0347847,1000000074,Dr. Amy Silva,MEM000368,FAC043,2026-03-22T15:00:00,99213,91.9,Chennai,CLEAN
CLM-7284C74D,1000000194,Dr. John Bishop,MEM000911,FAC002,2026-01-03T11:00:00,99214,144.86,Chennai,CLEAN
CLM-C8BDD76A,1000000112,Dr. Julia Torres,MEM000978,FAC039,2026-03-10T10:00:00,99215,233.86,Chennai,CLEAN
CLM-A538625D,1000000046,Dr. John Pierce,MEM000116,FAC025,2026-04-13T16:00:00,99215,234.77,Chennai,CLEAN
CLM-D0CC58A0,1000000176,Dr. Michael Elliott,MEM000871,FAC030,2026-04-18T11:00:00,99213,92.65,Chennai,CLEAN
CLM-4D38BE6E,1000000185,Dr. Dr. Hannah Patterson,MEM000060,FAC010,2026-01-27T15:00:00,93000,59.79,Chennai,CLEAN
CLM-8CC6AB0B,1000000145,Dr. Joyce Solis,MEM000694,FAC028,2026-02-16T15:00:00,99215,224.9,Chennai,CLEAN
CLM-4E368093,1000000175,Dr. Alex Hernandez,MEM000901,FAC046,2026-02-03T16:00:00,71045,73.81,Chennai,CLEAN
CLM-671C48DD,1000000105,Dr. Marc Moore,MEM000451,FAC002,2026-01-17T13:00:00,99215,198.54,Chennai,CLEAN
CLM-976F782D,1000000173,Dr. Matthew Harrington,MEM000537,FAC049,2026-05-28T12:00:00,99215,220.84,Chennai,CLEAN
CLM-4F975266,1000000176,Dr. Michael Elliott,MEM000717,FAC039,2026-01-25T15:00:00,99214,149.46,Chennai,CLEAN
CLM-BA474257,1000000169,Dr. Daniel Murphy,MEM000692,FAC041,2026-04-09T11:00:00,93000,64.7,Chennai,CLEAN
CLM-3E3EFAE2,1000000156,Dr. Joshua Perry,MEM000055,FAC000,2026-06-14T11:00:00,93000,64.19,Chennai,CLEAN
CLM-C879552A,1000000126,Dr. Michelle Evans,MEM000890,FAC010,2026-01-20T16:00:00,99215,208.6,Chennai,CLEAN
CLM-2C820AC7,1000000071,Dr. Whitney Peters,MEM000051,FAC032,2026-02-27T17:00:00,71045,78.45,Chennai,CLEAN
CLM-84843C62,1000000060,Dr. Victoria Garcia,MEM000080,FAC029,2026-04-24T16:00:00,99213,107.13,Chennai,CLEAN
CLM-187B448C,1000000114,Dr. Garrett Lin,MEM000323,FAC007,2026-05-08T09:00:00,99213,98.07,Chennai,CLEAN
CLM-CE67F577,1000000009,Dr. Ryan Munoz,MEM000570,FAC035,2026-01-01T10:00:00,93000,65.56,Chennai,CLEAN
CLM-2C345510,1000000163,Dr. Jeffrey Johnson,MEM000311,FAC032,2026-05-24T12:00:00,71045,87.21,Chennai,CLEAN
CLM-3DA2D6C4,1000000093,Dr. Christina Walters,MEM000845,FAC003,2026-02-27T16:00:00,99215,222.65,Chennai,CLEAN
CLM-E63C8224,1000000158,Dr. Melissa Gates,MEM000614,FAC030,2026-06-18T14:00:00,71045,73.82,Chennai,CLEAN
CLM-6F47E0B7,1000000194,Dr. John Bishop,MEM000674,FAC014,2026-01-01T14:00:00,99215,234.51,Chennai,CLEAN
CLM-5C151A13,1000000074,Dr. Amy Silva,MEM000560,FAC033,2026-04-06T10:00:00,99213,107.94,Chennai,CLEAN
CLM-E6D02883,1000000126,Dr. Michelle Evans,MEM000143,FAC045,2026-04-15T10:00:00,99215,224.88,Chennai,CLEAN
CLM-43D8EC1F,1000000048,Dr. Joshua Blair,MEM000123,FAC025,2026-02-25T16:00:00,99214,156.5,Chennai,CLEAN
CLM-7E90F53F,1000000027,Dr. Stephanie Ross,MEM000775,FAC026,2026-01-12T10:00:00,71045,79.32,Chennai,CLEAN
CLM-1B8B9E51,1000000150,Dr. David Wright,MEM000979,FAC032,2026-02-04T16:00:00,99213,100.61,Chennai,CLEAN
CLM-3AE6FA61,1000000012,Dr. Lisa Hensley,MEM000566,FAC027,2026-05-30T16:00:00,93000,63.37,Chennai,CLEAN
CLM-48D427D6,1000000045,Dr. Philip Cannon,MEM000708,FAC037,2026-02-14T11:00:00,99213,97.75,Chennai,CLEAN
CLM-6ECDA4F6,1000000153,Dr. Devon Flores,MEM000620,FAC020,2026-05-10T15:00:00,71045,87.67,Chennai,CLEAN
CLM-88801BB1,1000000177,Dr. Michael Wang,MEM000780,FAC015,2026-03-12T15:00:00,99215,240.7,Chennai,CLEAN
CLM-62630A34,1000000115,Dr. Diana May,MEM000824,FAC008,2026-02-05T15:00:00,93000,62.4,Chennai,CLEAN
CLM-738B37B1,1000000191,Dr. Karen Graham,MEM000524,FAC019,2026-06-29T17:00:00,99215,229.32,Chennai,CLEAN
CLM-5B4ED268,1000000141,Dr. David Douglas Jr.,MEM000647,FAC013,2026-02-21T12:00:00,93000,62.57,Chennai,CLEAN
CLM-B9E2536C,1000000175,Dr. Alex Hernandez,MEM000353,FAC043,2026-02-03T11:00:00,93000,60.51,Chennai,CLEAN
CLM-2CC4E02A,1000000163,Dr. Jeffrey Johnson,MEM000330,FAC045,2026-01-30T14:00:00,93000,59.76,Chennai,CLEAN
CLM-CDA1DEBA,1000000146,Dr. Victoria Larson,MEM000965,FAC042,2026-04-17T17:00:00,99215,236.61,Chennai,CLEAN
CLM-63437640,1000000108,Dr. Evelyn Galvan,MEM000827,FAC000,2026-05-14T10:00:00,99213,97.62,Chennai,CLEAN
CLM-14275AC0,1000000013,Dr. Michele Williams,MEM000686,FAC003,2026-02-21T13:00:00,99214,164.51,Chennai,CLEAN
CLM-DC462BC7,1000000174,Dr. Nicole Herring,MEM000256,FAC009,2026-01-16T13:00:00,99214,157.61,Chennai,CLEAN
CLM-962C5F11,1000000008,Dr. Gabrielle Davis,MEM000367,FAC028,2026-01-27T17:00:00,99214,157.27,Chennai,CLEAN
CLM-0BD10F46,1000000143,Dr. Christopher Rubio,MEM000398,FAC015,2026-05-11T13:00:00,99213,108.53,Chennai,CLEAN
CLM-561DFD12,1000000099,Dr. Stephen Mckee,MEM000426,FAC043,2026-03-22T17:00:00,99213,90.26,Chennai,CLEAN
CLM-A7314EB1,1000000064,Dr. Jessica Callahan,MEM000207,FAC039,2026-04-24T12:00:00,99215,231.22,Chennai,CLEAN
CLM-6EA26BFC,1000000139,Dr. Angel Perry,MEM000756,FAC038,2026-02-20T12:00:00,99215,217.75,Chennai,CLEAN
CLM-424E38C4,1000000174,Dr. Nicole Herring,MEM000076,FAC011,2026-02-14T17:00:00,99213,97.54,Chennai,CLEAN
CLM-D30D2A3D,1000000109,Dr. Sharon Cochran,MEM000285,FAC035,2026-03-09T11:00:00,99214,152.52,Chennai,CLEAN
CLM-F1B7EF59,1000000065,Dr. Amber Kidd,MEM000005,FAC021,2026-04-30T11:00:00,99213,93.07,Chennai,CLEAN
CLM-DF1A2BED,1000000082,Dr. Michael Evans,MEM000611,FAC003,2026-06-10T13:00:00,71045,84.64,Chennai,CLEAN
CLM-78DA2855,1000000140,Dr. Cheyenne Horton,MEM000366,FAC004,2026-03-23T17:00:00,99214,163.71,Chennai,CLEAN
CLM-CF947A4A,1000000133,Dr. Daniel Kennedy,MEM000069,FAC032,2026-02-10T15:00:00,93000,60.44,Chennai,CLEAN
CLM-3A5E71F5,1000000023,Dr. Tommy Walter,MEM000357,FAC014,2026-02-24T14:00:00,99215,213.88,Chennai,CLEAN
CLM-A3949B7F,1000000055,Dr. Michael Lewis,MEM000973,FAC048,2026-06-08T17:00:00,71045,87.95,Chennai,CLEAN
CLM-E7F9DE5C,1000000192,Dr. Debra Christian,MEM000664,FAC000,2026-01-30T14:00:00,71045,75.85,Chennai,CLEAN
CLM-65957707,1000000164,Dr. Michael Powell,MEM000628,FAC039,2026-03-04T09:00:00,99215,214.78,Chennai,CLEAN
CLM-827493E8,1000000029,Dr. Anthony Rodriguez,MEM000395,FAC016,2026-05-19T13:00:00,99213,108.23,Chennai,CLEAN
CLM-8C9F5E91,1000000197,Dr. Spencer Haynes,MEM000383,FAC032,2026-05-11T16:00:00,71045,72.7,Chennai,CLEAN
CLM-F4ABAF61,1000000166,Dr. Alyssa Long,MEM000197,FAC020,2026-05-12T10:00:00,99213,93.35,Chennai,CLEAN
CLM-7CD218D4,1000000197,Dr. Spencer Haynes,MEM000550,FAC034,2026-01-02T10:00:00,99214,155.11,Chennai,CLEAN
CLM-19684DAE,1000000198,Dr. Adam Vaughan,MEM000218,FAC043,2026-04-19T10:00:00,99214,151.13,Chennai,CLEAN
CLM-0043F457,1000000179,Dr. Robert Oconnell,MEM000899,FAC047,2026-04-22T10:00:00,99214,135.71,Chennai,CLEAN
CLM-7CA5C3DD,1000000183,Dr. Ashley Barton,MEM000339,FAC002,2026-01-23T10:00:00,99213,93.56,Chennai,CLEAN
CLM-C5ECD8B3,1000000064,Dr. Jessica Callahan,MEM000571,FAC004,2026-05-28T12:00:00,99215,215.94,Chennai,CLEAN
CLM-FEF488C3,1000000115,Dr. Diana May,MEM000645,FAC025,2026-04-21T14:00:00,99213,97.79,Chennai,CLEAN
CLM-857A71B7,1000000030,Dr. Rebecca Henderson,MEM000547,FAC000,2026-06-14T10:00:00,93000,54.55,Chennai,CLEAN
CLM-518A8975,1000000018,Dr. Lisa Jackson,MEM000366,FAC032,2026-01-28T13:00:00,99215,224.69,Chennai,CLEAN
CLM-1A6DD928,1000000072,Dr. Brittney Phillips,MEM000783,FAC028,2026-04-08T15:00:00,99213,99.48,Chennai,CLEAN
CLM-FDC14A7A,1000000136,Dr. Robert Potter,MEM000225,FAC008,2026-04-11T17:00:00,99215,240.25,Chennai,CLEAN
CLM-8A51F163,1000000036,Dr. Sherri Baker,MEM000305,FAC043,2026-06-15T14:00:00,99213,101.07,Chennai,CLEAN
CLM-D399CAED,1000000142,Dr. Patricia Rodriguez,MEM000144,FAC007,2026-01-11T09:00:00,93000,61.16,Chennai,CLEAN
CLM-B8BAB6EB,1000000137,Dr. Courtney Gonzalez,MEM000560,FAC005,2026-03-20T12:00:00,99215,207.32,Chennai,CLEAN
CLM-5A02ABB5,1000000165,Dr. John Anderson,MEM000871,FAC032,2026-02-06T11:00:00,99214,141.62,Chennai,CLEAN
CLM-FEC1A1D9,1000000064,Dr. Jessica Callahan,MEM000198,FAC007,2026-02-16T09:00:00,93000,59.54,Chennai,CLEAN
CLM-DCEA5582,1000000140,Dr. Cheyenne Horton,MEM000074,FAC018,2026-06-21T10:00:00,99215,202.32,Chennai,CLEAN
CLM-5C0AA33F,1000000185,Dr. Dr. Hannah Patterson,MEM000594,FAC031,2026-03-26T14:00:00,99214,155.14,Chennai,CLEAN
CLM-EA8C4E83,1000000060,Dr. Victoria Garcia,MEM000102,FAC018,2026-06-08T10:00:00,99214,144.53,Chennai,CLEAN
CLM-6AEC7C13,1000000115,Dr. Diana May,MEM000336,FAC039,2026-06-18T13:00:00,93000,55.83,Chennai,CLEAN
CLM-48384886,1000000145,Dr. Joyce Solis,MEM000373,FAC020,2026-04-20T11:00:00,99213,96.26,Chennai,CLEAN
CLM-549FE198,1888888888,Dr. Synthetic-B (Teleport),MEM000226,FAC045,2026-06-14T15:00:00,99215,234.96,Chennai,CLEAN
CLM-5C36F664,1000000034,Dr. Debra Davidson,MEM000695,FAC046,2026-03-26T16:00:00,71045,79.13,Chennai,CLEAN
CLM-3B923F28,1000000198,Dr. Adam Vaughan,MEM000312,FAC031,2026-05-22T10:00:00,99214,154.37,Chennai,CLEAN
CLM-54A53962,1000000020,Dr. Margaret Hawkins DDS,MEM000861,FAC017,2026-02-05T17:00:00,99214,142.9,Chennai,CLEAN
CLM-5DB1D43A,1000000160,Dr. Paul Castaneda,MEM000078,FAC046,2026-01-20T09:00:00,93000,61.58,Chennai,CLEAN
CLM-D0706FC6,1000000148,Dr. Kathy Rivas,MEM000592,FAC025,2026-06-01T12:00:00,99213,101.03,Chennai,CLEAN
CLM-DCC613D3,1000000139,Dr. Angel Perry,MEM000915,FAC034,2026-05-01T11:00:00,99215,215.27,Chennai,CLEAN
CLM-D20249B7,1000000197,Dr. Spencer Haynes,MEM000603,FAC046,2026-03-16T11:00:00,71045,80.02,Chennai,CLEAN
CLM-53BC94C6,1000000023,Dr. Tommy Walter,MEM000406,FAC023,2026-05-09T09:00:00,99214,160.44,Chennai,CLEAN
CLM-525F84CA,1000000157,Dr. Jason Stein,MEM000700,FAC010,2026-05-12T11:00:00,71045,74.55,Chennai,CLEAN
CLM-8F663BC4,1000000144,Dr. Amber Wright,MEM000971,FAC036,2026-06-18T11:00:00,71045,87.03,Chennai,CLEAN
CLM-AFBDACC6,1000000010,Dr. Monica Herrera,MEM000224,FAC048,2026-05-05T12:00:00,99213,95.29,Chennai,CLEAN
CLM-88A3A8D3,1000000059,Dr. John Daniel,MEM000043,FAC042,2026-02-22T17:00:00,99215,215.08,Chennai,CLEAN
CLM-02015217,1000000116,Dr. William Herrera,MEM000902,FAC002,2026-01-11T14:00:00,99213,104.07,Chennai,CLEAN
CLM-45737373,1000000133,Dr. Daniel Kennedy,MEM000648,FAC017,2026-03-09T17:00:00,93000,56.09,Chennai,CLEAN
CLM-FBC9BD72,1000000167,Dr. Alyssa Day,MEM000387,FAC023,2026-05-31T10:00:00,93000,57.02,Chennai,CLEAN
CLM-4059C0E8,1000000057,Dr. Richard Aguirre,MEM000528,FAC025,2026-04-01T14:00:00,71045,84.68,Chennai,CLEAN
CLM-24E059CE,1000000154,Dr. Brenda Hall,MEM000006,FAC032,2026-02-05T16:00:00,99214,141.9,Chennai,CLEAN
CLM-A253CE9A,1000000131,Dr. Dustin Jordan,MEM000658,FAC017,2026-02-24T11:00:00,99214,139.72,Chennai,CLEAN
CLM-8679E520,1000000154,Dr. Brenda Hall,MEM000734,FAC007,2026-06-19T12:00:00,71045,84.98,Chennai,CLEAN
CLM-58248E03,1000000184,Dr. Lindsay Martinez,MEM000116,FAC030,2026-06-22T16:00:00,71045,75.37,Chennai,CLEAN
CLM-5758DA66,1000000041,Dr. Fred Smith,MEM000662,FAC026,2026-01-06T12:00:00,99213,92.56,Chennai,CLEAN
CLM-BA6047ED,1000000151,Dr. Pamela Boyd,MEM000164,FAC008,2026-06-11T17:00:00,99213,107.82,Chennai,CLEAN
CLM-2EBE27E9,1000000037,Dr. Cassandra Gaines,MEM000057,FAC010,2026-03-08T11:00:00,93000,65.5,Chennai,CLEAN
CLM-74A44C2D,1000000153,Dr. Devon Flores,MEM000992,FAC036,2026-06-13T09:00:00,99215,239.68,Chennai,CLEAN
CLM-4FD504C2,1000000055,Dr. Michael Lewis,MEM000459,FAC038,2026-05-01T16:00:00,99214,141.58,Chennai,CLEAN
CLM-5054C3F0,1000000105,Dr. Marc Moore,MEM000615,FAC009,2026-05-30T11:00:00,93000,61.92,Chennai,CLEAN
CLM-8FF1609C,1000000067,Dr. Carol Tucker,MEM000171,FAC046,2026-06-25T14:00:00,71045,81.54,Chennai,CLEAN
CLM-BDD72111,1000000017,Dr. Derek Zuniga,MEM000235,FAC024,2026-04-09T11:00:00,99213,90.33,Chennai,CLEAN
CLM-87D86E48,1000000133,Dr. Daniel Kennedy,MEM000880,FAC032,2026-06-25T15:00:00,99214,153.17,Chennai,CLEAN
CLM-174E5BA4,1000000045,Dr. Philip Cannon,MEM000487,FAC039,2026-06-03T09:00:00,93000,60.04,Chennai,CLEAN
CLM-C32E83B7,1000000030,Dr. Rebecca Henderson,MEM000095,FAC030,2026-06-18T11:00:00,93000,60.47,Chennai,CLEAN
CLM-72CEB867,1000000000,Dr. Allison Hill,MEM000918,FAC049,2026-06-23T15:00:00,93000,59.05,Chennai,CLEAN
CLM-C53A6DCC,1000000011,Dr. Jamie Arnold,MEM000714,FAC033,2026-04-20T12:00:00,71045,84.63,Chennai,CLEAN
CLM-9C67E821,1000000097,Dr. Deborah Figueroa,MEM000358,FAC037,2026-06-28T10:00:00,71045,74.14,Chennai,CLEAN
CLM-CAD79284,1000000122,Dr. April Frost,MEM000784,FAC014,2026-01-22T13:00:00,93000,64.52,Chennai,CLEAN
CLM-BC1E4963,1000000104,Dr. Richard Henson,MEM000263,FAC012,2026-01-02T09:00:00,93000,60.27,Chennai,CLEAN
CLM-7FFC823B,1000000133,Dr. Daniel Kennedy,MEM000007,FAC024,2026-06-17T12:00:00,99215,215.99,Chennai,CLEAN
CLM-248047E4,1000000027,Dr. Stephanie Ross,MEM000158,FAC027,2026-06-16T13:00:00,99215,235.62,Chennai,CLEAN
CLM-2EA48C10,1000000108,Dr. Evelyn Galvan,MEM000578,FAC023,2026-06-06T13:00:00,71045,84.08,Chennai,CLEAN
CLM-6E4D5A85,1000000105,Dr. Marc Moore,MEM000565,FAC035,2026-05-04T11:00:00,99215,222.6,Chennai,CLEAN
CLM-3D123CC8,1000000123,Dr. Michelle Harmon,MEM000259,FAC019,2026-05-28T14:00:00,71045,83.77,Chennai,CLEAN
CLM-83E3B660,1000000168,Dr. Joel Williams,MEM000121,FAC047,2026-02-28T16:00:00,99214,138.01,Chennai,CLEAN
CLM-357B053A,1000000130,Dr. Elizabeth Kelley,MEM000410,FAC021,2026-05-21T09:00:00,99214,146.67,Chennai,CLEAN
CLM-2C4F43E9,1000000162,Dr. Lindsey Walker,MEM000005,FAC005,2026-02-07T16:00:00,93000,59.22,Chennai,CLEAN
CLM-50C6D244,1000000016,Dr. Holly Wood,MEM000269,FAC014,2026-04-05T10:00:00,93000,54.45,Chennai,CLEAN
CLM-EAFFED60,1000000098,Dr. Jessica Smith,MEM000953,FAC025,2026-06-07T17:00:00,99215,229.31,Chennai,CLEAN
CLM-F4CCBBF8,1000000152,Dr. Denise Jones,MEM000058,FAC049,2026-02-14T16:00:00,71045,72.17,Chennai,CLEAN
CLM-7BE136F7,1000000168,Dr. Joel Williams,MEM000953,FAC033,2026-03-15T12:00:00,99213,105.68,Chennai,CLEAN
CLM-14E9D5E6,1000000130,Dr. Elizabeth Kelley,MEM000528,FAC044,2026-03-01T11:00:00,99213,97.19,Chennai,CLEAN
CLM-0C6E81EE,1000000167,Dr. Alyssa Day,MEM000000,FAC010,2026-01-23T13:00:00,71045,77.65,Chennai,CLEAN
CLM-BCEC6FC0,1000000101,Dr. Cameron Parker,MEM000415,FAC037,2026-02-21T17:00:00,99213,104.74,Chennai,CLEAN
CLM-61C41CF2,1000000017,Dr. Derek Zuniga,MEM000941,FAC005,2026-05-21T13:00:00,93000,64.98,Chennai,CLEAN
CLM-71CC84DB,1000000089,Dr. Aimee Montoya,MEM000355,FAC017,2026-02-27T12:00:00,71045,86.88,Chennai,CLEAN
CLM-94878C55,1000000147,Dr. Stephanie Salazar,MEM000004,FAC016,2026-02-14T15:00:00,93000,55.28,Chennai,CLEAN
CLM-D12CAFC9,1000000018,Dr. Lisa Jackson,MEM000515,FAC018,2026-03-29T10:00:00,93000,65.48,Chennai,CLEAN
CLM-C7B6651A,1000000137,Dr. Courtney Gonzalez,MEM000832,FAC036,2026-03-06T16:00:00,71045,81.01,Chennai,CLEAN
CLM-C4F4E82E,1000000197,Dr. Spencer Haynes,MEM000249,FAC048,2026-03-28T16:00:00,71045,86.34,Chennai,CLEAN
CLM-C9AEDE12,1000000007,Dr. Gina Moore,MEM000493,FAC007,2026-03-08T10:00:00,71045,82.14,Chennai,CLEAN
CLM-5BE0374C,1000000056,Dr. Timothy Duncan,MEM000693,FAC044,2026-02-28T14:00:00,71045,87.29,Chennai,CLEAN
CLM-7C0B8A4E,1000000132,Dr. Mary Marshall,MEM000548,FAC000,2026-06-29T13:00:00,99214,143.62,Chennai,CLEAN
CLM-08777F53,1000000102,Dr. Rebecca Valencia,MEM000689,FAC047,2026-03-29T10:00:00,93000,65.18,Chennai,CLEAN
CLM-6B522D40,1000000121,Dr. Kenneth Scott,MEM000321,FAC022,2026-02-25T13:00:00,99214,163.41,Chennai,CLEAN
CLM-0C5A8D09,1000000174,Dr. Nicole Herring,MEM000952,FAC012,2026-05-08T12:00:00,99214,157.06,Chennai,CLEAN
CLM-13CADBF0,1000000067,Dr. Carol Tucker,MEM000211,FAC014,2026-02-21T12:00:00,93000,58.27,Chennai,CLEAN
CLM-357958D6,1000000199,Dr. Nathan Freeman,MEM000109,FAC007,2026-01-21T16:00:00,93000,54.08,Chennai,CLEAN
CLM-BC2E9562,1000000138,Dr. David Alvarez,MEM000980,FAC002,2026-05-04T14:00:00,93000,57.79,Chennai,CLEAN
CLM-2E8FC3B9,1000000147,Dr. Stephanie Salazar,MEM000889,FAC017,2026-05-06T11:00:00,93000,57.36,Chennai,CLEAN
CLM-E95EDA47,1000000056,Dr. Timothy Duncan,MEM000768,FAC036,2026-02-02T09:00:00,93000,63.59,Chennai,CLEAN
CLM-8F96E532,1000000122,Dr. April Frost,MEM000962,FAC034,2026-01-09T17:00:00,99215,215.32,Chennai,CLEAN
CLM-1DBD4F6E,1000000175,Dr. Alex Hernandez,MEM000794,FAC011,2026-04-28T10:00:00,93000,59.52,Chennai,CLEAN
CLM-882E948C,1000000176,Dr. Michael Elliott,MEM000008,FAC000,2026-06-22T12:00:00,71045,81.3,Chennai,CLEAN
CLM-7F6FE948,1000000083,Dr. Paul Jones,MEM000370,FAC039,2026-03-08T11:00:00,93000,57.15,Chennai,CLEAN
CLM-DAD97DFF,1000000068,Dr. James Brown,MEM000482,FAC039,2026-03-29T14:00:00,99214,149.96,Chennai,CLEAN
CLM-45316880,1000000053,Dr. Mark Perez,MEM000429,FAC044,2026-04-06T14:00:00,71045,76.47,Chennai,CLEAN
CLM-12D3EAD4,1000000046,Dr. John Pierce,MEM000585,FAC008,2026-05-28T12:00:00,99213,104.42,Chennai,CLEAN
CLM-61098CB5,1000000060,Dr. Victoria Garcia,MEM000568,FAC027,2026-04-08T12:00:00,99214,159.0,Chennai,CLEAN
CLM-72656D6A,1000000189,Dr. Jessica Gross,MEM000153,FAC030,2026-01-03T11:00:00,71045,79.99,Chennai,CLEAN
CLM-CCFAD7B6,1000000161,Dr. Jennifer Adkins,MEM000529,FAC034,2026-03-22T16:00:00,99215,209.04,Chennai,CLEAN
CLM-FECBE47E,1000000145,Dr. Joyce Solis,MEM000048,FAC025,2026-01-26T11:00:00,99213,94.31,Chennai,CLEAN
CLM-C57D9B17,1000000065,Dr. Amber Kidd,MEM000487,FAC040,2026-01-25T16:00:00,99215,209.43,Chennai,CLEAN
CLM-45823C13,1000000092,Dr. Denise Jacobs,MEM000573,FAC035,2026-03-07T14:00:00,99213,98.24,Chennai,CLEAN
CLM-776981AC,1000000089,Dr. Aimee Montoya,MEM000888,FAC043,2026-06-05T12:00:00,93000,60.91,Chennai,CLEAN
CLM-85C2D9B8,1000000166,Dr. Alyssa Long,MEM000551,FAC011,2026-03-14T14:00:00,99215,227.62,Chennai,CLEAN
CLM-C5C40CB7,1000000124,Dr. Helen Jones,MEM000793,FAC047,2026-04-25T10:00:00,71045,81.82,Chennai,CLEAN
CLM-3A28699C,1000000118,Dr. Victor Baker,MEM000646,FAC009,2026-02-12T14:00:00,71045,82.1,Chennai,CLEAN
CLM-6F479405,1000000146,Dr. Victoria Larson,MEM000414,FAC004,2026-01-21T11:00:00,99215,208.04,Chennai,CLEAN
CLM-29B9BEA4,1000000081,Dr. Mike Allen,MEM000668,FAC018,2026-03-10T15:00:00,99215,237.06,Chennai,CLEAN
CLM-BC867270,1000000199,Dr. Nathan Freeman,MEM000883,FAC023,2026-05-31T17:00:00,71045,78.62,Chennai,CLEAN
CLM-BE625FD2,1000000047,Dr. Shane Henderson,MEM000874,FAC001,2026-02-02T12:00:00,99215,239.38,Chennai,CLEAN
CLM-A291790D,1000000179,Dr. Robert Oconnell,MEM000767,FAC005,2026-02-23T11:00:00,71045,73.65,Chennai,CLEAN
CLM-045B6768,1000000016,Dr. Holly Wood,MEM000959,FAC030,2026-05-21T09:00:00,99213,105.42,Chennai,CLEAN
CLM-0B68EF56,1000000134,Dr. Rebecca Jackson,MEM000783,FAC005,2026-01-27T13:00:00,93000,55.86,Chennai,CLEAN
CLM-745AB2DC,1000000167,Dr. Alyssa Day,MEM000953,FAC024,2026-03-21T12:00:00,99214,157.13,Chennai,CLEAN
CLM-AD230CCA,1000000113,Dr. Crystal Johnson,MEM000641,FAC008,2026-02-03T17:00:00,99214,135.86,Chennai,CLEAN
CLM-4BFBFECE,1000000169,Dr. Daniel Murphy,MEM000365,FAC020,2026-05-02T16:00:00,93000,65.22,Chennai,CLEAN
CLM-24A6F14E,1000000140,Dr. Cheyenne Horton,MEM000455,FAC008,2026-06-28T17:00:00,99214,152.72,Chennai,CLEAN
CLM-731FDEF3,1000000116,Dr. William Herrera,MEM000646,FAC047,2026-06-12T15:00:00,93000,61.68,Chennai,CLEAN
CLM-F938BFE1,1000000136,Dr. Robert Potter,MEM000317,FAC022,2026-05-04T17:00:00,99214,159.14,Chennai,CLEAN
CLM-50DF45FA,1000000113,Dr. Crystal Johnson,MEM000315,FAC023,2026-04-16T13:00:00,99214,144.11,Chennai,CLEAN
CLM-46907661,1000000000,Dr. Allison Hill,MEM000535,FAC048,2026-02-04T14:00:00,99215,218.64,Chennai,CLEAN
CLM-F89F4808,1000000002,Dr. Angie Henderson,MEM000704,FAC031,2026-05-03T13:00:00,99213,105.32,Chennai,CLEAN
CLM-2C9FCEED,1000000074,Dr. Amy Silva,MEM000611,FAC014,2026-01-02T17:00:00,99215,206.3,Chennai,CLEAN
CLM-F8A6032D,1000000143,Dr. Christopher Rubio,MEM000447,FAC025,2026-03-05T11:00:00,71045,85.25,Chennai,CLEAN
CLM-CADEEF06,1000000056,Dr. Timothy Duncan,MEM000269,FAC005,2026-04-19T12:00:00,93000,63.17,Chennai,CLEAN
CLM-29B3665A,1000000156,Dr. Joshua Perry,MEM000826,FAC044,2026-06-25T13:00:00,99215,226.53,Chennai,CLEAN
CLM-49AD435D,1000000136,Dr. Robert Potter,MEM000828,FAC017,2026-04-16T12:00:00,99213,93.65,Chennai,CLEAN
CLM-67E658C1,1000000074,Dr. Amy Silva,MEM000113,FAC040,2026-04-27T16:00:00,99215,228.82,Chennai,CLEAN
CLM-0DCBDAED,1000000125,Dr. Erin Edwards,MEM000192,FAC020,2026-01-05T11:00:00,99213,109.39,Chennai,CLEAN
CLM-64F60944,1000000005,Dr. Connie Lawrence,MEM000190,FAC006,2026-03-14T13:00:00,99214,156.46,Chennai,CLEAN
CLM-5E70BBCC,1000000186,Dr. Jonathan Peterson,MEM000008,FAC014,2026-01-24T11:00:00,99213,99.87,Chennai,CLEAN
CLM-74FAEFD1,1000000087,Dr. Christopher Bass,MEM000430,FAC019,2026-05-08T14:00:00,71045,83.15,Chennai,CLEAN
CLM-1CA72E9E,1000000008,Dr. Gabrielle Davis,MEM000338,FAC005,2026-02-07T09:00:00,99215,232.13,Chennai,CLEAN
CLM-83E7E1D4,1000000018,Dr. Lisa Jackson,MEM000556,FAC030,2026-02-16T12:00:00,99215,233.96,Chennai,CLEAN
CLM-B9058C61,1000000003,Dr. Daniel Wagner,MEM000124,FAC049,2026-03-05T15:00:00,71045,75.95,Chennai,CLEAN
CLM-ED130542,1000000008,Dr. Gabrielle Davis,MEM000203,FAC029,2026-01-25T17:00:00,99214,149.18,Chennai,CLEAN
CLM-5785DADD,1000000174,Dr. Nicole Herring,MEM000984,FAC019,2026-03-24T11:00:00,99213,104.89,Chennai,CLEAN
CLM-E86899A6,1000000140,Dr. Cheyenne Horton,MEM000533,FAC007,2026-03-06T16:00:00,99215,206.74,Chennai,CLEAN
CLM-ABC55ECE,1000000013,Dr. Michele Williams,MEM000884,FAC042,2026-02-25T10:00:00,99214,153.99,Chennai,CLEAN
CLM-72786289,1000000083,Dr. Paul Jones,MEM000015,FAC010,2026-03-12T10:00:00,71045,84.63,Chennai,CLEAN
CLM-17599CEA,1000000002,Dr. Angie Henderson,MEM000992,FAC002,2026-05-29T16:00:00,93000,55.86,Chennai,CLEAN
CLM-7BEFEB1B,1000000197,Dr. Spencer Haynes,MEM000091,FAC015,2026-02-10T16:00:00,99213,103.72,Chennai,CLEAN
CLM-A131C90F,1000000086,Dr. Shirley Suarez,MEM000953,FAC048,2026-06-10T09:00:00,99213,97.11,Chennai,CLEAN
CLM-0C76D794,1000000039,Dr. Brittany Farmer,MEM000718,FAC034,2026-01-28T11:00:00,71045,75.72,Chennai,CLEAN
CLM-F276E3C9,1000000142,Dr. Patricia Rodriguez,MEM000807,FAC041,2026-03-30T16:00:00,99214,135.64,Chennai,CLEAN
CLM-C9826DF3,1000000096,Dr. Aaron Wise,MEM000366,FAC046,2026-02-04T13:00:00,99213,99.71,Chennai,CLEAN
CLM-93AE8A55,1000000112,Dr. Julia Torres,MEM000572,FAC018,2026-05-19T16:00:00,99214,152.0,Chennai,CLEAN
CLM-F90E6252,1000000139,Dr. Angel Perry,MEM000356,FAC020,2026-04-30T13:00:00,93000,64.97,Chennai,CLEAN
CLM-5E048A99,1000000141,Dr. David Douglas Jr.,MEM000164,FAC004,2026-05-16T11:00:00,71045,76.73,Chennai,CLEAN
CLM-6B26C7CF,1000000067,Dr. Carol Tucker,MEM000554,FAC023,2026-04-27T09:00:00,93000,58.55,Chennai,CLEAN
CLM-61B51054,1000000047,Dr. Shane Henderson,MEM000904,FAC001,2026-06-08T14:00:00,93000,56.87,Chennai,CLEAN
CLM-B2F2F93B,1000000184,Dr. Lindsay Martinez,MEM000064,FAC042,2026-05-18T15:00:00,99214,150.72,Chennai,CLEAN
CLM-A3AFB38D,1000000127,Dr. Jason Powell,MEM000784,FAC035,2026-02-09T13:00:00,99215,216.03,Chennai,CLEAN
CLM-B0BA6164,1000000082,Dr. Michael Evans,MEM000113,FAC006,2026-05-14T10:00:00,99213,106.7,Chennai,CLEAN
CLM-3B770BC3,1000000033,Dr. Nathan Maldonado,MEM000182,FAC002,2026-02-21T10:00:00,71045,75.07,Chennai,CLEAN
CLM-0BE8F815,1000000008,Dr. Gabrielle Davis,MEM000584,FAC041,2026-04-10T16:00:00,93000,61.49,Chennai,CLEAN
CLM-0C88247F,1000000151,Dr. Pamela Boyd,MEM000262,FAC003,2026-04-04T12:00:00,93000,62.61,Chennai,CLEAN
CLM-A4CBCD84,1000000003,Dr. Daniel Wagner,MEM000952,FAC013,2026-06-17T16:00:00,99213,99.36,Chennai,CLEAN
CLM-A24E3AB0,1000000163,Dr. Jeffrey Johnson,MEM000062,FAC023,2026-05-23T15:00:00,99215,232.95,Chennai,CLEAN
CLM-239C0411,1000000014,Dr. Dylan Miller,MEM000843,FAC039,2026-03-10T17:00:00,99213,104.69,Chennai,CLEAN
CLM-D4E8D2CB,1000000077,Dr. Megan Young,MEM000079,FAC013,2026-05-13T10:00:00,99213,104.5,Chennai,CLEAN
CLM-DFE65F6D,1000000136,Dr. Robert Potter,MEM000394,FAC012,2026-02-19T17:00:00,99214,152.1,Chennai,CLEAN
CLM-DC23954A,1000000045,Dr. Philip Cannon,MEM000571,FAC047,2026-05-23T15:00:00,99213,105.33,Chennai,CLEAN
CLM-D74B6868,1000000147,Dr. Stephanie Salazar,MEM000366,FAC043,2026-04-28T15:00:00,99213,93.34,Chennai,CLEAN
CLM-2C770818,1000000046,Dr. John Pierce,MEM000563,FAC025,2026-05-10T14:00:00,99214,151.02,Chennai,CLEAN
CLM-644527C3,1000000153,Dr. Devon Flores,MEM000453,FAC022,2026-03-22T17:00:00,99215,235.17,Chennai,CLEAN
CLM-8AC11D1C,1000000105,Dr. Marc Moore,MEM000782,FAC040,2026-04-21T14:00:00,93000,56.89,Chennai,CLEAN
CLM-148660C6,1000000139,Dr. Angel Perry,MEM000219,FAC024,2026-05-21T13:00:00,99215,240.31,Chennai,CLEAN
CLM-77EB3662,1000000114,Dr. Garrett Lin,MEM000982,FAC025,2026-01-01T09:00:00,99215,224.21,Chennai,CLEAN
CLM-F28B95FC,1000000132,Dr. Mary Marshall,MEM000138,FAC019,2026-01-02T13:00:00,99214,141.44,Chennai,CLEAN
CLM-D562B411,1000000080,Dr. Kelly Donovan,MEM000022,FAC049,2026-06-26T13:00:00,93000,60.14,Chennai,CLEAN
CLM-A9B33818,1000000146,Dr. Victoria Larson,MEM000948,FAC036,2026-02-09T10:00:00,99213,99.21,Chennai,CLEAN
CLM-C9793FBB,1000000039,Dr. Brittany Farmer,MEM000141,FAC016,2026-04-04T12:00:00,99214,142.69,Chennai,CLEAN
CLM-754613B3,1000000076,Dr. Angela Lopez,MEM000094,FAC036,2026-04-13T12:00:00,99213,104.47,Chennai,CLEAN
CLM-E0D69BCB,1777777777,Dr. Synthetic-C (Upcoder),MEM000494,FAC011,2026-05-05T10:00:00,93000,61.71,Mumbai,CLEAN
CLM-2C4DD3A4,1000000009,Dr. Ryan Munoz,MEM000748,FAC036,2026-04-08T10:00:00,99213,108.44,Chennai,CLEAN
CLM-AFA92266,1000000085,Dr. Daniel Baker,MEM000356,FAC027,2026-04-17T10:00:00,99214,157.43,Chennai,CLEAN
CLM-FDDE3DD5,1000000154,Dr. Brenda Hall,MEM000950,FAC000,2026-06-12T15:00:00,99213,96.1,Chennai,CLEAN
CLM-DCF2AA23,1000000010,Dr. Monica Herrera,MEM000326,FAC034,2026-05-25T11:00:00,99215,220.11,Chennai,CLEAN
CLM-90528D44,1000000056,Dr. Timothy Duncan,MEM000156,FAC003,2026-06-22T15:00:00,71045,84.05,Chennai,CLEAN
CLM-149B2D2B,1000000147,Dr. Stephanie Salazar,MEM000516,FAC005,2026-02-26T15:00:00,99215,232.6,Chennai,CLEAN
CLM-028F3EDF,1000000037,Dr. Cassandra Gaines,MEM000135,FAC021,2026-01-22T16:00:00,93000,62.94,Chennai,CLEAN
CLM-621E4CCE,1000000140,Dr. Cheyenne Horton,MEM000408,FAC016,2026-01-22T15:00:00,93000,59.21,Chennai,CLEAN
CLM-CB780736,1000000178,Dr. Lawrence Adkins,MEM000133,FAC048,2026-02-04T16:00:00,93000,56.38,Chennai,CLEAN
CLM-E8807AAF,1000000101,Dr. Cameron Parker,MEM000667,FAC036,2026-02-20T17:00:00,93000,65.96,Chennai,CLEAN
CLM-C9C6DB04,1000000134,Dr. Rebecca Jackson,MEM000252,FAC015,2026-01-19T13:00:00,71045,77.17,Chennai,CLEAN
CLM-174CBA62,1000000147,Dr. Stephanie Salazar,MEM000091,FAC007,2026-06-21T15:00:00,71045,77.84,Chennai,CLEAN
CLM-2EAA5EDF,1000000048,Dr. Joshua Blair,MEM000328,FAC022,2026-06-02T09:00:00,99215,205.45,Chennai,CLEAN
CLM-D0C38321,1000000089,Dr. Aimee Montoya,MEM000631,FAC028,2026-06-09T11:00:00,71045,72.72,Chennai,CLEAN
CLM-01BE3FAD,1000000059,Dr. John Daniel,MEM000204,FAC043,2026-04-06T11:00:00,99213,92.25,Chennai,CLEAN
CLM-2A6E639A,1000000013,Dr. Michele Williams,MEM000248,FAC039,2026-02-07T13:00:00,99213,96.87,Chennai,CLEAN
CLM-CC006244,1000000028,Dr. Zachary Hicks,MEM000312,FAC028,2026-05-01T09:00:00,99215,207.2,Chennai,CLEAN
CLM-B5224827,1000000137,Dr. Courtney Gonzalez,MEM000216,FAC013,2026-05-20T17:00:00,99215,222.15,Chennai,CLEAN
CLM-A7B8A200,1000000159,Dr. Jamie Smith,MEM000747,FAC009,2026-06-27T09:00:00,71045,81.33,Chennai,CLEAN
CLM-6A967590,1000000169,Dr. Daniel Murphy,MEM000539,FAC002,2026-03-07T11:00:00,99213,95.68,Chennai,CLEAN
CLM-A19E7805,1777777777,Dr. Synthetic-C (Upcoder),MEM000713,FAC039,2026-03-11T09:00:00,71045,82.48,Mumbai,CLEAN
CLM-9762E68E,1000000002,Dr. Angie Henderson,MEM000068,FAC024,2026-06-19T13:00:00,99215,236.03,Chennai,CLEAN
CLM-854176A5,1000000004,Dr. Cristian Santos,MEM000299,FAC041,2026-04-09T12:00:00,71045,80.14,Chennai,CLEAN
CLM-D0BB6540,1000000181,Dr. Tina Sanders,MEM000101,FAC020,2026-05-05T17:00:00,99213,93.73,Chennai,CLEAN
CLM-A428667B,1000000128,Dr. Cameron Fisher,MEM000989,FAC029,2026-05-24T09:00:00,99213,94.95,Chennai,CLEAN
CLM-597680ED,1000000135,Dr. Jose Schultz,MEM000312,FAC021,2026-05-06T15:00:00,99214,135.55,Chennai,CLEAN
CLM-00E44EF3,1000000175,Dr. Alex Hernandez,MEM000360,FAC022,2026-06-10T13:00:00,99214,164.88,Chennai,CLEAN
CLM-86CB4312,1000000128,Dr. Cameron Fisher,MEM000282,FAC003,2026-06-10T13:00:00,71045,86.25,Chennai,CLEAN
CLM-3FE2443C,1000000007,Dr. Gina Moore,MEM000966,FAC035,2026-03-13T12:00:00,99214,145.25,Chennai,CLEAN
CLM-4D6C8959,1000000100,Dr. Sandra Aguilar,MEM000672,FAC008,2026-01-23T15:00:00,93000,65.53,Chennai,CLEAN
CLM-7121CD7F,1000000156,Dr. Joshua Perry,MEM000893,FAC040,2026-06-25T12:00:00,71045,75.85,Chennai,CLEAN
CLM-FC744301,1000000039,Dr. Brittany Farmer,MEM000436,FAC019,2026-06-04T14:00:00,71045,80.68,Chennai,CLEAN
CLM-D0102D35,1000000052,Dr. Crystal Robinson,MEM000668,FAC008,2026-05-29T17:00:00,99214,160.88,Chennai,CLEAN
CLM-EB4A425D,1000000079,Dr. Lisa Barnes,MEM000705,FAC045,2026-05-15T11:00:00,71045,87.93,Chennai,CLEAN
CLM-C0F37733,1000000197,Dr. Spencer Haynes,MEM000148,FAC041,2026-05-25T11:00:00,99215,200.98,Chennai,CLEAN
CLM-3CE2CBB3,1000000136,Dr. Robert Potter,MEM000971,FAC046,2026-01-31T11:00:00,99215,234.94,Chennai,CLEAN
CLM-AA106D97,1000000037,Dr. Cassandra Gaines,MEM000744,FAC001,2026-03-23T15:00:00,71045,76.85,Chennai,CLEAN
CLM-9EDDF0F6,1000000190,Dr. Debra Morton,MEM000956,FAC040,2026-03-12T11:00:00,99214,138.2,Chennai,CLEAN
CLM-CBAC1E3D,1000000047,Dr. Shane Henderson,MEM000026,FAC048,2026-06-06T13:00:00,93000,60.8,Chennai,CLEAN
CLM-5CF7F794,1000000059,Dr. John Daniel,MEM000610,FAC014,2026-03-01T09:00:00,99215,201.5,Chennai,CLEAN
CLM-481646A2,1000000199,Dr. Nathan Freeman,MEM000488,FAC008,2026-05-09T16:00:00,99215,206.09,Chennai,CLEAN
CLM-B1794320,1000000099,Dr. Stephen Mckee,MEM000503,FAC030,2026-02-05T11:00:00,99214,141.79,Chennai,CLEAN
CLM-5C9BF90D,1000000104,Dr. Richard Henson,MEM000782,FAC000,2026-03-11T15:00:00,99214,157.27,Chennai,CLEAN
CLM-FCBF09B3,1000000051,Dr. Danny Morgan,MEM000775,FAC013,2026-01-17T11:00:00,71045,85.87,Chennai,CLEAN
CLM-20B94CF3,1000000125,Dr. Erin Edwards,MEM000704,FAC020,2026-04-28T12:00:00,71045,78.48,Chennai,CLEAN
CLM-D56DB315,1000000010,Dr. Monica Herrera,MEM000622,FAC047,2026-04-08T14:00:00,71045,81.78,Chennai,CLEAN
CLM-FAE3062F,1000000190,Dr. Debra Morton,MEM000585,FAC038,2026-05-18T17:00:00,99213,100.41,Chennai,CLEAN
CLM-9DF12654,1000000115,Dr. Diana May,MEM000467,FAC002,2026-03-04T17:00:00,93000,58.75,Chennai,CLEAN
CLM-CFA01605,1000000188,Dr. Madison Poole,MEM000040,FAC035,2026-04-10T17:00:00,99213,93.8,Chennai,CLEAN
CLM-BCFDFC7F,1000000112,Dr. Julia Torres,MEM000407,FAC019,2026-03-15T16:00:00,99214,147.67,Chennai,CLEAN
CLM-63555621,1000000156,Dr. Joshua Perry,MEM000941,FAC003,2026-06-26T17:00:00,99214,148.91,Chennai,CLEAN
CLM-4279EA15,1000000165,Dr. John Anderson,MEM000462,FAC005,2026-05-09T10:00:00,99214,158.36,Chennai,CLEAN
CLM-272FBD19,1000000178,Dr. Lawrence Adkins,MEM000559,FAC008,2026-04-11T15:00:00,99215,217.84,Chennai,CLEAN
CLM-4733A510,1000000045,Dr. Philip Cannon,MEM000464,FAC037,2026-02-21T16:00:00,99213,95.0,Chennai,CLEAN
CLM-0AAF08EC,1000000177,Dr. Michael Wang,MEM000664,FAC045,2026-02-11T10:00:00,99213,92.28,Chennai,CLEAN
CLM-AE68E58E,1000000115,Dr. Diana May,MEM000649,FAC023,2026-01-22T17:00:00,71045,83.63,Chennai,CLEAN
CLM-F39DC097,1000000130,Dr. Elizabeth Kelley,MEM000626,FAC010,2026-04-07T17:00:00,71045,72.7,Chennai,CLEAN
CLM-FD963292,1000000043,Dr. Anthony Humphrey,MEM000934,FAC021,2026-05-25T11:00:00,99214,161.06,Chennai,CLEAN
CLM-1C8BB2B0,1000000045,Dr. Philip Cannon,MEM000787,FAC045,2026-01-14T15:00:00,99215,211.62,Chennai,CLEAN
CLM-632A2370,1000000196,Dr. Daniel Salinas,MEM000984,FAC028,2026-03-15T11:00:00,99213,107.97,Chennai,CLEAN
CLM-FC969E24,1000000051,Dr. Danny Morgan,MEM000003,FAC039,2026-03-06T09:00:00,71045,79.96,Chennai,CLEAN
CLM-97961AE3,1000000127,Dr. Jason Powell,MEM000556,FAC000,2026-06-05T16:00:00,99214,141.51,Chennai,CLEAN
CLM-518B309D,1000000168,Dr. Joel Williams,MEM000487,FAC029,2026-04-15T16:00:00,99213,102.02,Chennai,CLEAN
CLM-AA716DC6,1000000001,Dr. Noah Rhodes,MEM000250,FAC035,2026-03-13T17:00:00,99214,136.47,Chennai,CLEAN
CLM-6A280C58,1000000037,Dr. Cassandra Gaines,MEM000056,FAC041,2026-03-31T09:00:00,99214,160.61,Chennai,CLEAN
CLM-D6B7E96A,1000000170,Dr. Jamie Walton,MEM000591,FAC038,2026-03-18T14:00:00,99213,90.98,Chennai,CLEAN
CLM-071D6C7C,1000000106,Dr. Sharon Cherry,MEM000182,FAC010,2026-06-22T13:00:00,93000,61.93,Chennai,CLEAN
CLM-235D08AD,1000000179,Dr. Robert Oconnell,MEM000609,FAC036,2026-05-24T11:00:00,71045,83.99,Chennai,CLEAN
CLM-D159AF6F,1000000092,Dr. Denise Jacobs,MEM000953,FAC002,2026-01-24T13:00:00,99215,214.22,Chennai,CLEAN
CLM-F047D64C,1000000097,Dr. Deborah Figueroa,MEM000839,FAC004,2026-04-20T17:00:00,99213,95.86,Chennai,CLEAN
CLM-53211198,1000000034,Dr. Debra Davidson,MEM000124,FAC044,2026-03-12T14:00:00,93000,58.97,Chennai,CLEAN
CLM-EDE84DC5,1000000053,Dr. Mark Perez,MEM000712,FAC013,2026-06-06T09:00:00,99213,101.43,Chennai,CLEAN
CLM-80D73AE9,1000000161,Dr. Jennifer Adkins,MEM000541,FAC005,2026-05-04T13:00:00,71045,81.74,Chennai,CLEAN
CLM-07A14047,1000000081,Dr. Mike Allen,MEM000265,FAC033,2026-05-28T14:00:00,99214,153.43,Chennai,CLEAN
CLM-B58C4329,1000000127,Dr. Jason Powell,MEM000532,FAC046,2026-06-11T16:00:00,71045,84.93,Chennai,CLEAN
CLM-44818CA1,1000000156,Dr. Joshua Perry,MEM000238,FAC045,2026-03-16T12:00:00,99213,92.36,Chennai,CLEAN
CLM-184A8059,1000000119,Dr. Jeffrey Chandler,MEM000640,FAC007,2026-02-23T15:00:00,71045,72.73,Chennai,CLEAN
CLM-D3EE83FF,1000000089,Dr. Aimee Montoya,MEM000573,FAC040,2026-02-24T09:00:00,99214,155.7,Chennai,CLEAN
CLM-61690B8C,1000000065,Dr. Amber Kidd,MEM000809,FAC004,2026-03-20T13:00:00,93000,60.6,Chennai,CLEAN
CLM-ED0B2A6F,1000000196,Dr. Daniel Salinas,MEM000006,FAC007,2026-06-25T14:00:00,99215,215.43,Chennai,CLEAN
CLM-C1402418,1000000145,Dr. Joyce Solis,MEM000630,FAC001,2026-02-14T12:00:00,99215,234.69,Chennai,CLEAN
CLM-F9C15745,1000000172,Dr. Joshua Cooke,MEM000490,FAC030,2026-01-10T11:00:00,71045,74.49,Chennai,CLEAN
CLM-9CEE538D,1000000117,Dr. Ashley Waller,MEM000913,FAC034,2026-03-27T16:00:00,71045,86.84,Chennai,CLEAN
CLM-9BC53A2C,1000000014,Dr. Dylan Miller,MEM000855,FAC033,2026-03-18T14:00:00,93000,60.43,Chennai,CLEAN
CLM-5D9B00BA,1000000053,Dr. Mark Perez,MEM000591,FAC043,2026-03-26T14:00:00,99213,109.39,Chennai,CLEAN
CLM-1A293163,1000000071,Dr. Whitney Peters,MEM000860,FAC001,2026-03-28T15:00:00,93000,64.11,Chennai,CLEAN
CLM-00258F5C,1000000146,Dr. Victoria Larson,MEM000620,FAC024,2026-02-17T10:00:00,99215,229.03,Chennai,CLEAN
CLM-1B0C2BDB,1000000080,Dr. Kelly Donovan,MEM000726,FAC002,2026-03-11T15:00:00,99213,99.94,Chennai,CLEAN
CLM-60267128,1000000060,Dr. Victoria Garcia,MEM000380,FAC028,2026-03-19T12:00:00,93000,57.63,Chennai,CLEAN
CLM-6FEFF260,1000000028,Dr. Zachary Hicks,MEM000383,FAC002,2026-02-21T10:00:00,71045,80.1,Chennai,CLEAN
CLM-EE12240C,1000000123,Dr. Michelle Harmon,MEM000926,FAC032,2026-02-09T12:00:00,99215,238.64,Chennai,CLEAN
CLM-A4123125,1000000187,Dr. Samantha Garcia,MEM000894,FAC033,2026-03-21T14:00:00,99214,158.08,Chennai,CLEAN
CLM-572C9349,1000000025,Dr. Judy Baker,MEM000841,FAC033,2026-06-23T11:00:00,99214,156.74,Chennai,CLEAN
CLM-A8A657F2,1000000117,Dr. Ashley Waller,MEM000396,FAC045,2026-05-14T10:00:00,99213,96.22,Chennai,CLEAN
CLM-C7B2D217,1000000011,Dr. Jamie Arnold,MEM000703,FAC038,2026-01-23T14:00:00,71045,86.23,Chennai,CLEAN
CLM-B1AA130B,1000000026,Dr. Justin Baker,MEM000533,FAC049,2026-06-18T13:00:00,99213,101.55,Chennai,CLEAN
CLM-BE3F6EAC,1000000079,Dr. Lisa Barnes,MEM000654,FAC013,2026-03-24T12:00:00,99214,143.6,Chennai,CLEAN
CLM-39A481C5,1000000136,Dr. Robert Potter,MEM000326,FAC049,2026-04-23T10:00:00,99215,204.57,Chennai,CLEAN
CLM-5C865E83,1000000070,Dr. Jordan Henderson,MEM000117,FAC000,2026-06-09T17:00:00,93000,55.23,Chennai,CLEAN
CLM-327A070A,1000000138,Dr. David Alvarez,MEM000358,FAC035,2026-03-23T13:00:00,99214,163.3,Chennai,CLEAN
CLM-CDCD891A,1000000072,Dr. Brittney Phillips,MEM000587,FAC015,2026-02-13T10:00:00,99215,224.98,Chennai,CLEAN
CLM-361ED941,1000000086,Dr. Shirley Suarez,MEM000553,FAC028,2026-01-13T11:00:00,99213,99.41,Chennai,CLEAN
CLM-8FC283D1,1000000172,Dr. Joshua Cooke,MEM000051,FAC006,2026-04-09T09:00:00,99213,98.53,Chennai,CLEAN
CLM-87F49F7C,1000000045,Dr. Philip Cannon,MEM000721,FAC038,2026-06-01T16:00:00,93000,58.27,Chennai,CLEAN
CLM-03199399,1000000085,Dr. Daniel Baker,MEM000837,FAC012,2026-06-21T17:00:00,99213,109.47,Chennai,CLEAN
CLM-2C49B429,1000000193,Dr. Angelica Keith,MEM000782,FAC029,2026-05-26T11:00:00,99213,106.26,Chennai,CLEAN
CLM-D125AE43,1000000178,Dr. Lawrence Adkins,MEM000479,FAC006,2026-04-27T13:00:00,71045,79.53,Chennai,CLEAN
CLM-12758038,1000000057,Dr. Richard Aguirre,MEM000147,FAC039,2026-03-08T14:00:00,71045,74.93,Chennai,CLEAN
CLM-45D2A988,1000000170,Dr. Jamie Walton,MEM000338,FAC020,2026-04-27T16:00:00,99213,91.31,Chennai,CLEAN
CLM-9A570A46,1000000028,Dr. Zachary Hicks,MEM000359,FAC030,2026-04-29T11:00:00,99215,231.79,Chennai,CLEAN
CLM-FD427C67,1000000154,Dr. Brenda Hall,MEM000588,FAC008,2026-05-11T10:00:00,71045,85.08,Chennai,CLEAN
CLM-156D24BA,1000000027,Dr. Stephanie Ross,MEM000333,FAC035,2026-06-16T10:00:00,99215,221.44,Chennai,CLEAN
CLM-A7888569,1000000102,Dr. Rebecca Valencia,MEM000604,FAC026,2026-03-03T12:00:00,93000,55.91,Chennai,CLEAN
CLM-4219F344,1000000123,Dr. Michelle Harmon,MEM000393,FAC004,2026-03-29T12:00:00,93000,59.17,Chennai,CLEAN
CLM-74638ECE,1000000111,Dr. Shannon Walker,MEM000580,FAC021,2026-05-20T12:00:00,99214,154.88,Chennai,CLEAN
CLM-413FBD30,1000000019,Dr. Carla Gray,MEM000757,FAC045,2026-05-27T16:00:00,99213,101.84,Chennai,CLEAN
CLM-8DCE8F00,1000000118,Dr. Victor Baker,MEM000333,FAC035,2026-01-25T16:00:00,99214,144.24,Chennai,CLEAN
CLM-14CDFB44,1000000103,Dr. Christine Wright,MEM000071,FAC038,2026-01-28T15:00:00,99215,219.75,Chennai,CLEAN
CLM-987B89B2,1000000169,Dr. Daniel Murphy,MEM000062,FAC005,2026-02-25T11:00:00,93000,64.84,Chennai,CLEAN
CLM-59ADCA07,1000000162,Dr. Lindsey Walker,MEM000829,FAC000,2026-02-07T11:00:00,71045,80.5,Chennai,CLEAN
CLM-E6515B92,1000000099,Dr. Stephen Mckee,MEM000630,FAC036,2026-04-25T12:00:00,99214,155.45,Chennai,CLEAN
CLM-F6750E42,1000000081,Dr. Mike Allen,MEM000306,FAC036,2026-06-23T13:00:00,71045,83.48,Chennai,CLEAN
CLM-5C20EC92,1000000088,Dr. Lisa Archer,MEM000091,FAC037,2026-01-03T17:00:00,71045,85.56,Chennai,CLEAN
CLM-30D76D18,1000000075,Dr. Sarah Moore,MEM000063,FAC023,2026-05-21T09:00:00,99213,104.07,Chennai,CLEAN
CLM-6796CDCE,1000000091,Dr. Brian Rodriguez,MEM000112,FAC018,2026-01-08T12:00:00,71045,83.24,Chennai,CLEAN
CLM-D40A7443,1000000100,Dr. Sandra Aguilar,MEM000640,FAC020,2026-04-08T15:00:00,71045,78.96,Chennai,CLEAN
CLM-C4166A9A,1000000054,Dr. Shannon Jones,MEM000678,FAC011,2026-05-02T11:00:00,99214,151.66,Chennai,CLEAN
CLM-ABBB8C15,1000000092,Dr. Denise Jacobs,MEM000860,FAC026,2026-02-09T13:00:00,99214,139.03,Chennai,CLEAN
CLM-A0D02A6A,1000000018,Dr. Lisa Jackson,MEM000663,FAC001,2026-02-06T16:00:00,71045,87.6,Chennai,CLEAN
CLM-20F082BB,1000000034,Dr. Debra Davidson,MEM000086,FAC008,2026-06-14T15:00:00,71045,86.3,Chennai,CLEAN
CLM-D79E1422,1000000178,Dr. Lawrence Adkins,MEM000618,FAC027,2026-06-09T11:00:00,71045,80.15,Chennai,CLEAN
CLM-0191807C,1000000141,Dr. David Douglas Jr.,MEM000839,FAC028,2026-04-09T14:00:00,99214,140.57,Chennai,CLEAN
CLM-3D317275,1000000154,Dr. Brenda Hall,MEM000007,FAC036,2026-05-08T12:00:00,93000,57.23,Chennai,CLEAN
CLM-3676EFBA,1000000139,Dr. Angel Perry,MEM000590,FAC023,2026-01-09T09:00:00,93000,59.8,Chennai,CLEAN
CLM-B6DCBD3B,1000000094,Dr. John Whitehead,MEM000115,FAC037,2026-05-04T10:00:00,99214,156.91,Chennai,CLEAN
CLM-FCDEEC46,1000000134,Dr. Rebecca Jackson,MEM000879,FAC048,2026-03-13T16:00:00,93000,54.94,Chennai,CLEAN
CLM-9342DE1C,1000000156,Dr. Joshua Perry,MEM000090,FAC015,2026-05-01T10:00:00,93000,63.58,Chennai,CLEAN
CLM-0D8A7976,1000000079,Dr. Lisa Barnes,MEM000627,FAC003,2026-03-29T17:00:00,99213,99.38,Chennai,CLEAN
CLM-3405A8D6,1000000131,Dr. Dustin Jordan,MEM000927,FAC030,2026-05-27T14:00:00,71045,77.65,Chennai,CLEAN
CLM-8B3F967A,1000000075,Dr. Sarah Moore,MEM000296,FAC010,2026-01-10T13:00:00,93000,57.13,Chennai,CLEAN
CLM-DED3B9AA,1000000161,Dr. Jennifer Adkins,MEM000484,FAC037,2026-02-13T09:00:00,99215,233.59,Chennai,CLEAN
CLM-D3817E7F,1000000159,Dr. Jamie Smith,MEM000027,FAC018,2026-05-05T10:00:00,99214,150.17,Chennai,CLEAN
CLM-7226D069,1999999999,Dr. Synthetic-A (Phantom),MEM000284,FAC016,2026-02-03T13:00:00,99215,235.75,Chennai,CLEAN
CLM-6780E3D1,1000000003,Dr. Daniel Wagner,MEM000759,FAC007,2026-06-04T11:00:00,93000,62.87,Chennai,CLEAN
CLM-F4B326CC,1000000168,Dr. Joel Williams,MEM000457,FAC023,2026-02-14T13:00:00,99214,149.55,Chennai,CLEAN
CLM-F699C808,1000000135,Dr. Jose Schultz,MEM000882,FAC002,2026-03-29T10:00:00,99214,152.87,Chennai,CLEAN
CLM-69EC6B1D,1000000039,Dr. Brittany Farmer,MEM000857,FAC031,2026-04-16T15:00:00,99214,154.82,Chennai,CLEAN
CLM-BE133B06,1000000185,Dr. Dr. Hannah Patterson,MEM000652,FAC010,2026-02-23T14:00:00,99213,102.85,Chennai,CLEAN
CLM-88582DBE,1000000193,Dr. Angelica Keith,MEM000839,FAC007,2026-01-14T11:00:00,71045,78.38,Chennai,CLEAN
CLM-C1D0343E,1000000077,Dr. Megan Young,MEM000487,FAC047,2026-05-17T12:00:00,71045,82.94,Chennai,CLEAN
CLM-4F4BFE8B,1000000099,Dr. Stephen Mckee,MEM000485,FAC016,2026-02-07T17:00:00,71045,72.19,Chennai,CLEAN
CLM-8481AB7D,1000000114,Dr. Garrett Lin,MEM000391,FAC043,2026-03-22T17:00:00,99213,91.95,Chennai,CLEAN
CLM-86D640AC,1000000136,Dr. Robert Potter,MEM000652,FAC022,2026-04-21T13:00:00,99215,209.89,Chennai,CLEAN
CLM-48480B2E,1000000025,Dr. Judy Baker,MEM000261,FAC041,2026-05-30T15:00:00,71045,84.37,Chennai,CLEAN
CLM-081D1A1B,1000000191,Dr. Karen Graham,MEM000247,FAC046,2026-06-22T12:00:00,93000,58.05,Chennai,CLEAN
CLM-0C491C16,1000000176,Dr. Michael Elliott,MEM000184,FAC020,2026-05-21T09:00:00,99213,106.63,Chennai,CLEAN
CLM-8691C2C9,1000000003,Dr. Daniel Wagner,MEM000421,FAC006,2026-05-15T10:00:00,71045,77.62,Chennai,CLEAN
CLM-93B83739,1000000185,Dr. Dr. Hannah Patterson,MEM000290,FAC016,2026-02-19T09:00:00,99213,102.39,Chennai,CLEAN
CLM-8DC8A9A3,1000000014,Dr. Dylan Miller,MEM000961,FAC038,2026-06-18T12:00:00,93000,61.66,Chennai,CLEAN
CLM-342A01B9,1000000181,Dr. Tina Sanders,MEM000980,FAC007,2026-01-23T11:00:00,71045,82.5,Chennai,CLEAN
CLM-1A84D3F8,1000000165,Dr. John Anderson,MEM000579,FAC011,2026-01-29T11:00:00,99215,210.96,Chennai,CLEAN
CLM-7630282B,1000000169,Dr. Daniel Murphy,MEM000958,FAC004,2026-06-13T16:00:00,99215,231.85,Chennai,CLEAN
CLM-FED23B54,1000000177,Dr. Michael Wang,MEM000925,FAC042,2026-03-24T13:00:00,99214,158.42,Chennai,CLEAN
CLM-46B88911,1000000070,Dr. Jordan Henderson,MEM000795,FAC003,2026-04-08T15:00:00,99215,241.82,Chennai,CLEAN
CLM-F9E39223,1000000066,Dr. Tracy House,MEM000978,FAC016,2026-02-15T16:00:00,99213,99.83,Chennai,CLEAN
CLM-D22E141F,1000000051,Dr. Danny Morgan,MEM000624,FAC025,2026-02-15T16:00:00,99213,92.88,Chennai,CLEAN
CLM-3F827EDA,1000000196,Dr. Daniel Salinas,MEM000441,FAC013,2026-06-07T10:00:00,71045,83.45,Chennai,CLEAN
CLM-2A98E26D,1000000026,Dr. Justin Baker,MEM000035,FAC004,2026-01-19T13:00:00,71045,72.3,Chennai,CLEAN
CLM-01163C96,1000000127,Dr. Jason Powell,MEM000152,FAC041,2026-06-13T09:00:00,99213,103.29,Chennai,CLEAN
CLM-B29D3859,1000000068,Dr. James Brown,MEM000155,FAC044,2026-03-26T15:00:00,93000,54.04,Chennai,CLEAN
CLM-15049D96,1000000181,Dr. Tina Sanders,MEM000962,FAC049,2026-05-06T16:00:00,71045,78.46,Chennai,CLEAN
CLM-DD04DCF5,1000000186,Dr. Jonathan Peterson,MEM000799,FAC004,2026-05-19T12:00:00,99213,97.69,Chennai,CLEAN
CLM-8A7C37C3,1000000176,Dr. Michael Elliott,MEM000837,FAC049,2026-05-04T10:00:00,93000,60.42,Chennai,CLEAN
CLM-C7AF7438,1000000091,Dr. Brian Rodriguez,MEM000341,FAC043,2026-03-19T15:00:00,99213,102.65,Chennai,CLEAN
CLM-4D0F40C3,1000000165,Dr. John Anderson,MEM000092,FAC023,2026-05-17T14:00:00,99213,106.82,Chennai,CLEAN
CLM-82CBEB41,1000000194,Dr. John Bishop,MEM000784,FAC018,2026-06-15T12:00:00,99214,151.63,Chennai,CLEAN
CLM-BC073CB5,1000000098,Dr. Jessica Smith,MEM000676,FAC012,2026-03-18T15:00:00,99213,102.61,Chennai,CLEAN
CLM-84902CB3,1000000091,Dr. Brian Rodriguez,MEM000498,FAC005,2026-06-11T16:00:00,99214,139.2,Chennai,CLEAN
CLM-5B93A70F,1000000049,Dr. Eric Carney,MEM000025,FAC046,2026-06-01T12:00:00,71045,78.22,Chennai,CLEAN
CLM-D488B6CA,1777777777,Dr. Synthetic-C (Upcoder),MEM000553,FAC041,2026-03-20T16:00:00,93000,65.58,Mumbai,CLEAN
CLM-3059B1D3,1000000115,Dr. Diana May,MEM000989,FAC001,2026-01-10T14:00:00,99213,96.75,Chennai,CLEAN
CLM-7D75F1FA,1000000184,Dr. Lindsay Martinez,MEM000043,FAC025,2026-01-31T12:00:00,93000,59.5,Chennai,CLEAN
CLM-60AE61B5,1000000173,Dr. Matthew Harrington,MEM000891,FAC034,2026-02-08T12:00:00,99213,90.74,Chennai,CLEAN
CLM-71372900,1000000036,Dr. Sherri Baker,MEM000500,FAC041,2026-01-05T16:00:00,93000,54.55,Chennai,CLEAN
CLM-2A5C5476,1000000179,Dr. Robert Oconnell,MEM000664,FAC008,2026-01-04T11:00:00,99213,108.09,Chennai,CLEAN
CLM-8E382D0C,1000000024,Dr. Matthew Foster,MEM000467,FAC039,2026-02-13T10:00:00,99213,92.28,Chennai,CLEAN
CLM-5FBAB04B,1000000152,Dr. Denise Jones,MEM000818,FAC039,2026-02-26T10:00:00,99214,147.79,Chennai,CLEAN
CLM-D191497D,1000000188,Dr. Madison Poole,MEM000694,FAC025,2026-03-25T10:00:00,93000,60.55,Chennai,CLEAN
CLM-01F562FE,1000000082,Dr. Michael Evans,MEM000856,FAC013,2026-01-12T11:00:00,99215,200.78,Chennai,CLEAN
CLM-8B19411B,1000000070,Dr. Jordan Henderson,MEM000144,FAC048,2026-04-17T11:00:00,99215,222.35,Chennai,CLEAN
CLM-D5B28ED6,1000000112,Dr. Julia Torres,MEM000249,FAC037,2026-01-11T11:00:00,99213,105.82,Chennai,CLEAN
CLM-3CFEE02F,1000000161,Dr. Jennifer Adkins,MEM000627,FAC024,2026-02-10T09:00:00,71045,73.29,Chennai,CLEAN
CLM-8FEC7AD6,1000000001,Dr. Noah Rhodes,MEM000183,FAC005,2026-06-30T13:00:00,71045,83.1,Chennai,CLEAN
CLM-CD1050D6,1777777777,Dr. Synthetic-C (Upcoder),MEM000791,FAC030,2026-06-27T11:00:00,99214,139.29,Mumbai,CLEAN
CLM-EDD2D10E,1000000069,Dr. William Baker,MEM000535,FAC028,2026-04-16T12:00:00,99214,153.32,Chennai,CLEAN
CLM-D5468949,1000000009,Dr. Ryan Munoz,MEM000610,FAC011,2026-05-08T10:00:00,99215,213.31,Chennai,CLEAN
CLM-B633F2A8,1000000001,Dr. Noah Rhodes,MEM000571,FAC015,2026-02-19T10:00:00,93000,65.72,Chennai,CLEAN
CLM-B2FF7C13,1000000158,Dr. Melissa Gates,MEM000370,FAC048,2026-05-19T17:00:00,99214,148.93,Chennai,CLEAN
CLM-0F1B3D06,1000000160,Dr. Paul Castaneda,MEM000675,FAC013,2026-03-12T09:00:00,99214,138.38,Chennai,CLEAN
CLM-434AC2A3,1000000038,Dr. Elizabeth Fowler,MEM000701,FAC030,2026-05-08T11:00:00,99214,155.1,Chennai,CLEAN
CLM-4F50598F,1000000011,Dr. Jamie Arnold,MEM000055,FAC041,2026-04-04T13:00:00,99214,148.04,Chennai,CLEAN
CLM-FABA7670,1000000085,Dr. Daniel Baker,MEM000631,FAC048,2026-04-27T09:00:00,99213,104.81,Chennai,CLEAN
CLM-9B59FA42,1000000137,Dr. Courtney Gonzalez,MEM000180,FAC010,2026-01-08T16:00:00,93000,55.39,Chennai,CLEAN
CLM-3B906977,1000000060,Dr. Victoria Garcia,MEM000738,FAC028,2026-06-01T14:00:00,71045,75.18,Chennai,CLEAN
CLM-F43FE8ED,1000000173,Dr. Matthew Harrington,MEM000919,FAC020,2026-02-28T10:00:00,99215,208.02,Chennai,CLEAN
CLM-925231DB,1000000060,Dr. Victoria Garcia,MEM000755,FAC026,2026-02-21T15:00:00,99214,137.21,Chennai,CLEAN
CLM-9B3005F7,1000000149,Dr. Stephanie Manning,MEM000496,FAC003,2026-04-22T11:00:00,99214,162.84,Chennai,CLEAN
CLM-4EC72A45,1000000116,Dr. William Herrera,MEM000182,FAC024,2026-04-06T11:00:00,71045,83.52,Chennai,CLEAN
CLM-848DCFBE,1000000161,Dr. Jennifer Adkins,MEM000367,FAC017,2026-02-21T14:00:00,99214,135.96,Chennai,CLEAN
CLM-2FF67080,1000000145,Dr. Joyce Solis,MEM000061,FAC017,2026-02-04T10:00:00,71045,79.34,Chennai,CLEAN
CLM-1D9C6FCC,1000000043,Dr. Anthony Humphrey,MEM000778,FAC021,2026-02-26T13:00:00,93000,55.88,Chennai,CLEAN
CLM-7FF96E9B,1000000163,Dr. Jeffrey Johnson,MEM000975,FAC039,2026-02-13T17:00:00,99214,137.59,Chennai,CLEAN
CLM-A448EAEA,1000000133,Dr. Daniel Kennedy,MEM000500,FAC013,2026-06-01T16:00:00,71045,76.47,Chennai,CLEAN
CLM-74DADD3F,1000000186,Dr. Jonathan Peterson,MEM000438,FAC047,2026-03-05T12:00:00,99215,217.11,Chennai,CLEAN
CLM-8471FC51,1000000056,Dr. Timothy Duncan,MEM000913,FAC037,2026-02-08T09:00:00,71045,87.68,Chennai,CLEAN
CLM-AF0BDC00,1000000010,Dr. Monica Herrera,MEM000481,FAC046,2026-05-10T09:00:00,71045,80.5,Chennai,CLEAN
CLM-D1818550,1000000122,Dr. April Frost,MEM000829,FAC044,2026-01-26T16:00:00,71045,75.85,Chennai,CLEAN
CLM-AD89D542,1000000142,Dr. Patricia Rodriguez,MEM000771,FAC000,2026-06-27T15:00:00,99214,138.98,Chennai,CLEAN
CLM-87324E2A,1000000075,Dr. Sarah Moore,MEM000244,FAC041,2026-01-24T09:00:00,71045,82.7,Chennai,CLEAN
CLM-DB86B9C2,1000000041,Dr. Fred Smith,MEM000720,FAC029,2026-05-27T09:00:00,71045,79.42,Chennai,CLEAN
CLM-69AE952B,1000000035,Dr. Jeffrey Chavez,MEM000895,FAC045,2026-04-14T11:00:00,99215,225.58,Chennai,CLEAN
CLM-D9BD54B8,1000000180,Dr. Alexander Collins,MEM000648,FAC000,2026-06-10T10:00:00,71045,86.29,Chennai,CLEAN
CLM-0C892FEC,1000000085,Dr. Daniel Baker,MEM000543,FAC002,2026-03-17T15:00:00,99215,228.71,Chennai,CLEAN
CLM-9F7FAE49,1000000156,Dr. Joshua Perry,MEM000555,FAC036,2026-02-23T10:00:00,93000,64.57,Chennai,CLEAN
CLM-7BAC8B00,1000000188,Dr. Madison Poole,MEM000954,FAC003,2026-05-12T14:00:00,99213,92.22,Chennai,CLEAN
CLM-F17B00A9,1000000093,Dr. Christina Walters,MEM000476,FAC039,2026-01-11T14:00:00,99215,205.71,Chennai,CLEAN
CLM-E0E257CC,1000000143,Dr. Christopher Rubio,MEM000721,FAC004,2026-05-24T12:00:00,99214,164.44,Chennai,CLEAN
CLM-165B2D23,1000000061,Dr. Gerald Hensley,MEM000552,FAC007,2026-06-16T16:00:00,93000,64.45,Chennai,CLEAN
CLM-4E670982,1000000179,Dr. Robert Oconnell,MEM000214,FAC048,2026-02-27T14:00:00,99215,237.51,Chennai,CLEAN
CLM-4CA749D5,1000000128,Dr. Cameron Fisher,MEM000696,FAC027,2026-03-12T09:00:00,99213,97.46,Chennai,CLEAN
CLM-D5E14CBB,1000000115,Dr. Diana May,MEM000497,FAC032,2026-05-15T10:00:00,71045,83.36,Chennai,CLEAN
CLM-D2F72263,1000000173,Dr. Matthew Harrington,MEM000845,FAC034,2026-03-16T16:00:00,93000,58.42,Chennai,CLEAN
CLM-3FE407E5,1000000172,Dr. Joshua Cooke,MEM000968,FAC044,2026-01-17T12:00:00,71045,73.4,Chennai,CLEAN
CLM-450BABB6,1000000100,Dr. Sandra Aguilar,MEM000919,FAC011,2026-03-15T10:00:00,99213,93.3,Chennai,CLEAN
CLM-35D6834B,1000000028,Dr. Zachary Hicks,MEM000713,FAC009,2026-05-08T11:00:00,99214,150.62,Chennai,CLEAN
CLM-A76A9E18,1000000160,Dr. Paul Castaneda,MEM000023,FAC018,2026-04-17T17:00:00,99214,149.22,Chennai,CLEAN
CLM-6F3FF355,1000000107,Dr. Sierra Johnson,MEM000454,FAC047,2026-06-15T09:00:00,99215,206.32,Chennai,CLEAN
CLM-09675331,1000000005,Dr. Connie Lawrence,MEM000892,FAC014,2026-05-14T14:00:00,71045,81.26,Chennai,CLEAN
CLM-D12E1C48,1000000167,Dr. Alyssa Day,MEM000661,FAC020,2026-05-05T17:00:00,93000,59.34,Chennai,CLEAN
CLM-B0A0634E,1000000077,Dr. Megan Young,MEM000580,FAC008,2026-03-20T11:00:00,99215,207.98,Chennai,CLEAN
CLM-07B9A1B0,1000000095,Dr. Anna Henderson,MEM000994,FAC018,2026-01-13T11:00:00,99215,210.51,Chennai,CLEAN
CLM-C8F10ACC,1000000042,Dr. Sherry Decker,MEM000633,FAC010,2026-05-18T13:00:00,99214,164.2,Chennai,CLEAN
CLM-303EC4C9,1000000181,Dr. Tina Sanders,MEM000709,FAC042,2026-02-09T11:00:00,99214,138.51,Chennai,CLEAN
CLM-4E75F1A8,1000000081,Dr. Mike Allen,MEM000588,FAC008,2026-04-23T13:00:00,99215,206.12,Chennai,CLEAN
CLM-24503FC6,1000000143,Dr. Christopher Rubio,MEM000724,FAC002,2026-06-20T14:00:00,99215,204.51,Chennai,CLEAN
CLM-810271F4,1000000114,Dr. Garrett Lin,MEM000552,FAC010,2026-05-17T13:00:00,99213,108.41,Chennai,CLEAN
CLM-86E980E5,1000000103,Dr. Christine Wright,MEM000953,FAC031,2026-02-07T16:00:00,99215,204.87,Chennai,CLEAN
CLM-CD7B3DFE,1000000189,Dr. Jessica Gross,MEM000559,FAC032,2026-03-26T13:00:00,71045,86.34,Chennai,CLEAN
CLM-5BC1F712,1000000193,Dr. Angelica Keith,MEM000587,FAC042,2026-02-07T16:00:00,99215,228.32,Chennai,CLEAN
CLM-5B8447A0,1000000187,Dr. Samantha Garcia,MEM000490,FAC002,2026-02-05T17:00:00,99213,96.16,Chennai,CLEAN
CLM-9689582A,1000000102,Dr. Rebecca Valencia,MEM000632,FAC014,2026-04-25T14:00:00,99213,96.53,Chennai,CLEAN
CLM-9D943404,1000000155,Dr. Michelle Brown,MEM000656,FAC012,2026-05-30T17:00:00,99214,158.44,Chennai,CLEAN
CLM-D6CA1D97,1000000196,Dr. Daniel Salinas,MEM000284,FAC012,2026-01-06T10:00:00,93000,64.19,Chennai,CLEAN
CLM-52F0C706,1000000173,Dr. Matthew Harrington,MEM000687,FAC005,2026-05-12T15:00:00,99214,149.71,Chennai,CLEAN
CLM-F6ECC1A2,1000000154,Dr. Brenda Hall,MEM000619,FAC032,2026-01-15T14:00:00,71045,74.37,Chennai,CLEAN
CLM-0075D833,1000000109,Dr. Sharon Cochran,MEM000378,FAC024,2026-04-06T09:00:00,99215,213.18,Chennai,CLEAN
CLM-CEAD2433,1000000078,Dr. Steve Sanchez,MEM000456,FAC035,2026-01-23T12:00:00,71045,83.86,Chennai,CLEAN
CLM-9539A8E3,1000000106,Dr. Sharon Cherry,MEM000822,FAC028,2026-03-15T11:00:00,71045,83.66,Chennai,CLEAN
CLM-DEC305FA,1000000106,Dr. Sharon Cherry,MEM000142,FAC037,2026-06-03T10:00:00,99214,141.23,Chennai,CLEAN
CLM-091C583B,1000000121,Dr. Kenneth Scott,MEM000888,FAC033,2026-03-27T10:00:00,93000,63.07,Chennai,CLEAN
CLM-DE278C38,1000000022,Dr. Ethan Adams,MEM000006,FAC026,2026-06-13T13:00:00,71045,74.8,Chennai,CLEAN
CLM-BD64CB68,1000000118,Dr. Victor Baker,MEM000727,FAC036,2026-02-05T12:00:00,99214,159.97,Chennai,CLEAN
CLM-3C048042,1000000074,Dr. Amy Silva,MEM000567,FAC031,2026-01-11T13:00:00,93000,57.65,Chennai,CLEAN
CLM-B2A4B2A5,1000000143,Dr. Christopher Rubio,MEM000757,FAC029,2026-02-27T09:00:00,99213,93.08,Chennai,CLEAN
CLM-5AF7F084,1000000076,Dr. Angela Lopez,MEM000978,FAC040,2026-06-12T16:00:00,99213,103.08,Chennai,CLEAN
CLM-3E30D187,1000000073,Dr. Lauren Daniels,MEM000427,FAC011,2026-05-06T12:00:00,99213,92.39,Chennai,CLEAN
CLM-2121B0AC,1000000070,Dr. Jordan Henderson,MEM000504,FAC004,2026-06-03T14:00:00,93000,59.77,Chennai,CLEAN
CLM-A0DDC956,1000000111,Dr. Shannon Walker,MEM000889,FAC016,2026-06-10T16:00:00,99213,97.46,Chennai,CLEAN
CLM-87DEC8FA,1000000187,Dr. Samantha Garcia,MEM000589,FAC001,2026-03-08T11:00:00,93000,54.7,Chennai,CLEAN
CLM-9CBA066A,1000000081,Dr. Mike Allen,MEM000472,FAC044,2026-02-04T14:00:00,99214,136.59,Chennai,CLEAN
CLM-29CFE80C,1000000092,Dr. Denise Jacobs,MEM000429,FAC040,2026-04-02T09:00:00,99215,210.83,Chennai,CLEAN
CLM-89DB1A32,1000000163,Dr. Jeffrey Johnson,MEM000958,FAC004,2026-05-12T12:00:00,99214,157.94,Chennai,CLEAN
CLM-5F9FD832,1000000153,Dr. Devon Flores,MEM000770,FAC010,2026-05-20T14:00:00,99215,234.38,Chennai,CLEAN
CLM-F60CCD4D,1000000175,Dr. Alex Hernandez,MEM000819,FAC019,2026-03-11T14:00:00,99213,100.69,Chennai,CLEAN
CLM-26521137,1000000090,Dr. Matthew Mcmillan,MEM000843,FAC009,2026-01-04T11:00:00,93000,57.38,Chennai,CLEAN
CLM-F0279BE9,1000000199,Dr. Nathan Freeman,MEM000496,FAC026,2026-03-29T11:00:00,99213,94.36,Chennai,CLEAN
CLM-13418260,1000000128,Dr. Cameron Fisher,MEM000226,FAC012,2026-05-24T17:00:00,93000,62.55,Chennai,CLEAN
CLM-24ED666D,1000000179,Dr. Robert Oconnell,MEM000774,FAC007,2026-04-17T16:00:00,99213,92.33,Chennai,CLEAN
CLM-E9AB216C,1000000033,Dr. Nathan Maldonado,MEM000945,FAC001,2026-05-03T14:00:00,99215,228.41,Chennai,CLEAN
CLM-8C8B5062,1000000035,Dr. Jeffrey Chavez,MEM000836,FAC028,2026-06-02T17:00:00,99215,205.58,Chennai,CLEAN
CLM-D86F9487,1000000077,Dr. Megan Young,MEM000029,FAC047,2026-01-31T12:00:00,99214,160.7,Chennai,CLEAN
CLM-C35EBCFA,1000000036,Dr. Sherri Baker,MEM000704,FAC014,2026-03-20T11:00:00,99214,138.91,Chennai,CLEAN
CLM-5916FE70,1000000020,Dr. Margaret Hawkins DDS,MEM000435,FAC044,2026-01-29T10:00:00,99213,105.49,Chennai,CLEAN
CLM-4DC16514,1000000193,Dr. Angelica Keith,MEM000441,FAC002,2026-02-20T10:00:00,99213,105.86,Chennai,CLEAN
CLM-BDB0083B,1000000131,Dr. Dustin Jordan,MEM000607,FAC003,2026-05-01T10:00:00,99215,199.9,Chennai,CLEAN
CLM-0231C65B,1000000077,Dr. Megan Young,MEM000683,FAC000,2026-01-25T10:00:00,93000,56.46,Chennai,CLEAN
CLM-726F2913,1000000051,Dr. Danny Morgan,MEM000189,FAC042,2026-03-31T09:00:00,99213,92.91,Chennai,CLEAN
CLM-2A73D0E1,1000000191,Dr. Karen Graham,MEM000964,FAC017,2026-05-29T14:00:00,99215,205.06,Chennai,CLEAN
CLM-F1C7241E,1000000128,Dr. Cameron Fisher,MEM000799,FAC046,2026-06-06T12:00:00,93000,60.84,Chennai,CLEAN
CLM-EEC3D2B8,1000000025,Dr. Judy Baker,MEM000839,FAC037,2026-01-04T17:00:00,99214,156.47,Chennai,CLEAN
CLM-6249B687,1000000072,Dr. Brittney Phillips,MEM000175,FAC048,2026-05-18T09:00:00,99213,108.48,Chennai,CLEAN
CLM-21E630DB,1000000129,Dr. Megan Orr,MEM000871,FAC045,2026-05-02T14:00:00,93000,56.22,Chennai,CLEAN
CLM-03EB8694,1000000172,Dr. Joshua Cooke,MEM000980,FAC006,2026-02-16T14:00:00,71045,78.79,Chennai,CLEAN
CLM-156DE700,1000000131,Dr. Dustin Jordan,MEM000233,FAC026,2026-01-29T14:00:00,99213,99.32,Chennai,CLEAN
CLM-86012B04,1000000133,Dr. Daniel Kennedy,MEM000139,FAC031,2026-04-03T13:00:00,93000,62.67,Chennai,CLEAN
CLM-1E869B6E,1000000021,Dr. Patty Perez,MEM000335,FAC031,2026-01-30T15:00:00,99215,218.11,Chennai,CLEAN
CLM-D972186C,1000000188,Dr. Madison Poole,MEM000319,FAC043,2026-04-24T12:00:00,93000,58.89,Chennai,CLEAN
CLM-8CB4B2D1,1000000109,Dr. Sharon Cochran,MEM000193,FAC004,2026-05-02T14:00:00,99214,135.38,Chennai,CLEAN
CLM-4C51F111,1000000172,Dr. Joshua Cooke,MEM000503,FAC043,2026-01-27T15:00:00,71045,80.36,Chennai,CLEAN
CLM-F3748E39,1000000173,Dr. Matthew Harrington,MEM000087,FAC007,2026-02-06T15:00:00,71045,83.12,Chennai,CLEAN
CLM-94F62405,1000000026,Dr. Justin Baker,MEM000759,FAC010,2026-01-17T14:00:00,99214,145.16,Chennai,CLEAN
CLM-FD4B2D36,1000000152,Dr. Denise Jones,MEM000864,FAC025,2026-02-01T12:00:00,71045,83.6,Chennai,CLEAN
CLM-E1CC9AAD,1000000071,Dr. Whitney Peters,MEM000783,FAC045,2026-05-29T13:00:00,71045,77.7,Chennai,CLEAN
CLM-D253096E,1000000170,Dr. Jamie Walton,MEM000617,FAC025,2026-05-05T17:00:00,99215,204.48,Chennai,CLEAN
CLM-417E4050,1000000116,Dr. William Herrera,MEM000110,FAC007,2026-03-06T16:00:00,71045,75.69,Chennai,CLEAN
CLM-1C21E64C,1000000034,Dr. Debra Davidson,MEM000030,FAC006,2026-01-14T10:00:00,71045,82.85,Chennai,CLEAN
CLM-C66CE4FD,1000000045,Dr. Philip Cannon,MEM000391,FAC038,2026-06-23T14:00:00,99214,144.08,Chennai,CLEAN
CLM-1B1E7342,1000000159,Dr. Jamie Smith,MEM000098,FAC048,2026-01-20T17:00:00,71045,84.68,Chennai,CLEAN
CLM-636F2BF8,1000000051,Dr. Danny Morgan,MEM000300,FAC042,2026-05-08T16:00:00,93000,57.14,Chennai,CLEAN
CLM-FC87B784,1000000087,Dr. Christopher Bass,MEM000828,FAC034,2026-05-20T09:00:00,99213,109.81,Chennai,CLEAN
CLM-61614159,1000000030,Dr. Rebecca Henderson,MEM000392,FAC028,2026-03-22T15:00:00,71045,79.35,Chennai,CLEAN
CLM-109A0E62,1000000008,Dr. Gabrielle Davis,MEM000181,FAC035,2026-06-18T13:00:00,99214,149.74,Chennai,CLEAN
CLM-734F1515,1000000034,Dr. Debra Davidson,MEM000319,FAC045,2026-04-10T16:00:00,99213,101.38,Chennai,CLEAN
CLM-E56BBD51,1000000125,Dr. Erin Edwards,MEM000675,FAC035,2026-06-25T17:00:00,93000,59.64,Chennai,CLEAN
CLM-9B753C7A,1000000143,Dr. Christopher Rubio,MEM000874,FAC010,2026-05-10T09:00:00,71045,76.21,Chennai,CLEAN
CLM-9B3169F4,1000000151,Dr. Pamela Boyd,MEM000994,FAC024,2026-06-07T14:00:00,99215,212.1,Chennai,CLEAN
CLM-D1B56857,1000000007,Dr. Gina Moore,MEM000604,FAC002,2026-02-02T14:00:00,99215,233.62,Chennai,CLEAN
CLM-02B6455F,1000000149,Dr. Stephanie Manning,MEM000027,FAC048,2026-06-10T14:00:00,71045,73.56,Chennai,CLEAN
CLM-902106BF,1000000088,Dr. Lisa Archer,MEM000365,FAC026,2026-03-31T09:00:00,99214,142.43,Chennai,CLEAN
CLM-7C2955A1,1000000165,Dr. John Anderson,MEM000319,FAC037,2026-01-22T10:00:00,99215,203.04,Chennai,CLEAN
CLM-F069CF21,1000000043,Dr. Anthony Humphrey,MEM000020,FAC034,2026-03-25T09:00:00,71045,82.52,Chennai,CLEAN
CLM-87754FF6,1000000108,Dr. Evelyn Galvan,MEM000581,FAC032,2026-04-18T13:00:00,99213,103.92,Chennai,CLEAN
CLM-FF93DCA5,1000000150,Dr. David Wright,MEM000022,FAC020,2026-04-07T15:00:00,99215,223.19,Chennai,CLEAN
CLM-F614BB40,1000000125,Dr. Erin Edwards,MEM000102,FAC044,2026-06-22T12:00:00,99215,219.86,Chennai,CLEAN
CLM-91B203E3,1000000195,Dr. Allen Rosales,MEM000683,FAC021,2026-02-12T13:00:00,99215,240.65,Chennai,CLEAN
CLM-93C25869,1000000051,Dr. Danny Morgan,MEM000508,FAC040,2026-01-20T17:00:00,99214,143.62,Chennai,CLEAN
CLM-62149D3B,1000000012,Dr. Lisa Hensley,MEM000304,FAC036,2026-04-13T12:00:00,93000,62.91,Chennai,CLEAN
CLM-0FDF2B3A,1000000023,Dr. Tommy Walter,MEM000734,FAC037,2026-01-25T14:00:00,99215,200.96,Chennai,CLEAN
CLM-AF064F79,1000000135,Dr. Jose Schultz,MEM000486,FAC027,2026-02-23T14:00:00,99213,103.03,Chennai,CLEAN
CLM-F042B75E,1000000077,Dr. Megan Young,MEM000516,FAC019,2026-04-21T17:00:00,99215,206.8,Chennai,CLEAN
CLM-661657F6,1000000102,Dr. Rebecca Valencia,MEM000257,FAC039,2026-05-12T16:00:00,93000,56.17,Chennai,CLEAN
CLM-48B4E924,1000000004,Dr. Cristian Santos,MEM000642,FAC045,2026-05-13T11:00:00,93000,59.99,Chennai,CLEAN
CLM-A4F5EF6E,1000000169,Dr. Daniel Murphy,MEM000985,FAC047,2026-04-30T13:00:00,93000,63.71,Chennai,CLEAN
CLM-F5F7CB36,1000000196,Dr. Daniel Salinas,MEM000928,FAC027,2026-05-25T09:00:00,93000,56.41,Chennai,CLEAN
CLM-5554ABE6,1000000118,Dr. Victor Baker,MEM000151,FAC015,2026-02-08T13:00:00,71045,78.56,Chennai,CLEAN
CLM-A459A0C9,1000000016,Dr. Holly Wood,MEM000649,FAC013,2026-04-16T13:00:00,99215,226.43,Chennai,CLEAN
CLM-8C249CD4,1000000065,Dr. Amber Kidd,MEM000703,FAC038,2026-03-02T15:00:00,99214,138.41,Chennai,CLEAN
CLM-7C2FD4F8,1000000049,Dr. Eric Carney,MEM000028,FAC015,2026-03-21T16:00:00,71045,80.96,Chennai,CLEAN
CLM-4928DA8C,1000000111,Dr. Shannon Walker,MEM000432,FAC041,2026-01-10T12:00:00,99214,143.18,Chennai,CLEAN
CLM-3CB180D3,1000000007,Dr. Gina Moore,MEM000264,FAC017,2026-06-18T17:00:00,99214,154.33,Chennai,CLEAN
CLM-422FAD70,1000000010,Dr. Monica Herrera,MEM000986,FAC046,2026-05-05T09:00:00,99213,107.19,Chennai,CLEAN
CLM-7967EC77,1000000021,Dr. Patty Perez,MEM000321,FAC038,2026-03-18T10:00:00,71045,86.35,Chennai,CLEAN
CLM-912A9406,1000000171,Dr. Darlene Miller,MEM000673,FAC005,2026-04-12T11:00:00,99214,138.36,Chennai,CLEAN
CLM-03BDD9D3,1000000188,Dr. Madison Poole,MEM000512,FAC007,2026-05-14T17:00:00,99215,219.84,Chennai,CLEAN
CLM-B12F539E,1000000023,Dr. Tommy Walter,MEM000243,FAC038,2026-02-01T14:00:00,99215,234.62,Chennai,CLEAN
CLM-A7997C6D,1000000188,Dr. Madison Poole,MEM000399,FAC047,2026-03-02T15:00:00,99214,139.33,Chennai,CLEAN
CLM-E1EF87B8,1000000044,Dr. Angelica Tucker,MEM000219,FAC017,2026-04-23T15:00:00,99215,235.97,Chennai,CLEAN
CLM-E78928B5,1000000014,Dr. Dylan Miller,MEM000502,FAC034,2026-04-06T10:00:00,99215,222.01,Chennai,CLEAN
CLM-A844FB0F,1000000121,Dr. Kenneth Scott,MEM000699,FAC015,2026-03-13T11:00:00,99215,218.91,Chennai,CLEAN
CLM-DAE98BAF,1000000094,Dr. John Whitehead,MEM000841,FAC019,2026-01-06T09:00:00,99213,103.81,Chennai,CLEAN
CLM-AECA0CC3,1888888888,Dr. Synthetic-B (Teleport),MEM000687,FAC015,2026-03-06T17:00:00,71045,76.95,Chennai,CLEAN
CLM-ABE73352,1000000179,Dr. Robert Oconnell,MEM000371,FAC043,2026-02-01T17:00:00,99214,160.73,Chennai,CLEAN
CLM-8A822306,1000000099,Dr. Stephen Mckee,MEM000008,FAC025,2026-03-07T13:00:00,99213,108.73,Chennai,CLEAN
CLM-73F13638,1000000193,Dr. Angelica Keith,MEM000241,FAC019,2026-02-23T11:00:00,71045,82.1,Chennai,CLEAN
CLM-B5ECDE29,1000000196,Dr. Daniel Salinas,MEM000659,FAC026,2026-01-09T13:00:00,99213,106.46,Chennai,CLEAN
CLM-C0ECC04F,1000000125,Dr. Erin Edwards,MEM000482,FAC047,2026-04-16T14:00:00,71045,86.03,Chennai,CLEAN
CLM-D6E2DDCC,1000000025,Dr. Judy Baker,MEM000844,FAC010,2026-06-28T13:00:00,93000,54.8,Chennai,CLEAN
CLM-FDB3767C,1000000107,Dr. Sierra Johnson,MEM000616,FAC046,2026-05-21T14:00:00,71045,83.12,Chennai,CLEAN
CLM-96E34A54,1000000195,Dr. Allen Rosales,MEM000053,FAC041,2026-06-14T11:00:00,71045,84.66,Chennai,CLEAN
CLM-6B4174CE,1000000034,Dr. Debra Davidson,MEM000003,FAC025,2026-02-21T13:00:00,99215,223.34,Chennai,CLEAN
CLM-133EF215,1000000028,Dr. Zachary Hicks,MEM000161,FAC015,2026-05-13T11:00:00,93000,62.23,Chennai,CLEAN
CLM-E7CEE770,1777777777,Dr. Synthetic-C (Upcoder),MEM000961,FAC020,2026-04-26T16:00:00,99214,142.82,Mumbai,CLEAN
CLM-BE9FD97B,1000000175,Dr. Alex Hernandez,MEM000607,FAC020,2026-03-14T12:00:00,99213,98.29,Chennai,CLEAN
CLM-1B86BE82,1000000046,Dr. John Pierce,MEM000402,FAC024,2026-05-27T12:00:00,99213,108.96,Chennai,CLEAN
CLM-6BDC4C8C,1000000142,Dr. Patricia Rodriguez,MEM000662,FAC039,2026-06-10T12:00:00,99213,109.48,Chennai,CLEAN
CLM-9A284309,1000000050,Dr. Jessica Holmes,MEM000268,FAC044,2026-02-13T09:00:00,71045,81.89,Chennai,CLEAN
CLM-415D7803,1000000153,Dr. Devon Flores,MEM000266,FAC009,2026-01-23T14:00:00,99214,163.42,Chennai,CLEAN
CLM-98991539,1000000030,Dr. Rebecca Henderson,MEM000014,FAC045,2026-05-15T15:00:00,71045,85.24,Chennai,CLEAN
CLM-804DA048,1000000126,Dr. Michelle Evans,MEM000121,FAC014,2026-02-22T12:00:00,99215,210.67,Chennai,CLEAN
CLM-C86E8246,1000000126,Dr. Michelle Evans,MEM000391,FAC008,2026-04-21T12:00:00,93000,56.59,Chennai,CLEAN
CLM-286B86B6,1000000072,Dr. Brittney Phillips,MEM000744,FAC043,2026-02-18T15:00:00,99214,147.26,Chennai,CLEAN
CLM-B9BD0217,1000000037,Dr. Cassandra Gaines,MEM000029,FAC018,2026-03-09T12:00:00,93000,59.41,Chennai,CLEAN
CLM-D200ACE2,1000000063,Dr. Donald Wright,MEM000378,FAC037,2026-06-25T16:00:00,99213,90.21,Chennai,CLEAN
CLM-8704B4CE,1000000034,Dr. Debra Davidson,MEM000892,FAC020,2026-06-27T15:00:00,99214,156.4,Chennai,CLEAN
CLM-889E199E,1000000181,Dr. Tina Sanders,MEM000433,FAC047,2026-06-02T13:00:00,99213,91.91,Chennai,CLEAN
CLM-93F2E7EB,1000000015,Dr. Brian Ramirez,MEM000053,FAC021,2026-03-02T16:00:00,99215,241.86,Chennai,CLEAN
CLM-DFF5A3FC,1000000171,Dr. Darlene Miller,MEM000990,FAC038,2026-01-12T09:00:00,99215,220.2,Chennai,CLEAN
CLM-70FE2B19,1000000097,Dr. Deborah Figueroa,MEM000309,FAC025,2026-06-21T14:00:00,99214,164.04,Chennai,CLEAN
CLM-384766FD,1000000143,Dr. Christopher Rubio,MEM000042,FAC037,2026-02-15T13:00:00,99214,150.11,Chennai,CLEAN
CLM-91765EFA,1000000086,Dr. Shirley Suarez,MEM000898,FAC029,2026-02-03T10:00:00,99215,229.25,Chennai,CLEAN
CLM-59FB7010,1000000110,Dr. Richard Rodriguez,MEM000145,FAC016,2026-01-30T14:00:00,99213,109.57,Chennai,CLEAN
CLM-BBBD4E5E,1000000127,Dr. Jason Powell,MEM000892,FAC017,2026-04-03T15:00:00,99215,237.72,Chennai,CLEAN
CLM-E04070FF,1000000067,Dr. Carol Tucker,MEM000627,FAC048,2026-03-09T17:00:00,99215,217.17,Chennai,CLEAN
CLM-D732B53F,1000000042,Dr. Sherry Decker,MEM000323,FAC047,2026-05-06T11:00:00,93000,64.24,Chennai,CLEAN
CLM-B942D504,1000000168,Dr. Joel Williams,MEM000651,FAC028,2026-01-14T12:00:00,99214,136.64,Chennai,CLEAN
CLM-3E2AF6B4,1000000046,Dr. John Pierce,MEM000036,FAC030,2026-03-08T11:00:00,71045,78.98,Chennai,CLEAN
CLM-9AAADD81,1000000126,Dr. Michelle Evans,MEM000041,FAC028,2026-04-02T17:00:00,71045,79.32,Chennai,CLEAN
CLM-6AB22557,1000000028,Dr. Zachary Hicks,MEM000866,FAC046,2026-02-07T10:00:00,99215,202.12,Chennai,CLEAN
CLM-583B528A,1000000072,Dr. Brittney Phillips,MEM000184,FAC010,2026-05-11T13:00:00,93000,64.69,Chennai,CLEAN
CLM-91B10B52,1000000149,Dr. Stephanie Manning,MEM000217,FAC037,2026-01-02T17:00:00,93000,56.17,Chennai,CLEAN
CLM-C0B68E07,1000000019,Dr. Carla Gray,MEM000252,FAC049,2026-05-08T10:00:00,99215,199.14,Chennai,CLEAN
CLM-0D835312,1000000174,Dr. Nicole Herring,MEM000696,FAC007,2026-04-11T14:00:00,93000,65.15,Chennai,CLEAN
CLM-0266C765,1000000027,Dr. Stephanie Ross,MEM000857,FAC020,2026-02-09T09:00:00,99213,99.2,Chennai,CLEAN
CLM-5189B295,1000000181,Dr. Tina Sanders,MEM000675,FAC030,2026-04-27T13:00:00,93000,61.9,Chennai,CLEAN
CLM-6206E2B0,1000000084,Dr. Zachary Ferrell,MEM000993,FAC002,2026-06-17T16:00:00,99215,239.69,Chennai,CLEAN
CLM-F61F2591,1000000187,Dr. Samantha Garcia,MEM000928,FAC036,2026-02-03T12:00:00,99213,106.03,Chennai,CLEAN
CLM-85DE9E89,1000000072,Dr. Brittney Phillips,MEM000330,FAC003,2026-01-19T17:00:00,93000,58.58,Chennai,CLEAN
CLM-179C6F9D,1000000102,Dr. Rebecca Valencia,MEM000261,FAC011,2026-03-03T15:00:00,99213,90.41,Chennai,CLEAN
CLM-D4215ED0,1000000053,Dr. Mark Perez,MEM000166,FAC024,2026-04-14T13:00:00,99214,138.62,Chennai,CLEAN
CLM-25F7FC14,1000000125,Dr. Erin Edwards,MEM000820,FAC027,2026-03-21T11:00:00,99215,227.28,Chennai,CLEAN
CLM-9B13568D,1000000094,Dr. John Whitehead,MEM000524,FAC012,2026-05-06T16:00:00,71045,79.62,Chennai,CLEAN
CLM-79566F32,1000000144,Dr. Amber Wright,MEM000614,FAC027,2026-01-24T15:00:00,99215,225.01,Chennai,CLEAN
CLM-90CDC3A7,1000000111,Dr. Shannon Walker,MEM000645,FAC027,2026-01-24T09:00:00,93000,58.1,Chennai,CLEAN
CLM-C279F40B,1000000118,Dr. Victor Baker,MEM000692,FAC014,2026-06-15T11:00:00,71045,80.44,Chennai,CLEAN
CLM-503332F8,1000000165,Dr. John Anderson,MEM000537,FAC005,2026-03-16T16:00:00,71045,73.27,Chennai,CLEAN
CLM-6187658E,1000000122,Dr. April Frost,MEM000307,FAC009,2026-02-02T13:00:00,99214,150.69,Chennai,CLEAN
CLM-7CE5215E,1000000075,Dr. Sarah Moore,MEM000582,FAC003,2026-05-22T10:00:00,99213,100.27,Chennai,CLEAN
CLM-645C43B7,1000000130,Dr. Elizabeth Kelley,MEM000435,FAC026,2026-01-25T16:00:00,93000,63.75,Chennai,CLEAN
CLM-B4DACBB9,1000000090,Dr. Matthew Mcmillan,MEM000260,FAC037,2026-01-21T17:00:00,99213,92.28,Chennai,CLEAN
CLM-556E5C04,1000000169,Dr. Daniel Murphy,MEM000473,FAC011,2026-02-16T15:00:00,99213,91.67,Chennai,CLEAN
CLM-9E7FFEC3,1000000180,Dr. Alexander Collins,MEM000304,FAC020,2026-05-31T16:00:00,71045,81.98,Chennai,CLEAN
CLM-3A25B40F,1000000067,Dr. Carol Tucker,MEM000349,FAC011,2026-02-24T11:00:00,99213,104.94,Chennai,CLEAN
CLM-78F728BA,1000000154,Dr. Brenda Hall,MEM000265,FAC043,2026-01-28T15:00:00,93000,54.21,Chennai,CLEAN
CLM-1FEF66C1,1000000101,Dr. Cameron Parker,MEM000119,FAC000,2026-02-13T16:00:00,71045,83.07,Chennai,CLEAN
CLM-5B0A897E,1000000168,Dr. Joel Williams,MEM000988,FAC047,2026-06-04T16:00:00,99215,225.21,Chennai,CLEAN
CLM-E19E79AC,1000000157,Dr. Jason Stein,MEM000369,FAC044,2026-06-22T15:00:00,99215,201.86,Chennai,CLEAN
CLM-3EE6DC3D,1000000034,Dr. Debra Davidson,MEM000014,FAC012,2026-01-29T09:00:00,99214,160.77,Chennai,CLEAN
CLM-780CCFBC,1000000053,Dr. Mark Perez,MEM000492,FAC041,2026-02-07T12:00:00,71045,85.47,Chennai,CLEAN
CLM-B61D0563,1777777777,Dr. Synthetic-C (Upcoder),MEM000551,FAC012,2026-01-23T13:00:00,71045,74.37,Mumbai,CLEAN
CLM-34CF92A4,1000000108,Dr. Evelyn Galvan,MEM000022,FAC007,2026-02-12T11:00:00,71045,87.42,Chennai,CLEAN
CLM-CF60A6A6,1000000120,Dr. Larry Dixon,MEM000020,FAC028,2026-05-30T12:00:00,99214,143.84,Chennai,CLEAN
CLM-EEA5CE28,1000000100,Dr. Sandra Aguilar,MEM000052,FAC021,2026-01-03T10:00:00,71045,87.67,Chennai,CLEAN
CLM-F2408192,1000000126,Dr. Michelle Evans,MEM000754,FAC037,2026-06-02T17:00:00,99215,199.63,Chennai,CLEAN
CLM-2C1B8904,1000000102,Dr. Rebecca Valencia,MEM000497,FAC032,2026-06-01T16:00:00,99214,156.43,Chennai,CLEAN
CLM-7659A5B2,1000000135,Dr. Jose Schultz,MEM000019,FAC027,2026-05-28T14:00:00,93000,54.76,Chennai,CLEAN
CLM-4A6E8BE8,1000000165,Dr. John Anderson,MEM000427,FAC030,2026-01-30T16:00:00,93000,65.27,Chennai,CLEAN
CLM-4CD957DD,1000000088,Dr. Lisa Archer,MEM000459,FAC044,2026-04-22T09:00:00,99214,143.64,Chennai,CLEAN
CLM-A04A81FA,1000000049,Dr. Eric Carney,MEM000480,FAC022,2026-04-23T12:00:00,93000,56.64,Chennai,CLEAN
CLM-0B43A3F9,1000000175,Dr. Alex Hernandez,MEM000347,FAC038,2026-06-18T16:00:00,99214,161.5,Chennai,CLEAN
CLM-B8FF9373,1000000185,Dr. Dr. Hannah Patterson,MEM000728,FAC024,2026-04-17T14:00:00,71045,84.8,Chennai,CLEAN
CLM-E87C749F,1000000041,Dr. Fred Smith,MEM000636,FAC013,2026-03-14T10:00:00,71045,74.07,Chennai,CLEAN
CLM-A7CA99B7,1000000051,Dr. Danny Morgan,MEM000160,FAC038,2026-05-06T10:00:00,71045,87.09,Chennai,CLEAN
CLM-60CA7C98,1000000126,Dr. Michelle Evans,MEM000310,FAC015,2026-02-23T17:00:00,99213,109.99,Chennai,CLEAN
CLM-AEF275C4,1000000091,Dr. Brian Rodriguez,MEM000902,FAC016,2026-04-02T11:00:00,99214,159.84,Chennai,CLEAN
CLM-781FBBBE,1000000128,Dr. Cameron Fisher,MEM000032,FAC004,2026-03-28T15:00:00,99213,102.35,Chennai,CLEAN
CLM-C8DFCB64,1000000030,Dr. Rebecca Henderson,MEM000575,FAC014,2026-05-05T13:00:00,99215,232.53,Chennai,CLEAN
CLM-3CF3263E,1000000196,Dr. Daniel Salinas,MEM000047,FAC049,2026-05-23T13:00:00,99214,160.6,Chennai,CLEAN
CLM-D97E81AE,1000000131,Dr. Dustin Jordan,MEM000618,FAC042,2026-01-27T09:00:00,71045,84.78,Chennai,CLEAN
CLM-5CCCC1CB,1000000193,Dr. Angelica Keith,MEM000113,FAC006,2026-06-06T10:00:00,93000,54.5,Chennai,CLEAN
CLM-9425CE35,1000000026,Dr. Justin Baker,MEM000171,FAC040,2026-01-31T12:00:00,99215,204.91,Chennai,CLEAN
CLM-433E0F5C,1000000074,Dr. Amy Silva,MEM000725,FAC028,2026-05-10T16:00:00,99213,93.09,Chennai,CLEAN
CLM-ECECD05A,1000000093,Dr. Christina Walters,MEM000342,FAC008,2026-02-01T12:00:00,71045,87.51,Chennai,CLEAN
CLM-510CD9BA,1000000196,Dr. Daniel Salinas,MEM000787,FAC000,2026-03-04T16:00:00,99215,210.62,Chennai,CLEAN
CLM-98D4264F,1000000043,Dr. Anthony Humphrey,MEM000087,FAC017,2026-04-06T15:00:00,99215,225.7,Chennai,CLEAN
CLM-E9DC0AF4,1000000062,Dr. Connor West,MEM000155,FAC048,2026-05-16T15:00:00,99214,139.14,Chennai,CLEAN
CLM-43A11AF8,1000000109,Dr. Sharon Cochran,MEM000423,FAC026,2026-04-28T17:00:00,99215,239.52,Chennai,CLEAN
CLM-E9ACFBC0,1000000113,Dr. Crystal Johnson,MEM000149,FAC049,2026-01-03T17:00:00,99213,91.7,Chennai,CLEAN
CLM-C33B6FBA,1000000080,Dr. Kelly Donovan,MEM000411,FAC049,2026-02-12T15:00:00,99213,97.87,Chennai,CLEAN
CLM-289CB432,1000000009,Dr. Ryan Munoz,MEM000676,FAC041,2026-02-08T09:00:00,93000,65.67,Chennai,CLEAN
CLM-EF2D42F4,1000000107,Dr. Sierra Johnson,MEM000411,FAC043,2026-06-29T17:00:00,99215,229.75,Chennai,CLEAN
CLM-32ED9345,1000000080,Dr. Kelly Donovan,MEM000931,FAC022,2026-01-03T13:00:00,93000,61.32,Chennai,CLEAN
CLM-9F38A345,1000000037,Dr. Cassandra Gaines,MEM000717,FAC025,2026-04-25T12:00:00,93000,61.49,Chennai,CLEAN
CLM-24D06EBE,1000000158,Dr. Melissa Gates,MEM000667,FAC028,2026-06-28T14:00:00,71045,84.41,Chennai,CLEAN
CLM-3E26DB9E,1000000077,Dr. Megan Young,MEM000086,FAC002,2026-05-18T14:00:00,71045,83.6,Chennai,CLEAN
CLM-A3B8797C,1000000189,Dr. Jessica Gross,MEM000900,FAC008,2026-05-14T17:00:00,99215,207.4,Chennai,CLEAN
CLM-5522E4C4,1000000130,Dr. Elizabeth Kelley,MEM000565,FAC019,2026-05-14T14:00:00,99214,135.7,Chennai,CLEAN
CLM-C16ED3AA,1000000138,Dr. David Alvarez,MEM000606,FAC016,2026-03-03T13:00:00,71045,87.79,Chennai,CLEAN
CLM-F21D58FC,1000000028,Dr. Zachary Hicks,MEM000749,FAC003,2026-04-06T13:00:00,93000,58.25,Chennai,CLEAN
CLM-E70E7C13,1000000012,Dr. Lisa Hensley,MEM000774,FAC041,2026-02-01T16:00:00,99215,223.19,Chennai,CLEAN
CLM-12E38B4C,1000000001,Dr. Noah Rhodes,MEM000464,FAC021,2026-03-02T17:00:00,93000,56.81,Chennai,CLEAN
CLM-82DD7A68,1000000076,Dr. Angela Lopez,MEM000291,FAC042,2026-05-27T11:00:00,71045,80.31,Chennai,CLEAN
CLM-0E312A57,1000000063,Dr. Donald Wright,MEM000107,FAC020,2026-05-13T12:00:00,99215,217.99,Chennai,CLEAN
CLM-927E9845,1000000037,Dr. Cassandra Gaines,MEM000728,FAC027,2026-04-16T10:00:00,99213,91.24,Chennai,CLEAN
CLM-03B0613C,1000000033,Dr. Nathan Maldonado,MEM000487,FAC013,2026-04-25T10:00:00,99215,227.78,Chennai,CLEAN
CLM-054C463F,1000000103,Dr. Christine Wright,MEM000602,FAC035,2026-05-13T15:00:00,99215,223.71,Chennai,CLEAN
CLM-6B00B140,1000000162,Dr. Lindsey Walker,MEM000433,FAC028,2026-06-26T16:00:00,71045,85.18,Chennai,CLEAN
CLM-78CF4920,1000000036,Dr. Sherri Baker,MEM000517,FAC008,2026-05-05T16:00:00,99214,164.04,Chennai,CLEAN
CLM-30978AA8,1000000131,Dr. Dustin Jordan,MEM000883,FAC033,2026-01-31T12:00:00,71045,79.57,Chennai,CLEAN
CLM-709AD789,1000000191,Dr. Karen Graham,MEM000160,FAC035,2026-04-05T10:00:00,93000,64.23,Chennai,CLEAN
CLM-D3F95116,1000000028,Dr. Zachary Hicks,MEM000123,FAC023,2026-05-27T13:00:00,99213,100.46,Chennai,CLEAN
CLM-0E6FB45D,1000000030,Dr. Rebecca Henderson,MEM000380,FAC019,2026-04-06T13:00:00,99215,219.38,Chennai,CLEAN
CLM-943A06C0,1777777777,Dr. Synthetic-C (Upcoder),MEM000146,FAC009,2026-05-31T15:00:00,99213,108.74,Mumbai,CLEAN
CLM-ACA8BA0C,1000000078,Dr. Steve Sanchez,MEM000910,FAC018,2026-02-25T11:00:00,71045,72.03,Chennai,CLEAN
CLM-542B977B,1000000140,Dr. Cheyenne Horton,MEM000357,FAC004,2026-01-12T15:00:00,71045,81.17,Chennai,CLEAN
CLM-42E474EB,1000000144,Dr. Amber Wright,MEM000463,FAC021,2026-04-07T16:00:00,93000,55.59,Chennai,CLEAN
CLM-AAABF5EB,1000000035,Dr. Jeffrey Chavez,MEM000516,FAC040,2026-04-28T16:00:00,71045,74.38,Chennai,CLEAN
CLM-69EFC3C0,1000000186,Dr. Jonathan Peterson,MEM000333,FAC005,2026-06-09T15:00:00,71045,75.73,Chennai,CLEAN
CLM-F598D97E,1000000101,Dr. Cameron Parker,MEM000347,FAC034,2026-01-12T16:00:00,99215,226.42,Chennai,CLEAN
CLM-C2DC0411,1000000042,Dr. Sherry Decker,MEM000724,FAC001,2026-05-27T13:00:00,93000,61.74,Chennai,CLEAN
CLM-D7177DC7,1000000164,Dr. Michael Powell,MEM000572,FAC005,2026-02-19T17:00:00,93000,63.09,Chennai,CLEAN
CLM-0BE5D30E,1000000145,Dr. Joyce Solis,MEM000534,FAC012,2026-05-02T17:00:00,99213,92.41,Chennai,CLEAN
CLM-F16A7F49,1000000136,Dr. Robert Potter,MEM000184,FAC001,2026-03-12T12:00:00,99214,159.89,Chennai,CLEAN
CLM-7FC717B6,1000000148,Dr. Kathy Rivas,MEM000454,FAC005,2026-05-17T14:00:00,71045,81.42,Chennai,CLEAN
CLM-659B80F5,1000000125,Dr. Erin Edwards,MEM000882,FAC001,2026-03-29T15:00:00,99214,147.45,Chennai,CLEAN
CLM-CC9D1EA3,1000000135,Dr. Jose Schultz,MEM000324,FAC024,2026-03-07T10:00:00,99213,109.6,Chennai,CLEAN
CLM-2B74F76A,1000000138,Dr. David Alvarez,MEM000172,FAC018,2026-02-06T11:00:00,99215,231.81,Chennai,CLEAN
CLM-6115F210,1000000039,Dr. Brittany Farmer,MEM000314,FAC026,2026-06-23T11:00:00,99213,102.29,Chennai,CLEAN
CLM-403D6B1E,1000000083,Dr. Paul Jones,MEM000185,FAC001,2026-01-15T13:00:00,71045,73.58,Chennai,CLEAN
CLM-6F8C4EA6,1000000036,Dr. Sherri Baker,MEM000422,FAC020,2026-03-08T15:00:00,99213,91.04,Chennai,CLEAN
CLM-6E9F1825,1000000061,Dr. Gerald Hensley,MEM000770,FAC038,2026-05-31T12:00:00,71045,80.14,Chennai,CLEAN
CLM-33BB41EC,1000000129,Dr. Megan Orr,MEM000394,FAC007,2026-03-10T09:00:00,99215,218.45,Chennai,CLEAN
CLM-6725935F,1000000104,Dr. Richard Henson,MEM000067,FAC030,2026-01-08T15:00:00,99214,162.41,Chennai,CLEAN
CLM-4B00DCC9,1000000004,Dr. Cristian Santos,MEM000275,FAC035,2026-05-31T10:00:00,99214,157.89,Chennai,CLEAN
CLM-4FFAE07F,1000000166,Dr. Alyssa Long,MEM000804,FAC008,2026-03-19T15:00:00,71045,73.34,Chennai,CLEAN
CLM-73A97546,1000000162,Dr. Lindsey Walker,MEM000512,FAC013,2026-02-06T14:00:00,93000,65.82,Chennai,CLEAN
CLM-46027109,1999999999,Dr. Synthetic-A (Phantom),MEM000251,FAC034,2026-04-19T17:00:00,71045,72.67,Chennai,CLEAN
CLM-01B30FDD,1000000118,Dr. Victor Baker,MEM000984,FAC039,2026-03-16T11:00:00,99213,91.2,Chennai,CLEAN
CLM-3B3BC6E6,1000000123,Dr. Michelle Harmon,MEM000279,FAC038,2026-03-06T15:00:00,99215,235.07,Chennai,CLEAN
CLM-C98EA84B,1000000054,Dr. Shannon Jones,MEM000599,FAC032,2026-03-14T09:00:00,99214,157.18,Chennai,CLEAN
CLM-C41BFE79,1000000144,Dr. Amber Wright,MEM000071,FAC019,2026-01-23T15:00:00,99213,106.61,Chennai,CLEAN
CLM-B1340FDC,1000000185,Dr. Dr. Hannah Patterson,MEM000569,FAC017,2026-04-21T12:00:00,93000,60.06,Chennai,CLEAN
CLM-41555D5B,1000000081,Dr. Mike Allen,MEM000905,FAC043,2026-03-29T13:00:00,71045,76.37,Chennai,CLEAN
CLM-6FE72B93,1000000169,Dr. Daniel Murphy,MEM000329,FAC021,2026-02-23T16:00:00,93000,57.94,Chennai,CLEAN
CLM-CC65C573,1000000177,Dr. Michael Wang,MEM000136,FAC041,2026-01-01T16:00:00,99213,108.03,Chennai,CLEAN
CLM-B7AC842A,1000000172,Dr. Joshua Cooke,MEM000177,FAC026,2026-05-23T16:00:00,71045,80.61,Chennai,CLEAN
CLM-FAFE3C71,1888888888,Dr. Synthetic-B (Teleport),MEM000897,FAC041,2026-06-16T10:00:00,93000,54.37,Chennai,CLEAN
CLM-76DCCE91,1000000171,Dr. Darlene Miller,MEM000455,FAC043,2026-02-01T14:00:00,71045,85.24,Chennai,CLEAN
CLM-FDD305F4,1000000091,Dr. Brian Rodriguez,MEM000396,FAC011,2026-06-28T09:00:00,99213,99.25,Chennai,CLEAN
CLM-EE6A7CE0,1000000049,Dr. Eric Carney,MEM000455,FAC000,2026-02-26T09:00:00,99215,227.94,Chennai,CLEAN
CLM-5B99DCD9,1000000181,Dr. Tina Sanders,MEM000366,FAC012,2026-01-24T13:00:00,99214,142.03,Chennai,CLEAN
CLM-5C93B4BF,1000000126,Dr. Michelle Evans,MEM000990,FAC023,2026-01-10T13:00:00,71045,86.47,Chennai,CLEAN
CLM-70C321A8,1000000180,Dr. Alexander Collins,MEM000620,FAC013,2026-01-02T12:00:00,71045,73.78,Chennai,CLEAN
CLM-F3E04881,1000000071,Dr. Whitney Peters,MEM000582,FAC032,2026-05-07T11:00:00,93000,56.33,Chennai,CLEAN
CLM-EB894FBF,1000000189,Dr. Jessica Gross,MEM000579,FAC043,2026-06-24T11:00:00,99213,101.76,Chennai,CLEAN
CLM-9734E5C4,1000000190,Dr. Debra Morton,MEM000066,FAC008,2026-03-08T12:00:00,93000,62.75,Chennai,CLEAN
CLM-EF626759,1000000070,Dr. Jordan Henderson,MEM000196,FAC043,2026-01-06T17:00:00,93000,57.04,Chennai,CLEAN
CLM-A4CC7B3E,1000000143,Dr. Christopher Rubio,MEM000904,FAC029,2026-01-01T15:00:00,99213,107.08,Chennai,CLEAN
CLM-A123C77B,1000000082,Dr. Michael Evans,MEM000442,FAC026,2026-03-12T10:00:00,93000,59.6,Chennai,CLEAN
CLM-398634F7,1000000092,Dr. Denise Jacobs,MEM000529,FAC048,2026-01-12T12:00:00,99213,95.56,Chennai,CLEAN
CLM-63DF126D,1000000107,Dr. Sierra Johnson,MEM000545,FAC028,2026-03-22T09:00:00,71045,75.11,Chennai,CLEAN
CLM-BCA862AB,1000000020,Dr. Margaret Hawkins DDS,MEM000901,FAC036,2026-01-07T12:00:00,71045,87.32,Chennai,CLEAN
CLM-9F235ECA,1000000063,Dr. Donald Wright,MEM000201,FAC010,2026-03-26T13:00:00,99213,102.52,Chennai,CLEAN
CLM-DD156E0C,1000000024,Dr. Matthew Foster,MEM000028,FAC030,2026-04-21T09:00:00,93000,63.57,Chennai,CLEAN
CLM-D67857EE,1000000085,Dr. Daniel Baker,MEM000860,FAC016,2026-03-05T10:00:00,71045,75.81,Chennai,CLEAN
CLM-7930460C,1000000087,Dr. Christopher Bass,MEM000852,FAC003,2026-03-27T17:00:00,99214,163.31,Chennai,CLEAN
CLM-5D6C288A,1000000198,Dr. Adam Vaughan,MEM000614,FAC039,2026-04-23T10:00:00,71045,81.26,Chennai,CLEAN
CLM-D9386707,1000000021,Dr. Patty Perez,MEM000997,FAC003,2026-01-09T15:00:00,99215,237.16,Chennai,CLEAN
CLM-5798A94B,1000000177,Dr. Michael Wang,MEM000066,FAC008,2026-01-16T16:00:00,99213,96.03,Chennai,CLEAN
CLM-8619072C,1000000160,Dr. Paul Castaneda,MEM000442,FAC004,2026-01-27T09:00:00,93000,54.63,Chennai,CLEAN
CLM-8B6C3FFB,1000000097,Dr. Deborah Figueroa,MEM000411,FAC006,2026-06-08T15:00:00,99214,160.94,Chennai,CLEAN
CLM-D5C0B4FA,1888888888,Dr. Synthetic-B (Teleport),MEM000675,FAC039,2026-01-03T16:00:00,71045,79.43,Chennai,CLEAN
CLM-77836541,1000000109,Dr. Sharon Cochran,MEM000901,FAC039,2026-06-08T10:00:00,99215,226.64,Chennai,CLEAN
CLM-B9F89294,1000000172,Dr. Joshua Cooke,MEM000801,FAC001,2026-04-27T17:00:00,99215,223.86,Chennai,CLEAN
CLM-81AF0209,1000000027,Dr. Stephanie Ross,MEM000105,FAC000,2026-06-02T10:00:00,93000,63.47,Chennai,CLEAN
CLM-60520C25,1000000049,Dr. Eric Carney,MEM000926,FAC036,2026-02-02T17:00:00,99215,213.64,Chennai,CLEAN
CLM-72FB23DD,1000000123,Dr. Michelle Harmon,MEM000742,FAC039,2026-04-24T11:00:00,99214,139.13,Chennai,CLEAN
CLM-0F9060B1,1000000011,Dr. Jamie Arnold,MEM000061,FAC008,2026-03-21T15:00:00,93000,65.52,Chennai,CLEAN
CLM-5DB2D2F0,1000000193,Dr. Angelica Keith,MEM000366,FAC019,2026-05-30T17:00:00,99214,139.42,Chennai,CLEAN
CLM-82612892,1000000079,Dr. Lisa Barnes,MEM000617,FAC021,2026-03-16T14:00:00,99213,100.35,Chennai,CLEAN
CLM-FFCDCCBB,1000000168,Dr. Joel Williams,MEM000694,FAC009,2026-01-15T12:00:00,93000,63.83,Chennai,CLEAN
CLM-D33C2830,1000000143,Dr. Christopher Rubio,MEM000879,FAC003,2026-04-19T14:00:00,99214,164.3,Chennai,CLEAN
CLM-668FD28A,1000000163,Dr. Jeffrey Johnson,MEM000930,FAC012,2026-01-18T14:00:00,99214,155.04,Chennai,CLEAN
CLM-C049A148,1000000177,Dr. Michael Wang,MEM000708,FAC029,2026-06-03T14:00:00,93000,60.79,Chennai,CLEAN
CLM-C7378646,1000000085,Dr. Daniel Baker,MEM000630,FAC019,2026-04-18T14:00:00,99214,138.15,Chennai,CLEAN
CLM-BC5E0B54,1777777777,Dr. Synthetic-C (Upcoder),MEM000932,FAC002,2026-05-07T12:00:00,99213,102.78,Mumbai,CLEAN
CLM-DC1E5625,1000000177,Dr. Michael Wang,MEM000235,FAC029,2026-06-09T12:00:00,99214,149.42,Chennai,CLEAN
CLM-4736605D,1000000196,Dr. Daniel Salinas,MEM000975,FAC021,2026-04-07T12:00:00,71045,74.95,Chennai,CLEAN
CLM-B6AFCD70,1000000001,Dr. Noah Rhodes,MEM000371,FAC000,2026-01-19T14:00:00,99213,101.09,Chennai,CLEAN
CLM-52A3B544,1000000036,Dr. Sherri Baker,MEM000297,FAC028,2026-02-19T14:00:00,99213,109.51,Chennai,CLEAN
CLM-0BD6884D,1000000050,Dr. Jessica Holmes,MEM000202,FAC018,2026-02-14T12:00:00,99215,229.63,Chennai,CLEAN
CLM-C8E693A7,1000000086,Dr. Shirley Suarez,MEM000867,FAC035,2026-03-04T11:00:00,99214,135.64,Chennai,CLEAN
CLM-31C7F940,1000000067,Dr. Carol Tucker,MEM000932,FAC006,2026-01-06T11:00:00,71045,82.48,Chennai,CLEAN
CLM-A938E561,1000000028,Dr. Zachary Hicks,MEM000346,FAC013,2026-03-20T16:00:00,99214,146.09,Chennai,CLEAN
CLM-84EB452E,1000000095,Dr. Anna Henderson,MEM000676,FAC010,2026-05-15T15:00:00,99213,92.37,Chennai,CLEAN
CLM-6D759506,1000000033,Dr. Nathan Maldonado,MEM000813,FAC012,2026-02-19T17:00:00,71045,83.11,Chennai,CLEAN
CLM-C08A827B,1000000081,Dr. Mike Allen,MEM000613,FAC027,2026-06-12T12:00:00,99213,105.26,Chennai,CLEAN
CLM-23706887,1000000150,Dr. David Wright,MEM000193,FAC034,2026-03-17T11:00:00,99215,208.88,Chennai,CLEAN
CLM-480D8186,1000000161,Dr. Jennifer Adkins,MEM000814,FAC017,2026-02-02T17:00:00,93000,64.63,Chennai,CLEAN
CLM-7DAC4A73,1000000053,Dr. Mark Perez,MEM000744,FAC005,2026-05-01T10:00:00,99214,150.26,Chennai,CLEAN
CLM-94738310,1000000192,Dr. Debra Christian,MEM000903,FAC041,2026-05-11T14:00:00,71045,80.3,Chennai,CLEAN
CLM-C47EEAA1,1000000045,Dr. Philip Cannon,MEM000329,FAC045,2026-04-06T17:00:00,71045,83.45,Chennai,CLEAN
CLM-7CD8AA9B,1000000126,Dr. Michelle Evans,MEM000485,FAC017,2026-05-29T15:00:00,93000,61.8,Chennai,CLEAN
CLM-5B20C0FF,1000000053,Dr. Mark Perez,MEM000224,FAC012,2026-04-26T12:00:00,71045,75.5,Chennai,CLEAN
CLM-35C590C3,1000000108,Dr. Evelyn Galvan,MEM000910,FAC024,2026-05-27T11:00:00,99215,209.2,Chennai,CLEAN
CLM-82DD89ED,1000000021,Dr. Patty Perez,MEM000137,FAC048,2026-01-22T13:00:00,71045,80.3,Chennai,CLEAN
CLM-581912CC,1000000058,Dr. Brent Jordan,MEM000597,FAC002,2026-04-30T17:00:00,93000,58.04,Chennai,CLEAN
CLM-35E55C1F,1000000115,Dr. Diana May,MEM000478,FAC027,2026-04-15T14:00:00,71045,77.07,Chennai,CLEAN
CLM-264F92B4,1000000097,Dr. Deborah Figueroa,MEM000025,FAC011,2026-04-24T12:00:00,99215,226.4,Chennai,CLEAN
CLM-31F03801,1000000091,Dr. Brian Rodriguez,MEM000923,FAC005,2026-03-17T17:00:00,93000,60.56,Chennai,CLEAN
CLM-5EBE7A9F,1000000020,Dr. Margaret Hawkins DDS,MEM000804,FAC017,2026-02-28T10:00:00,99213,91.43,Chennai,CLEAN
CLM-322A593F,1000000009,Dr. Ryan Munoz,MEM000559,FAC012,2026-03-27T12:00:00,99215,209.0,Chennai,CLEAN
CLM-0A17512F,1000000190,Dr. Debra Morton,MEM000835,FAC049,2026-06-24T13:00:00,99214,156.17,Chennai,CLEAN
CLM-7E66974C,1000000035,Dr. Jeffrey Chavez,MEM000875,FAC048,2026-05-20T13:00:00,99213,105.4,Chennai,CLEAN
CLM-95D464B2,1000000072,Dr. Brittney Phillips,MEM000842,FAC022,2026-04-14T15:00:00,93000,63.09,Chennai,CLEAN
CLM-FBB342A0,1000000003,Dr. Daniel Wagner,MEM000483,FAC041,2026-05-12T11:00:00,71045,75.64,Chennai,CLEAN
CLM-940BC244,1000000185,Dr. Dr. Hannah Patterson,MEM000767,FAC013,2026-05-02T12:00:00,93000,61.04,Chennai,CLEAN
CLM-296CE1D5,1000000141,Dr. David Douglas Jr.,MEM000775,FAC029,2026-04-29T14:00:00,99213,96.26,Chennai,CLEAN
CLM-7F0E3F59,1000000048,Dr. Joshua Blair,MEM000439,FAC049,2026-06-28T15:00:00,99214,148.16,Chennai,CLEAN
CLM-51931033,1000000142,Dr. Patricia Rodriguez,MEM000030,FAC023,2026-02-05T11:00:00,99215,239.51,Chennai,CLEAN
CLM-0439AEED,1000000002,Dr. Angie Henderson,MEM000511,FAC042,2026-04-01T14:00:00,99214,147.57,Chennai,CLEAN
CLM-10D7EBFC,1000000175,Dr. Alex Hernandez,MEM000770,FAC025,2026-06-26T17:00:00,99215,212.35,Chennai,CLEAN
CLM-4A886488,1000000005,Dr. Connie Lawrence,MEM000581,FAC002,2026-02-05T11:00:00,99215,223.0,Chennai,CLEAN
CLM-FB4DB256,1000000154,Dr. Brenda Hall,MEM000935,FAC038,2026-05-27T15:00:00,71045,75.27,Chennai,CLEAN
CLM-873C629D,1000000100,Dr. Sandra Aguilar,MEM000065,FAC034,2026-04-09T12:00:00,71045,73.74,Chennai,CLEAN
CLM-6543BA51,1000000145,Dr. Joyce Solis,MEM000985,FAC028,2026-06-13T13:00:00,99213,93.43,Chennai,CLEAN
CLM-7C4FEB8C,1000000172,Dr. Joshua Cooke,MEM000566,FAC011,2026-01-09T16:00:00,99213,93.73,Chennai,CLEAN
CLM-5733932B,1000000017,Dr. Derek Zuniga,MEM000933,FAC024,2026-03-14T12:00:00,99214,143.73,Chennai,CLEAN
CLM-010AB66A,1000000134,Dr. Rebecca Jackson,MEM000071,FAC029,2026-01-15T14:00:00,93000,54.13,Chennai,CLEAN
CLM-BFA3AF27,1000000083,Dr. Paul Jones,MEM000880,FAC026,2026-04-11T11:00:00,99213,92.58,Chennai,CLEAN
CLM-E1FB25E8,1000000107,Dr. Sierra Johnson,MEM000489,FAC047,2026-01-18T15:00:00,99214,138.9,Chennai,CLEAN
CLM-26EBC76D,1000000052,Dr. Crystal Robinson,MEM000317,FAC027,2026-06-20T16:00:00,99214,153.11,Chennai,CLEAN
CLM-B9716879,1000000079,Dr. Lisa Barnes,MEM000601,FAC012,2026-05-09T16:00:00,99215,206.87,Chennai,CLEAN
CLM-F49E5082,1000000036,Dr. Sherri Baker,MEM000456,FAC004,2026-04-13T12:00:00,93000,57.95,Chennai,CLEAN
CLM-CC9FEC39,1000000145,Dr. Joyce Solis,MEM000900,FAC031,2026-04-28T16:00:00,93000,54.47,Chennai,CLEAN
CLM-53B895E2,1000000023,Dr. Tommy Walter,MEM000294,FAC041,2026-04-27T14:00:00,99215,215.21,Chennai,CLEAN
CLM-9F5AE432,1000000044,Dr. Angelica Tucker,MEM000425,FAC015,2026-02-15T15:00:00,71045,78.15,Chennai,CLEAN
CLM-FEAE13EE,1000000168,Dr. Joel Williams,MEM000187,FAC044,2026-05-26T10:00:00,71045,83.18,Chennai,CLEAN
CLM-42506FAF,1000000011,Dr. Jamie Arnold,MEM000245,FAC010,2026-03-12T17:00:00,99215,227.33,Chennai,CLEAN
CLM-5FFCD5D0,1000000017,Dr. Derek Zuniga,MEM000714,FAC046,2026-02-25T16:00:00,71045,87.88,Chennai,CLEAN
CLM-AA2C2BE5,1000000141,Dr. David Douglas Jr.,MEM000124,FAC023,2026-01-20T10:00:00,93000,63.2,Chennai,CLEAN
CLM-5541A48B,1000000083,Dr. Paul Jones,MEM000419,FAC028,2026-02-12T13:00:00,99214,150.18,Chennai,CLEAN
CLM-B0E2C032,1000000118,Dr. Victor Baker,MEM000027,FAC004,2026-06-13T16:00:00,71045,77.5,Chennai,CLEAN
CLM-317247AC,1000000102,Dr. Rebecca Valencia,MEM000876,FAC012,2026-04-12T09:00:00,99213,95.01,Chennai,CLEAN
CLM-F6896879,1000000181,Dr. Tina Sanders,MEM000939,FAC008,2026-03-25T16:00:00,71045,79.38,Chennai,CLEAN
CLM-C1B22B48,1000000021,Dr. Patty Perez,MEM000561,FAC042,2026-03-04T16:00:00,99214,149.12,Chennai,CLEAN
CLM-1F842F32,1000000071,Dr. Whitney Peters,MEM000861,FAC010,2026-02-13T09:00:00,93000,55.21,Chennai,CLEAN
CLM-FFD29B6E,1000000075,Dr. Sarah Moore,MEM000127,FAC034,2026-04-11T11:00:00,99213,103.43,Chennai,CLEAN
CLM-DFB4C86F,1000000002,Dr. Angie Henderson,MEM000693,FAC017,2026-02-09T16:00:00,99215,205.83,Chennai,CLEAN
CLM-5C0CA64D,1000000182,Dr. Angela Vaughn,MEM000035,FAC043,2026-05-17T12:00:00,71045,83.15,Chennai,CLEAN
CLM-FBEECA6B,1000000162,Dr. Lindsey Walker,MEM000830,FAC033,2026-06-14T10:00:00,71045,83.05,Chennai,CLEAN
CLM-0BDA1DFC,1000000113,Dr. Crystal Johnson,MEM000053,FAC038,2026-01-02T09:00:00,71045,84.27,Chennai,CLEAN
CLM-E00F7D0B,1000000063,Dr. Donald Wright,MEM000383,FAC015,2026-02-21T10:00:00,99213,98.43,Chennai,CLEAN
CLM-80DB80C6,1000000003,Dr. Daniel Wagner,MEM000345,FAC012,2026-06-24T10:00:00,99214,163.76,Chennai,CLEAN
CLM-0B2DC5FC,1000000024,Dr. Matthew Foster,MEM000816,FAC042,2026-02-12T11:00:00,99213,98.31,Chennai,CLEAN
CLM-244FD4E9,1000000027,Dr. Stephanie Ross,MEM000835,FAC020,2026-03-24T17:00:00,99214,153.74,Chennai,CLEAN
CLM-E335D8F3,1000000138,Dr. David Alvarez,MEM000404,FAC027,2026-01-31T12:00:00,99214,138.18,Chennai,CLEAN
CLM-58931158,1000000082,Dr. Michael Evans,MEM000177,FAC000,2026-04-13T14:00:00,99213,97.78,Chennai,CLEAN
CLM-7577D396,1000000117,Dr. Ashley Waller,MEM000225,FAC004,2026-06-18T13:00:00,93000,58.43,Chennai,CLEAN
CLM-CD2318C5,1000000017,Dr. Derek Zuniga,MEM000906,FAC013,2026-04-16T13:00:00,93000,59.99,Chennai,CLEAN
CLM-7AB8981B,1000000026,Dr. Justin Baker,MEM000729,FAC034,2026-05-26T11:00:00,99215,240.2,Chennai,CLEAN
CLM-77FA910A,1000000153,Dr. Devon Flores,MEM000332,FAC040,2026-06-28T15:00:00,99214,144.96,Chennai,CLEAN
CLM-DC83C70F,1000000162,Dr. Lindsey Walker,MEM000779,FAC044,2026-03-23T16:00:00,99213,96.7,Chennai,CLEAN
CLM-585D8848,1000000155,Dr. Michelle Brown,MEM000933,FAC037,2026-04-25T15:00:00,93000,61.69,Chennai,CLEAN
CLM-106BE663,1000000059,Dr. John Daniel,MEM000515,FAC037,2026-06-30T09:00:00,99214,135.64,Chennai,CLEAN
CLM-073E6683,1000000194,Dr. John Bishop,MEM000918,FAC007,2026-03-21T12:00:00,71045,84.12,Chennai,CLEAN
CLM-31E9266E,1000000158,Dr. Melissa Gates,MEM000081,FAC003,2026-02-05T14:00:00,71045,76.75,Chennai,CLEAN
CLM-4CDF8122,1000000038,Dr. Elizabeth Fowler,MEM000384,FAC013,2026-06-14T09:00:00,99214,162.7,Chennai,CLEAN
CLM-A966C228,1000000153,Dr. Devon Flores,MEM000968,FAC028,2026-03-26T11:00:00,99215,211.97,Chennai,CLEAN
CLM-C77F216F,1888888888,Dr. Synthetic-B (Teleport),MEM000778,FAC002,2026-05-14T15:00:00,99215,231.02,Chennai,CLEAN
CLM-29408444,1000000058,Dr. Brent Jordan,MEM000867,FAC046,2026-03-26T14:00:00,99214,141.17,Chennai,CLEAN
CLM-CD219BCD,1000000013,Dr. Michele Williams,MEM000928,FAC042,2026-03-05T12:00:00,93000,64.47,Chennai,CLEAN
CLM-8326B6BD,1000000133,Dr. Daniel Kennedy,MEM000329,FAC011,2026-04-24T09:00:00,99213,107.4,Chennai,CLEAN
CLM-C12668B1,1000000017,Dr. Derek Zuniga,MEM000976,FAC012,2026-01-14T11:00:00,99214,138.77,Chennai,CLEAN
CLM-0C2CD28C,1000000044,Dr. Angelica Tucker,MEM000606,FAC035,2026-02-22T12:00:00,93000,54.94,Chennai,CLEAN
CLM-9C147E7A,1000000185,Dr. Dr. Hannah Patterson,MEM000478,FAC019,2026-02-12T12:00:00,99214,147.72,Chennai,CLEAN
CLM-F417BC8C,1000000155,Dr. Michelle Brown,MEM000254,FAC019,2026-03-15T16:00:00,99214,143.16,Chennai,CLEAN
CLM-8AB090A3,1999999999,Dr. Synthetic-A (Phantom),MEM000492,FAC005,2026-04-03T15:00:00,71045,74.68,Chennai,CLEAN
CLM-2CBAEA65,1000000112,Dr. Julia Torres,MEM000432,FAC032,2026-06-06T15:00:00,99214,159.59,Chennai,CLEAN
CLM-A352E8BD,1000000123,Dr. Michelle Harmon,MEM000020,FAC048,2026-04-08T15:00:00,99213,105.18,Chennai,CLEAN
CLM-9A55A57E,1000000076,Dr. Angela Lopez,MEM000609,FAC034,2026-02-09T17:00:00,99214,142.72,Chennai,CLEAN
CLM-AD6EF489,1000000118,Dr. Victor Baker,MEM000313,FAC029,2026-03-14T15:00:00,93000,61.27,Chennai,CLEAN
CLM-2246FD98,1000000018,Dr. Lisa Jackson,MEM000341,FAC008,2026-05-01T12:00:00,99214,162.48,Chennai,CLEAN
CLM-5C3764ED,1000000001,Dr. Noah Rhodes,MEM000013,FAC032,2026-04-06T16:00:00,71045,86.81,Chennai,CLEAN
CLM-AE0BC224,1000000101,Dr. Cameron Parker,MEM000993,FAC047,2026-04-06T15:00:00,71045,76.92,Chennai,CLEAN
CLM-B36D6381,1000000150,Dr. David Wright,MEM000072,FAC026,2026-01-10T10:00:00,71045,86.91,Chennai,CLEAN
CLM-AF90BEC9,1000000041,Dr. Fred Smith,MEM000198,FAC048,2026-04-22T13:00:00,99215,220.42,Chennai,CLEAN
CLM-41145920,1000000125,Dr. Erin Edwards,MEM000650,FAC044,2026-04-05T09:00:00,71045,86.82,Chennai,CLEAN
CLM-9D01A40E,1000000188,Dr. Madison Poole,MEM000252,FAC015,2026-05-03T09:00:00,99215,225.76,Chennai,CLEAN
CLM-29553310,1000000173,Dr. Matthew Harrington,MEM000028,FAC044,2026-06-20T11:00:00,99215,224.64,Chennai,CLEAN
CLM-92E14705,1000000174,Dr. Nicole Herring,MEM000150,FAC016,2026-03-05T11:00:00,99213,92.33,Chennai,CLEAN
CLM-DC506D4F,1000000023,Dr. Tommy Walter,MEM000659,FAC045,2026-04-09T15:00:00,93000,65.69,Chennai,CLEAN
CLM-785C077F,1000000020,Dr. Margaret Hawkins DDS,MEM000530,FAC012,2026-04-19T11:00:00,71045,76.05,Chennai,CLEAN
CLM-74F50422,1000000077,Dr. Megan Young,MEM000512,FAC034,2026-06-18T15:00:00,93000,57.7,Chennai,CLEAN
CLM-E65FDCF5,1000000105,Dr. Marc Moore,MEM000770,FAC046,2026-01-23T10:00:00,93000,63.32,Chennai,CLEAN
CLM-103B73DF,1000000088,Dr. Lisa Archer,MEM000833,FAC009,2026-03-10T12:00:00,71045,83.18,Chennai,CLEAN
CLM-3073B10C,1000000001,Dr. Noah Rhodes,MEM000172,FAC031,2026-01-01T10:00:00,99213,105.47,Chennai,CLEAN
CLM-2BCF8600,1000000106,Dr. Sharon Cherry,MEM000537,FAC026,2026-06-17T13:00:00,71045,74.73,Chennai,CLEAN
CLM-140C970F,1000000095,Dr. Anna Henderson,MEM000190,FAC045,2026-02-04T12:00:00,71045,74.91,Chennai,CLEAN
CLM-C9CADC7C,1000000028,Dr. Zachary Hicks,MEM000461,FAC036,2026-02-24T11:00:00,99214,136.77,Chennai,CLEAN
CLM-9E1E6C4C,1000000046,Dr. John Pierce,MEM000828,FAC048,2026-02-19T13:00:00,71045,79.05,Chennai,CLEAN
CLM-B9B7C39F,1000000159,Dr. Jamie Smith,MEM000111,FAC040,2026-02-12T10:00:00,99215,201.77,Chennai,CLEAN
CLM-458F02DD,1000000031,Dr. James Ferrell,MEM000283,FAC004,2026-03-29T09:00:00,93000,56.82,Chennai,CLEAN
CLM-962EEDEE,1000000124,Dr. Helen Jones,MEM000688,FAC048,2026-01-26T09:00:00,99213,95.32,Chennai,CLEAN
CLM-6F6AB3D1,1000000001,Dr. Noah Rhodes,MEM000681,FAC037,2026-01-11T10:00:00,99214,150.67,Chennai,CLEAN
CLM-BEA156C3,1000000001,Dr. Noah Rhodes,MEM000384,FAC038,2026-05-14T13:00:00,71045,79.57,Chennai,CLEAN
CLM-ABF5A0A2,1000000086,Dr. Shirley Suarez,MEM000618,FAC027,2026-03-28T14:00:00,99215,241.98,Chennai,CLEAN
CLM-3886BA80,1000000061,Dr. Gerald Hensley,MEM000963,FAC023,2026-06-20T15:00:00,71045,81.77,Chennai,CLEAN
CLM-42842F53,1000000091,Dr. Brian Rodriguez,MEM000894,FAC021,2026-01-26T09:00:00,71045,85.93,Chennai,CLEAN
CLM-FBF5C8AE,1000000102,Dr. Rebecca Valencia,MEM000742,FAC008,2026-01-07T10:00:00,93000,57.35,Chennai,CLEAN
CLM-2BB31AC4,1000000179,Dr. Robert Oconnell,MEM000769,FAC015,2026-04-05T16:00:00,93000,62.23,Chennai,CLEAN
CLM-F457DF7B,1000000121,Dr. Kenneth Scott,MEM000527,FAC026,2026-06-19T12:00:00,99213,109.72,Chennai,CLEAN
CLM-E52A8151,1000000082,Dr. Michael Evans,MEM000017,FAC040,2026-04-03T09:00:00,99215,227.83,Chennai,CLEAN
CLM-95B8CC54,1000000059,Dr. John Daniel,MEM000621,FAC031,2026-04-13T10:00:00,99215,216.83,Chennai,CLEAN
CLM-D00227A3,1000000121,Dr. Kenneth Scott,MEM000674,FAC044,2026-01-26T15:00:00,99215,224.72,Chennai,CLEAN
CLM-FB3D56CF,1000000182,Dr. Angela Vaughn,MEM000146,FAC033,2026-05-27T17:00:00,99213,92.56,Chennai,CLEAN
CLM-1A5CBABA,1000000022,Dr. Ethan Adams,MEM000308,FAC043,2026-05-21T16:00:00,99214,161.89,Chennai,CLEAN
CLM-5687A694,1000000029,Dr. Anthony Rodriguez,MEM000493,FAC042,2026-05-19T12:00:00,99214,141.35,Chennai,CLEAN
CLM-7A71F14F,1000000192,Dr. Debra Christian,MEM000966,FAC042,2026-06-29T10:00:00,99213,98.7,Chennai,CLEAN
CLM-40635BB5,1000000183,Dr. Ashley Barton,MEM000029,FAC010,2026-03-25T15:00:00,99215,207.7,Chennai,CLEAN
CLM-2A064732,1000000065,Dr. Amber Kidd,MEM000681,FAC030,2026-06-21T10:00:00,99214,162.68,Chennai,CLEAN
CLM-2EB210C9,1000000162,Dr. Lindsey Walker,MEM000742,FAC031,2026-01-24T14:00:00,99214,162.95,Chennai,CLEAN
CLM-E517DA2D,1000000196,Dr. Daniel Salinas,MEM000946,FAC038,2026-01-17T14:00:00,71045,86.56,Chennai,CLEAN
CLM-4B785FB3,1000000190,Dr. Debra Morton,MEM000753,FAC046,2026-04-08T17:00:00,71045,84.94,Chennai,CLEAN
CLM-A92F64D3,1000000057,Dr. Richard Aguirre,MEM000265,FAC007,2026-03-16T10:00:00,99213,91.78,Chennai,CLEAN
CLM-7CD15DD3,1000000189,Dr. Jessica Gross,MEM000606,FAC012,2026-01-30T14:00:00,99214,160.6,Chennai,CLEAN
CLM-C0518DB0,1000000097,Dr. Deborah Figueroa,MEM000590,FAC047,2026-01-01T13:00:00,99213,101.8,Chennai,CLEAN
CLM-4BF4FD6D,1000000048,Dr. Joshua Blair,MEM000867,FAC024,2026-04-19T14:00:00,99215,233.09,Chennai,CLEAN
CLM-61BE5D55,1000000032,Dr. Tricia Valencia,MEM000532,FAC042,2026-06-04T12:00:00,99213,97.91,Chennai,CLEAN
CLM-6621706F,1000000137,Dr. Courtney Gonzalez,MEM000872,FAC029,2026-03-22T11:00:00,99215,234.84,Chennai,CLEAN
CLM-3198F763,1000000127,Dr. Jason Powell,MEM000696,FAC029,2026-02-07T13:00:00,99214,157.41,Chennai,CLEAN
CLM-9E9481C0,1000000179,Dr. Robert Oconnell,MEM000035,FAC038,2026-03-23T13:00:00,93000,65.88,Chennai,CLEAN
CLM-F5D6A6BB,1000000031,Dr. James Ferrell,MEM000280,FAC045,2026-05-27T16:00:00,99214,149.85,Chennai,CLEAN
CLM-C263E1E0,1000000180,Dr. Alexander Collins,MEM000989,FAC024,2026-01-16T14:00:00,99214,159.84,Chennai,CLEAN
CLM-D713BF9C,1000000053,Dr. Mark Perez,MEM000868,FAC046,2026-02-27T09:00:00,99214,160.7,Chennai,CLEAN
CLM-998A6739,1000000186,Dr. Jonathan Peterson,MEM000401,FAC019,2026-06-18T11:00:00,99213,100.96,Chennai,CLEAN
CLM-9BE190C6,1000000086,Dr. Shirley Suarez,MEM000432,FAC043,2026-05-02T14:00:00,71045,78.26,Chennai,CLEAN
CLM-A00A9DD2,1000000135,Dr. Jose Schultz,MEM000744,FAC018,2026-03-14T12:00:00,93000,58.73,Chennai,CLEAN
CLM-90B0E442,1000000033,Dr. Nathan Maldonado,MEM000331,FAC048,2026-05-29T09:00:00,99215,218.13,Chennai,CLEAN
CLM-7D050B68,1000000041,Dr. Fred Smith,MEM000591,FAC008,2026-04-24T16:00:00,99215,237.48,Chennai,CLEAN
CLM-CB5FE5B1,1000000053,Dr. Mark Perez,MEM000223,FAC047,2026-02-20T09:00:00,99215,229.94,Chennai,CLEAN
CLM-BC9C2B69,1000000147,Dr. Stephanie Salazar,MEM000104,FAC043,2026-02-07T15:00:00,71045,82.87,Chennai,CLEAN
CLM-DB8391DB,1000000043,Dr. Anthony Humphrey,MEM000948,FAC003,2026-01-25T14:00:00,71045,74.87,Chennai,CLEAN
CLM-47F42BAA,1000000013,Dr. Michele Williams,MEM000120,FAC032,2026-06-16T14:00:00,93000,59.21,Chennai,CLEAN
CLM-2C2A5095,1000000038,Dr. Elizabeth Fowler,MEM000642,FAC046,2026-04-14T12:00:00,99213,92.38,Chennai,CLEAN
CLM-581BA6B1,1000000101,Dr. Cameron Parker,MEM000500,FAC019,2026-06-26T11:00:00,71045,84.41,Chennai,CLEAN
CLM-CE567D91,1000000171,Dr. Darlene Miller,MEM000674,FAC005,2026-04-29T15:00:00,99215,225.82,Chennai,CLEAN
CLM-EC6DAEA5,1000000113,Dr. Crystal Johnson,MEM000376,FAC000,2026-01-31T10:00:00,99213,92.44,Chennai,CLEAN
CLM-54130458,1000000164,Dr. Michael Powell,MEM000684,FAC032,2026-02-27T09:00:00,93000,60.88,Chennai,CLEAN
CLM-306EF841,1000000146,Dr. Victoria Larson,MEM000491,FAC017,2026-06-27T10:00:00,93000,56.17,Chennai,CLEAN
CLM-8D72697B,1000000123,Dr. Michelle Harmon,MEM000660,FAC044,2026-04-22T13:00:00,93000,55.5,Chennai,CLEAN
CLM-BD3A4C45,1000000083,Dr. Paul Jones,MEM000065,FAC045,2026-05-18T11:00:00,71045,85.01,Chennai,CLEAN
CLM-B437275D,1000000005,Dr. Connie Lawrence,MEM000403,FAC035,2026-05-18T17:00:00,71045,73.02,Chennai,CLEAN
CLM-13BAF62C,1000000149,Dr. Stephanie Manning,MEM000551,FAC045,2026-06-16T10:00:00,99214,163.97,Chennai,CLEAN
CLM-47F62767,1000000030,Dr. Rebecca Henderson,MEM000185,FAC038,2026-06-27T11:00:00,99213,101.09,Chennai,CLEAN
CLM-EEC8DEFB,1000000080,Dr. Kelly Donovan,MEM000125,FAC002,2026-02-02T12:00:00,99214,137.63,Chennai,CLEAN
CLM-A02C2484,1000000065,Dr. Amber Kidd,MEM000871,FAC048,2026-01-09T10:00:00,99213,100.12,Chennai,CLEAN
CLM-722A4D61,1000000093,Dr. Christina Walters,MEM000989,FAC034,2026-02-13T15:00:00,99213,94.97,Chennai,CLEAN
CLM-DAD6C704,1000000011,Dr. Jamie Arnold,MEM000968,FAC033,2026-03-17T17:00:00,71045,74.24,Chennai,CLEAN
CLM-6639F518,1000000125,Dr. Erin Edwards,MEM000711,FAC020,2026-05-14T14:00:00,93000,60.46,Chennai,CLEAN
CLM-204CAA2A,1000000053,Dr. Mark Perez,MEM000704,FAC006,2026-06-19T09:00:00,99214,136.1,Chennai,CLEAN
CLM-9513D1F3,1000000036,Dr. Sherri Baker,MEM000306,FAC013,2026-02-04T17:00:00,99214,152.75,Chennai,CLEAN
CLM-2581F0C3,1000000071,Dr. Whitney Peters,MEM000131,FAC046,2026-06-09T15:00:00,99213,101.0,Chennai,CLEAN
CLM-0F05152A,1000000066,Dr. Tracy House,MEM000390,FAC041,2026-02-11T15:00:00,71045,73.33,Chennai,CLEAN
CLM-C20E0ACD,1000000065,Dr. Amber Kidd,MEM000692,FAC027,2026-06-27T11:00:00,93000,56.45,Chennai,CLEAN
CLM-99F9D12B,1000000161,Dr. Jennifer Adkins,MEM000750,FAC017,2026-06-12T12:00:00,99215,222.8,Chennai,CLEAN
CLM-CFA58C3E,1000000165,Dr. John Anderson,MEM000840,FAC032,2026-06-04T11:00:00,71045,85.15,Chennai,CLEAN
CLM-D80D37D7,1000000080,Dr. Kelly Donovan,MEM000806,FAC027,2026-04-08T09:00:00,93000,56.97,Chennai,CLEAN
CLM-CC2C0531,1000000069,Dr. William Baker,MEM000127,FAC034,2026-01-29T17:00:00,71045,73.06,Chennai,CLEAN
CLM-4EF82D8D,1000000163,Dr. Jeffrey Johnson,MEM000091,FAC023,2026-03-27T13:00:00,99214,161.07,Chennai,CLEAN
CLM-18152B68,1000000057,Dr. Richard Aguirre,MEM000280,FAC000,2026-01-26T15:00:00,99214,146.36,Chennai,CLEAN
CLM-B51FF9E9,1000000026,Dr. Justin Baker,MEM000801,FAC007,2026-02-14T17:00:00,99215,223.91,Chennai,CLEAN
CLM-D400242D,1000000125,Dr. Erin Edwards,MEM000097,FAC033,2026-03-31T13:00:00,93000,57.25,Chennai,CLEAN
CLM-209F3765,1000000025,Dr. Judy Baker,MEM000918,FAC003,2026-02-13T14:00:00,71045,74.89,Chennai,CLEAN
CLM-2B1C2AF0,1000000189,Dr. Jessica Gross,MEM000694,FAC034,2026-05-22T15:00:00,71045,81.48,Chennai,CLEAN
CLM-1F2A1895,1000000066,Dr. Tracy House,MEM000009,FAC043,2026-05-12T11:00:00,99214,139.28,Chennai,CLEAN
CLM-ACD4615F,1000000145,Dr. Joyce Solis,MEM000753,FAC017,2026-01-14T14:00:00,99214,155.35,Chennai,CLEAN
CLM-F3F38CC4,1000000107,Dr. Sierra Johnson,MEM000723,FAC029,2026-02-16T16:00:00,99215,233.13,Chennai,CLEAN
CLM-DA19DDBD,1000000128,Dr. Cameron Fisher,MEM000293,FAC017,2026-04-20T17:00:00,99214,144.16,Chennai,CLEAN
CLM-1945A50D,1000000022,Dr. Ethan Adams,MEM000970,FAC019,2026-04-15T14:00:00,99213,102.69,Chennai,CLEAN
CLM-4095731C,1000000019,Dr. Carla Gray,MEM000747,FAC015,2026-01-24T11:00:00,93000,54.69,Chennai,CLEAN
CLM-100B34E2,1000000190,Dr. Debra Morton,MEM000292,FAC035,2026-05-07T09:00:00,71045,82.83,Chennai,CLEAN
CLM-F54E99CE,1000000187,Dr. Samantha Garcia,MEM000139,FAC030,2026-05-08T17:00:00,93000,62.37,Chennai,CLEAN
CLM-B877F1DE,1000000103,Dr. Christine Wright,MEM000014,FAC039,2026-02-18T09:00:00,71045,83.24,Chennai,CLEAN
CLM-320A4E0F,1000000191,Dr. Karen Graham,MEM000353,FAC015,2026-06-19T17:00:00,93000,54.51,Chennai,CLEAN
CLM-7256462B,1000000114,Dr. Garrett Lin,MEM000987,FAC010,2026-06-22T17:00:00,99214,140.24,Chennai,CLEAN
CLM-FB8149F2,1000000093,Dr. Christina Walters,MEM000859,FAC008,2026-05-12T14:00:00,99213,98.45,Chennai,CLEAN
CLM-419CDDE9,1000000097,Dr. Deborah Figueroa,MEM000174,FAC023,2026-01-29T14:00:00,99214,159.95,Chennai,CLEAN
CLM-2186B0FB,1000000196,Dr. Daniel Salinas,MEM000878,FAC007,2026-03-16T13:00:00,71045,76.7,Chennai,CLEAN
CLM-803CBAED,1000000054,Dr. Shannon Jones,MEM000002,FAC047,2026-06-11T15:00:00,99214,162.69,Chennai,CLEAN
CLM-C1F39C6D,1000000164,Dr. Michael Powell,MEM000527,FAC002,2026-04-29T16:00:00,99213,97.11,Chennai,CLEAN
CLM-D9EBDE93,1000000157,Dr. Jason Stein,MEM000471,FAC021,2026-03-18T14:00:00,99213,90.1,Chennai,CLEAN
CLM-8B58BB96,1000000184,Dr. Lindsay Martinez,MEM000190,FAC025,2026-04-01T09:00:00,99213,98.62,Chennai,CLEAN
CLM-D59CCB98,1000000050,Dr. Jessica Holmes,MEM000086,FAC033,2026-05-12T11:00:00,71045,73.98,Chennai,CLEAN
CLM-04A8855B,1000000124,Dr. Helen Jones,MEM000007,FAC009,2026-06-18T13:00:00,99214,149.12,Chennai,CLEAN
CLM-09DBE0E8,1000000095,Dr. Anna Henderson,MEM000306,FAC023,2026-04-20T11:00:00,93000,63.74,Chennai,CLEAN
CLM-BF03B91A,1000000027,Dr. Stephanie Ross,MEM000449,FAC042,2026-04-23T11:00:00,99214,145.61,Chennai,CLEAN
CLM-01C7ED8F,1000000111,Dr. Shannon Walker,MEM000005,FAC022,2026-02-20T10:00:00,99214,143.55,Chennai,CLEAN
CLM-0DA2130B,1000000034,Dr. Debra Davidson,MEM000404,FAC026,2026-03-26T09:00:00,99214,154.99,Chennai,CLEAN
CLM-A0C4660A,1000000122,Dr. April Frost,MEM000982,FAC042,2026-03-10T10:00:00,71045,79.83,Chennai,CLEAN
CLM-B8C766B8,1000000126,Dr. Michelle Evans,MEM000819,FAC043,2026-02-02T14:00:00,71045,80.03,Chennai,CLEAN
CLM-62D44EFB,1000000189,Dr. Jessica Gross,MEM000863,FAC024,2026-02-03T10:00:00,99213,105.85,Chennai,CLEAN
CLM-200D13FD,1000000032,Dr. Tricia Valencia,MEM000159,FAC022,2026-05-09T09:00:00,99214,136.56,Chennai,CLEAN
CLM-34971E80,1000000087,Dr. Christopher Bass,MEM000439,FAC038,2026-01-03T15:00:00,71045,76.63,Chennai,CLEAN
CLM-86320956,1000000124,Dr. Helen Jones,MEM000084,FAC048,2026-04-20T12:00:00,93000,55.83,Chennai,CLEAN
CLM-A40A7E1B,1000000130,Dr. Elizabeth Kelley,MEM000191,FAC015,2026-03-13T10:00:00,99215,241.75,Chennai,CLEAN
CLM-9A3EA6E9,1000000063,Dr. Donald Wright,MEM000682,FAC027,2026-02-20T16:00:00,99213,104.02,Chennai,CLEAN
CLM-3F795505,1000000128,Dr. Cameron Fisher,MEM000625,FAC011,2026-02-18T11:00:00,99214,138.61,Chennai,CLEAN
CLM-81A43546,1000000102,Dr. Rebecca Valencia,MEM000039,FAC017,2026-02-19T11:00:00,71045,72.28,Chennai,CLEAN
CLM-4CCF763A,1000000051,Dr. Danny Morgan,MEM000093,FAC003,2026-04-08T15:00:00,93000,57.68,Chennai,CLEAN
CLM-236CC7F7,1000000162,Dr. Lindsey Walker,MEM000236,FAC014,2026-03-28T15:00:00,71045,72.98,Chennai,CLEAN
CLM-FAAE7D39,1000000109,Dr. Sharon Cochran,MEM000659,FAC003,2026-03-19T10:00:00,99215,214.0,Chennai,CLEAN
CLM-13AD6CB4,1000000089,Dr. Aimee Montoya,MEM000728,FAC026,2026-03-05T14:00:00,99213,93.64,Chennai,CLEAN
CLM-008FFF5E,1000000000,Dr. Allison Hill,MEM000053,FAC042,2026-03-24T12:00:00,99215,218.77,Chennai,CLEAN
CLM-68617F7A,1000000155,Dr. Michelle Brown,MEM000103,FAC027,2026-02-17T13:00:00,71045,77.82,Chennai,CLEAN
CLM-3123773F,1000000077,Dr. Megan Young,MEM000114,FAC006,2026-06-21T09:00:00,93000,63.25,Chennai,CLEAN
CLM-BF6DA737,1000000033,Dr. Nathan Maldonado,MEM000339,FAC023,2026-04-03T17:00:00,93000,58.46,Chennai,CLEAN
CLM-0F97A8EC,1000000166,Dr. Alyssa Long,MEM000282,FAC013,2026-05-30T15:00:00,99213,107.74,Chennai,CLEAN
CLM-88A879A3,1000000033,Dr. Nathan Maldonado,MEM000644,FAC047,2026-06-04T10:00:00,99213,101.73,Chennai,CLEAN
CLM-5DB03E99,1000000167,Dr. Alyssa Day,MEM000837,FAC012,2026-02-19T16:00:00,99213,91.5,Chennai,CLEAN
CLM-20729E09,1000000139,Dr. Angel Perry,MEM000633,FAC021,2026-03-19T16:00:00,99214,151.01,Chennai,CLEAN
CLM-B9DE790B,1000000039,Dr. Brittany Farmer,MEM000044,FAC008,2026-02-19T15:00:00,93000,62.54,Chennai,CLEAN
CLM-C10293F3,1000000194,Dr. John Bishop,MEM000873,FAC035,2026-03-30T14:00:00,71045,82.08,Chennai,CLEAN
CLM-37A1A179,1000000030,Dr. Rebecca Henderson,MEM000932,FAC027,2026-01-18T16:00:00,71045,80.38,Chennai,CLEAN
CLM-057A18AF,1000000128,Dr. Cameron Fisher,MEM000809,FAC001,2026-02-12T13:00:00,99214,143.69,Chennai,CLEAN
CLM-C3B05679,1000000144,Dr. Amber Wright,MEM000062,FAC044,2026-02-18T15:00:00,71045,82.96,Chennai,CLEAN
CLM-9B8672A4,1000000131,Dr. Dustin Jordan,MEM000994,FAC004,2026-02-12T16:00:00,93000,58.61,Chennai,CLEAN
CLM-9D436491,1000000199,Dr. Nathan Freeman,MEM000399,FAC025,2026-06-05T13:00:00,99214,140.52,Chennai,CLEAN
CLM-B417C59E,1000000040,Dr. Paula Moreno,MEM000585,FAC013,2026-06-01T09:00:00,93000,59.47,Chennai,CLEAN
CLM-2E09F2BE,1000000181,Dr. Tina Sanders,MEM000737,FAC033,2026-03-08T13:00:00,99214,143.89,Chennai,CLEAN
CLM-C46135D2,1000000068,Dr. James Brown,MEM000565,FAC007,2026-02-13T12:00:00,99213,100.67,Chennai,CLEAN
CLM-75B1A13D,1000000074,Dr. Amy Silva,MEM000040,FAC040,2026-02-07T13:00:00,99214,143.11,Chennai,CLEAN
CLM-972989F0,1777777777,Dr. Synthetic-C (Upcoder),MEM000052,FAC041,2026-03-05T12:00:00,93000,55.39,Mumbai,CLEAN
CLM-6E160000,1000000166,Dr. Alyssa Long,MEM000355,FAC040,2026-06-04T14:00:00,99215,201.66,Chennai,CLEAN
CLM-C84632DC,1000000180,Dr. Alexander Collins,MEM000905,FAC035,2026-03-09T11:00:00,71045,86.37,Chennai,CLEAN
CLM-5A164220,1000000075,Dr. Sarah Moore,MEM000332,FAC003,2026-06-10T09:00:00,99215,207.65,Chennai,CLEAN
CLM-90DC2429,1000000071,Dr. Whitney Peters,MEM000180,FAC016,2026-01-05T17:00:00,93000,55.28,Chennai,CLEAN
CLM-771703EA,1000000190,Dr. Debra Morton,MEM000704,FAC024,2026-06-17T13:00:00,93000,60.61,Chennai,CLEAN
CLM-44FC5141,1000000113,Dr. Crystal Johnson,MEM000225,FAC020,2026-03-10T12:00:00,93000,61.56,Chennai,CLEAN
CLM-6B50FD14,1000000192,Dr. Debra Christian,MEM000404,FAC009,2026-04-25T12:00:00,71045,77.9,Chennai,CLEAN
CLM-0741B220,1000000122,Dr. April Frost,MEM000095,FAC031,2026-02-16T16:00:00,99214,159.47,Chennai,CLEAN
CLM-D36EC44F,1000000045,Dr. Philip Cannon,MEM000193,FAC036,2026-05-06T11:00:00,99215,198.93,Chennai,CLEAN
CLM-265E987F,1000000041,Dr. Fred Smith,MEM000906,FAC011,2026-04-11T12:00:00,99213,92.87,Chennai,CLEAN
CLM-F25A6660,1000000109,Dr. Sharon Cochran,MEM000251,FAC029,2026-06-15T15:00:00,99213,104.49,Chennai,CLEAN
CLM-AFDED153,1000000035,Dr. Jeffrey Chavez,MEM000744,FAC048,2026-01-04T10:00:00,71045,78.14,Chennai,CLEAN
CLM-1BC6803A,1000000028,Dr. Zachary Hicks,MEM000846,FAC000,2026-06-14T09:00:00,99214,142.45,Chennai,CLEAN
CLM-C67629AF,1000000021,Dr. Patty Perez,MEM000274,FAC009,2026-06-10T09:00:00,99213,109.15,Chennai,CLEAN
CLM-96458E16,1000000027,Dr. Stephanie Ross,MEM000555,FAC047,2026-03-28T10:00:00,99214,139.18,Chennai,CLEAN
CLM-408BDE19,1000000194,Dr. John Bishop,MEM000576,FAC028,2026-02-11T13:00:00,99215,219.07,Chennai,CLEAN
CLM-1DEEA154,1000000062,Dr. Connor West,MEM000057,FAC034,2026-06-27T13:00:00,93000,55.48,Chennai,CLEAN
CLM-269B9D90,1000000011,Dr. Jamie Arnold,MEM000105,FAC034,2026-03-17T10:00:00,93000,64.64,Chennai,CLEAN
CLM-397C1983,1000000106,Dr. Sharon Cherry,MEM000145,FAC000,2026-02-27T09:00:00,99214,147.81,Chennai,CLEAN
CLM-68432F2E,1000000037,Dr. Cassandra Gaines,MEM000361,FAC041,2026-03-15T12:00:00,71045,82.99,Chennai,CLEAN
CLM-DA5370FD,1000000183,Dr. Ashley Barton,MEM000842,FAC007,2026-05-06T11:00:00,99213,94.49,Chennai,CLEAN
CLM-F93686C1,1000000072,Dr. Brittney Phillips,MEM000365,FAC004,2026-06-07T14:00:00,99213,97.21,Chennai,CLEAN
CLM-D53030BD,1000000021,Dr. Patty Perez,MEM000917,FAC002,2026-06-04T11:00:00,99214,147.86,Chennai,CLEAN
CLM-18AB0C13,1000000085,Dr. Daniel Baker,MEM000614,FAC011,2026-06-23T15:00:00,99214,161.79,Chennai,CLEAN
CLM-17D79AFB,1000000175,Dr. Alex Hernandez,MEM000308,FAC039,2026-03-15T14:00:00,99213,95.42,Chennai,CLEAN
CLM-A65F9BD2,1000000127,Dr. Jason Powell,MEM000677,FAC023,2026-03-09T10:00:00,99213,107.23,Chennai,CLEAN
CLM-87E20D0C,1000000038,Dr. Elizabeth Fowler,MEM000796,FAC041,2026-02-07T14:00:00,99214,146.72,Chennai,CLEAN
CLM-8D20CBFD,1000000184,Dr. Lindsay Martinez,MEM000815,FAC030,2026-01-18T10:00:00,93000,59.13,Chennai,CLEAN
CLM-A7C695C9,1000000186,Dr. Jonathan Peterson,MEM000285,FAC009,2026-01-24T14:00:00,99214,140.46,Chennai,CLEAN
CLM-F64B8E0E,1000000098,Dr. Jessica Smith,MEM000361,FAC020,2026-05-07T15:00:00,71045,83.09,Chennai,CLEAN
CLM-81E5A1C1,1000000105,Dr. Marc Moore,MEM000616,FAC040,2026-03-27T11:00:00,99214,146.5,Chennai,CLEAN
CLM-9331E220,1000000140,Dr. Cheyenne Horton,MEM000509,FAC034,2026-05-17T16:00:00,93000,60.43,Chennai,CLEAN
CLM-883D70B2,1000000058,Dr. Brent Jordan,MEM000393,FAC005,2026-05-29T15:00:00,93000,60.93,Chennai,CLEAN
CLM-51CE2A29,1000000177,Dr. Michael Wang,MEM000830,FAC047,2026-02-26T10:00:00,99214,145.85,Chennai,CLEAN
CLM-4FAFD766,1000000052,Dr. Crystal Robinson,MEM000871,FAC001,2026-04-03T17:00:00,71045,87.32,Chennai,CLEAN
CLM-44655E30,1000000028,Dr. Zachary Hicks,MEM000061,FAC022,2026-04-03T11:00:00,99215,218.26,Chennai,CLEAN
CLM-0F995E90,1000000141,Dr. David Douglas Jr.,MEM000995,FAC026,2026-03-04T12:00:00,99214,136.68,Chennai,CLEAN
CLM-5F495EEC,1000000035,Dr. Jeffrey Chavez,MEM000120,FAC044,2026-06-30T11:00:00,71045,83.73,Chennai,CLEAN
CLM-6F8A0DBA,1000000178,Dr. Lawrence Adkins,MEM000988,FAC027,2026-04-06T09:00:00,99213,103.25,Chennai,CLEAN
CLM-DBFD9D93,1000000018,Dr. Lisa Jackson,MEM000488,FAC038,2026-02-10T09:00:00,99214,145.96,Chennai,CLEAN
CLM-6D553B82,1000000020,Dr. Margaret Hawkins DDS,MEM000250,FAC004,2026-01-04T15:00:00,99214,157.96,Chennai,CLEAN
CLM-004905DA,1000000120,Dr. Larry Dixon,MEM000761,FAC008,2026-05-16T13:00:00,71045,78.58,Chennai,CLEAN
CLM-EEBA8B86,1000000086,Dr. Shirley Suarez,MEM000454,FAC041,2026-06-27T09:00:00,99215,202.9,Chennai,CLEAN
CLM-E53F12F4,1000000015,Dr. Brian Ramirez,MEM000902,FAC041,2026-01-09T11:00:00,93000,55.92,Chennai,CLEAN
CLM-81C7F203,1000000101,Dr. Cameron Parker,MEM000852,FAC027,2026-06-24T16:00:00,93000,62.54,Chennai,CLEAN
CLM-9847E1C0,1000000066,Dr. Tracy House,MEM000941,FAC036,2026-05-09T13:00:00,99214,147.71,Chennai,CLEAN
CLM-2C061290,1000000040,Dr. Paula Moreno,MEM000278,FAC005,2026-05-14T15:00:00,99214,157.29,Chennai,CLEAN
CLM-B21855DA,1000000102,Dr. Rebecca Valencia,MEM000633,FAC003,2026-02-26T15:00:00,99214,159.68,Chennai,CLEAN
CLM-3447F1D1,1000000143,Dr. Christopher Rubio,MEM000619,FAC004,2026-06-27T16:00:00,71045,77.01,Chennai,CLEAN
CLM-0474A6DF,1000000164,Dr. Michael Powell,MEM000414,FAC024,2026-02-12T09:00:00,99215,226.45,Chennai,CLEAN
CLM-9A9C9B08,1000000049,Dr. Eric Carney,MEM000276,FAC006,2026-01-27T10:00:00,99215,224.54,Chennai,CLEAN
CLM-9CAC1940,1000000085,Dr. Daniel Baker,MEM000028,FAC015,2026-03-14T11:00:00,93000,55.28,Chennai,CLEAN
CLM-808A28A3,1000000054,Dr. Shannon Jones,MEM000611,FAC000,2026-03-21T12:00:00,93000,56.42,Chennai,CLEAN
CLM-E2C00678,1000000008,Dr. Gabrielle Davis,MEM000246,FAC017,2026-01-22T09:00:00,93000,65.84,Chennai,CLEAN
CLM-D37A93A9,1000000123,Dr. Michelle Harmon,MEM000046,FAC003,2026-03-22T10:00:00,99215,198.37,Chennai,CLEAN
CLM-E407C9CB,1000000091,Dr. Brian Rodriguez,MEM000769,FAC018,2026-04-12T17:00:00,99214,144.43,Chennai,CLEAN
CLM-DD76C040,1000000100,Dr. Sandra Aguilar,MEM000743,FAC022,2026-02-03T10:00:00,99215,215.92,Chennai,CLEAN
CLM-AAE081F8,1000000189,Dr. Jessica Gross,MEM000515,FAC006,2026-05-09T11:00:00,99213,101.74,Chennai,CLEAN
CLM-18CB4382,1000000097,Dr. Deborah Figueroa,MEM000488,FAC037,2026-01-10T13:00:00,99214,139.55,Chennai,CLEAN
CLM-942450CF,1000000118,Dr. Victor Baker,MEM000080,FAC040,2026-01-24T12:00:00,99214,159.22,Chennai,CLEAN
CLM-D0DA419D,1000000167,Dr. Alyssa Day,MEM000144,FAC049,2026-02-11T17:00:00,93000,65.91,Chennai,CLEAN
CLM-0F187308,1000000155,Dr. Michelle Brown,MEM000667,FAC033,2026-03-29T16:00:00,99214,145.17,Chennai,CLEAN
CLM-D42A571E,1000000092,Dr. Denise Jacobs,MEM000638,FAC027,2026-01-11T15:00:00,99214,141.26,Chennai,CLEAN
CLM-C46461A6,1000000156,Dr. Joshua Perry,MEM000621,FAC004,2026-02-09T16:00:00,99213,106.09,Chennai,CLEAN
CLM-B4F381A1,1000000036,Dr. Sherri Baker,MEM000784,FAC019,2026-05-21T10:00:00,71045,73.51,Chennai,CLEAN
CLM-ED3B2F98,1000000080,Dr. Kelly Donovan,MEM000173,FAC018,2026-02-11T10:00:00,99215,223.37,Chennai,CLEAN
CLM-D2423784,1000000090,Dr. Matthew Mcmillan,MEM000091,FAC004,2026-02-15T16:00:00,99215,241.39,Chennai,CLEAN
CLM-08B67C32,1000000065,Dr. Amber Kidd,MEM000781,FAC028,2026-06-16T11:00:00,99213,109.43,Chennai,CLEAN
CLM-30571AA8,1000000124,Dr. Helen Jones,MEM000040,FAC023,2026-03-15T15:00:00,71045,85.71,Chennai,CLEAN
CLM-4A0B9D08,1000000174,Dr. Nicole Herring,MEM000132,FAC028,2026-04-04T17:00:00,93000,65.42,Chennai,CLEAN
CLM-D856C99D,1000000095,Dr. Anna Henderson,MEM000085,FAC043,2026-04-16T17:00:00,71045,76.21,Chennai,CLEAN
CLM-8F43FB45,1000000174,Dr. Nicole Herring,MEM000043,FAC039,2026-06-14T09:00:00,99214,155.99,Chennai,CLEAN
CLM-BEB864D1,1000000143,Dr. Christopher Rubio,MEM000008,FAC009,2026-01-27T13:00:00,71045,74.53,Chennai,CLEAN
CLM-BA010877,1000000102,Dr. Rebecca Valencia,MEM000874,FAC004,2026-02-27T15:00:00,71045,82.71,Chennai,CLEAN
CLM-C48A2B6C,1000000089,Dr. Aimee Montoya,MEM000477,FAC029,2026-06-14T17:00:00,71045,73.75,Chennai,CLEAN
CLM-07792CE7,1000000046,Dr. John Pierce,MEM000749,FAC006,2026-04-12T15:00:00,99214,147.05,Chennai,CLEAN
CLM-E2AA4525,1000000016,Dr. Holly Wood,MEM000324,FAC021,2026-06-04T16:00:00,99214,156.07,Chennai,CLEAN
CLM-3EEBD6AE,1000000121,Dr. Kenneth Scott,MEM000117,FAC017,2026-04-27T09:00:00,93000,55.87,Chennai,CLEAN
CLM-A452E4C9,1000000120,Dr. Larry Dixon,MEM000149,FAC040,2026-02-24T14:00:00,93000,54.38,Chennai,CLEAN
CLM-A5EC3B16,1000000153,Dr. Devon Flores,MEM000792,FAC024,2026-01-16T14:00:00,71045,87.66,Chennai,CLEAN
CLM-449AD765,1000000054,Dr. Shannon Jones,MEM000055,FAC013,2026-01-06T15:00:00,99215,209.09,Chennai,CLEAN
CLM-91F46AC6,1000000045,Dr. Philip Cannon,MEM000085,FAC009,2026-01-18T13:00:00,71045,73.31,Chennai,CLEAN
CLM-070ED574,1000000182,Dr. Angela Vaughn,MEM000462,FAC026,2026-05-15T12:00:00,99215,206.1,Chennai,CLEAN
CLM-FFED24C5,1000000013,Dr. Michele Williams,MEM000094,FAC027,2026-03-29T13:00:00,99214,140.96,Chennai,CLEAN
CLM-B0257198,1000000107,Dr. Sierra Johnson,MEM000493,FAC030,2026-05-18T11:00:00,71045,77.68,Chennai,CLEAN
CLM-B4DADD6B,1000000177,Dr. Michael Wang,MEM000584,FAC024,2026-01-03T17:00:00,93000,56.38,Chennai,CLEAN
CLM-6086B34E,1000000185,Dr. Dr. Hannah Patterson,MEM000683,FAC037,2026-06-07T11:00:00,99215,227.22,Chennai,CLEAN
CLM-23064170,1000000187,Dr. Samantha Garcia,MEM000760,FAC047,2026-03-23T09:00:00,99214,161.9,Chennai,CLEAN
CLM-B995CAE3,1000000037,Dr. Cassandra Gaines,MEM000511,FAC020,2026-01-30T15:00:00,99215,220.91,Chennai,CLEAN
CLM-0933C35E,1000000000,Dr. Allison Hill,MEM000461,FAC008,2026-06-12T16:00:00,93000,55.17,Chennai,CLEAN
CLM-ED7E3FED,1000000055,Dr. Michael Lewis,MEM000763,FAC012,2026-04-18T17:00:00,99214,153.03,Chennai,CLEAN
CLM-A1E86E17,1000000055,Dr. Michael Lewis,MEM000356,FAC013,2026-02-18T09:00:00,99215,233.81,Chennai,CLEAN
CLM-1B03417D,1000000004,Dr. Cristian Santos,MEM000309,FAC019,2026-05-09T10:00:00,71045,82.38,Chennai,CLEAN
CLM-64EC0123,1000000116,Dr. William Herrera,MEM000423,FAC026,2026-04-01T14:00:00,93000,59.11,Chennai,CLEAN
CLM-8E9B5C0C,1000000195,Dr. Allen Rosales,MEM000343,FAC007,2026-02-15T16:00:00,71045,77.97,Chennai,CLEAN
CLM-189377C9,1000000141,Dr. David Douglas Jr.,MEM000609,FAC010,2026-05-19T15:00:00,71045,76.56,Chennai,CLEAN
CLM-784823AE,1000000168,Dr. Joel Williams,MEM000705,FAC043,2026-04-22T13:00:00,93000,65.25,Chennai,CLEAN
CLM-C2667624,1000000025,Dr. Judy Baker,MEM000089,FAC006,2026-01-23T09:00:00,93000,65.19,Chennai,CLEAN
CLM-CE2DA94C,1000000026,Dr. Justin Baker,MEM000508,FAC047,2026-06-09T17:00:00,99213,102.67,Chennai,CLEAN
CLM-2AFC4F87,1000000128,Dr. Cameron Fisher,MEM000595,FAC002,2026-06-20T13:00:00,71045,75.39,Chennai,CLEAN
CLM-A82F0CEB,1000000198,Dr. Adam Vaughan,MEM000465,FAC035,2026-04-08T10:00:00,99214,160.69,Chennai,CLEAN
CLM-930CF802,1000000031,Dr. James Ferrell,MEM000359,FAC029,2026-04-16T15:00:00,99213,108.79,Chennai,CLEAN
CLM-D6EFCD36,1999999999,Dr. Synthetic-A (Phantom),MEM000229,FAC032,2026-03-14T13:00:00,99215,211.53,Chennai,CLEAN
CLM-2A17D6AF,1000000106,Dr. Sharon Cherry,MEM000689,FAC015,2026-01-02T15:00:00,99213,90.31,Chennai,CLEAN
CLM-823171FF,1000000039,Dr. Brittany Farmer,MEM000809,FAC023,2026-05-13T14:00:00,99215,205.5,Chennai,CLEAN
CLM-972FF954,1000000146,Dr. Victoria Larson,MEM000440,FAC015,2026-05-23T15:00:00,99214,153.49,Chennai,CLEAN
CLM-7B3BF7DC,1000000100,Dr. Sandra Aguilar,MEM000848,FAC003,2026-05-28T15:00:00,99214,163.18,Chennai,CLEAN
CLM-B117C6FF,1000000099,Dr. Stephen Mckee,MEM000745,FAC011,2026-04-14T14:00:00,93000,55.9,Chennai,CLEAN
CLM-D868B520,1000000059,Dr. John Daniel,MEM000101,FAC045,2026-02-02T17:00:00,99213,102.63,Chennai,CLEAN
CLM-DA81F144,1999999999,Dr. Synthetic-A (Phantom),MEM000401,FAC048,2026-06-10T13:00:00,93000,55.91,Chennai,CLEAN
CLM-6ABE4A26,1000000082,Dr. Michael Evans,MEM000208,FAC005,2026-01-24T09:00:00,71045,72.18,Chennai,CLEAN
CLM-CCE1216D,1000000197,Dr. Spencer Haynes,MEM000607,FAC009,2026-01-08T17:00:00,99213,101.44,Chennai,CLEAN
CLM-79157FF0,1000000006,Dr. Abigail Shaffer,MEM000760,FAC046,2026-02-03T16:00:00,99215,206.21,Chennai,CLEAN
CLM-E94F1561,1000000167,Dr. Alyssa Day,MEM000919,FAC014,2026-03-18T12:00:00,93000,64.09,Chennai,CLEAN
CLM-6C814B63,1000000185,Dr. Dr. Hannah Patterson,MEM000798,FAC024,2026-03-08T09:00:00,99215,201.65,Chennai,CLEAN
CLM-DF253FD5,1000000036,Dr. Sherri Baker,MEM000642,FAC001,2026-06-13T10:00:00,99213,99.18,Chennai,CLEAN
CLM-6150053E,1000000152,Dr. Denise Jones,MEM000125,FAC006,2026-02-06T13:00:00,99215,237.36,Chennai,CLEAN
CLM-66FBF55D,1000000023,Dr. Tommy Walter,MEM000079,FAC031,2026-04-03T12:00:00,71045,73.61,Chennai,CLEAN
CLM-53B856BC,1000000005,Dr. Connie Lawrence,MEM000423,FAC004,2026-05-05T10:00:00,99214,155.62,Chennai,CLEAN
CLM-3751EE0C,1000000096,Dr. Aaron Wise,MEM000911,FAC020,2026-06-12T16:00:00,99214,140.39,Chennai,CLEAN
CLM-6229E3E4,1000000002,Dr. Angie Henderson,MEM000925,FAC011,2026-06-18T09:00:00,99213,109.52,Chennai,CLEAN
CLM-D5876AA8,1000000088,Dr. Lisa Archer,MEM000495,FAC039,2026-06-03T17:00:00,99213,93.17,Chennai,CLEAN
CLM-A232CEC8,1000000189,Dr. Jessica Gross,MEM000260,FAC007,2026-02-19T09:00:00,93000,54.28,Chennai,CLEAN
CLM-1C839443,1000000131,Dr. Dustin Jordan,MEM000779,FAC009,2026-02-25T14:00:00,99213,107.97,Chennai,CLEAN
CLM-407FA037,1000000007,Dr. Gina Moore,MEM000335,FAC008,2026-02-26T10:00:00,99214,143.03,Chennai,CLEAN
CLM-9C424B72,1000000123,Dr. Michelle Harmon,MEM000204,FAC005,2026-03-31T17:00:00,99215,218.55,Chennai,CLEAN
CLM-FE2068F1,1000000126,Dr. Michelle Evans,MEM000446,FAC032,2026-04-13T12:00:00,99215,205.61,Chennai,CLEAN
CLM-1F9B8E02,1000000175,Dr. Alex Hernandez,MEM000866,FAC045,2026-03-13T15:00:00,99213,101.67,Chennai,CLEAN
CLM-29FE47CE,1000000196,Dr. Daniel Salinas,MEM000601,FAC019,2026-02-12T12:00:00,71045,78.94,Chennai,CLEAN
CLM-3CCCE866,1000000114,Dr. Garrett Lin,MEM000433,FAC038,2026-03-11T14:00:00,93000,55.29,Chennai,CLEAN
CLM-8F66B264,1000000098,Dr. Jessica Smith,MEM000439,FAC012,2026-05-26T14:00:00,99215,237.51,Chennai,CLEAN
CLM-31D522D6,1000000016,Dr. Holly Wood,MEM000460,FAC010,2026-01-09T17:00:00,99215,223.82,Chennai,CLEAN
CLM-C9D577B3,1000000075,Dr. Sarah Moore,MEM000618,FAC041,2026-05-16T14:00:00,71045,72.48,Chennai,CLEAN
CLM-A9B36FBF,1000000046,Dr. John Pierce,MEM000828,FAC020,2026-04-20T11:00:00,99215,208.79,Chennai,CLEAN
CLM-5BE6154B,1000000055,Dr. Michael Lewis,MEM000672,FAC023,2026-04-06T11:00:00,99215,203.38,Chennai,CLEAN
CLM-133EBEDD,1000000081,Dr. Mike Allen,MEM000704,FAC000,2026-03-26T12:00:00,71045,81.08,Chennai,CLEAN
CLM-AEEA7249,1000000082,Dr. Michael Evans,MEM000920,FAC014,2026-05-24T10:00:00,71045,76.54,Chennai,CLEAN
CLM-2DE8C105,1000000054,Dr. Shannon Jones,MEM000539,FAC013,2026-01-27T17:00:00,99215,229.52,Chennai,CLEAN
CLM-0DB89A48,1000000171,Dr. Darlene Miller,MEM000076,FAC036,2026-06-15T15:00:00,71045,77.08,Chennai,CLEAN
CLM-B2DC04B0,1000000081,Dr. Mike Allen,MEM000202,FAC012,2026-01-13T16:00:00,71045,72.75,Chennai,CLEAN
CLM-0356C6D7,1000000070,Dr. Jordan Henderson,MEM000431,FAC007,2026-02-01T16:00:00,99214,153.04,Chennai,CLEAN
CLM-4ED12D9D,1000000151,Dr. Pamela Boyd,MEM000392,FAC015,2026-05-28T09:00:00,99215,198.78,Chennai,CLEAN
CLM-9C269349,1999999999,Dr. Synthetic-A (Phantom),MEM000876,FAC036,2026-01-02T16:00:00,99215,203.77,Chennai,CLEAN
CLM-3D780B62,1000000103,Dr. Christine Wright,MEM000037,FAC034,2026-05-16T09:00:00,99215,226.37,Chennai,CLEAN
CLM-D15E7296,1000000017,Dr. Derek Zuniga,MEM000481,FAC006,2026-04-17T13:00:00,99215,211.96,Chennai,CLEAN
CLM-03660C74,1000000088,Dr. Lisa Archer,MEM000409,FAC005,2026-05-23T14:00:00,71045,81.8,Chennai,CLEAN
CLM-45FB8F2F,1000000100,Dr. Sandra Aguilar,MEM000305,FAC044,2026-04-27T16:00:00,99213,106.86,Chennai,CLEAN
CLM-B51820A1,1000000158,Dr. Melissa Gates,MEM000105,FAC001,2026-02-27T09:00:00,99213,92.77,Chennai,CLEAN
CLM-34FF0678,1000000082,Dr. Michael Evans,MEM000882,FAC044,2026-04-22T12:00:00,99214,137.64,Chennai,CLEAN
CLM-631457F1,1000000185,Dr. Dr. Hannah Patterson,MEM000923,FAC023,2026-05-18T09:00:00,99213,95.19,Chennai,CLEAN
CLM-F182D715,1999999999,Dr. Synthetic-A (Phantom),MEM000044,FAC007,2026-01-13T13:00:00,99213,95.27,Chennai,CLEAN
CLM-370464C0,1000000176,Dr. Michael Elliott,MEM000627,FAC024,2026-03-11T11:00:00,99214,152.5,Chennai,CLEAN
CLM-CE3EE810,1000000030,Dr. Rebecca Henderson,MEM000129,FAC020,2026-02-07T15:00:00,71045,82.69,Chennai,CLEAN
CLM-F144EC9B,1000000133,Dr. Daniel Kennedy,MEM000540,FAC015,2026-05-28T16:00:00,71045,87.62,Chennai,CLEAN
CLM-C5B6DCF0,1000000082,Dr. Michael Evans,MEM000791,FAC046,2026-05-04T12:00:00,99213,95.28,Chennai,CLEAN
CLM-8F1FDADC,1000000075,Dr. Sarah Moore,MEM000728,FAC005,2026-04-01T17:00:00,99214,154.78,Chennai,CLEAN
CLM-3978F9C6,1000000188,Dr. Madison Poole,MEM000876,FAC013,2026-06-27T10:00:00,99213,109.44,Chennai,CLEAN
CLM-F2D663F6,1000000015,Dr. Brian Ramirez,MEM000217,FAC000,2026-06-21T12:00:00,71045,85.1,Chennai,CLEAN
CLM-093F4B00,1000000048,Dr. Joshua Blair,MEM000499,FAC006,2026-03-29T12:00:00,93000,63.14,Chennai,CLEAN
CLM-8C3188B5,1000000131,Dr. Dustin Jordan,MEM000879,FAC020,2026-03-21T16:00:00,99214,160.43,Chennai,CLEAN
CLM-32904804,1000000027,Dr. Stephanie Ross,MEM000936,FAC008,2026-02-26T14:00:00,71045,87.6,Chennai,CLEAN
CLM-7DF820DB,1000000158,Dr. Melissa Gates,MEM000525,FAC012,2026-04-13T12:00:00,99213,95.56,Chennai,CLEAN
CLM-9BADB946,1000000042,Dr. Sherry Decker,MEM000702,FAC019,2026-05-28T10:00:00,99214,148.83,Chennai,CLEAN
CLM-03528639,1000000027,Dr. Stephanie Ross,MEM000762,FAC007,2026-03-03T09:00:00,71045,74.99,Chennai,CLEAN
CLM-83C30ACA,1000000007,Dr. Gina Moore,MEM000487,FAC042,2026-05-16T16:00:00,99215,209.69,Chennai,CLEAN
CLM-50A8C4D7,1000000140,Dr. Cheyenne Horton,MEM000086,FAC022,2026-04-21T12:00:00,99214,146.91,Chennai,CLEAN
CLM-C74159E5,1000000110,Dr. Richard Rodriguez,MEM000520,FAC021,2026-01-14T16:00:00,99215,214.27,Chennai,CLEAN
CLM-7B7DA2CC,1000000012,Dr. Lisa Hensley,MEM000664,FAC024,2026-04-19T12:00:00,99215,206.34,Chennai,CLEAN
CLM-A3F100AD,1000000045,Dr. Philip Cannon,MEM000608,FAC017,2026-05-16T16:00:00,93000,59.2,Chennai,CLEAN
CLM-94B28024,1000000174,Dr. Nicole Herring,MEM000051,FAC041,2026-03-05T10:00:00,99214,138.46,Chennai,CLEAN
CLM-85616592,1000000009,Dr. Ryan Munoz,MEM000589,FAC017,2026-03-03T10:00:00,93000,55.21,Chennai,CLEAN
CLM-FC98D34E,1000000057,Dr. Richard Aguirre,MEM000903,FAC039,2026-06-29T15:00:00,71045,78.29,Chennai,CLEAN
CLM-6ED9FED6,1000000056,Dr. Timothy Duncan,MEM000751,FAC044,2026-03-10T16:00:00,99214,140.13,Chennai,CLEAN
CLM-BCC9400F,1000000052,Dr. Crystal Robinson,MEM000355,FAC040,2026-03-15T13:00:00,99213,91.88,Chennai,CLEAN
CLM-95CEA0BB,1000000128,Dr. Cameron Fisher,MEM000929,FAC044,2026-06-09T16:00:00,99215,235.51,Chennai,CLEAN
CLM-534249A8,1000000176,Dr. Michael Elliott,MEM000244,FAC010,2026-03-22T10:00:00,99214,140.62,Chennai,CLEAN
CLM-B1EEF4C5,1000000116,Dr. William Herrera,MEM000145,FAC000,2026-06-20T16:00:00,71045,77.34,Chennai,CLEAN
CLM-37781AE5,1000000045,Dr. Philip Cannon,MEM000997,FAC016,2026-01-20T11:00:00,99213,101.88,Chennai,CLEAN
CLM-3560BC29,1000000121,Dr. Kenneth Scott,MEM000597,FAC000,2026-05-06T12:00:00,71045,73.75,Chennai,CLEAN
CLM-197DF5A8,1000000004,Dr. Cristian Santos,MEM000580,FAC043,2026-03-16T12:00:00,93000,60.04,Chennai,CLEAN
CLM-7D868C6D,1000000193,Dr. Angelica Keith,MEM000150,FAC049,2026-01-25T10:00:00,99215,233.37,Chennai,CLEAN
CLM-0740F9C0,1000000085,Dr. Daniel Baker,MEM000463,FAC031,2026-03-31T17:00:00,99215,227.19,Chennai,CLEAN
CLM-F3492CFB,1000000064,Dr. Jessica Callahan,MEM000373,FAC029,2026-01-04T14:00:00,99215,229.25,Chennai,CLEAN
CLM-418382D0,1000000132,Dr. Mary Marshall,MEM000793,FAC042,2026-06-02T16:00:00,99213,95.4,Chennai,CLEAN
CLM-6FEA4CF2,1000000132,Dr. Mary Marshall,MEM000745,FAC040,2026-01-06T11:00:00,71045,85.7,Chennai,CLEAN
CLM-E54E7630,1000000168,Dr. Joel Williams,MEM000145,FAC022,2026-05-08T09:00:00,99214,152.33,Chennai,CLEAN
CLM-59C8F489,1000000178,Dr. Lawrence Adkins,MEM000996,FAC027,2026-04-03T12:00:00,99213,93.88,Chennai,CLEAN
CLM-C9CBF919,1000000096,Dr. Aaron Wise,MEM000654,FAC006,2026-03-12T17:00:00,71045,87.8,Chennai,CLEAN
CLM-7F818F3F,1000000134,Dr. Rebecca Jackson,MEM000179,FAC016,2026-06-23T14:00:00,99215,215.21,Chennai,CLEAN
CLM-CE59FEE5,1000000106,Dr. Sharon Cherry,MEM000967,FAC017,2026-03-21T12:00:00,99213,101.59,Chennai,CLEAN
CLM-3911443F,1000000179,Dr. Robert Oconnell,MEM000351,FAC039,2026-02-01T15:00:00,71045,81.07,Chennai,CLEAN
CLM-C42ED62C,1777777777,Dr. Synthetic-C (Upcoder),MEM000811,FAC022,2026-03-15T10:00:00,99213,99.98,Mumbai,CLEAN
CLM-DD6AD60B,1000000175,Dr. Alex Hernandez,MEM000150,FAC029,2026-06-24T11:00:00,93000,65.6,Chennai,CLEAN
CLM-2029D3CE,1000000159,Dr. Jamie Smith,MEM000571,FAC042,2026-02-11T13:00:00,71045,76.61,Chennai,CLEAN
CLM-CDEDD2B3,1000000075,Dr. Sarah Moore,MEM000015,FAC029,2026-01-11T12:00:00,99215,234.32,Chennai,CLEAN
CLM-E1FAA3A5,1000000031,Dr. James Ferrell,MEM000054,FAC031,2026-03-20T09:00:00,71045,77.64,Chennai,CLEAN
CLM-4CF2ECA1,1000000000,Dr. Allison Hill,MEM000051,FAC016,2026-02-05T14:00:00,99215,232.55,Chennai,CLEAN
CLM-48ABDDB7,1000000128,Dr. Cameron Fisher,MEM000681,FAC049,2026-05-24T11:00:00,99213,104.26,Chennai,CLEAN
CLM-AB00DD5D,1000000036,Dr. Sherri Baker,MEM000750,FAC012,2026-04-21T10:00:00,99215,207.63,Chennai,CLEAN
CLM-BA63B2AC,1000000121,Dr. Kenneth Scott,MEM000955,FAC022,2026-03-05T15:00:00,71045,78.39,Chennai,CLEAN
CLM-6F7261B3,1000000025,Dr. Judy Baker,MEM000914,FAC016,2026-03-19T13:00:00,99214,151.92,Chennai,CLEAN
CLM-EA3661FA,1000000173,Dr. Matthew Harrington,MEM000896,FAC020,2026-05-29T11:00:00,99214,142.5,Chennai,CLEAN
CLM-A6912F3B,1000000106,Dr. Sharon Cherry,MEM000567,FAC012,2026-03-19T13:00:00,99213,95.95,Chennai,CLEAN
CLM-C4D35704,1000000160,Dr. Paul Castaneda,MEM000472,FAC034,2026-02-16T15:00:00,71045,73.54,Chennai,CLEAN
CLM-71B3579B,1000000134,Dr. Rebecca Jackson,MEM000452,FAC044,2026-03-22T17:00:00,99215,218.61,Chennai,CLEAN
CLM-D7C36466,1000000109,Dr. Sharon Cochran,MEM000477,FAC026,2026-04-16T16:00:00,99213,108.25,Chennai,CLEAN
CLM-1F05532E,1000000006,Dr. Abigail Shaffer,MEM000980,FAC049,2026-04-18T10:00:00,99214,153.46,Chennai,CLEAN
CLM-711C413A,1000000077,Dr. Megan Young,MEM000805,FAC015,2026-05-29T17:00:00,99215,203.6,Chennai,CLEAN
CLM-93149E43,1000000139,Dr. Angel Perry,MEM000921,FAC036,2026-03-17T09:00:00,71045,74.01,Chennai,CLEAN
CLM-51348E41,1000000171,Dr. Darlene Miller,MEM000006,FAC029,2026-05-13T16:00:00,99213,91.69,Chennai,CLEAN
CLM-562A38EC,1000000069,Dr. William Baker,MEM000849,FAC041,2026-01-28T14:00:00,93000,55.17,Chennai,CLEAN
CLM-E87EF0A0,1000000074,Dr. Amy Silva,MEM000579,FAC030,2026-06-26T14:00:00,99213,92.43,Chennai,CLEAN
CLM-5020FA24,1000000149,Dr. Stephanie Manning,MEM000690,FAC032,2026-01-14T12:00:00,93000,55.73,Chennai,CLEAN
CLM-58FD3024,1000000189,Dr. Jessica Gross,MEM000990,FAC031,2026-02-04T12:00:00,99214,144.03,Chennai,CLEAN
CLM-2F401BF0,1000000079,Dr. Lisa Barnes,MEM000736,FAC000,2026-05-05T12:00:00,99213,91.34,Chennai,CLEAN
CLM-F5A5EB6C,1000000039,Dr. Brittany Farmer,MEM000618,FAC007,2026-05-14T10:00:00,99214,141.13,Chennai,CLEAN
CLM-66AAF65A,1000000121,Dr. Kenneth Scott,MEM000025,FAC032,2026-04-24T15:00:00,99213,108.52,Chennai,CLEAN
CLM-AE555439,1000000076,Dr. Angela Lopez,MEM000414,FAC030,2026-02-17T12:00:00,93000,57.12,Chennai,CLEAN
CLM-C5A0820D,1000000156,Dr. Joshua Perry,MEM000697,FAC028,2026-06-18T10:00:00,71045,74.34,Chennai,CLEAN
CLM-B573A680,1000000005,Dr. Connie Lawrence,MEM000189,FAC009,2026-06-18T12:00:00,99214,150.35,Chennai,CLEAN
CLM-5277EDB7,1000000179,Dr. Robert Oconnell,MEM000559,FAC012,2026-05-02T16:00:00,99215,210.74,Chennai,CLEAN
CLM-A8389BC3,1000000025,Dr. Judy Baker,MEM000982,FAC037,2026-05-07T14:00:00,99215,215.21,Chennai,CLEAN
CLM-96A6851A,1000000178,Dr. Lawrence Adkins,MEM000819,FAC006,2026-04-29T15:00:00,71045,74.37,Chennai,CLEAN
CLM-CDEF5A3A,1000000072,Dr. Brittney Phillips,MEM000468,FAC007,2026-05-25T15:00:00,99213,101.61,Chennai,CLEAN
CLM-D1B0F712,1000000008,Dr. Gabrielle Davis,MEM000660,FAC041,2026-06-18T16:00:00,99213,108.16,Chennai,CLEAN
CLM-8BEF9362,1000000090,Dr. Matthew Mcmillan,MEM000985,FAC008,2026-04-30T16:00:00,99215,198.4,Chennai,CLEAN
CLM-EB6B30BD,1000000040,Dr. Paula Moreno,MEM000366,FAC032,2026-05-09T12:00:00,99215,237.71,Chennai,CLEAN
CLM-38037A03,1000000134,Dr. Rebecca Jackson,MEM000399,FAC032,2026-01-17T11:00:00,99214,145.56,Chennai,CLEAN
CLM-7CC00D31,1000000184,Dr. Lindsay Martinez,MEM000576,FAC021,2026-04-28T11:00:00,99215,232.54,Chennai,CLEAN
CLM-E231BAAB,1000000168,Dr. Joel Williams,MEM000310,FAC025,2026-01-18T16:00:00,71045,87.4,Chennai,CLEAN
CLM-72CF4DC0,1000000155,Dr. Michelle Brown,MEM000674,FAC011,2026-05-28T17:00:00,93000,57.11,Chennai,CLEAN
CLM-E85AD79E,1000000178,Dr. Lawrence Adkins,MEM000331,FAC037,2026-05-29T14:00:00,93000,61.41,Chennai,CLEAN
CLM-885820C8,1000000103,Dr. Christine Wright,MEM000069,FAC002,2026-01-08T11:00:00,99214,137.9,Chennai,CLEAN
CLM-BF697D58,1000000027,Dr. Stephanie Ross,MEM000511,FAC043,2026-05-02T14:00:00,99214,164.44,Chennai,CLEAN
CLM-BC114EA4,1000000187,Dr. Samantha Garcia,MEM000814,FAC015,2026-01-27T11:00:00,71045,84.09,Chennai,CLEAN
CLM-769DCC0E,1000000107,Dr. Sierra Johnson,MEM000944,FAC004,2026-01-16T13:00:00,99213,90.75,Chennai,CLEAN
CLM-32482301,1000000191,Dr. Karen Graham,MEM000074,FAC028,2026-04-06T09:00:00,99214,144.63,Chennai,CLEAN
CLM-506B86C2,1000000178,Dr. Lawrence Adkins,MEM000460,FAC024,2026-02-04T17:00:00,99214,140.87,Chennai,CLEAN
CLM-D01E45D8,1000000125,Dr. Erin Edwards,MEM000448,FAC043,2026-03-15T12:00:00,99214,157.26,Chennai,CLEAN
CLM-A8A73EFD,1000000111,Dr. Shannon Walker,MEM000833,FAC033,2026-02-19T10:00:00,93000,54.29,Chennai,CLEAN
CLM-86489A0B,1000000171,Dr. Darlene Miller,MEM000098,FAC013,2026-01-09T11:00:00,99213,97.19,Chennai,CLEAN
CLM-E12CDF4B,1000000104,Dr. Richard Henson,MEM000581,FAC034,2026-01-19T14:00:00,99214,155.47,Chennai,CLEAN
CLM-3EEA88CB,1000000186,Dr. Jonathan Peterson,MEM000657,FAC033,2026-05-08T12:00:00,99214,152.11,Chennai,CLEAN
CLM-3B328381,1000000121,Dr. Kenneth Scott,MEM000512,FAC022,2026-04-02T17:00:00,99214,159.05,Chennai,CLEAN
CLM-BADB8C90,1000000112,Dr. Julia Torres,MEM000437,FAC040,2026-04-07T10:00:00,93000,54.94,Chennai,CLEAN
CLM-41F1DF79,1999999999,Dr. Synthetic-A (Phantom),MEM000529,FAC019,2026-01-26T10:00:00,71045,75.69,Chennai,CLEAN
CLM-13402A3B,1000000153,Dr. Devon Flores,MEM000553,FAC021,2026-01-06T12:00:00,99215,238.58,Chennai,CLEAN
CLM-FD8E3171,1000000064,Dr. Jessica Callahan,MEM000399,FAC045,2026-04-02T10:00:00,99214,164.04,Chennai,CLEAN
CLM-C666E11F,1000000019,Dr. Carla Gray,MEM000547,FAC036,2026-03-03T17:00:00,93000,60.0,Chennai,CLEAN
CLM-E494652A,1000000102,Dr. Rebecca Valencia,MEM000633,FAC003,2026-05-20T10:00:00,93000,59.65,Chennai,CLEAN
CLM-CD443C35,1000000067,Dr. Carol Tucker,MEM000668,FAC001,2026-01-09T14:00:00,71045,76.17,Chennai,CLEAN
CLM-7034FA09,1000000085,Dr. Daniel Baker,MEM000909,FAC048,2026-01-16T11:00:00,99214,151.41,Chennai,CLEAN
CLM-1395A73A,1000000187,Dr. Samantha Garcia,MEM000337,FAC048,2026-06-19T09:00:00,99214,149.81,Chennai,CLEAN
CLM-9CBDF6A4,1000000144,Dr. Amber Wright,MEM000926,FAC039,2026-06-29T09:00:00,99215,241.17,Chennai,CLEAN
CLM-298F3B70,1000000106,Dr. Sharon Cherry,MEM000612,FAC047,2026-06-06T10:00:00,93000,59.75,Chennai,CLEAN
CLM-F0BC5B6D,1000000033,Dr. Nathan Maldonado,MEM000277,FAC046,2026-01-11T10:00:00,99213,99.93,Chennai,CLEAN
CLM-31CD788D,1000000057,Dr. Richard Aguirre,MEM000665,FAC022,2026-04-21T16:00:00,99215,232.39,Chennai,CLEAN
CLM-1782106A,1000000058,Dr. Brent Jordan,MEM000021,FAC003,2026-01-07T12:00:00,93000,61.3,Chennai,CLEAN
CLM-190291D5,1000000097,Dr. Deborah Figueroa,MEM000698,FAC043,2026-01-05T17:00:00,71045,72.83,Chennai,CLEAN
CLM-3AE0991C,1000000196,Dr. Daniel Salinas,MEM000386,FAC044,2026-02-02T15:00:00,71045,80.79,Chennai,CLEAN
CLM-A29892F4,1000000029,Dr. Anthony Rodriguez,MEM000448,FAC007,2026-06-07T14:00:00,99215,206.52,Chennai,CLEAN
CLM-C6092D14,1000000111,Dr. Shannon Walker,MEM000940,FAC003,2026-03-02T12:00:00,99213,101.77,Chennai,CLEAN
CLM-EE3B71AA,1000000058,Dr. Brent Jordan,MEM000422,FAC047,2026-05-18T09:00:00,99213,107.47,Chennai,CLEAN
CLM-2265259E,1000000063,Dr. Donald Wright,MEM000832,FAC003,2026-01-20T09:00:00,99214,148.16,Chennai,CLEAN
CLM-7F74F17E,1000000072,Dr. Brittney Phillips,MEM000044,FAC020,2026-03-31T12:00:00,99215,203.71,Chennai,CLEAN
CLM-BB33ABBC,1000000101,Dr. Cameron Parker,MEM000490,FAC042,2026-02-01T10:00:00,99213,95.0,Chennai,CLEAN
CLM-ADC0BDDE,1000000139,Dr. Angel Perry,MEM000210,FAC031,2026-06-30T14:00:00,99214,148.31,Chennai,CLEAN
CLM-D256DCE7,1000000077,Dr. Megan Young,MEM000964,FAC023,2026-05-22T13:00:00,99214,150.81,Chennai,CLEAN
CLM-227FFADB,1000000068,Dr. James Brown,MEM000326,FAC044,2026-05-19T17:00:00,99213,91.08,Chennai,CLEAN
CLM-E5AE86D2,1000000105,Dr. Marc Moore,MEM000722,FAC039,2026-05-05T13:00:00,99213,94.07,Chennai,CLEAN
CLM-2EF7F644,1000000035,Dr. Jeffrey Chavez,MEM000861,FAC033,2026-03-01T13:00:00,93000,56.53,Chennai,CLEAN
CLM-36D4CE6A,1000000095,Dr. Anna Henderson,MEM000742,FAC009,2026-01-10T12:00:00,71045,82.4,Chennai,CLEAN
CLM-65BB0BDE,1000000116,Dr. William Herrera,MEM000975,FAC007,2026-01-06T16:00:00,99213,95.41,Chennai,CLEAN
CLM-338AB664,1000000150,Dr. David Wright,MEM000393,FAC019,2026-01-22T09:00:00,99215,235.6,Chennai,CLEAN
CLM-DBCCEC4D,1000000098,Dr. Jessica Smith,MEM000507,FAC001,2026-04-08T15:00:00,71045,72.71,Chennai,CLEAN
CLM-CA543ED5,1000000052,Dr. Crystal Robinson,MEM000388,FAC011,2026-06-18T15:00:00,93000,54.63,Chennai,CLEAN
CLM-10696911,1000000078,Dr. Steve Sanchez,MEM000032,FAC034,2026-03-31T09:00:00,93000,63.05,Chennai,CLEAN
CLM-761ADEBD,1000000086,Dr. Shirley Suarez,MEM000944,FAC016,2026-06-01T12:00:00,99213,96.82,Chennai,CLEAN
CLM-86B51250,1000000159,Dr. Jamie Smith,MEM000444,FAC027,2026-01-15T10:00:00,93000,58.66,Chennai,CLEAN
CLM-781B21CB,1000000184,Dr. Lindsay Martinez,MEM000954,FAC043,2026-03-15T17:00:00,71045,78.78,Chennai,CLEAN
CLM-468DF393,1000000184,Dr. Lindsay Martinez,MEM000581,FAC049,2026-05-13T13:00:00,99214,163.81,Chennai,CLEAN
CLM-F68B3B28,1000000119,Dr. Jeffrey Chandler,MEM000763,FAC015,2026-02-03T09:00:00,99215,233.18,Chennai,CLEAN
CLM-27F4EC9D,1000000070,Dr. Jordan Henderson,MEM000087,FAC015,2026-05-19T13:00:00,99215,223.13,Chennai,CLEAN
CLM-CFE72F9C,1000000009,Dr. Ryan Munoz,MEM000630,FAC017,2026-04-03T13:00:00,99215,232.43,Chennai,CLEAN
CLM-9B9CA70B,1000000197,Dr. Spencer Haynes,MEM000622,FAC000,2026-02-01T13:00:00,93000,61.93,Chennai,CLEAN
CLM-0F3E9D28,1000000067,Dr. Carol Tucker,MEM000867,FAC011,2026-04-24T16:00:00,99213,98.8,Chennai,CLEAN
CLM-CE210C88,1000000119,Dr. Jeffrey Chandler,MEM000037,FAC022,2026-05-03T17:00:00,99214,147.26,Chennai,CLEAN
CLM-95F3EAE5,1000000148,Dr. Kathy Rivas,MEM000961,FAC005,2026-03-12T17:00:00,99215,239.94,Chennai,CLEAN
CLM-F41B36A1,1000000112,Dr. Julia Torres,MEM000184,FAC016,2026-03-12T13:00:00,71045,74.04,Chennai,CLEAN
CLM-8C094A09,1000000161,Dr. Jennifer Adkins,MEM000178,FAC009,2026-06-08T09:00:00,99214,138.43,Chennai,CLEAN
CLM-FBA43783,1000000009,Dr. Ryan Munoz,MEM000188,FAC043,2026-05-10T16:00:00,93000,57.81,Chennai,CLEAN
CLM-F98C1E50,1000000141,Dr. David Douglas Jr.,MEM000734,FAC014,2026-01-16T13:00:00,99215,198.71,Chennai,CLEAN
CLM-3A342E7E,1000000090,Dr. Matthew Mcmillan,MEM000553,FAC045,2026-01-12T12:00:00,99215,202.8,Chennai,CLEAN
CLM-D203C209,1000000129,Dr. Megan Orr,MEM000454,FAC007,2026-05-11T10:00:00,99214,141.12,Chennai,CLEAN
CLM-3121870F,1000000146,Dr. Victoria Larson,MEM000380,FAC043,2026-04-17T10:00:00,71045,86.01,Chennai,CLEAN
CLM-487F9E00,1000000036,Dr. Sherri Baker,MEM000025,FAC020,2026-06-05T14:00:00,99215,240.9,Chennai,CLEAN
CLM-A61BB5F8,1000000166,Dr. Alyssa Long,MEM000383,FAC030,2026-03-17T09:00:00,99214,146.05,Chennai,CLEAN
CLM-E02C4FB0,1000000074,Dr. Amy Silva,MEM000952,FAC009,2026-06-01T09:00:00,99213,102.18,Chennai,CLEAN
CLM-4DC32DAE,1000000080,Dr. Kelly Donovan,MEM000523,FAC045,2026-05-11T14:00:00,99214,146.37,Chennai,CLEAN
CLM-2F4F8C35,1000000149,Dr. Stephanie Manning,MEM000033,FAC042,2026-02-08T15:00:00,99213,109.1,Chennai,CLEAN
CLM-5E3971F6,1000000057,Dr. Richard Aguirre,MEM000578,FAC032,2026-05-28T17:00:00,71045,80.62,Chennai,CLEAN
CLM-64BD2611,1000000031,Dr. James Ferrell,MEM000867,FAC033,2026-01-14T16:00:00,93000,60.24,Chennai,CLEAN
CLM-27220BFE,1000000081,Dr. Mike Allen,MEM000275,FAC012,2026-05-28T13:00:00,99214,144.86,Chennai,CLEAN
CLM-DAF20FE9,1000000196,Dr. Daniel Salinas,MEM000370,FAC014,2026-04-27T14:00:00,99213,103.86,Chennai,CLEAN
CLM-A1133C7D,1000000113,Dr. Crystal Johnson,MEM000750,FAC026,2026-04-03T10:00:00,99215,222.66,Chennai,CLEAN
CLM-14A93661,1000000019,Dr. Carla Gray,MEM000936,FAC023,2026-06-17T16:00:00,93000,56.76,Chennai,CLEAN
CLM-F77C8AE5,1888888888,Dr. Synthetic-B (Teleport),MEM000428,FAC014,2026-05-26T11:00:00,93000,56.94,Chennai,CLEAN
CLM-05F22F45,1000000104,Dr. Richard Henson,MEM000690,FAC037,2026-06-20T11:00:00,93000,57.12,Chennai,CLEAN
CLM-3264AB31,1000000073,Dr. Lauren Daniels,MEM000349,FAC020,2026-01-31T10:00:00,71045,78.74,Chennai,CLEAN
CLM-FC9E7BA8,1000000037,Dr. Cassandra Gaines,MEM000589,FAC031,2026-06-11T12:00:00,99214,161.29,Chennai,CLEAN
CLM-F4AAA9A2,1000000003,Dr. Daniel Wagner,MEM000170,FAC007,2026-04-18T13:00:00,93000,62.54,Chennai,CLEAN
CLM-D2096C2D,1000000120,Dr. Larry Dixon,MEM000760,FAC006,2026-02-02T09:00:00,71045,72.38,Chennai,CLEAN
CLM-8307DC1B,1000000042,Dr. Sherry Decker,MEM000074,FAC008,2026-05-12T17:00:00,71045,86.47,Chennai,CLEAN
CLM-DDAE97BA,1000000090,Dr. Matthew Mcmillan,MEM000130,FAC025,2026-06-28T17:00:00,99214,156.36,Chennai,CLEAN
CLM-3B882DBF,1000000030,Dr. Rebecca Henderson,MEM000344,FAC021,2026-06-01T10:00:00,99213,91.48,Chennai,CLEAN
CLM-733FB025,1000000090,Dr. Matthew Mcmillan,MEM000972,FAC028,2026-04-15T16:00:00,71045,76.63,Chennai,CLEAN
CLM-48C49C3A,1000000122,Dr. April Frost,MEM000716,FAC008,2026-02-16T17:00:00,99213,93.05,Chennai,CLEAN
CLM-43F85652,1000000001,Dr. Noah Rhodes,MEM000607,FAC037,2026-04-05T16:00:00,71045,77.13,Chennai,CLEAN
CLM-461E6BA2,1000000045,Dr. Philip Cannon,MEM000520,FAC046,2026-05-31T13:00:00,99213,94.65,Chennai,CLEAN
CLM-A70F0816,1000000126,Dr. Michelle Evans,MEM000349,FAC003,2026-05-25T17:00:00,93000,60.96,Chennai,CLEAN
CLM-45C240C5,1000000109,Dr. Sharon Cochran,MEM000292,FAC020,2026-04-09T14:00:00,99214,163.61,Chennai,CLEAN
CLM-59DA6E5A,1000000010,Dr. Monica Herrera,MEM000833,FAC047,2026-02-23T15:00:00,93000,57.34,Chennai,CLEAN
CLM-B7735E29,1000000157,Dr. Jason Stein,MEM000321,FAC006,2026-03-30T13:00:00,99214,138.56,Chennai,CLEAN
CLM-F44658B2,1000000070,Dr. Jordan Henderson,MEM000498,FAC028,2026-02-27T11:00:00,99215,239.33,Chennai,CLEAN
CLM-240A1CCE,1000000066,Dr. Tracy House,MEM000620,FAC048,2026-01-28T12:00:00,99215,204.2,Chennai,CLEAN
CLM-E5F912D7,1000000052,Dr. Crystal Robinson,MEM000565,FAC032,2026-02-13T09:00:00,93000,64.83,Chennai,CLEAN
CLM-C27AE9C4,1000000138,Dr. David Alvarez,MEM000550,FAC012,2026-01-02T16:00:00,99213,97.39,Chennai,CLEAN
CLM-900DA763,1000000072,Dr. Brittney Phillips,MEM000964,FAC036,2026-04-20T16:00:00,93000,55.51,Chennai,CLEAN
CLM-CF391107,1000000116,Dr. William Herrera,MEM000302,FAC007,2026-06-30T10:00:00,71045,86.22,Chennai,CLEAN
CLM-164AF267,1000000126,Dr. Michelle Evans,MEM000269,FAC005,2026-02-05T13:00:00,99213,109.37,Chennai,CLEAN
CLM-BC3C4AF6,1000000020,Dr. Margaret Hawkins DDS,MEM000762,FAC014,2026-01-20T14:00:00,99214,150.21,Chennai,CLEAN
CLM-D1F72D80,1000000070,Dr. Jordan Henderson,MEM000464,FAC040,2026-05-12T10:00:00,99215,237.26,Chennai,CLEAN
CLM-E31EAF92,1000000009,Dr. Ryan Munoz,MEM000443,FAC006,2026-06-30T17:00:00,99215,206.38,Chennai,CLEAN
CLM-67E08440,1000000142,Dr. Patricia Rodriguez,MEM000676,FAC040,2026-01-10T09:00:00,99214,139.11,Chennai,CLEAN
CLM-393D23E0,1000000096,Dr. Aaron Wise,MEM000893,FAC014,2026-06-22T12:00:00,99215,218.69,Chennai,CLEAN
CLM-FF37404B,1000000124,Dr. Helen Jones,MEM000833,FAC011,2026-05-08T13:00:00,99214,140.96,Chennai,CLEAN
CLM-600A2349,1000000022,Dr. Ethan Adams,MEM000973,FAC033,2026-02-24T09:00:00,71045,73.08,Chennai,CLEAN
CLM-6C6BAB78,1000000142,Dr. Patricia Rodriguez,MEM000625,FAC013,2026-02-15T09:00:00,71045,83.01,Chennai,CLEAN
CLM-F81A1E08,1000000157,Dr. Jason Stein,MEM000389,FAC040,2026-05-30T12:00:00,99215,219.31,Chennai,CLEAN
CLM-28012D39,1000000168,Dr. Joel Williams,MEM000977,FAC011,2026-03-18T12:00:00,99215,227.39,Chennai,CLEAN
CLM-3E1132B7,1000000125,Dr. Erin Edwards,MEM000815,FAC040,2026-04-11T14:00:00,93000,59.77,Chennai,CLEAN
CLM-4D352448,1000000024,Dr. Matthew Foster,MEM000224,FAC007,2026-03-15T15:00:00,71045,77.21,Chennai,CLEAN
CLM-B82689CE,1000000169,Dr. Daniel Murphy,MEM000435,FAC007,2026-02-15T16:00:00,99215,227.07,Chennai,CLEAN
CLM-0814F26D,1000000088,Dr. Lisa Archer,MEM000713,FAC025,2026-06-30T11:00:00,71045,85.44,Chennai,CLEAN
CLM-26E99E72,1000000125,Dr. Erin Edwards,MEM000615,FAC026,2026-06-25T12:00:00,99213,95.82,Chennai,CLEAN
CLM-CAA9204C,1000000129,Dr. Megan Orr,MEM000220,FAC026,2026-01-16T17:00:00,99215,209.51,Chennai,CLEAN
CLM-3B1E16E4,1000000081,Dr. Mike Allen,MEM000421,FAC025,2026-04-24T15:00:00,71045,76.17,Chennai,CLEAN
CLM-B8EEA04B,1000000013,Dr. Michele Williams,MEM000274,FAC031,2026-02-26T14:00:00,99213,96.17,Chennai,CLEAN
CLM-21464D9D,1000000104,Dr. Richard Henson,MEM000226,FAC036,2026-02-12T17:00:00,99214,158.39,Chennai,CLEAN
CLM-EA94E09B,1000000028,Dr. Zachary Hicks,MEM000970,FAC039,2026-06-06T14:00:00,99214,153.15,Chennai,CLEAN
CLM-CC5668A3,1000000005,Dr. Connie Lawrence,MEM000973,FAC046,2026-01-06T15:00:00,99213,105.61,Chennai,CLEAN
CLM-D60D7B8A,1000000085,Dr. Daniel Baker,MEM000934,FAC022,2026-05-22T10:00:00,99213,100.37,Chennai,CLEAN
CLM-717B73E0,1000000092,Dr. Denise Jacobs,MEM000548,FAC012,2026-02-10T17:00:00,71045,85.76,Chennai,CLEAN
CLM-F08CB949,1000000058,Dr. Brent Jordan,MEM000297,FAC010,2026-04-06T14:00:00,71045,75.45,Chennai,CLEAN
CLM-BEC2D96D,1000000187,Dr. Samantha Garcia,MEM000254,FAC000,2026-01-10T09:00:00,93000,55.23,Chennai,CLEAN
CLM-13BCE4AC,1000000101,Dr. Cameron Parker,MEM000810,FAC031,2026-01-11T11:00:00,99215,211.26,Chennai,CLEAN
CLM-FAA82FE1,1000000058,Dr. Brent Jordan,MEM000646,FAC049,2026-06-26T12:00:00,99213,95.45,Chennai,CLEAN
CLM-CCF1DCA2,1000000031,Dr. James Ferrell,MEM000832,FAC024,2026-06-17T15:00:00,99214,159.55,Chennai,CLEAN
CLM-1D040A97,1000000069,Dr. William Baker,MEM000882,FAC005,2026-01-20T10:00:00,93000,62.67,Chennai,CLEAN
CLM-91EF25F5,1000000195,Dr. Allen Rosales,MEM000750,FAC026,2026-01-06T09:00:00,93000,61.26,Chennai,CLEAN
CLM-DBC06AD0,1000000038,Dr. Elizabeth Fowler,MEM000097,FAC047,2026-05-31T15:00:00,99214,159.94,Chennai,CLEAN
CLM-0149AE93,1000000079,Dr. Lisa Barnes,MEM000803,FAC020,2026-04-19T17:00:00,99213,96.04,Chennai,CLEAN
CLM-8767CAE4,1000000117,Dr. Ashley Waller,MEM000207,FAC006,2026-03-09T16:00:00,71045,76.66,Chennai,CLEAN
CLM-8A290D30,1000000023,Dr. Tommy Walter,MEM000227,FAC026,2026-05-24T13:00:00,71045,76.55,Chennai,CLEAN
CLM-B664ABA2,1000000179,Dr. Robert Oconnell,MEM000546,FAC032,2026-03-04T15:00:00,99213,109.86,Chennai,CLEAN
CLM-24DA28D9,1000000186,Dr. Jonathan Peterson,MEM000403,FAC023,2026-05-20T10:00:00,71045,75.58,Chennai,CLEAN
CLM-30E991A7,1000000006,Dr. Abigail Shaffer,MEM000406,FAC049,2026-03-01T16:00:00,99215,218.98,Chennai,CLEAN
CLM-6BC2C15C,1000000027,Dr. Stephanie Ross,MEM000658,FAC019,2026-03-27T11:00:00,99213,91.91,Chennai,CLEAN
CLM-60D64F2F,1000000043,Dr. Anthony Humphrey,MEM000212,FAC031,2026-06-01T12:00:00,99213,92.83,Chennai,CLEAN
CLM-EC9E9572,1000000157,Dr. Jason Stein,MEM000858,FAC030,2026-05-14T12:00:00,99213,105.35,Chennai,CLEAN
CLM-D7B8BC57,1000000064,Dr. Jessica Callahan,MEM000421,FAC019,2026-03-28T11:00:00,99213,96.43,Chennai,CLEAN
CLM-4B1EB445,1000000144,Dr. Amber Wright,MEM000613,FAC026,2026-01-02T13:00:00,99214,157.65,Chennai,CLEAN
CLM-5F21DB10,1000000125,Dr. Erin Edwards,MEM000558,FAC031,2026-03-22T12:00:00,99215,218.3,Chennai,CLEAN
CLM-C0CC7A82,1000000123,Dr. Michelle Harmon,MEM000526,FAC035,2026-01-21T10:00:00,71045,83.19,Chennai,CLEAN
CLM-579CC8C9,1000000096,Dr. Aaron Wise,MEM000130,FAC048,2026-01-04T11:00:00,93000,62.98,Chennai,CLEAN
CLM-CEA96BCF,1000000042,Dr. Sherry Decker,MEM000202,FAC028,2026-01-30T09:00:00,71045,79.92,Chennai,CLEAN
CLM-34F9FEFD,1000000160,Dr. Paul Castaneda,MEM000822,FAC033,2026-05-05T11:00:00,93000,59.02,Chennai,CLEAN
CLM-8B053389,1000000002,Dr. Angie Henderson,MEM000303,FAC007,2026-04-22T13:00:00,99215,220.99,Chennai,CLEAN
CLM-DA84D5B2,1000000157,Dr. Jason Stein,MEM000910,FAC023,2026-05-25T11:00:00,99214,143.71,Chennai,CLEAN
CLM-E00978D1,1000000175,Dr. Alex Hernandez,MEM000209,FAC039,2026-04-06T17:00:00,93000,57.01,Chennai,CLEAN
CLM-75CBF8E4,1000000118,Dr. Victor Baker,MEM000215,FAC021,2026-02-04T11:00:00,93000,62.58,Chennai,CLEAN
CLM-C5A326B9,1000000121,Dr. Kenneth Scott,MEM000010,FAC020,2026-04-17T11:00:00,99214,149.11,Chennai,CLEAN
CLM-B5F19F4D,1000000001,Dr. Noah Rhodes,MEM000319,FAC044,2026-02-18T12:00:00,99213,100.75,Chennai,CLEAN
CLM-8F717B88,1000000084,Dr. Zachary Ferrell,MEM000096,FAC003,2026-06-09T16:00:00,93000,55.88,Chennai,CLEAN
CLM-A64EAE22,1000000089,Dr. Aimee Montoya,MEM000651,FAC035,2026-02-27T14:00:00,99213,108.56,Chennai,CLEAN
CLM-D7ADCBFC,1000000070,Dr. Jordan Henderson,MEM000291,FAC027,2026-05-30T13:00:00,99215,225.48,Chennai,CLEAN
CLM-DEAF58C6,1000000103,Dr. Christine Wright,MEM000956,FAC016,2026-05-24T17:00:00,99214,137.32,Chennai,CLEAN
CLM-921BBB8F,1000000039,Dr. Brittany Farmer,MEM000105,FAC046,2026-02-25T13:00:00,99214,142.89,Chennai,CLEAN
CLM-337D2CDD,1000000026,Dr. Justin Baker,MEM000129,FAC033,2026-05-31T15:00:00,99215,223.33,Chennai,CLEAN
CLM-09B03538,1000000151,Dr. Pamela Boyd,MEM000619,FAC017,2026-06-07T16:00:00,99214,140.04,Chennai,CLEAN
CLM-35479E81,1999999999,Dr. Synthetic-A (Phantom),MEM000237,FAC013,2026-01-24T11:00:00,99214,139.94,Chennai,CLEAN
CLM-2519E3E2,1000000000,Dr. Allison Hill,MEM000331,FAC004,2026-01-14T11:00:00,93000,63.69,Chennai,CLEAN
CLM-52634E66,1000000108,Dr. Evelyn Galvan,MEM000680,FAC030,2026-03-25T13:00:00,93000,63.12,Chennai,CLEAN
CLM-0F8930CA,1000000061,Dr. Gerald Hensley,MEM000573,FAC025,2026-04-07T15:00:00,71045,77.68,Chennai,CLEAN
CLM-16360BE8,1000000133,Dr. Daniel Kennedy,MEM000324,FAC033,2026-01-21T12:00:00,99214,163.36,Chennai,CLEAN
CLM-2F85750F,1000000071,Dr. Whitney Peters,MEM000728,FAC009,2026-04-22T17:00:00,71045,79.84,Chennai,CLEAN
CLM-91018EFD,1888888888,Dr. Synthetic-B (Teleport),MEM000256,FAC043,2026-01-31T17:00:00,71045,82.43,Chennai,CLEAN
CLM-4E4751BF,1000000045,Dr. Philip Cannon,MEM000025,FAC023,2026-04-30T14:00:00,71045,75.42,Chennai,CLEAN
CLM-8FE3181C,1000000143,Dr. Christopher Rubio,MEM000897,FAC012,2026-04-08T14:00:00,99214,163.0,Chennai,CLEAN
CLM-BD6BF725,1000000002,Dr. Angie Henderson,MEM000200,FAC028,2026-04-03T17:00:00,99214,135.17,Chennai,CLEAN
CLM-93FF4C76,1000000079,Dr. Lisa Barnes,MEM000336,FAC006,2026-04-05T13:00:00,93000,65.06,Chennai,CLEAN
CLM-9CD7A2A2,1000000155,Dr. Michelle Brown,MEM000279,FAC002,2026-06-15T13:00:00,71045,78.37,Chennai,CLEAN
CLM-29F76C30,1000000178,Dr. Lawrence Adkins,MEM000721,FAC016,2026-03-12T09:00:00,93000,63.88,Chennai,CLEAN
CLM-D8FBC85D,1000000183,Dr. Ashley Barton,MEM000949,FAC030,2026-06-05T16:00:00,71045,74.78,Chennai,CLEAN
CLM-A373F79B,1000000191,Dr. Karen Graham,MEM000895,FAC041,2026-05-20T10:00:00,99213,97.39,Chennai,CLEAN
CLM-4B87DA47,1000000156,Dr. Joshua Perry,MEM000915,FAC045,2026-02-09T11:00:00,99214,137.48,Chennai,CLEAN
CLM-3BB80722,1000000030,Dr. Rebecca Henderson,MEM000057,FAC028,2026-06-13T09:00:00,99215,202.29,Chennai,CLEAN
CLM-7747396C,1000000139,Dr. Angel Perry,MEM000284,FAC012,2026-06-17T09:00:00,99215,234.84,Chennai,CLEAN
CLM-AEB30266,1000000081,Dr. Mike Allen,MEM000919,FAC045,2026-02-13T14:00:00,93000,54.17,Chennai,CLEAN
CLM-B010F056,1000000170,Dr. Jamie Walton,MEM000412,FAC026,2026-06-20T09:00:00,99213,93.86,Chennai,CLEAN
CLM-114DD3FA,1000000194,Dr. John Bishop,MEM000513,FAC009,2026-03-10T10:00:00,99214,148.3,Chennai,CLEAN
CLM-BB7B2B09,1000000070,Dr. Jordan Henderson,MEM000623,FAC012,2026-06-26T17:00:00,71045,74.77,Chennai,CLEAN
CLM-9B1A5EA5,1000000191,Dr. Karen Graham,MEM000862,FAC000,2026-03-21T13:00:00,93000,58.21,Chennai,CLEAN
CLM-E2654A9C,1000000087,Dr. Christopher Bass,MEM000477,FAC036,2026-06-28T10:00:00,93000,65.16,Chennai,CLEAN
CLM-1DF027E0,1000000022,Dr. Ethan Adams,MEM000119,FAC005,2026-02-16T10:00:00,99214,144.53,Chennai,CLEAN
CLM-D5C43232,1000000160,Dr. Paul Castaneda,MEM000988,FAC001,2026-02-13T09:00:00,99214,154.14,Chennai,CLEAN
CLM-A7C2A0B0,1000000117,Dr. Ashley Waller,MEM000083,FAC046,2026-03-05T13:00:00,99214,157.42,Chennai,CLEAN
CLM-5948CCA0,1000000188,Dr. Madison Poole,MEM000135,FAC019,2026-01-14T15:00:00,99215,205.83,Chennai,CLEAN
CLM-8AF28242,1000000035,Dr. Jeffrey Chavez,MEM000578,FAC020,2026-04-16T12:00:00,99214,143.18,Chennai,CLEAN
CLM-5BD1E2E5,1000000051,Dr. Danny Morgan,MEM000181,FAC018,2026-03-08T16:00:00,99215,202.07,Chennai,CLEAN
CLM-940219C7,1000000090,Dr. Matthew Mcmillan,MEM000592,FAC023,2026-03-31T17:00:00,71045,85.27,Chennai,CLEAN
CLM-D492E3C5,1000000175,Dr. Alex Hernandez,MEM000851,FAC010,2026-01-10T15:00:00,99214,151.14,Chennai,CLEAN
CLM-002EFB93,1000000053,Dr. Mark Perez,MEM000719,FAC027,2026-03-30T13:00:00,99214,145.27,Chennai,CLEAN
CLM-19CD7EFD,1000000128,Dr. Cameron Fisher,MEM000564,FAC047,2026-03-10T10:00:00,93000,63.28,Chennai,CLEAN
CLM-E9A36A02,1000000066,Dr. Tracy House,MEM000223,FAC029,2026-03-08T09:00:00,99213,100.34,Chennai,CLEAN
CLM-EEF35410,1000000161,Dr. Jennifer Adkins,MEM000190,FAC030,2026-02-05T16:00:00,93000,57.88,Chennai,CLEAN
CLM-4D47FBC5,1000000144,Dr. Amber Wright,MEM000386,FAC042,2026-05-31T09:00:00,99215,228.86,Chennai,CLEAN
CLM-BA9F6D52,1000000161,Dr. Jennifer Adkins,MEM000367,FAC000,2026-02-10T15:00:00,71045,77.36,Chennai,CLEAN
CLM-B5939F31,1000000165,Dr. John Anderson,MEM000924,FAC006,2026-02-17T14:00:00,99215,205.16,Chennai,CLEAN
CLM-657C8C4E,1000000139,Dr. Angel Perry,MEM000190,FAC048,2026-01-06T16:00:00,93000,59.48,Chennai,CLEAN
CLM-FB5E3879,1000000147,Dr. Stephanie Salazar,MEM000711,FAC027,2026-04-13T16:00:00,99214,142.58,Chennai,CLEAN
CLM-8B50D8A5,1000000095,Dr. Anna Henderson,MEM000615,FAC021,2026-05-04T15:00:00,99215,199.77,Chennai,CLEAN
CLM-802693AC,1000000059,Dr. John Daniel,MEM000781,FAC032,2026-01-28T15:00:00,71045,84.39,Chennai,CLEAN
CLM-CDFE9A5F,1000000147,Dr. Stephanie Salazar,MEM000410,FAC037,2026-01-08T11:00:00,93000,56.0,Chennai,CLEAN
CLM-7FA893B2,1000000076,Dr. Angela Lopez,MEM000907,FAC038,2026-06-28T17:00:00,99214,163.54,Chennai,CLEAN
CLM-A8D3FE34,1000000145,Dr. Joyce Solis,MEM000769,FAC008,2026-02-03T14:00:00,99213,109.41,Chennai,CLEAN
CLM-838F1FFE,1000000079,Dr. Lisa Barnes,MEM000811,FAC049,2026-02-06T14:00:00,71045,78.34,Chennai,CLEAN
CLM-4E1D2906,1000000117,Dr. Ashley Waller,MEM000000,FAC042,2026-02-07T12:00:00,99214,144.04,Chennai,CLEAN
CLM-D86D3A8C,1000000020,Dr. Margaret Hawkins DDS,MEM000189,FAC015,2026-02-22T15:00:00,99213,104.48,Chennai,CLEAN
CLM-2DFC43CA,1000000039,Dr. Brittany Farmer,MEM000701,FAC035,2026-04-06T09:00:00,71045,74.55,Chennai,CLEAN
CLM-22E3E800,1000000025,Dr. Judy Baker,MEM000482,FAC035,2026-06-25T15:00:00,99214,162.38,Chennai,CLEAN
CLM-E19BFB9B,1000000171,Dr. Darlene Miller,MEM000385,FAC029,2026-06-30T12:00:00,99213,97.75,Chennai,CLEAN
CLM-FA639455,1000000081,Dr. Mike Allen,MEM000781,FAC008,2026-04-13T14:00:00,99215,234.07,Chennai,CLEAN
CLM-BD6E7CE7,1000000186,Dr. Jonathan Peterson,MEM000893,FAC027,2026-06-02T15:00:00,93000,54.86,Chennai,CLEAN
CLM-586680A0,1000000125,Dr. Erin Edwards,MEM000685,FAC047,2026-05-31T09:00:00,99214,161.57,Chennai,CLEAN
CLM-FC656C2C,1000000045,Dr. Philip Cannon,MEM000786,FAC015,2026-04-05T14:00:00,99215,220.06,Chennai,CLEAN
CLM-04B1C615,1000000000,Dr. Allison Hill,MEM000625,FAC038,2026-04-12T10:00:00,99214,139.14,Chennai,CLEAN
CLM-CA257FB0,1000000048,Dr. Joshua Blair,MEM000045,FAC013,2026-03-19T15:00:00,99213,96.79,Chennai,CLEAN
CLM-D02D2BFA,1000000167,Dr. Alyssa Day,MEM000184,FAC027,2026-02-08T13:00:00,99215,215.02,Chennai,CLEAN
CLM-BFC6D0A0,1000000123,Dr. Michelle Harmon,MEM000035,FAC016,2026-04-18T11:00:00,99214,146.95,Chennai,CLEAN
CLM-360D5327,1000000132,Dr. Mary Marshall,MEM000854,FAC006,2026-04-30T10:00:00,99215,228.19,Chennai,CLEAN
CLM-917984AE,1000000025,Dr. Judy Baker,MEM000671,FAC025,2026-01-04T11:00:00,99215,203.66,Chennai,CLEAN
CLM-32C44F7E,1000000129,Dr. Megan Orr,MEM000393,FAC043,2026-04-27T09:00:00,71045,82.46,Chennai,CLEAN
CLM-474E2CF6,1000000171,Dr. Darlene Miller,MEM000411,FAC027,2026-01-14T13:00:00,71045,76.14,Chennai,CLEAN
CLM-02C9AA65,1000000162,Dr. Lindsey Walker,MEM000118,FAC038,2026-04-26T17:00:00,99215,232.36,Chennai,CLEAN
CLM-20E00FE9,1000000182,Dr. Angela Vaughn,MEM000343,FAC034,2026-04-04T10:00:00,99214,164.42,Chennai,CLEAN
CLM-57F4C998,1000000136,Dr. Robert Potter,MEM000777,FAC024,2026-06-22T10:00:00,99214,135.21,Chennai,CLEAN
CLM-6209C12B,1000000181,Dr. Tina Sanders,MEM000604,FAC016,2026-02-20T17:00:00,93000,62.73,Chennai,CLEAN
CLM-E56C2AAA,1000000116,Dr. William Herrera,MEM000445,FAC003,2026-04-29T13:00:00,99213,92.43,Chennai,CLEAN
CLM-26BDFA06,1000000125,Dr. Erin Edwards,MEM000471,FAC023,2026-01-13T14:00:00,99215,216.73,Chennai,CLEAN
CLM-375F1B77,1000000172,Dr. Joshua Cooke,MEM000303,FAC049,2026-01-07T17:00:00,99215,205.86,Chennai,CLEAN
CLM-30ECBAE9,1000000091,Dr. Brian Rodriguez,MEM000427,FAC001,2026-04-25T14:00:00,99215,225.98,Chennai,CLEAN
CLM-95FEE280,1000000152,Dr. Denise Jones,MEM000114,FAC022,2026-01-10T17:00:00,71045,75.98,Chennai,CLEAN
CLM-03645112,1000000021,Dr. Patty Perez,MEM000547,FAC006,2026-02-02T11:00:00,71045,78.9,Chennai,CLEAN
CLM-E2C15C67,1000000070,Dr. Jordan Henderson,MEM000353,FAC029,2026-06-26T12:00:00,93000,60.83,Chennai,CLEAN
CLM-731DE757,1000000010,Dr. Monica Herrera,MEM000078,FAC020,2026-04-06T09:00:00,99214,153.28,Chennai,CLEAN
CLM-ECEBFA5A,1000000185,Dr. Dr. Hannah Patterson,MEM000653,FAC006,2026-04-08T17:00:00,99213,96.76,Chennai,CLEAN
CLM-E3588BF1,1000000163,Dr. Jeffrey Johnson,MEM000767,FAC019,2026-04-19T15:00:00,99213,93.68,Chennai,CLEAN
CLM-4D4F8FDB,1000000191,Dr. Karen Graham,MEM000263,FAC046,2026-06-17T10:00:00,71045,87.44,Chennai,CLEAN
CLM-47A6AD2E,1000000049,Dr. Eric Carney,MEM000584,FAC016,2026-03-19T17:00:00,93000,64.25,Chennai,CLEAN
CLM-B7BB395E,1000000062,Dr. Connor West,MEM000710,FAC003,2026-04-06T16:00:00,99214,157.82,Chennai,CLEAN
CLM-E38429AC,1000000111,Dr. Shannon Walker,MEM000281,FAC047,2026-06-26T11:00:00,99215,220.07,Chennai,CLEAN
CLM-C59E37B3,1000000011,Dr. Jamie Arnold,MEM000619,FAC025,2026-02-16T13:00:00,99215,198.22,Chennai,CLEAN
CLM-73AF0393,1000000053,Dr. Mark Perez,MEM000019,FAC026,2026-06-18T11:00:00,99215,209.75,Chennai,CLEAN
CLM-92DE45C8,1000000153,Dr. Devon Flores,MEM000809,FAC040,2026-03-23T10:00:00,99214,141.74,Chennai,CLEAN
CLM-2497D659,1000000181,Dr. Tina Sanders,MEM000332,FAC014,2026-01-17T13:00:00,93000,63.92,Chennai,CLEAN
CLM-C745E727,1000000150,Dr. David Wright,MEM000430,FAC040,2026-06-02T14:00:00,93000,58.67,Chennai,CLEAN
CLM-713575E1,1000000142,Dr. Patricia Rodriguez,MEM000012,FAC021,2026-03-29T14:00:00,99215,234.2,Chennai,CLEAN
CLM-1EBD0E3F,1000000038,Dr. Elizabeth Fowler,MEM000473,FAC047,2026-05-08T12:00:00,93000,62.37,Chennai,CLEAN
CLM-081DE59D,1000000172,Dr. Joshua Cooke,MEM000399,FAC016,2026-04-14T09:00:00,93000,65.61,Chennai,CLEAN
CLM-76EE925A,1000000161,Dr. Jennifer Adkins,MEM000498,FAC035,2026-03-30T10:00:00,99214,157.44,Chennai,CLEAN
CLM-6E3A6B94,1000000135,Dr. Jose Schultz,MEM000378,FAC019,2026-03-16T14:00:00,71045,82.79,Chennai,CLEAN
CLM-CE132BD9,1000000007,Dr. Gina Moore,MEM000159,FAC039,2026-05-30T11:00:00,93000,58.22,Chennai,CLEAN
CLM-91176C4D,1000000110,Dr. Richard Rodriguez,MEM000425,FAC048,2026-01-06T13:00:00,93000,62.93,Chennai,CLEAN
CLM-E66ADC74,1000000060,Dr. Victoria Garcia,MEM000384,FAC034,2026-02-03T15:00:00,93000,65.39,Chennai,CLEAN
CLM-8ACE78ED,1000000031,Dr. James Ferrell,MEM000099,FAC025,2026-02-25T12:00:00,99213,101.41,Chennai,CLEAN
CLM-81FD97D1,1000000045,Dr. Philip Cannon,MEM000885,FAC010,2026-04-13T17:00:00,71045,77.63,Chennai,CLEAN
CLM-CF11D0BF,1000000055,Dr. Michael Lewis,MEM000428,FAC038,2026-03-13T14:00:00,99215,225.73,Chennai,CLEAN
CLM-4955DE37,1000000170,Dr. Jamie Walton,MEM000905,FAC043,2026-06-12T14:00:00,93000,60.43,Chennai,CLEAN
CLM-DC52CE49,1000000100,Dr. Sandra Aguilar,MEM000230,FAC025,2026-05-07T16:00:00,99215,234.35,Chennai,CLEAN
CLM-F1756B59,1000000115,Dr. Diana May,MEM000160,FAC011,2026-04-13T13:00:00,99213,100.65,Chennai,CLEAN
CLM-B3DC6EF9,1000000085,Dr. Daniel Baker,MEM000781,FAC029,2026-06-17T11:00:00,99213,97.67,Chennai,CLEAN
CLM-EC40BA16,1000000167,Dr. Alyssa Day,MEM000428,FAC026,2026-04-16T12:00:00,99213,102.38,Chennai,CLEAN
CLM-2D378351,1000000035,Dr. Jeffrey Chavez,MEM000624,FAC039,2026-05-09T10:00:00,93000,60.85,Chennai,CLEAN
CLM-CFCF84E1,1000000104,Dr. Richard Henson,MEM000968,FAC001,2026-03-25T12:00:00,99214,152.08,Chennai,CLEAN
CLM-FB235864,1000000120,Dr. Larry Dixon,MEM000700,FAC005,2026-04-05T09:00:00,93000,64.6,Chennai,CLEAN
CLM-2B094CC9,1000000167,Dr. Alyssa Day,MEM000398,FAC035,2026-05-11T12:00:00,99214,148.73,Chennai,CLEAN
CLM-0D6611B3,1000000185,Dr. Dr. Hannah Patterson,MEM000895,FAC015,2026-02-14T16:00:00,99214,144.68,Chennai,CLEAN
CLM-61CB3202,1000000075,Dr. Sarah Moore,MEM000066,FAC001,2026-02-22T16:00:00,71045,75.92,Chennai,CLEAN
CLM-99EF0E4B,1000000154,Dr. Brenda Hall,MEM000454,FAC015,2026-02-15T16:00:00,93000,61.7,Chennai,CLEAN
CLM-5F0C81E1,1000000154,Dr. Brenda Hall,MEM000857,FAC021,2026-02-10T12:00:00,71045,83.55,Chennai,CLEAN
CLM-55B22167,1000000017,Dr. Derek Zuniga,MEM000007,FAC047,2026-01-09T15:00:00,93000,65.95,Chennai,CLEAN
CLM-DA1FA6CD,1000000098,Dr. Jessica Smith,MEM000072,FAC026,2026-03-08T17:00:00,99213,104.32,Chennai,CLEAN
CLM-61094CFC,1000000155,Dr. Michelle Brown,MEM000662,FAC034,2026-01-07T16:00:00,71045,85.24,Chennai,CLEAN
CLM-03595962,1000000015,Dr. Brian Ramirez,MEM000299,FAC025,2026-01-11T14:00:00,71045,83.47,Chennai,CLEAN
CLM-27006433,1000000130,Dr. Elizabeth Kelley,MEM000644,FAC041,2026-04-23T15:00:00,99213,92.07,Chennai,CLEAN
CLM-C9B3CEA8,1000000067,Dr. Carol Tucker,MEM000776,FAC037,2026-01-29T11:00:00,99215,216.17,Chennai,CLEAN
CLM-454DB534,1000000086,Dr. Shirley Suarez,MEM000145,FAC015,2026-05-04T12:00:00,99215,202.27,Chennai,CLEAN
CLM-4F7F7A2D,1000000164,Dr. Michael Powell,MEM000710,FAC004,2026-04-28T16:00:00,99214,157.71,Chennai,CLEAN
CLM-3E56AF06,1000000087,Dr. Christopher Bass,MEM000302,FAC044,2026-04-24T14:00:00,71045,83.19,Chennai,CLEAN
CLM-901EBCA8,1000000145,Dr. Joyce Solis,MEM000281,FAC038,2026-01-10T11:00:00,99214,150.65,Chennai,CLEAN
CLM-8D13EF84,1000000006,Dr. Abigail Shaffer,MEM000226,FAC023,2026-05-25T14:00:00,99215,211.49,Chennai,CLEAN
CLM-B7A41553,1000000183,Dr. Ashley Barton,MEM000162,FAC036,2026-06-12T13:00:00,71045,83.41,Chennai,CLEAN
CLM-269A8797,1000000172,Dr. Joshua Cooke,MEM000301,FAC009,2026-06-27T11:00:00,99214,153.22,Chennai,CLEAN
CLM-EFBA1A7A,1000000098,Dr. Jessica Smith,MEM000263,FAC040,2026-02-28T09:00:00,99214,152.5,Chennai,CLEAN
CLM-34C97165,1000000037,Dr. Cassandra Gaines,MEM000598,FAC000,2026-03-08T14:00:00,93000,62.95,Chennai,CLEAN
CLM-1FE9C39D,1000000132,Dr. Mary Marshall,MEM000415,FAC030,2026-06-08T11:00:00,99215,226.33,Chennai,CLEAN
CLM-8316B0FF,1000000150,Dr. David Wright,MEM000873,FAC032,2026-03-22T17:00:00,99215,214.63,Chennai,CLEAN
CLM-9F9C2D26,1000000124,Dr. Helen Jones,MEM000663,FAC010,2026-05-15T16:00:00,99214,149.52,Chennai,CLEAN
CLM-198D9FA9,1000000097,Dr. Deborah Figueroa,MEM000014,FAC042,2026-01-17T14:00:00,99214,144.28,Chennai,CLEAN
CLM-90AC1122,1000000057,Dr. Richard Aguirre,MEM000153,FAC017,2026-06-05T10:00:00,99214,145.7,Chennai,CLEAN
CLM-005CA508,1000000117,Dr. Ashley Waller,MEM000583,FAC040,2026-01-04T17:00:00,99214,157.24,Chennai,CLEAN
CLM-E1FBBE78,1000000093,Dr. Christina Walters,MEM000680,FAC002,2026-04-13T10:00:00,99215,220.33,Chennai,CLEAN
CLM-6C18FABE,1000000069,Dr. William Baker,MEM000566,FAC034,2026-05-18T10:00:00,99213,98.93,Chennai,CLEAN
CLM-395BCFDD,1000000133,Dr. Daniel Kennedy,MEM000253,FAC015,2026-03-07T11:00:00,99214,141.85,Chennai,CLEAN
CLM-2D44CB26,1000000183,Dr. Ashley Barton,MEM000467,FAC011,2026-01-11T13:00:00,93000,57.33,Chennai,CLEAN
CLM-5AABDB90,1000000190,Dr. Debra Morton,MEM000194,FAC046,2026-01-17T11:00:00,93000,57.63,Chennai,CLEAN
CLM-87688ACB,1000000053,Dr. Mark Perez,MEM000233,FAC015,2026-05-30T16:00:00,71045,73.57,Chennai,CLEAN
CLM-596D0063,1999999999,Dr. Synthetic-A (Phantom),MEM000052,FAC020,2026-06-12T10:00:00,99214,149.35,Chennai,CLEAN
CLM-2783AFB4,1000000113,Dr. Crystal Johnson,MEM000085,FAC030,2026-02-20T10:00:00,93000,61.07,Chennai,CLEAN
CLM-0BA23F4C,1000000153,Dr. Devon Flores,MEM000498,FAC019,2026-05-26T09:00:00,93000,59.16,Chennai,CLEAN
CLM-D28F5076,1000000028,Dr. Zachary Hicks,MEM000737,FAC028,2026-06-14T12:00:00,93000,63.67,Chennai,CLEAN
CLM-3D8B8932,1000000157,Dr. Jason Stein,MEM000773,FAC029,2026-01-01T13:00:00,71045,81.62,Chennai,CLEAN
CLM-16816DC7,1000000126,Dr. Michelle Evans,MEM000646,FAC011,2026-03-26T17:00:00,71045,80.23,Chennai,CLEAN
CLM-0A631C3B,1000000165,Dr. John Anderson,MEM000306,FAC016,2026-05-17T12:00:00,99215,210.11,Chennai,CLEAN
CLM-6A40C157,1000000143,Dr. Christopher Rubio,MEM000515,FAC019,2026-06-10T16:00:00,99213,109.54,Chennai,CLEAN
CLM-E3167A72,1000000046,Dr. John Pierce,MEM000499,FAC000,2026-03-23T17:00:00,71045,79.93,Chennai,CLEAN
CLM-66A03660,1000000045,Dr. Philip Cannon,MEM000067,FAC048,2026-04-21T13:00:00,99213,108.51,Chennai,CLEAN
CLM-B0E4E55D,1000000113,Dr. Crystal Johnson,MEM000350,FAC040,2026-06-25T17:00:00,99214,140.81,Chennai,CLEAN
CLM-7EF60A87,1000000027,Dr. Stephanie Ross,MEM000781,FAC014,2026-02-24T13:00:00,93000,57.66,Chennai,CLEAN
CLM-E7E80779,1000000196,Dr. Daniel Salinas,MEM000543,FAC030,2026-01-27T13:00:00,93000,56.52,Chennai,CLEAN
CLM-F13ABDE6,1000000172,Dr. Joshua Cooke,MEM000158,FAC020,2026-02-10T12:00:00,71045,84.57,Chennai,CLEAN
CLM-7573B6B2,1000000040,Dr. Paula Moreno,MEM000624,FAC042,2026-02-10T14:00:00,93000,65.77,Chennai,CLEAN
CLM-AB17677C,1000000167,Dr. Alyssa Day,MEM000609,FAC026,2026-03-10T12:00:00,99215,218.77,Chennai,CLEAN
CLM-EE0E48B3,1000000077,Dr. Megan Young,MEM000379,FAC009,2026-03-20T14:00:00,99215,234.49,Chennai,CLEAN
CLM-E043E7AE,1000000080,Dr. Kelly Donovan,MEM000460,FAC019,2026-04-19T15:00:00,71045,72.09,Chennai,CLEAN
CLM-5D997E98,1000000103,Dr. Christine Wright,MEM000056,FAC026,2026-04-01T11:00:00,71045,84.27,Chennai,CLEAN
CLM-BF6F4BD0,1000000004,Dr. Cristian Santos,MEM000838,FAC045,2026-02-21T12:00:00,99215,210.97,Chennai,CLEAN
CLM-05293E0E,1000000095,Dr. Anna Henderson,MEM000024,FAC020,2026-04-20T15:00:00,99215,222.55,Chennai,CLEAN
CLM-261B32E5,1000000189,Dr. Jessica Gross,MEM000204,FAC013,2026-06-08T17:00:00,71045,85.7,Chennai,CLEAN
CLM-585AB76B,1000000027,Dr. Stephanie Ross,MEM000076,FAC015,2026-02-11T14:00:00,71045,87.06,Chennai,CLEAN
CLM-5863A9D8,1000000151,Dr. Pamela Boyd,MEM000481,FAC002,2026-06-18T15:00:00,71045,76.0,Chennai,CLEAN
CLM-527CD440,1000000155,Dr. Michelle Brown,MEM000600,FAC024,2026-01-16T10:00:00,99213,102.79,Chennai,CLEAN
CLM-9BE8A67C,1000000070,Dr. Jordan Henderson,MEM000550,FAC023,2026-04-23T13:00:00,99213,99.44,Chennai,CLEAN
CLM-10EA6E50,1000000191,Dr. Karen Graham,MEM000075,FAC020,2026-04-16T11:00:00,99214,152.69,Chennai,CLEAN
CLM-5648AA18,1000000146,Dr. Victoria Larson,MEM000204,FAC035,2026-01-23T16:00:00,99214,144.84,Chennai,CLEAN
CLM-BE16F609,1000000139,Dr. Angel Perry,MEM000781,FAC042,2026-03-08T17:00:00,93000,63.81,Chennai,CLEAN
CLM-A0CE574E,1000000176,Dr. Michael Elliott,MEM000022,FAC008,2026-01-18T14:00:00,99215,237.82,Chennai,CLEAN
CLM-1AB92B81,1000000114,Dr. Garrett Lin,MEM000765,FAC013,2026-02-17T14:00:00,71045,75.64,Chennai,CLEAN
CLM-27E8EAE7,1000000092,Dr. Denise Jacobs,MEM000341,FAC012,2026-06-23T13:00:00,99215,224.56,Chennai,CLEAN
CLM-CFEEF11E,1000000005,Dr. Connie Lawrence,MEM000143,FAC007,2026-06-14T15:00:00,71045,78.34,Chennai,CLEAN
CLM-769D8E8A,1000000124,Dr. Helen Jones,MEM000817,FAC003,2026-05-16T09:00:00,93000,58.48,Chennai,CLEAN
CLM-2D99010B,1000000144,Dr. Amber Wright,MEM000447,FAC002,2026-05-10T14:00:00,93000,59.9,Chennai,CLEAN
CLM-86265106,1000000147,Dr. Stephanie Salazar,MEM000341,FAC040,2026-01-18T10:00:00,93000,55.11,Chennai,CLEAN
CLM-036CDC68,1000000142,Dr. Patricia Rodriguez,MEM000799,FAC007,2026-05-17T11:00:00,93000,64.16,Chennai,CLEAN
CLM-57AAD30A,1000000022,Dr. Ethan Adams,MEM000587,FAC029,2026-06-06T12:00:00,99213,105.34,Chennai,CLEAN
CLM-6434C8A6,1000000110,Dr. Richard Rodriguez,MEM000837,FAC017,2026-04-30T16:00:00,99214,154.51,Chennai,CLEAN
CLM-33D0A6A2,1000000018,Dr. Lisa Jackson,MEM000186,FAC041,2026-05-28T14:00:00,71045,80.44,Chennai,CLEAN
CLM-EE22AB61,1000000177,Dr. Michael Wang,MEM000757,FAC027,2026-01-06T15:00:00,93000,57.53,Chennai,CLEAN
CLM-0C7B2762,1000000159,Dr. Jamie Smith,MEM000848,FAC024,2026-01-05T09:00:00,99214,144.67,Chennai,CLEAN
CLM-30DDF004,1000000038,Dr. Elizabeth Fowler,MEM000265,FAC014,2026-05-30T14:00:00,93000,59.49,Chennai,CLEAN
CLM-3F2ED741,1000000170,Dr. Jamie Walton,MEM000205,FAC049,2026-05-28T14:00:00,93000,55.83,Chennai,CLEAN
CLM-7B0A8A19,1000000197,Dr. Spencer Haynes,MEM000151,FAC013,2026-03-20T11:00:00,99213,90.52,Chennai,CLEAN
CLM-236D61E3,1000000154,Dr. Brenda Hall,MEM000967,FAC002,2026-02-02T17:00:00,99215,240.01,Chennai,CLEAN
CLM-E07984F2,1000000083,Dr. Paul Jones,MEM000891,FAC020,2026-02-28T12:00:00,99214,144.09,Chennai,CLEAN
CLM-66963336,1000000108,Dr. Evelyn Galvan,MEM000277,FAC014,2026-02-25T14:00:00,99213,92.75,Chennai,CLEAN
CLM-99358770,1000000112,Dr. Julia Torres,MEM000126,FAC024,2026-01-07T16:00:00,99214,146.41,Chennai,CLEAN
CLM-DEA62625,1000000114,Dr. Garrett Lin,MEM000449,FAC025,2026-02-20T12:00:00,71045,81.44,Chennai,CLEAN
CLM-8B56136F,1000000031,Dr. James Ferrell,MEM000095,FAC011,2026-05-10T17:00:00,99213,93.26,Chennai,CLEAN
CLM-1075420C,1000000053,Dr. Mark Perez,MEM000123,FAC031,2026-06-04T14:00:00,99215,216.27,Chennai,CLEAN
CLM-8160A91D,1000000053,Dr. Mark Perez,MEM000092,FAC032,2026-04-03T16:00:00,99215,220.38,Chennai,CLEAN
CLM-03AF6B2C,1000000116,Dr. William Herrera,MEM000016,FAC000,2026-04-08T15:00:00,71045,87.39,Chennai,CLEAN
CLM-AC0086A0,1000000025,Dr. Judy Baker,MEM000363,FAC023,2026-03-21T10:00:00,71045,87.14,Chennai,CLEAN
CLM-123B1A7A,1000000166,Dr. Alyssa Long,MEM000307,FAC014,2026-06-29T10:00:00,71045,86.02,Chennai,CLEAN
CLM-6F507B1B,1000000004,Dr. Cristian Santos,MEM000974,FAC017,2026-06-15T14:00:00,99213,92.81,Chennai,CLEAN
CLM-4B8D5B74,1000000063,Dr. Donald Wright,MEM000181,FAC036,2026-01-03T11:00:00,93000,55.87,Chennai,CLEAN
CLM-FBA05B45,1000000177,Dr. Michael Wang,MEM000481,FAC048,2026-01-10T09:00:00,93000,63.63,Chennai,CLEAN
CLM-5D5A0F44,1000000189,Dr. Jessica Gross,MEM000676,FAC018,2026-04-06T15:00:00,99214,147.58,Chennai,CLEAN
CLM-340D7B18,1000000044,Dr. Angelica Tucker,MEM000958,FAC033,2026-02-08T11:00:00,99215,236.68,Chennai,CLEAN
CLM-C03D6716,1000000028,Dr. Zachary Hicks,MEM000805,FAC010,2026-01-08T16:00:00,99214,144.18,Chennai,CLEAN
CLM-A8E37D1D,1000000160,Dr. Paul Castaneda,MEM000382,FAC016,2026-06-09T14:00:00,99213,105.67,Chennai,CLEAN
CLM-C9356583,1000000084,Dr. Zachary Ferrell,MEM000029,FAC030,2026-01-09T11:00:00,71045,72.74,Chennai,CLEAN
CLM-017CDBA3,1000000096,Dr. Aaron Wise,MEM000780,FAC038,2026-05-15T11:00:00,99214,138.0,Chennai,CLEAN
CLM-BD944445,1000000089,Dr. Aimee Montoya,MEM000918,FAC014,2026-01-24T15:00:00,99213,92.25,Chennai,CLEAN
CLM-F0B93BF7,1000000121,Dr. Kenneth Scott,MEM000475,FAC026,2026-05-18T16:00:00,99214,160.71,Chennai,CLEAN
CLM-0F20C885,1000000163,Dr. Jeffrey Johnson,MEM000000,FAC019,2026-05-02T16:00:00,99215,203.64,Chennai,CLEAN
CLM-178D6F2C,1000000168,Dr. Joel Williams,MEM000552,FAC023,2026-06-07T10:00:00,71045,79.88,Chennai,CLEAN
CLM-F75C5408,1000000146,Dr. Victoria Larson,MEM000200,FAC008,2026-02-26T17:00:00,99214,159.16,Chennai,CLEAN
CLM-BD5D2F01,1000000036,Dr. Sherri Baker,MEM000230,FAC042,2026-01-22T10:00:00,71045,76.52,Chennai,CLEAN
CLM-77ACCDAB,1000000157,Dr. Jason Stein,MEM000107,FAC015,2026-02-27T13:00:00,99214,156.9,Chennai,CLEAN
CLM-49C17147,1000000077,Dr. Megan Young,MEM000336,FAC045,2026-04-29T17:00:00,93000,60.93,Chennai,CLEAN
CLM-9CDE400E,1000000068,Dr. James Brown,MEM000778,FAC008,2026-03-25T15:00:00,99215,227.09,Chennai,CLEAN
CLM-5D70EA46,1000000148,Dr. Kathy Rivas,MEM000754,FAC002,2026-04-09T09:00:00,99214,164.39,Chennai,CLEAN
CLM-539B0810,1000000003,Dr. Daniel Wagner,MEM000146,FAC040,2026-01-09T12:00:00,99214,146.9,Chennai,CLEAN
CLM-C0AA10BA,1000000002,Dr. Angie Henderson,MEM000585,FAC030,2026-05-04T14:00:00,99214,153.86,Chennai,CLEAN
CLM-A5030A85,1000000147,Dr. Stephanie Salazar,MEM000415,FAC028,2026-02-24T16:00:00,93000,57.15,Chennai,CLEAN
CLM-DC327485,1000000112,Dr. Julia Torres,MEM000120,FAC047,2026-03-13T17:00:00,99215,212.84,Chennai,CLEAN
CLM-C6DD487A,1000000047,Dr. Shane Henderson,MEM000261,FAC021,2026-05-05T17:00:00,71045,82.61,Chennai,CLEAN
CLM-ED3FC316,1000000171,Dr. Darlene Miller,MEM000876,FAC021,2026-05-13T13:00:00,99213,105.64,Chennai,CLEAN
CLM-8FF64E0F,1000000109,Dr. Sharon Cochran,MEM000657,FAC001,2026-05-20T11:00:00,99213,94.54,Chennai,CLEAN
CLM-62D32A87,1000000117,Dr. Ashley Waller,MEM000849,FAC007,2026-01-31T17:00:00,99215,203.56,Chennai,CLEAN
CLM-7E4CF31C,1000000088,Dr. Lisa Archer,MEM000314,FAC028,2026-04-22T17:00:00,99213,109.33,Chennai,CLEAN
CLM-B4BEB323,1000000129,Dr. Megan Orr,MEM000186,FAC025,2026-05-11T12:00:00,99214,160.2,Chennai,CLEAN
CLM-151EC5E0,1000000056,Dr. Timothy Duncan,MEM000794,FAC001,2026-02-20T14:00:00,93000,61.21,Chennai,CLEAN
CLM-837716E0,1000000038,Dr. Elizabeth Fowler,MEM000576,FAC033,2026-05-15T09:00:00,93000,58.35,Chennai,CLEAN
CLM-D01E78B3,1000000058,Dr. Brent Jordan,MEM000710,FAC033,2026-02-12T14:00:00,99214,138.0,Chennai,CLEAN
CLM-97F842BE,1000000042,Dr. Sherry Decker,MEM000650,FAC040,2026-06-08T12:00:00,99214,151.22,Chennai,CLEAN
CLM-1F440807,1000000156,Dr. Joshua Perry,MEM000434,FAC012,2026-03-13T09:00:00,71045,76.74,Chennai,CLEAN
CLM-DBA2B9EA,1000000133,Dr. Daniel Kennedy,MEM000995,FAC026,2026-05-02T16:00:00,99215,203.99,Chennai,CLEAN
CLM-CA6461E3,1000000076,Dr. Angela Lopez,MEM000000,FAC004,2026-03-06T17:00:00,99215,207.19,Chennai,CLEAN
CLM-3CA78F5E,1000000187,Dr. Samantha Garcia,MEM000627,FAC038,2026-01-18T09:00:00,71045,74.24,Chennai,CLEAN
CLM-5D03507C,1000000123,Dr. Michelle Harmon,MEM000842,FAC010,2026-03-04T15:00:00,99214,154.38,Chennai,CLEAN
CLM-056DB4A6,1000000100,Dr. Sandra Aguilar,MEM000605,FAC012,2026-03-05T14:00:00,99213,94.53,Chennai,CLEAN
CLM-DA093459,1000000070,Dr. Jordan Henderson,MEM000143,FAC025,2026-02-01T11:00:00,99214,148.3,Chennai,CLEAN
CLM-D71BA7CE,1000000172,Dr. Joshua Cooke,MEM000282,FAC048,2026-03-25T09:00:00,99213,100.41,Chennai,CLEAN
CLM-7C7E594E,1000000134,Dr. Rebecca Jackson,MEM000105,FAC049,2026-06-10T16:00:00,99214,154.81,Chennai,CLEAN
CLM-D32D647D,1000000076,Dr. Angela Lopez,MEM000841,FAC007,2026-05-19T16:00:00,99214,137.11,Chennai,CLEAN
CLM-F52319E7,1000000193,Dr. Angelica Keith,MEM000932,FAC046,2026-03-29T13:00:00,99213,97.63,Chennai,CLEAN
CLM-1AC39D57,1000000065,Dr. Amber Kidd,MEM000115,FAC040,2026-04-30T15:00:00,93000,56.02,Chennai,CLEAN
CLM-0FC52E50,1000000181,Dr. Tina Sanders,MEM000708,FAC031,2026-03-16T12:00:00,93000,55.24,Chennai,CLEAN
CLM-3846FA6E,1000000187,Dr. Samantha Garcia,MEM000617,FAC038,2026-04-03T12:00:00,71045,85.39,Chennai,CLEAN
CLM-A6BBA33D,1000000110,Dr. Richard Rodriguez,MEM000431,FAC003,2026-06-13T10:00:00,99215,235.06,Chennai,CLEAN
CLM-35636969,1000000187,Dr. Samantha Garcia,MEM000282,FAC016,2026-06-13T17:00:00,99215,216.46,Chennai,CLEAN
CLM-F76DCC6F,1000000064,Dr. Jessica Callahan,MEM000365,FAC005,2026-01-04T10:00:00,71045,75.88,Chennai,CLEAN
CLM-8F4E280A,1000000126,Dr. Michelle Evans,MEM000226,FAC037,2026-04-22T13:00:00,99213,109.95,Chennai,CLEAN
CLM-0C3AD131,1000000181,Dr. Tina Sanders,MEM000499,FAC035,2026-06-05T15:00:00,93000,60.23,Chennai,CLEAN
CLM-4C5E2917,1000000170,Dr. Jamie Walton,MEM000391,FAC002,2026-06-04T10:00:00,93000,64.06,Chennai,CLEAN
CLM-F8C3025C,1000000164,Dr. Michael Powell,MEM000976,FAC006,2026-05-28T10:00:00,99213,109.33,Chennai,CLEAN
CLM-EA4600E7,1000000061,Dr. Gerald Hensley,MEM000369,FAC037,2026-06-22T15:00:00,71045,83.49,Chennai,CLEAN
CLM-575F0792,1000000010,Dr. Monica Herrera,MEM000355,FAC041,2026-04-23T16:00:00,93000,64.36,Chennai,CLEAN
CLM-164B7191,1000000009,Dr. Ryan Munoz,MEM000962,FAC025,2026-06-10T15:00:00,99213,94.32,Chennai,CLEAN
CLM-83005C0D,1000000046,Dr. John Pierce,MEM000024,FAC040,2026-03-26T10:00:00,99215,238.51,Chennai,CLEAN
CLM-7C0F2CC6,1000000007,Dr. Gina Moore,MEM000746,FAC029,2026-03-06T14:00:00,99215,213.5,Chennai,CLEAN
CLM-A9ED8AC1,1000000063,Dr. Donald Wright,MEM000283,FAC028,2026-01-13T14:00:00,71045,83.19,Chennai,CLEAN
CLM-C3E09CD2,1000000162,Dr. Lindsey Walker,MEM000269,FAC049,2026-02-11T12:00:00,93000,63.25,Chennai,CLEAN
CLM-8D57A9D2,1000000140,Dr. Cheyenne Horton,MEM000663,FAC020,2026-04-13T14:00:00,99214,160.34,Chennai,CLEAN
CLM-4F380E1D,1000000022,Dr. Ethan Adams,MEM000341,FAC022,2026-06-07T17:00:00,99214,144.5,Chennai,CLEAN
CLM-FE97399C,1000000078,Dr. Steve Sanchez,MEM000103,FAC046,2026-01-24T15:00:00,99215,225.36,Chennai,CLEAN
CLM-56918C41,1000000163,Dr. Jeffrey Johnson,MEM000190,FAC048,2026-04-08T12:00:00,99215,235.66,Chennai,CLEAN
CLM-8587B4EE,1000000124,Dr. Helen Jones,MEM000359,FAC021,2026-04-23T14:00:00,99214,163.78,Chennai,CLEAN
CLM-25B6D6D6,1000000082,Dr. Michael Evans,MEM000016,FAC007,2026-02-18T13:00:00,93000,62.4,Chennai,CLEAN
CLM-9E68104E,1000000143,Dr. Christopher Rubio,MEM000303,FAC048,2026-05-24T17:00:00,99214,146.94,Chennai,CLEAN
CLM-4413405D,1000000178,Dr. Lawrence Adkins,MEM000077,FAC012,2026-01-24T10:00:00,93000,64.98,Chennai,CLEAN
CLM-0EDE52BF,1000000169,Dr. Daniel Murphy,MEM000414,FAC016,2026-02-07T14:00:00,93000,58.25,Chennai,CLEAN
CLM-6376BCA9,1000000034,Dr. Debra Davidson,MEM000943,FAC024,2026-01-27T13:00:00,93000,60.84,Chennai,CLEAN
CLM-C9A74685,1000000021,Dr. Patty Perez,MEM000331,FAC014,2026-04-24T09:00:00,99214,151.44,Chennai,CLEAN
CLM-23DAD5F1,1000000170,Dr. Jamie Walton,MEM000280,FAC001,2026-05-07T12:00:00,99214,142.36,Chennai,CLEAN
CLM-2834F2DF,1000000057,Dr. Richard Aguirre,MEM000450,FAC041,2026-02-25T11:00:00,99213,95.94,Chennai,CLEAN
CLM-C80B7DA9,1000000005,Dr. Connie Lawrence,MEM000878,FAC039,2026-05-04T16:00:00,71045,80.9,Chennai,CLEAN
CLM-EEA6E28E,1000000145,Dr. Joyce Solis,MEM000196,FAC026,2026-02-17T17:00:00,93000,58.8,Chennai,CLEAN
CLM-4CA489FE,1000000147,Dr. Stephanie Salazar,MEM000909,FAC024,2026-03-08T14:00:00,99215,216.98,Chennai,CLEAN
CLM-5A5D6428,1000000093,Dr. Christina Walters,MEM000921,FAC015,2026-03-23T17:00:00,99215,201.39,Chennai,CLEAN
CLM-34352C4F,1000000177,Dr. Michael Wang,MEM000137,FAC020,2026-06-29T12:00:00,93000,60.95,Chennai,CLEAN
CLM-AB1D45BF,1000000024,Dr. Matthew Foster,MEM000939,FAC032,2026-05-02T17:00:00,99215,202.61,Chennai,CLEAN
CLM-2B8878C2,1000000154,Dr. Brenda Hall,MEM000233,FAC046,2026-03-31T17:00:00,99214,148.96,Chennai,CLEAN
CLM-25139D9F,1000000147,Dr. Stephanie Salazar,MEM000856,FAC003,2026-04-28T16:00:00,71045,81.46,Chennai,CLEAN
CLM-D5260A1E,1000000016,Dr. Holly Wood,MEM000976,FAC010,2026-01-06T17:00:00,71045,80.94,Chennai,CLEAN
CLM-10EF37E1,1000000014,Dr. Dylan Miller,MEM000917,FAC022,2026-05-03T11:00:00,99213,103.64,Chennai,CLEAN
CLM-C05C1BC2,1000000016,Dr. Holly Wood,MEM000977,FAC046,2026-03-12T13:00:00,99213,104.27,Chennai,CLEAN
CLM-B80F5BDD,1000000125,Dr. Erin Edwards,MEM000441,FAC045,2026-02-04T15:00:00,99214,154.85,Chennai,CLEAN
CLM-701F80B3,1000000079,Dr. Lisa Barnes,MEM000551,FAC044,2026-06-22T13:00:00,99215,208.23,Chennai,CLEAN
CLM-15D25FAB,1000000130,Dr. Elizabeth Kelley,MEM000968,FAC026,2026-02-06T17:00:00,93000,57.77,Chennai,CLEAN
CLM-706AF2BE,1000000001,Dr. Noah Rhodes,MEM000994,FAC039,2026-01-14T14:00:00,93000,55.44,Chennai,CLEAN
CLM-261405C9,1000000018,Dr. Lisa Jackson,MEM000628,FAC004,2026-05-16T15:00:00,99214,156.98,Chennai,CLEAN
CLM-D8CE92D0,1000000063,Dr. Donald Wright,MEM000615,FAC049,2026-02-15T11:00:00,99213,102.99,Chennai,CLEAN
CLM-3300C96B,1000000126,Dr. Michelle Evans,MEM000746,FAC007,2026-03-26T10:00:00,99213,108.92,Chennai,CLEAN
CLM-92FFF863,1000000146,Dr. Victoria Larson,MEM000717,FAC043,2026-04-10T15:00:00,71045,83.14,Chennai,CLEAN
CLM-9F385EDF,1000000035,Dr. Jeffrey Chavez,MEM000867,FAC021,2026-02-16T10:00:00,99215,213.63,Chennai,CLEAN
CLM-D0E63E40,1000000181,Dr. Tina Sanders,MEM000440,FAC016,2026-05-08T10:00:00,99214,142.82,Chennai,CLEAN
CLM-115B8849,1000000051,Dr. Danny Morgan,MEM000232,FAC022,2026-06-15T10:00:00,99215,217.88,Chennai,CLEAN
CLM-47AE1E61,1000000024,Dr. Matthew Foster,MEM000536,FAC016,2026-01-06T09:00:00,93000,54.71,Chennai,CLEAN
CLM-9353D0B2,1000000095,Dr. Anna Henderson,MEM000097,FAC010,2026-01-01T17:00:00,99213,90.09,Chennai,CLEAN
CLM-44B63C0C,1000000098,Dr. Jessica Smith,MEM000313,FAC001,2026-05-26T14:00:00,99213,109.11,Chennai,CLEAN
CLM-35BEDD35,1000000048,Dr. Joshua Blair,MEM000651,FAC039,2026-05-08T11:00:00,93000,56.62,Chennai,CLEAN
CLM-2D0C2D4A,1000000088,Dr. Lisa Archer,MEM000099,FAC043,2026-02-09T14:00:00,93000,56.12,Chennai,CLEAN
CLM-E5ECFA46,1000000112,Dr. Julia Torres,MEM000723,FAC049,2026-02-15T17:00:00,99214,159.43,Chennai,CLEAN
CLM-770F046F,1000000113,Dr. Crystal Johnson,MEM000031,FAC039,2026-01-10T17:00:00,99213,106.14,Chennai,CLEAN
CLM-06ED0DD7,1000000079,Dr. Lisa Barnes,MEM000957,FAC018,2026-01-28T14:00:00,99214,152.7,Chennai,CLEAN
CLM-E2C033FE,1000000042,Dr. Sherry Decker,MEM000921,FAC006,2026-05-08T12:00:00,93000,55.86,Chennai,CLEAN
CLM-2DABA963,1000000156,Dr. Joshua Perry,MEM000942,FAC021,2026-04-27T17:00:00,71045,84.55,Chennai,CLEAN
CLM-992B0F84,1000000029,Dr. Anthony Rodriguez,MEM000684,FAC035,2026-01-17T14:00:00,99214,145.97,Chennai,CLEAN
CLM-203BD802,1000000061,Dr. Gerald Hensley,MEM000983,FAC031,2026-02-18T15:00:00,99213,97.17,Chennai,CLEAN
CLM-292C4D51,1000000122,Dr. April Frost,MEM000830,FAC042,2026-06-01T10:00:00,93000,55.09,Chennai,CLEAN
CLM-5A25A21A,1000000167,Dr. Alyssa Day,MEM000328,FAC033,2026-05-25T17:00:00,93000,58.73,Chennai,CLEAN
CLM-B5FDCF4F,1000000139,Dr. Angel Perry,MEM000658,FAC012,2026-03-14T14:00:00,99214,148.44,Chennai,CLEAN
CLM-7BF81739,1000000050,Dr. Jessica Holmes,MEM000299,FAC040,2026-04-20T15:00:00,71045,78.03,Chennai,CLEAN
CLM-789F0C1B,1000000125,Dr. Erin Edwards,MEM000024,FAC031,2026-01-27T14:00:00,93000,59.81,Chennai,CLEAN
CLM-955CA486,1000000099,Dr. Stephen Mckee,MEM000313,FAC031,2026-03-15T09:00:00,93000,63.98,Chennai,CLEAN
CLM-B40F5ACF,1000000048,Dr. Joshua Blair,MEM000969,FAC005,2026-03-20T17:00:00,99214,154.23,Chennai,CLEAN
CLM-66E320B7,1000000189,Dr. Jessica Gross,MEM000049,FAC034,2026-01-08T09:00:00,99215,214.94,Chennai,CLEAN
CLM-8E49CF2E,1000000090,Dr. Matthew Mcmillan,MEM000987,FAC034,2026-01-14T15:00:00,93000,60.29,Chennai,CLEAN
CLM-A93DF4AC,1000000045,Dr. Philip Cannon,MEM000520,FAC023,2026-06-24T09:00:00,99214,137.96,Chennai,CLEAN
CLM-E34D4418,1000000047,Dr. Shane Henderson,MEM000913,FAC014,2026-03-23T10:00:00,99214,149.86,Chennai,CLEAN
CLM-4E4DC6BF,1000000146,Dr. Victoria Larson,MEM000655,FAC039,2026-01-04T09:00:00,71045,75.3,Chennai,CLEAN
CLM-83375502,1000000176,Dr. Michael Elliott,MEM000119,FAC018,2026-01-02T12:00:00,99215,241.31,Chennai,CLEAN
CLM-F1A720D4,1000000099,Dr. Stephen Mckee,MEM000846,FAC014,2026-04-06T15:00:00,99213,93.12,Chennai,CLEAN
CLM-53604386,1000000153,Dr. Devon Flores,MEM000252,FAC039,2026-06-21T13:00:00,71045,82.89,Chennai,CLEAN
CLM-43A32148,1000000181,Dr. Tina Sanders,MEM000884,FAC040,2026-03-21T12:00:00,99215,216.0,Chennai,CLEAN
CLM-ECAA8B69,1000000002,Dr. Angie Henderson,MEM000425,FAC026,2026-04-07T13:00:00,99214,159.5,Chennai,CLEAN
CLM-7FB435BD,1000000124,Dr. Helen Jones,MEM000259,FAC038,2026-01-03T15:00:00,99213,103.92,Chennai,CLEAN
CLM-87D17637,1000000114,Dr. Garrett Lin,MEM000131,FAC042,2026-06-26T12:00:00,99213,102.75,Chennai,CLEAN
CLM-15F0C11E,1000000029,Dr. Anthony Rodriguez,MEM000162,FAC031,2026-01-18T11:00:00,93000,57.93,Chennai,CLEAN
CLM-7EE24616,1000000189,Dr. Jessica Gross,MEM000262,FAC043,2026-06-27T15:00:00,99215,221.6,Chennai,CLEAN
CLM-D73EA7B4,1000000072,Dr. Brittney Phillips,MEM000876,FAC036,2026-03-08T10:00:00,99213,97.9,Chennai,CLEAN
CLM-D1EAE1C5,1000000051,Dr. Danny Morgan,MEM000973,FAC005,2026-05-23T16:00:00,99214,138.81,Chennai,CLEAN
CLM-19E6CE52,1000000009,Dr. Ryan Munoz,MEM000480,FAC030,2026-01-28T10:00:00,99214,136.14,Chennai,CLEAN
CLM-2C3CDDFC,1000000099,Dr. Stephen Mckee,MEM000188,FAC005,2026-06-27T10:00:00,99214,148.08,Chennai,CLEAN
CLM-AC65C2D1,1000000094,Dr. John Whitehead,MEM000448,FAC047,2026-02-06T16:00:00,93000,63.23,Chennai,CLEAN
CLM-435D3387,1000000169,Dr. Daniel Murphy,MEM000956,FAC032,2026-02-18T12:00:00,99215,199.93,Chennai,CLEAN
CLM-10B0727A,1000000003,Dr. Daniel Wagner,MEM000971,FAC009,2026-03-29T13:00:00,99214,145.5,Chennai,CLEAN
CLM-EF07FF44,1000000051,Dr. Danny Morgan,MEM000923,FAC041,2026-01-15T15:00:00,71045,74.45,Chennai,CLEAN
CLM-0D139AB9,1000000074,Dr. Amy Silva,MEM000517,FAC004,2026-02-27T11:00:00,99214,145.08,Chennai,CLEAN
CLM-9E32E2BB,1000000184,Dr. Lindsay Martinez,MEM000449,FAC001,2026-04-23T10:00:00,99214,153.05,Chennai,CLEAN
CLM-62D62D24,1000000073,Dr. Lauren Daniels,MEM000570,FAC010,2026-02-06T17:00:00,99215,200.5,Chennai,CLEAN
CLM-623FC30A,1000000175,Dr. Alex Hernandez,MEM000066,FAC026,2026-05-13T17:00:00,99213,102.37,Chennai,CLEAN
CLM-AE3DD6EE,1000000043,Dr. Anthony Humphrey,MEM000741,FAC020,2026-04-05T09:00:00,99214,162.05,Chennai,CLEAN
CLM-A3289172,1000000175,Dr. Alex Hernandez,MEM000239,FAC000,2026-04-08T09:00:00,93000,54.7,Chennai,CLEAN
CLM-3EFFFB72,1000000099,Dr. Stephen Mckee,MEM000787,FAC036,2026-01-31T12:00:00,99213,101.27,Chennai,CLEAN
CLM-6BFD1D87,1000000018,Dr. Lisa Jackson,MEM000020,FAC041,2026-05-02T15:00:00,99215,228.17,Chennai,CLEAN
CLM-1C305C6B,1000000099,Dr. Stephen Mckee,MEM000460,FAC047,2026-03-02T16:00:00,93000,57.0,Chennai,CLEAN
CLM-AE283E6B,1000000162,Dr. Lindsey Walker,MEM000465,FAC030,2026-02-09T16:00:00,93000,64.55,Chennai,CLEAN
CLM-61422C74,1000000057,Dr. Richard Aguirre,MEM000147,FAC018,2026-06-13T11:00:00,71045,87.99,Chennai,CLEAN
CLM-29E366D2,1000000041,Dr. Fred Smith,MEM000376,FAC047,2026-01-06T15:00:00,99215,204.34,Chennai,CLEAN
CLM-F714A05C,1000000117,Dr. Ashley Waller,MEM000420,FAC045,2026-05-19T12:00:00,71045,74.0,Chennai,CLEAN
CLM-188509B5,1000000160,Dr. Paul Castaneda,MEM000361,FAC013,2026-04-14T15:00:00,71045,79.37,Chennai,CLEAN
CLM-D049EE65,1000000115,Dr. Diana May,MEM000454,FAC024,2026-04-29T14:00:00,99215,212.34,Chennai,CLEAN
CLM-3A039213,1000000102,Dr. Rebecca Valencia,MEM000136,FAC046,2026-05-16T12:00:00,99214,141.51,Chennai,CLEAN
CLM-81ABD327,1000000048,Dr. Joshua Blair,MEM000582,FAC012,2026-06-18T14:00:00,71045,80.77,Chennai,CLEAN
CLM-D8D91ECD,1000000195,Dr. Allen Rosales,MEM000811,FAC026,2026-04-06T13:00:00,99214,146.78,Chennai,CLEAN
CLM-461D8158,1000000120,Dr. Larry Dixon,MEM000111,FAC034,2026-06-16T16:00:00,99215,237.81,Chennai,CLEAN
CLM-3D1A7662,1000000198,Dr. Adam Vaughan,MEM000890,FAC039,2026-04-16T09:00:00,99214,141.52,Chennai,CLEAN
CLM-A9289CB8,1000000141,Dr. David Douglas Jr.,MEM000911,FAC010,2026-06-18T15:00:00,93000,59.18,Chennai,CLEAN
CLM-81477F9F,1000000113,Dr. Crystal Johnson,MEM000024,FAC044,2026-02-22T15:00:00,93000,62.0,Chennai,CLEAN
CLM-7AECA065,1000000069,Dr. William Baker,MEM000763,FAC043,2026-05-25T11:00:00,71045,81.2,Chennai,CLEAN
CLM-7F061099,1000000050,Dr. Jessica Holmes,MEM000154,FAC026,2026-03-23T16:00:00,99214,161.04,Chennai,CLEAN
CLM-D0EA8A2F,1000000033,Dr. Nathan Maldonado,MEM000780,FAC031,2026-03-22T17:00:00,99213,103.52,Chennai,CLEAN
CLM-5A7485F0,1888888888,Dr. Synthetic-B (Teleport),MEM000066,FAC005,2026-01-06T09:00:00,99213,96.63,Chennai,CLEAN
CLM-4B5B8102,1000000023,Dr. Tommy Walter,MEM000320,FAC022,2026-02-21T11:00:00,99214,144.23,Chennai,CLEAN
CLM-0FBFB053,1000000016,Dr. Holly Wood,MEM000371,FAC039,2026-03-22T16:00:00,71045,77.42,Chennai,CLEAN
CLM-3800A16C,1000000044,Dr. Angelica Tucker,MEM000296,FAC019,2026-01-26T17:00:00,99214,162.02,Chennai,CLEAN
CLM-0B73ACEA,1000000038,Dr. Elizabeth Fowler,MEM000167,FAC026,2026-01-31T17:00:00,93000,58.92,Chennai,CLEAN
CLM-3E011799,1000000143,Dr. Christopher Rubio,MEM000565,FAC040,2026-05-01T13:00:00,99214,164.28,Chennai,CLEAN
CLM-0BB6EFBE,1000000169,Dr. Daniel Murphy,MEM000968,FAC009,2026-04-24T10:00:00,99213,92.71,Chennai,CLEAN
CLM-E5185212,1000000097,Dr. Deborah Figueroa,MEM000484,FAC024,2026-05-03T11:00:00,99213,101.72,Chennai,CLEAN
CLM-78BF51D2,1000000092,Dr. Denise Jacobs,MEM000953,FAC028,2026-05-30T11:00:00,71045,86.3,Chennai,CLEAN
CLM-38D13F5D,1000000125,Dr. Erin Edwards,MEM000969,FAC042,2026-05-26T14:00:00,99215,241.46,Chennai,CLEAN
CLM-E9C77F2A,1000000094,Dr. John Whitehead,MEM000070,FAC011,2026-02-04T13:00:00,71045,86.67,Chennai,CLEAN
CLM-46C19A2A,1000000028,Dr. Zachary Hicks,MEM000957,FAC042,2026-02-20T14:00:00,99215,229.3,Chennai,CLEAN
CLM-E93CDFFA,1888888888,Dr. Synthetic-B (Teleport),MEM000085,FAC022,2026-06-04T16:00:00,99213,102.44,Chennai,CLEAN
CLM-43913E44,1000000151,Dr. Pamela Boyd,MEM000427,FAC010,2026-04-04T13:00:00,99214,150.4,Chennai,CLEAN
CLM-357D536D,1000000133,Dr. Daniel Kennedy,MEM000925,FAC001,2026-05-06T14:00:00,99214,136.56,Chennai,CLEAN
CLM-3B173648,1000000061,Dr. Gerald Hensley,MEM000717,FAC019,2026-03-09T16:00:00,71045,77.4,Chennai,CLEAN
CLM-96BD957E,1000000069,Dr. William Baker,MEM000767,FAC048,2026-06-18T16:00:00,99213,96.66,Chennai,CLEAN
CLM-EE2DB412,1000000008,Dr. Gabrielle Davis,MEM000133,FAC039,2026-01-03T09:00:00,99215,214.75,Chennai,CLEAN
CLM-73F1F7B3,1000000120,Dr. Larry Dixon,MEM000389,FAC024,2026-01-10T13:00:00,71045,77.37,Chennai,CLEAN
CLM-B98CE58A,1000000131,Dr. Dustin Jordan,MEM000874,FAC027,2026-04-15T14:00:00,99214,163.29,Chennai,CLEAN
CLM-34F141D9,1000000184,Dr. Lindsay Martinez,MEM000267,FAC035,2026-02-19T16:00:00,99215,209.73,Chennai,CLEAN
CLM-A8A1D6EC,1000000115,Dr. Diana May,MEM000940,FAC042,2026-01-22T14:00:00,93000,64.75,Chennai,CLEAN
CLM-BA5059F4,1000000005,Dr. Connie Lawrence,MEM000830,FAC008,2026-01-28T12:00:00,99213,93.54,Chennai,CLEAN
CLM-4F9DA204,1000000016,Dr. Holly Wood,MEM000157,FAC036,2026-03-02T10:00:00,99213,90.19,Chennai,CLEAN
CLM-94F19F40,1000000003,Dr. Daniel Wagner,MEM000754,FAC021,2026-06-08T10:00:00,99214,152.48,Chennai,CLEAN
CLM-D47E4321,1000000117,Dr. Ashley Waller,MEM000646,FAC021,2026-06-20T10:00:00,93000,55.46,Chennai,CLEAN
CLM-90EFE08A,1000000180,Dr. Alexander Collins,MEM000142,FAC012,2026-01-21T11:00:00,99213,104.37,Chennai,CLEAN
CLM-586C702F,1000000023,Dr. Tommy Walter,MEM000003,FAC027,2026-06-25T12:00:00,99214,136.5,Chennai,CLEAN
CLM-5A2DC06E,1000000020,Dr. Margaret Hawkins DDS,MEM000396,FAC020,2026-06-10T17:00:00,99214,149.28,Chennai,CLEAN
CLM-371509E6,1000000050,Dr. Jessica Holmes,MEM000725,FAC031,2026-06-04T11:00:00,71045,76.61,Chennai,CLEAN
CLM-F4CFDC1D,1000000173,Dr. Matthew Harrington,MEM000606,FAC003,2026-04-24T11:00:00,93000,54.08,Chennai,CLEAN
CLM-4A35FCB1,1000000045,Dr. Philip Cannon,MEM000997,FAC012,2026-03-09T11:00:00,93000,60.91,Chennai,CLEAN
CLM-13FD184C,1000000048,Dr. Joshua Blair,MEM000716,FAC007,2026-06-29T10:00:00,99214,140.61,Chennai,CLEAN
CLM-7AB48B3E,1000000082,Dr. Michael Evans,MEM000774,FAC014,2026-02-11T15:00:00,93000,57.56,Chennai,CLEAN
CLM-AB9BBEEA,1000000105,Dr. Marc Moore,MEM000518,FAC040,2026-03-15T12:00:00,71045,76.02,Chennai,CLEAN
CLM-27B3A5A8,1000000088,Dr. Lisa Archer,MEM000753,FAC015,2026-05-16T09:00:00,99215,210.38,Chennai,CLEAN
CLM-8180045D,1000000041,Dr. Fred Smith,MEM000066,FAC003,2026-01-17T16:00:00,99215,237.72,Chennai,CLEAN
CLM-1F27DB68,1000000015,Dr. Brian Ramirez,MEM000634,FAC048,2026-04-21T10:00:00,71045,72.19,Chennai,CLEAN
CLM-9B75D167,1000000190,Dr. Debra Morton,MEM000690,FAC005,2026-03-23T14:00:00,93000,62.14,Chennai,CLEAN
CLM-B875CE43,1000000016,Dr. Holly Wood,MEM000582,FAC016,2026-03-23T16:00:00,99215,230.66,Chennai,CLEAN
CLM-97BD9FBB,1000000122,Dr. April Frost,MEM000379,FAC031,2026-03-18T16:00:00,99215,222.02,Chennai,CLEAN
CLM-3ADEB8AE,1000000190,Dr. Debra Morton,MEM000194,FAC014,2026-05-31T11:00:00,99213,103.82,Chennai,CLEAN
CLM-1F315EFE,1000000104,Dr. Richard Henson,MEM000476,FAC029,2026-03-25T15:00:00,71045,85.9,Chennai,CLEAN
CLM-BD9A1442,1000000118,Dr. Victor Baker,MEM000463,FAC009,2026-02-06T15:00:00,71045,87.19,Chennai,CLEAN
CLM-70F43C61,1000000035,Dr. Jeffrey Chavez,MEM000807,FAC020,2026-04-08T11:00:00,71045,77.85,Chennai,CLEAN
CLM-206CE50D,1000000111,Dr. Shannon Walker,MEM000810,FAC042,2026-02-14T11:00:00,93000,65.35,Chennai,CLEAN
CLM-92FF0E66,1000000055,Dr. Michael Lewis,MEM000097,FAC001,2026-04-11T16:00:00,99214,143.13,Chennai,CLEAN
CLM-96BF263E,1000000050,Dr. Jessica Holmes,MEM000022,FAC031,2026-04-11T11:00:00,99215,234.51,Chennai,CLEAN
CLM-64F9F8A5,1000000140,Dr. Cheyenne Horton,MEM000284,FAC014,2026-02-18T16:00:00,93000,62.68,Chennai,CLEAN
CLM-1B29BF2C,1000000110,Dr. Richard Rodriguez,MEM000445,FAC010,2026-05-05T09:00:00,99215,240.3,Chennai,CLEAN
CLM-680E7B88,1000000017,Dr. Derek Zuniga,MEM000975,FAC020,2026-06-30T16:00:00,93000,57.47,Chennai,CLEAN
CLM-CFC32970,1000000060,Dr. Victoria Garcia,MEM000531,FAC031,2026-02-25T15:00:00,71045,72.21,Chennai,CLEAN
CLM-69BC2591,1000000078,Dr. Steve Sanchez,MEM000646,FAC010,2026-03-28T13:00:00,93000,59.15,Chennai,CLEAN
CLM-51AB13F6,1000000031,Dr. James Ferrell,MEM000613,FAC008,2026-05-16T13:00:00,99215,229.89,Chennai,CLEAN
CLM-F9E26729,1000000176,Dr. Michael Elliott,MEM000884,FAC008,2026-04-05T16:00:00,99213,90.35,Chennai,CLEAN
CLM-2EFA8442,1000000094,Dr. John Whitehead,MEM000427,FAC015,2026-02-23T14:00:00,99214,162.3,Chennai,CLEAN
CLM-EACC2FB4,1000000080,Dr. Kelly Donovan,MEM000649,FAC030,2026-03-13T17:00:00,99215,223.4,Chennai,CLEAN
CLM-56826F2D,1000000084,Dr. Zachary Ferrell,MEM000715,FAC012,2026-02-02T14:00:00,93000,65.65,Chennai,CLEAN
CLM-2394EF4F,1000000058,Dr. Brent Jordan,MEM000725,FAC037,2026-06-06T12:00:00,99214,149.66,Chennai,CLEAN
CLM-CDB30E33,1000000120,Dr. Larry Dixon,MEM000911,FAC001,2026-03-22T17:00:00,99213,97.68,Chennai,CLEAN
CLM-8C82A8F5,1000000037,Dr. Cassandra Gaines,MEM000638,FAC020,2026-01-21T17:00:00,71045,79.4,Chennai,CLEAN
CLM-933CD8FB,1000000186,Dr. Jonathan Peterson,MEM000272,FAC004,2026-04-26T15:00:00,99214,158.74,Chennai,CLEAN
CLM-81854C93,1000000070,Dr. Jordan Henderson,MEM000728,FAC009,2026-04-04T09:00:00,71045,75.95,Chennai,CLEAN
CLM-7445C910,1000000162,Dr. Lindsey Walker,MEM000003,FAC020,2026-04-02T16:00:00,93000,55.75,Chennai,CLEAN
CLM-7DCCE3E9,1000000069,Dr. William Baker,MEM000979,FAC020,2026-05-05T14:00:00,93000,64.6,Chennai,CLEAN
CLM-5A40A353,1000000051,Dr. Danny Morgan,MEM000843,FAC041,2026-02-18T10:00:00,99215,230.27,Chennai,CLEAN
CLM-6681FD37,1000000188,Dr. Madison Poole,MEM000906,FAC012,2026-05-15T17:00:00,99215,208.92,Chennai,CLEAN
CLM-66B1E61C,1000000096,Dr. Aaron Wise,MEM000433,FAC044,2026-01-03T13:00:00,99215,206.99,Chennai,CLEAN
CLM-77C4B3EC,1000000075,Dr. Sarah Moore,MEM000025,FAC001,2026-06-16T15:00:00,99213,97.37,Chennai,CLEAN
CLM-E071DD8A,1000000198,Dr. Adam Vaughan,MEM000931,FAC009,2026-04-25T15:00:00,93000,55.88,Chennai,CLEAN
CLM-A64675A9,1000000113,Dr. Crystal Johnson,MEM000776,FAC020,2026-01-28T13:00:00,71045,76.42,Chennai,CLEAN
CLM-04400FAA,1000000180,Dr. Alexander Collins,MEM000621,FAC029,2026-03-14T11:00:00,93000,55.54,Chennai,CLEAN
CLM-A66C5659,1000000004,Dr. Cristian Santos,MEM000126,FAC003,2026-03-25T17:00:00,71045,77.9,Chennai,CLEAN
CLM-1ADD7297,1000000080,Dr. Kelly Donovan,MEM000851,FAC046,2026-04-07T17:00:00,99213,102.58,Chennai,CLEAN
CLM-D50C61B1,1000000165,Dr. John Anderson,MEM000331,FAC025,2026-02-15T14:00:00,93000,64.03,Chennai,CLEAN
CLM-AE788089,1000000008,Dr. Gabrielle Davis,MEM000659,FAC018,2026-03-24T09:00:00,93000,54.67,Chennai,CLEAN
CLM-43AAEC54,1000000183,Dr. Ashley Barton,MEM000730,FAC008,2026-05-08T10:00:00,99213,92.8,Chennai,CLEAN
CLM-9BA80FFE,1000000026,Dr. Justin Baker,MEM000535,FAC010,2026-03-02T10:00:00,99215,240.78,Chennai,CLEAN
CLM-9A8C05D2,1000000086,Dr. Shirley Suarez,MEM000083,FAC026,2026-03-29T10:00:00,71045,78.41,Chennai,CLEAN
CLM-0B6489DE,1000000015,Dr. Brian Ramirez,MEM000537,FAC026,2026-06-14T15:00:00,99214,151.44,Chennai,CLEAN
CLM-5BF15B31,1000000022,Dr. Ethan Adams,MEM000833,FAC013,2026-04-25T11:00:00,99213,105.26,Chennai,CLEAN
CLM-C9976444,1000000066,Dr. Tracy House,MEM000232,FAC015,2026-01-15T17:00:00,99213,91.05,Chennai,CLEAN
CLM-70E24739,1000000178,Dr. Lawrence Adkins,MEM000230,FAC030,2026-01-11T09:00:00,99214,157.76,Chennai,CLEAN
CLM-B9CA3A5D,1000000039,Dr. Brittany Farmer,MEM000977,FAC008,2026-05-09T14:00:00,99215,215.05,Chennai,CLEAN
CLM-4498453C,1000000162,Dr. Lindsey Walker,MEM000686,FAC025,2026-01-05T17:00:00,99215,219.66,Chennai,CLEAN
CLM-5D289127,1000000171,Dr. Darlene Miller,MEM000731,FAC044,2026-04-17T17:00:00,99213,90.8,Chennai,CLEAN
CLM-CD3369C5,1000000150,Dr. David Wright,MEM000036,FAC013,2026-02-28T16:00:00,99213,96.99,Chennai,CLEAN
CLM-4D0C4460,1000000020,Dr. Margaret Hawkins DDS,MEM000595,FAC023,2026-05-11T11:00:00,71045,75.4,Chennai,CLEAN
CLM-C69DA4AB,1000000137,Dr. Courtney Gonzalez,MEM000007,FAC040,2026-06-09T13:00:00,99215,222.48,Chennai,CLEAN
CLM-3AABE592,1000000130,Dr. Elizabeth Kelley,MEM000397,FAC010,2026-02-21T13:00:00,99215,206.61,Chennai,CLEAN
CLM-963DAF0A,1000000066,Dr. Tracy House,MEM000402,FAC007,2026-06-16T13:00:00,71045,72.46,Chennai,CLEAN
CLM-6590B6CE,1000000154,Dr. Brenda Hall,MEM000990,FAC041,2026-06-21T17:00:00,71045,75.27,Chennai,CLEAN
CLM-5832B172,1000000028,Dr. Zachary Hicks,MEM000042,FAC024,2026-01-28T12:00:00,99214,157.79,Chennai,CLEAN
CLM-DE3D0438,1000000188,Dr. Madison Poole,MEM000765,FAC019,2026-06-26T12:00:00,93000,63.81,Chennai,CLEAN
CLM-D30FF8D2,1000000092,Dr. Denise Jacobs,MEM000474,FAC003,2026-06-15T12:00:00,93000,64.68,Chennai,CLEAN
CLM-6E81AEF6,1000000064,Dr. Jessica Callahan,MEM000222,FAC032,2026-01-07T13:00:00,99213,94.33,Chennai,CLEAN
CLM-0A1E28E3,1000000046,Dr. John Pierce,MEM000881,FAC021,2026-02-22T16:00:00,71045,83.52,Chennai,CLEAN
CLM-D3735C74,1000000117,Dr. Ashley Waller,MEM000400,FAC038,2026-02-12T16:00:00,71045,80.97,Chennai,CLEAN
CLM-895CC75B,1000000073,Dr. Lauren Daniels,MEM000814,FAC042,2026-03-05T10:00:00,93000,55.29,Chennai,CLEAN
CLM-E2076BA2,1000000000,Dr. Allison Hill,MEM000873,FAC001,2026-06-08T09:00:00,99213,108.94,Chennai,CLEAN
CLM-67384EA7,1000000000,Dr. Allison Hill,MEM000310,FAC028,2026-04-08T11:00:00,99213,91.07,Chennai,CLEAN
CLM-1AD148CE,1000000055,Dr. Michael Lewis,MEM000661,FAC012,2026-04-19T14:00:00,99213,95.6,Chennai,CLEAN
CLM-D0E70834,1000000167,Dr. Alyssa Day,MEM000022,FAC019,2026-01-09T10:00:00,99215,204.24,Chennai,CLEAN
CLM-3195FED9,1000000116,Dr. William Herrera,MEM000952,FAC013,2026-01-31T09:00:00,71045,74.79,Chennai,CLEAN
CLM-036F08BE,1000000028,Dr. Zachary Hicks,MEM000088,FAC046,2026-03-02T16:00:00,93000,62.34,Chennai,CLEAN
CLM-D80503EE,1000000069,Dr. William Baker,MEM000276,FAC001,2026-06-29T16:00:00,99213,104.63,Chennai,CLEAN
CLM-374D3937,1000000039,Dr. Brittany Farmer,MEM000220,FAC004,2026-04-12T15:00:00,99213,90.74,Chennai,CLEAN
CLM-86D72055,1000000110,Dr. Richard Rodriguez,MEM000850,FAC029,2026-04-16T11:00:00,99213,101.54,Chennai,CLEAN
CLM-435BC0EE,1000000011,Dr. Jamie Arnold,MEM000672,FAC004,2026-03-13T13:00:00,71045,75.24,Chennai,CLEAN
CLM-2EA4149F,1000000068,Dr. James Brown,MEM000024,FAC042,2026-03-11T12:00:00,99214,155.69,Chennai,CLEAN
CLM-EC8566CE,1000000000,Dr. Allison Hill,MEM000665,FAC002,2026-05-25T15:00:00,93000,65.43,Chennai,CLEAN
CLM-8730BEF2,1000000125,Dr. Erin Edwards,MEM000810,FAC014,2026-01-13T13:00:00,99215,201.89,Chennai,CLEAN
CLM-30565A21,1000000094,Dr. John Whitehead,MEM000467,FAC030,2026-05-20T11:00:00,99215,226.98,Chennai,CLEAN
CLM-FB663C80,1000000095,Dr. Anna Henderson,MEM000743,FAC035,2026-05-19T11:00:00,99215,230.35,Chennai,CLEAN
CLM-CCEE2F51,1000000088,Dr. Lisa Archer,MEM000416,FAC011,2026-05-29T15:00:00,99215,218.57,Chennai,CLEAN
CLM-BE9C2A13,1000000088,Dr. Lisa Archer,MEM000785,FAC018,2026-02-07T16:00:00,93000,58.89,Chennai,CLEAN
CLM-9B9006E3,1000000110,Dr. Richard Rodriguez,MEM000088,FAC038,2026-03-06T11:00:00,99215,238.69,Chennai,CLEAN
CLM-AB55D997,1000000165,Dr. John Anderson,MEM000477,FAC028,2026-05-19T11:00:00,99213,96.87,Chennai,CLEAN
CLM-A39F7FCB,1000000160,Dr. Paul Castaneda,MEM000148,FAC038,2026-03-29T17:00:00,99214,160.53,Chennai,CLEAN
CLM-5B6A20CD,1000000146,Dr. Victoria Larson,MEM000142,FAC013,2026-06-27T15:00:00,99213,106.47,Chennai,CLEAN
CLM-FA121432,1000000028,Dr. Zachary Hicks,MEM000513,FAC034,2026-01-11T17:00:00,99213,101.51,Chennai,CLEAN
CLM-9B4778DA,1000000065,Dr. Amber Kidd,MEM000956,FAC035,2026-06-20T11:00:00,99214,155.52,Chennai,CLEAN
CLM-6AF393C0,1888888888,Dr. Synthetic-B (Teleport),MEM000342,FAC031,2026-01-30T14:00:00,99215,222.13,Chennai,CLEAN
CLM-0E920748,1000000101,Dr. Cameron Parker,MEM000535,FAC042,2026-04-11T12:00:00,93000,58.21,Chennai,CLEAN
CLM-6F326E7D,1000000104,Dr. Richard Henson,MEM000704,FAC048,2026-01-28T12:00:00,71045,74.49,Chennai,CLEAN
CLM-88155398,1000000177,Dr. Michael Wang,MEM000916,FAC048,2026-02-18T09:00:00,93000,63.6,Chennai,CLEAN
CLM-6F697597,1000000126,Dr. Michelle Evans,MEM000147,FAC004,2026-06-27T13:00:00,99214,157.67,Chennai,CLEAN
CLM-62445446,1000000077,Dr. Megan Young,MEM000845,FAC013,2026-05-19T10:00:00,99214,135.71,Chennai,CLEAN
CLM-844602B2,1000000007,Dr. Gina Moore,MEM000302,FAC007,2026-02-23T11:00:00,99213,91.34,Chennai,CLEAN
CLM-4AFC3024,1000000115,Dr. Diana May,MEM000973,FAC007,2026-04-19T14:00:00,71045,72.17,Chennai,CLEAN
CLM-7882AB9F,1000000152,Dr. Denise Jones,MEM000307,FAC021,2026-04-10T14:00:00,99214,144.11,Chennai,CLEAN
CLM-F7057D77,1000000158,Dr. Melissa Gates,MEM000603,FAC030,2026-06-12T09:00:00,71045,87.63,Chennai,CLEAN
CLM-21BEEA70,1000000127,Dr. Jason Powell,MEM000327,FAC022,2026-01-08T13:00:00,71045,85.78,Chennai,CLEAN
CLM-C409B3E3,1000000098,Dr. Jessica Smith,MEM000770,FAC034,2026-01-26T15:00:00,93000,61.44,Chennai,CLEAN
CLM-312A594C,1000000089,Dr. Aimee Montoya,MEM000971,FAC043,2026-05-06T09:00:00,71045,72.62,Chennai,CLEAN
CLM-D290A221,1000000124,Dr. Helen Jones,MEM000777,FAC005,2026-05-02T13:00:00,93000,55.1,Chennai,CLEAN
CLM-43DCA554,1000000062,Dr. Connor West,MEM000741,FAC045,2026-06-11T10:00:00,71045,78.08,Chennai,CLEAN
CLM-58247920,1000000086,Dr. Shirley Suarez,MEM000247,FAC038,2026-05-01T09:00:00,99215,211.63,Chennai,CLEAN
CLM-ECD4DBB7,1000000198,Dr. Adam Vaughan,MEM000720,FAC028,2026-02-25T15:00:00,99213,90.21,Chennai,CLEAN
CLM-502A0608,1000000032,Dr. Tricia Valencia,MEM000607,FAC043,2026-01-08T17:00:00,71045,73.11,Chennai,CLEAN
CLM-54972A06,1000000046,Dr. John Pierce,MEM000474,FAC017,2026-06-28T15:00:00,93000,61.84,Chennai,CLEAN
CLM-2EDB59C4,1000000012,Dr. Lisa Hensley,MEM000259,FAC037,2026-01-31T17:00:00,71045,74.78,Chennai,CLEAN
CLM-85BED133,1000000115,Dr. Diana May,MEM000300,FAC010,2026-01-11T13:00:00,93000,57.98,Chennai,CLEAN
CLM-EF0198C5,1000000028,Dr. Zachary Hicks,MEM000703,FAC009,2026-01-20T12:00:00,71045,79.78,Chennai,CLEAN
CLM-2ADEC18D,1000000001,Dr. Noah Rhodes,MEM000396,FAC049,2026-06-17T11:00:00,71045,72.7,Chennai,CLEAN
CLM-91150CB6,1000000046,Dr. John Pierce,MEM000228,FAC021,2026-06-24T16:00:00,99214,156.41,Chennai,CLEAN
CLM-12D99022,1000000179,Dr. Robert Oconnell,MEM000970,FAC007,2026-01-26T11:00:00,99214,138.96,Chennai,CLEAN
CLM-A4D5311B,1000000154,Dr. Brenda Hall,MEM000576,FAC001,2026-04-23T16:00:00,99215,232.95,Chennai,CLEAN
CLM-E7C6E414,1000000110,Dr. Richard Rodriguez,MEM000021,FAC045,2026-05-15T14:00:00,93000,55.28,Chennai,CLEAN
CLM-EE4B520B,1000000121,Dr. Kenneth Scott,MEM000034,FAC017,2026-04-22T17:00:00,71045,73.07,Chennai,CLEAN
CLM-AAC1D57B,1000000022,Dr. Ethan Adams,MEM000269,FAC042,2026-04-02T16:00:00,71045,80.11,Chennai,CLEAN
CLM-27EF0E2A,1000000062,Dr. Connor West,MEM000928,FAC008,2026-01-31T09:00:00,99214,137.59,Chennai,CLEAN
CLM-2ED6301B,1000000047,Dr. Shane Henderson,MEM000680,FAC012,2026-04-25T17:00:00,99215,222.52,Chennai,CLEAN
CLM-424D3022,1000000122,Dr. April Frost,MEM000068,FAC042,2026-02-17T15:00:00,99213,101.19,Chennai,CLEAN
CLM-0B0C497E,1000000059,Dr. John Daniel,MEM000207,FAC009,2026-03-18T11:00:00,71045,72.18,Chennai,CLEAN
CLM-B327BB0E,1000000015,Dr. Brian Ramirez,MEM000522,FAC000,2026-01-29T17:00:00,99215,223.77,Chennai,CLEAN
CLM-D374DA9A,1000000002,Dr. Angie Henderson,MEM000310,FAC008,2026-03-23T12:00:00,71045,84.82,Chennai,CLEAN
CLM-26B7A0FB,1000000048,Dr. Joshua Blair,MEM000679,FAC030,2026-05-03T16:00:00,99214,137.97,Chennai,CLEAN
CLM-1E68B1B2,1000000099,Dr. Stephen Mckee,MEM000566,FAC040,2026-06-10T17:00:00,99213,92.92,Chennai,CLEAN
CLM-3B096DDB,1000000032,Dr. Tricia Valencia,MEM000878,FAC032,2026-02-07T10:00:00,71045,80.21,Chennai,CLEAN
CLM-230C01F6,1000000018,Dr. Lisa Jackson,MEM000579,FAC010,2026-03-05T15:00:00,99215,239.25,Chennai,CLEAN
CLM-92F6D4B0,1000000067,Dr. Carol Tucker,MEM000416,FAC003,2026-04-21T09:00:00,99215,232.35,Chennai,CLEAN
CLM-6BDB6F73,1000000007,Dr. Gina Moore,MEM000197,FAC042,2026-04-06T15:00:00,71045,81.7,Chennai,CLEAN
CLM-8B4E4102,1000000057,Dr. Richard Aguirre,MEM000766,FAC008,2026-05-03T17:00:00,71045,82.34,Chennai,CLEAN
CLM-2624F9D3,1000000193,Dr. Angelica Keith,MEM000650,FAC010,2026-03-03T17:00:00,99215,219.87,Chennai,CLEAN
CLM-16093AB9,1000000019,Dr. Carla Gray,MEM000443,FAC038,2026-01-08T15:00:00,99213,101.23,Chennai,CLEAN
CLM-40C141B4,1000000180,Dr. Alexander Collins,MEM000913,FAC049,2026-02-07T09:00:00,99215,210.21,Chennai,CLEAN
CLM-E61C59E4,1000000071,Dr. Whitney Peters,MEM000475,FAC041,2026-03-29T13:00:00,93000,61.26,Chennai,CLEAN
CLM-046E0BB1,1000000078,Dr. Steve Sanchez,MEM000875,FAC030,2026-05-11T16:00:00,71045,84.12,Chennai,CLEAN
CLM-A9716F2E,1000000176,Dr. Michael Elliott,MEM000603,FAC044,2026-05-24T11:00:00,71045,77.39,Chennai,CLEAN
CLM-BE548A3D,1000000177,Dr. Michael Wang,MEM000501,FAC021,2026-05-17T17:00:00,93000,61.58,Chennai,CLEAN
CLM-723E9A5D,1000000064,Dr. Jessica Callahan,MEM000644,FAC017,2026-03-11T13:00:00,93000,60.16,Chennai,CLEAN
CLM-EE0764F3,1000000080,Dr. Kelly Donovan,MEM000949,FAC020,2026-03-03T12:00:00,99215,240.78,Chennai,CLEAN
CLM-EF0C4788,1000000049,Dr. Eric Carney,MEM000845,FAC021,2026-05-13T15:00:00,99215,209.61,Chennai,CLEAN
CLM-D513070A,1000000108,Dr. Evelyn Galvan,MEM000685,FAC042,2026-02-18T11:00:00,99215,206.36,Chennai,CLEAN
CLM-5E9E197F,1000000175,Dr. Alex Hernandez,MEM000370,FAC045,2026-05-19T17:00:00,99215,207.0,Chennai,CLEAN
CLM-DA167124,1000000118,Dr. Victor Baker,MEM000595,FAC033,2026-02-14T10:00:00,99215,226.1,Chennai,CLEAN
CLM-510EF5D3,1000000052,Dr. Crystal Robinson,MEM000612,FAC040,2026-03-28T11:00:00,71045,78.0,Chennai,CLEAN
CLM-B0DB5A8D,1000000100,Dr. Sandra Aguilar,MEM000495,FAC045,2026-03-11T16:00:00,93000,58.1,Chennai,CLEAN
CLM-6AC51E22,1000000065,Dr. Amber Kidd,MEM000620,FAC004,2026-03-06T10:00:00,71045,85.01,Chennai,CLEAN
CLM-63D1A992,1000000100,Dr. Sandra Aguilar,MEM000003,FAC004,2026-02-18T13:00:00,71045,79.28,Chennai,CLEAN
CLM-83E0451F,1000000140,Dr. Cheyenne Horton,MEM000597,FAC017,2026-05-11T15:00:00,99214,142.97,Chennai,CLEAN
CLM-8849B1D2,1000000109,Dr. Sharon Cochran,MEM000643,FAC031,2026-06-02T10:00:00,71045,78.99,Chennai,CLEAN
CLM-7EEF7158,1000000080,Dr. Kelly Donovan,MEM000122,FAC008,2026-02-16T10:00:00,99215,231.45,Chennai,CLEAN
CLM-FAF80440,1000000013,Dr. Michele Williams,MEM000042,FAC004,2026-03-13T10:00:00,93000,60.42,Chennai,CLEAN
CLM-4F047C91,1000000032,Dr. Tricia Valencia,MEM000802,FAC006,2026-06-25T15:00:00,99214,136.2,Chennai,CLEAN
CLM-C707BA23,1000000169,Dr. Daniel Murphy,MEM000580,FAC003,2026-01-03T10:00:00,99215,240.98,Chennai,CLEAN
CLM-7828B438,1000000184,Dr. Lindsay Martinez,MEM000283,FAC018,2026-04-21T12:00:00,99214,141.61,Chennai,CLEAN
CLM-1C0910C7,1000000154,Dr. Brenda Hall,MEM000584,FAC048,2026-03-10T17:00:00,99215,234.99,Chennai,CLEAN
CLM-E7D80AB3,1000000038,Dr. Elizabeth Fowler,MEM000023,FAC035,2026-05-30T14:00:00,99214,140.16,Chennai,CLEAN
CLM-92500B52,1000000098,Dr. Jessica Smith,MEM000208,FAC034,2026-06-07T09:00:00,99214,137.74,Chennai,CLEAN
CLM-9C196B5E,1000000189,Dr. Jessica Gross,MEM000628,FAC017,2026-05-05T10:00:00,99213,94.92,Chennai,CLEAN
CLM-9892C4DB,1000000104,Dr. Richard Henson,MEM000226,FAC015,2026-04-28T11:00:00,99214,162.53,Chennai,CLEAN
CLM-4345BF43,1000000071,Dr. Whitney Peters,MEM000109,FAC000,2026-03-03T13:00:00,71045,81.27,Chennai,CLEAN
CLM-01FC4174,1000000153,Dr. Devon Flores,MEM000869,FAC024,2026-04-25T12:00:00,99214,138.01,Chennai,CLEAN
CLM-A2E10991,1000000020,Dr. Margaret Hawkins DDS,MEM000418,FAC045,2026-04-24T16:00:00,99214,157.17,Chennai,CLEAN
CLM-900ECCC9,1000000098,Dr. Jessica Smith,MEM000871,FAC039,2026-04-08T09:00:00,93000,63.18,Chennai,CLEAN
CLM-52695F21,1000000052,Dr. Crystal Robinson,MEM000902,FAC043,2026-05-06T15:00:00,93000,58.11,Chennai,CLEAN
CLM-F2D51491,1000000005,Dr. Connie Lawrence,MEM000511,FAC032,2026-06-07T15:00:00,71045,81.7,Chennai,CLEAN
CLM-705A42CC,1000000095,Dr. Anna Henderson,MEM000147,FAC045,2026-01-20T15:00:00,99214,158.64,Chennai,CLEAN
CLM-A1DD83C2,1000000053,Dr. Mark Perez,MEM000223,FAC020,2026-04-01T15:00:00,99215,208.95,Chennai,CLEAN
CLM-1A1DB765,1000000074,Dr. Amy Silva,MEM000920,FAC014,2026-04-08T16:00:00,99213,103.73,Chennai,CLEAN
CLM-C64AB9B4,1000000144,Dr. Amber Wright,MEM000249,FAC041,2026-06-28T10:00:00,71045,83.41,Chennai,CLEAN
CLM-88651907,1000000005,Dr. Connie Lawrence,MEM000398,FAC036,2026-03-30T14:00:00,71045,72.33,Chennai,CLEAN
CLM-01BE7B77,1000000111,Dr. Shannon Walker,MEM000741,FAC028,2026-04-19T10:00:00,71045,76.08,Chennai,CLEAN
CLM-27D7AAA5,1000000058,Dr. Brent Jordan,MEM000275,FAC023,2026-03-08T16:00:00,99214,140.06,Chennai,CLEAN
CLM-BFE84381,1000000149,Dr. Stephanie Manning,MEM000660,FAC033,2026-06-03T17:00:00,99214,160.38,Chennai,CLEAN
CLM-FC10D29A,1000000097,Dr. Deborah Figueroa,MEM000373,FAC003,2026-02-28T10:00:00,99214,137.77,Chennai,CLEAN
CLM-BBD5EC79,1000000178,Dr. Lawrence Adkins,MEM000566,FAC003,2026-03-06T10:00:00,93000,65.18,Chennai,CLEAN
CLM-8C4BA10C,1000000115,Dr. Diana May,MEM000152,FAC018,2026-02-06T15:00:00,99215,236.32,Chennai,CLEAN
CLM-1E90184E,1000000047,Dr. Shane Henderson,MEM000234,FAC026,2026-03-21T11:00:00,93000,54.8,Chennai,CLEAN
CLM-C93663C3,1000000023,Dr. Tommy Walter,MEM000635,FAC003,2026-05-27T11:00:00,99215,222.11,Chennai,CLEAN
CLM-236CD8B3,1000000108,Dr. Evelyn Galvan,MEM000916,FAC010,2026-03-02T09:00:00,99214,153.08,Chennai,CLEAN
CLM-44208BD8,1000000019,Dr. Carla Gray,MEM000068,FAC049,2026-01-26T13:00:00,99214,151.02,Chennai,CLEAN
CLM-8EB7A76E,1000000199,Dr. Nathan Freeman,MEM000473,FAC035,2026-04-05T11:00:00,99214,151.01,Chennai,CLEAN
CLM-60AA6ABA,1000000047,Dr. Shane Henderson,MEM000251,FAC000,2026-03-25T11:00:00,99215,220.58,Chennai,CLEAN
CLM-05241025,1000000005,Dr. Connie Lawrence,MEM000512,FAC032,2026-01-15T15:00:00,99214,140.01,Chennai,CLEAN
CLM-B2CE41DF,1000000120,Dr. Larry Dixon,MEM000159,FAC008,2026-03-03T14:00:00,93000,63.4,Chennai,CLEAN
CLM-6BBC7DBE,1000000118,Dr. Victor Baker,MEM000251,FAC029,2026-02-14T10:00:00,99214,139.86,Chennai,CLEAN
CLM-D7A2BD7B,1000000155,Dr. Michelle Brown,MEM000772,FAC002,2026-01-18T15:00:00,99214,135.02,Chennai,CLEAN
CLM-7FB48E5E,1000000117,Dr. Ashley Waller,MEM000541,FAC031,2026-06-23T15:00:00,93000,60.5,Chennai,CLEAN
CLM-BA3B3704,1000000103,Dr. Christine Wright,MEM000910,FAC033,2026-04-30T17:00:00,99215,232.6,Chennai,CLEAN
CLM-75CEC1A9,1000000147,Dr. Stephanie Salazar,MEM000735,FAC047,2026-04-14T13:00:00,93000,65.24,Chennai,CLEAN
CLM-93045857,1000000042,Dr. Sherry Decker,MEM000515,FAC031,2026-02-02T09:00:00,99214,137.2,Chennai,CLEAN
CLM-634B6725,1000000094,Dr. John Whitehead,MEM000862,FAC019,2026-01-30T15:00:00,71045,78.02,Chennai,CLEAN
CLM-4270175F,1000000095,Dr. Anna Henderson,MEM000024,FAC020,2026-05-05T12:00:00,99213,94.31,Chennai,CLEAN
CLM-1753FDB6,1000000198,Dr. Adam Vaughan,MEM000653,FAC048,2026-02-07T16:00:00,93000,63.49,Chennai,CLEAN
CLM-2B154338,1000000191,Dr. Karen Graham,MEM000143,FAC041,2026-03-19T15:00:00,99214,139.27,Chennai,CLEAN
CLM-F9D41851,1000000058,Dr. Brent Jordan,MEM000925,FAC028,2026-03-06T16:00:00,71045,79.46,Chennai,CLEAN
CLM-C4BBCF25,1000000119,Dr. Jeffrey Chandler,MEM000380,FAC013,2026-04-29T11:00:00,71045,87.35,Chennai,CLEAN
CLM-77DA1D13,1000000062,Dr. Connor West,MEM000970,FAC009,2026-06-13T10:00:00,99215,214.46,Chennai,CLEAN
CLM-CEEEECE7,1000000089,Dr. Aimee Montoya,MEM000476,FAC024,2026-06-17T15:00:00,99213,101.96,Chennai,CLEAN
CLM-B5DF9986,1000000090,Dr. Matthew Mcmillan,MEM000840,FAC032,2026-05-22T16:00:00,99213,108.68,Chennai,CLEAN
CLM-ECD60D4A,1000000122,Dr. April Frost,MEM000069,FAC022,2026-03-26T12:00:00,99215,238.57,Chennai,CLEAN
CLM-65A516BD,1000000042,Dr. Sherry Decker,MEM000011,FAC006,2026-02-07T17:00:00,99215,200.64,Chennai,CLEAN
CLM-D3610B6D,1000000130,Dr. Elizabeth Kelley,MEM000223,FAC040,2026-05-14T14:00:00,99213,98.97,Chennai,CLEAN
CLM-8719B23B,1000000085,Dr. Daniel Baker,MEM000817,FAC039,2026-04-28T14:00:00,93000,57.92,Chennai,CLEAN
CLM-6B498992,1000000094,Dr. John Whitehead,MEM000052,FAC033,2026-05-30T10:00:00,71045,84.14,Chennai,CLEAN
CLM-19A3D18D,1000000110,Dr. Richard Rodriguez,MEM000781,FAC032,2026-01-10T17:00:00,93000,60.07,Chennai,CLEAN
CLM-64DBC9DD,1000000039,Dr. Brittany Farmer,MEM000955,FAC024,2026-03-26T16:00:00,99215,204.33,Chennai,CLEAN
CLM-80AF8E81,1000000195,Dr. Allen Rosales,MEM000936,FAC012,2026-01-24T15:00:00,99215,215.35,Chennai,CLEAN
CLM-7153A377,1000000010,Dr. Monica Herrera,MEM000045,FAC019,2026-01-04T11:00:00,99214,147.55,Chennai,CLEAN
CLM-B320D3FD,1000000049,Dr. Eric Carney,MEM000427,FAC009,2026-04-20T17:00:00,93000,57.06,Chennai,CLEAN
CLM-ACA343E9,1000000053,Dr. Mark Perez,MEM000000,FAC004,2026-02-11T09:00:00,99215,230.0,Chennai,CLEAN
CLM-F3DADCA8,1888888888,Dr. Synthetic-B (Teleport),MEM000067,FAC014,2026-04-30T11:00:00,71045,73.83,Chennai,CLEAN
CLM-46318741,1000000171,Dr. Darlene Miller,MEM000470,FAC021,2026-06-07T14:00:00,71045,87.29,Chennai,CLEAN
CLM-6F7BF1C6,1000000066,Dr. Tracy House,MEM000590,FAC035,2026-05-21T14:00:00,99215,221.18,Chennai,CLEAN
CLM-BCE9983F,1000000170,Dr. Jamie Walton,MEM000698,FAC045,2026-05-31T17:00:00,99215,233.47,Chennai,CLEAN
CLM-D6594111,1000000199,Dr. Nathan Freeman,MEM000918,FAC015,2026-02-27T09:00:00,71045,79.73,Chennai,CLEAN
CLM-6DF15A02,1000000084,Dr. Zachary Ferrell,MEM000962,FAC032,2026-03-18T16:00:00,71045,72.82,Chennai,CLEAN
CLM-B98B9C5B,1000000151,Dr. Pamela Boyd,MEM000307,FAC016,2026-01-28T11:00:00,93000,56.68,Chennai,CLEAN
CLM-514A4964,1999999999,Dr. Synthetic-A (Phantom),MEM000224,FAC015,2026-04-29T11:00:00,99213,103.95,Chennai,CLEAN
CLM-A0E5D47E,1000000129,Dr. Megan Orr,MEM000371,FAC026,2026-04-13T15:00:00,93000,57.97,Chennai,CLEAN
CLM-242AE3B4,1000000020,Dr. Margaret Hawkins DDS,MEM000248,FAC010,2026-06-09T16:00:00,99213,105.5,Chennai,CLEAN
CLM-9FE67302,1000000014,Dr. Dylan Miller,MEM000446,FAC025,2026-04-21T11:00:00,71045,79.57,Chennai,CLEAN
CLM-3EB06EDF,1000000007,Dr. Gina Moore,MEM000341,FAC023,2026-01-31T13:00:00,99214,149.6,Chennai,CLEAN
CLM-B0BC4E69,1000000125,Dr. Erin Edwards,MEM000950,FAC025,2026-05-31T12:00:00,71045,78.88,Chennai,CLEAN
CLM-09A9D023,1000000060,Dr. Victoria Garcia,MEM000293,FAC015,2026-06-06T11:00:00,99215,205.0,Chennai,CLEAN
CLM-8E73E6AE,1000000083,Dr. Paul Jones,MEM000607,FAC024,2026-01-22T10:00:00,99213,91.65,Chennai,CLEAN
CLM-C84F95D1,1000000188,Dr. Madison Poole,MEM000008,FAC009,2026-05-19T15:00:00,71045,86.35,Chennai,CLEAN
CLM-1053A917,1000000178,Dr. Lawrence Adkins,MEM000663,FAC009,2026-01-14T09:00:00,71045,74.84,Chennai,CLEAN
CLM-DFDA219E,1000000034,Dr. Debra Davidson,MEM000298,FAC023,2026-06-23T14:00:00,93000,55.05,Chennai,CLEAN
CLM-3DDD5A20,1000000042,Dr. Sherry Decker,MEM000914,FAC019,2026-03-26T10:00:00,99213,109.93,Chennai,CLEAN
CLM-7EB90051,1000000021,Dr. Patty Perez,MEM000040,FAC039,2026-01-01T12:00:00,99214,161.91,Chennai,CLEAN
CLM-CC102F36,1000000125,Dr. Erin Edwards,MEM000110,FAC017,2026-06-01T13:00:00,93000,64.04,Chennai,CLEAN
CLM-38F7BD80,1000000018,Dr. Lisa Jackson,MEM000851,FAC039,2026-03-14T11:00:00,99213,99.25,Chennai,CLEAN
CLM-CE96788B,1000000066,Dr. Tracy House,MEM000161,FAC041,2026-06-29T17:00:00,99213,99.93,Chennai,CLEAN
CLM-FBA4B990,1000000057,Dr. Richard Aguirre,MEM000705,FAC018,2026-01-09T15:00:00,99215,227.26,Chennai,CLEAN
CLM-8E3EFF37,1000000177,Dr. Michael Wang,MEM000484,FAC028,2026-04-02T17:00:00,99215,210.92,Chennai,CLEAN
CLM-81702D73,1000000180,Dr. Alexander Collins,MEM000834,FAC025,2026-04-18T12:00:00,99215,227.32,Chennai,CLEAN
CLM-9AB3E54D,1000000053,Dr. Mark Perez,MEM000246,FAC029,2026-02-08T11:00:00,99213,91.59,Chennai,CLEAN
CLM-EDB0879C,1000000150,Dr. David Wright,MEM000896,FAC007,2026-02-07T10:00:00,71045,74.02,Chennai,CLEAN
CLM-1FC13868,1000000185,Dr. Dr. Hannah Patterson,MEM000075,FAC018,2026-03-27T14:00:00,93000,56.87,Chennai,CLEAN
CLM-1E10E471,1000000123,Dr. Michelle Harmon,MEM000445,FAC026,2026-02-01T17:00:00,93000,57.63,Chennai,CLEAN
CLM-F2CA831A,1000000181,Dr. Tina Sanders,MEM000214,FAC030,2026-06-17T09:00:00,99215,204.89,Chennai,CLEAN
CLM-48E0986B,1000000049,Dr. Eric Carney,MEM000353,FAC004,2026-01-13T09:00:00,99215,215.14,Chennai,CLEAN
CLM-B8C6DE07,1000000127,Dr. Jason Powell,MEM000474,FAC042,2026-04-12T14:00:00,71045,74.13,Chennai,CLEAN
CLM-49CB55DF,1000000083,Dr. Paul Jones,MEM000763,FAC045,2026-04-19T14:00:00,93000,64.42,Chennai,CLEAN
CLM-C26DB247,1000000047,Dr. Shane Henderson,MEM000007,FAC010,2026-03-06T15:00:00,99213,99.74,Chennai,CLEAN
CLM-CE1099C7,1000000085,Dr. Daniel Baker,MEM000151,FAC002,2026-02-05T12:00:00,93000,61.25,Chennai,CLEAN
CLM-1B5D0748,1000000071,Dr. Whitney Peters,MEM000929,FAC012,2026-02-16T15:00:00,99213,105.42,Chennai,CLEAN
CLM-7C3614C9,1000000161,Dr. Jennifer Adkins,MEM000369,FAC045,2026-03-29T14:00:00,99215,198.12,Chennai,CLEAN
CLM-CA192204,1000000123,Dr. Michelle Harmon,MEM000790,FAC032,2026-02-21T12:00:00,99214,144.98,Chennai,CLEAN
CLM-C8FB58EB,1000000168,Dr. Joel Williams,MEM000878,FAC047,2026-05-10T13:00:00,93000,58.69,Chennai,CLEAN
CLM-A1618036,1000000135,Dr. Jose Schultz,MEM000604,FAC039,2026-06-06T12:00:00,71045,84.32,Chennai,CLEAN
CLM-193383DF,1000000187,Dr. Samantha Garcia,MEM000819,FAC002,2026-04-27T17:00:00,99215,221.71,Chennai,CLEAN
CLM-43910888,1000000193,Dr. Angelica Keith,MEM000467,FAC002,2026-03-14T14:00:00,99213,98.15,Chennai,CLEAN
CLM-D3C98E5E,1000000160,Dr. Paul Castaneda,MEM000988,FAC004,2026-05-02T15:00:00,71045,86.63,Chennai,CLEAN
CLM-5CC1FABD,1000000155,Dr. Michelle Brown,MEM000585,FAC014,2026-03-22T12:00:00,71045,76.24,Chennai,CLEAN
CLM-CE4E6FC1,1000000166,Dr. Alyssa Long,MEM000872,FAC002,2026-02-28T13:00:00,71045,76.25,Chennai,CLEAN
CLM-276403CB,1000000135,Dr. Jose Schultz,MEM000234,FAC002,2026-02-26T16:00:00,99214,146.91,Chennai,CLEAN
CLM-3FE3CFA6,1000000110,Dr. Richard Rodriguez,MEM000048,FAC004,2026-03-12T17:00:00,93000,65.28,Chennai,CLEAN
CLM-B3E7A642,1000000004,Dr. Cristian Santos,MEM000513,FAC046,2026-06-13T13:00:00,93000,61.96,Chennai,CLEAN
CLM-D7ED8D4E,1000000127,Dr. Jason Powell,MEM000594,FAC013,2026-05-17T17:00:00,99215,232.31,Chennai,CLEAN
CLM-F11A0B83,1000000060,Dr. Victoria Garcia,MEM000947,FAC024,2026-05-24T14:00:00,99214,151.35,Chennai,CLEAN
CLM-92A8EC8B,1000000051,Dr. Danny Morgan,MEM000014,FAC043,2026-04-20T10:00:00,99215,226.46,Chennai,CLEAN
CLM-52F1A86C,1000000122,Dr. April Frost,MEM000021,FAC006,2026-02-03T13:00:00,99214,154.72,Chennai,CLEAN
CLM-8C855CC8,1000000171,Dr. Darlene Miller,MEM000263,FAC026,2026-02-11T15:00:00,99214,156.87,Chennai,CLEAN
CLM-C66155BA,1000000092,Dr. Denise Jacobs,MEM000099,FAC048,2026-03-15T13:00:00,93000,62.3,Chennai,CLEAN
CLM-EE89C226,1000000163,Dr. Jeffrey Johnson,MEM000070,FAC004,2026-02-09T10:00:00,99213,109.07,Chennai,CLEAN
CLM-2AFE6EA6,1000000016,Dr. Holly Wood,MEM000797,FAC049,2026-03-11T11:00:00,99213,105.3,Chennai,CLEAN
CLM-8CF786E8,1000000086,Dr. Shirley Suarez,MEM000124,FAC032,2026-05-17T16:00:00,93000,55.47,Chennai,CLEAN
CLM-AB27AA5B,1000000171,Dr. Darlene Miller,MEM000629,FAC017,2026-01-22T14:00:00,99213,97.06,Chennai,CLEAN
CLM-5F184547,1000000099,Dr. Stephen Mckee,MEM000825,FAC012,2026-05-20T13:00:00,99213,108.22,Chennai,CLEAN
CLM-6D23367F,1000000158,Dr. Melissa Gates,MEM000823,FAC049,2026-01-23T10:00:00,99214,139.37,Chennai,CLEAN
CLM-6CB26410,1000000041,Dr. Fred Smith,MEM000534,FAC044,2026-05-17T12:00:00,71045,87.86,Chennai,CLEAN
CLM-056E0146,1000000193,Dr. Angelica Keith,MEM000646,FAC022,2026-01-08T14:00:00,71045,84.68,Chennai,CLEAN
CLM-F7019EAA,1000000110,Dr. Richard Rodriguez,MEM000106,FAC032,2026-04-14T12:00:00,99214,140.7,Chennai,CLEAN
CLM-537C1664,1000000163,Dr. Jeffrey Johnson,MEM000495,FAC049,2026-05-31T10:00:00,99214,160.04,Chennai,CLEAN
CLM-4F620244,1000000199,Dr. Nathan Freeman,MEM000506,FAC035,2026-04-28T15:00:00,99215,226.27,Chennai,CLEAN
CLM-FD8E872C,1000000050,Dr. Jessica Holmes,MEM000921,FAC002,2026-01-10T16:00:00,99214,135.11,Chennai,CLEAN
CLM-A171D045,1000000090,Dr. Matthew Mcmillan,MEM000017,FAC042,2026-04-06T14:00:00,71045,84.0,Chennai,CLEAN
CLM-2D3A7C29,1000000001,Dr. Noah Rhodes,MEM000992,FAC020,2026-04-29T10:00:00,99214,160.29,Chennai,CLEAN
CLM-0D03DA28,1000000152,Dr. Denise Jones,MEM000533,FAC035,2026-01-30T11:00:00,71045,79.91,Chennai,CLEAN
CLM-95186B93,1000000141,Dr. David Douglas Jr.,MEM000743,FAC048,2026-03-29T10:00:00,93000,63.73,Chennai,CLEAN
CLM-AB616FEC,1888888888,Dr. Synthetic-B (Teleport),MEM000855,FAC040,2026-03-23T12:00:00,99215,221.63,Chennai,CLEAN
CLM-1B617159,1000000108,Dr. Evelyn Galvan,MEM000300,FAC002,2026-01-28T09:00:00,99215,227.25,Chennai,CLEAN
CLM-69AAD3A8,1000000035,Dr. Jeffrey Chavez,MEM000712,FAC016,2026-04-08T11:00:00,99215,212.96,Chennai,CLEAN
CLM-E910183E,1000000105,Dr. Marc Moore,MEM000076,FAC033,2026-04-04T10:00:00,71045,76.93,Chennai,CLEAN
CLM-73CD7610,1000000076,Dr. Angela Lopez,MEM000416,FAC001,2026-01-07T13:00:00,99215,206.13,Chennai,CLEAN
CLM-9DD29B34,1000000023,Dr. Tommy Walter,MEM000890,FAC008,2026-05-15T10:00:00,99215,202.99,Chennai,CLEAN
CLM-43C2B8CC,1000000067,Dr. Carol Tucker,MEM000786,FAC021,2026-03-23T10:00:00,99214,152.29,Chennai,CLEAN
CLM-940ECF9D,1000000149,Dr. Stephanie Manning,MEM000819,FAC005,2026-03-01T09:00:00,99215,211.71,Chennai,CLEAN
CLM-2F0C64C4,1000000194,Dr. John Bishop,MEM000563,FAC048,2026-05-19T10:00:00,93000,65.22,Chennai,CLEAN
CLM-2729587C,1000000176,Dr. Michael Elliott,MEM000559,FAC019,2026-05-22T13:00:00,99213,107.91,Chennai,CLEAN
CLM-3EB6B37E,1000000192,Dr. Debra Christian,MEM000953,FAC002,2026-03-21T15:00:00,99213,103.16,Chennai,CLEAN
CLM-95FEE338,1000000068,Dr. James Brown,MEM000758,FAC003,2026-02-05T10:00:00,99213,108.98,Chennai,CLEAN
CLM-A54CCE6F,1000000150,Dr. David Wright,MEM000004,FAC006,2026-05-03T09:00:00,71045,84.95,Chennai,CLEAN
CLM-E4AC1968,1000000103,Dr. Christine Wright,MEM000554,FAC006,2026-03-09T11:00:00,93000,65.28,Chennai,CLEAN
CLM-CD045637,1000000063,Dr. Donald Wright,MEM000083,FAC021,2026-02-13T11:00:00,93000,62.41,Chennai,CLEAN
CLM-5234FD7E,1000000026,Dr. Justin Baker,MEM000645,FAC001,2026-05-01T12:00:00,99214,140.08,Chennai,CLEAN
CLM-B3087F3D,1000000174,Dr. Nicole Herring,MEM000521,FAC015,2026-04-15T09:00:00,93000,64.5,Chennai,CLEAN
CLM-2E4D866B,1000000147,Dr. Stephanie Salazar,MEM000813,FAC046,2026-02-18T16:00:00,93000,56.85,Chennai,CLEAN
CLM-1543D747,1000000110,Dr. Richard Rodriguez,MEM000216,FAC039,2026-06-20T15:00:00,99214,159.75,Chennai,CLEAN
CLM-11039FD0,1000000074,Dr. Amy Silva,MEM000352,FAC008,2026-04-14T15:00:00,93000,57.45,Chennai,CLEAN
CLM-C4F99291,1000000063,Dr. Donald Wright,MEM000631,FAC007,2026-06-30T15:00:00,99215,226.53,Chennai,CLEAN
CLM-14F1F023,1000000127,Dr. Jason Powell,MEM000001,FAC007,2026-04-14T12:00:00,99215,228.42,Chennai,CLEAN
CLM-00033E63,1000000147,Dr. Stephanie Salazar,MEM000188,FAC041,2026-05-29T10:00:00,99214,138.97,Chennai,CLEAN
CLM-180D41A4,1000000010,Dr. Monica Herrera,MEM000236,FAC015,2026-01-12T10:00:00,71045,74.13,Chennai,CLEAN
CLM-930E6438,1000000055,Dr. Michael Lewis,MEM000283,FAC007,2026-05-28T09:00:00,99214,156.52,Chennai,CLEAN
CLM-A65DE6FA,1000000178,Dr. Lawrence Adkins,MEM000014,FAC026,2026-01-28T14:00:00,99214,148.41,Chennai,CLEAN
CLM-BFBFB8F1,1000000037,Dr. Cassandra Gaines,MEM000741,FAC041,2026-02-01T14:00:00,99215,241.0,Chennai,CLEAN
CLM-4D59671A,1000000096,Dr. Aaron Wise,MEM000675,FAC033,2026-06-24T13:00:00,71045,82.61,Chennai,CLEAN
CLM-CA0BC949,1000000162,Dr. Lindsey Walker,MEM000149,FAC013,2026-04-10T14:00:00,99214,161.1,Chennai,CLEAN
CLM-B28B8180,1000000169,Dr. Daniel Murphy,MEM000248,FAC031,2026-05-06T13:00:00,71045,72.78,Chennai,CLEAN
CLM-E2AB10DA,1000000000,Dr. Allison Hill,MEM000443,FAC029,2026-02-10T09:00:00,99213,104.97,Chennai,CLEAN
CLM-A70F6834,1000000134,Dr. Rebecca Jackson,MEM000296,FAC013,2026-04-16T10:00:00,99215,204.19,Chennai,CLEAN
CLM-48CCC208,1000000071,Dr. Whitney Peters,MEM000181,FAC027,2026-01-04T16:00:00,93000,54.78,Chennai,CLEAN
CLM-45E4C5B2,1000000116,Dr. William Herrera,MEM000356,FAC019,2026-06-14T12:00:00,71045,75.21,Chennai,CLEAN
CLM-3E174CA2,1000000070,Dr. Jordan Henderson,MEM000859,FAC030,2026-04-10T13:00:00,99214,149.41,Chennai,CLEAN
CLM-13E4EEA5,1000000112,Dr. Julia Torres,MEM000926,FAC008,2026-01-05T12:00:00,71045,78.15,Chennai,CLEAN
CLM-18F13876,1000000141,Dr. David Douglas Jr.,MEM000521,FAC041,2026-02-07T10:00:00,99215,229.73,Chennai,CLEAN
CLM-6605A4F7,1000000133,Dr. Daniel Kennedy,MEM000260,FAC044,2026-01-26T13:00:00,93000,63.59,Chennai,CLEAN
CLM-313C7351,1000000191,Dr. Karen Graham,MEM000413,FAC001,2026-01-17T10:00:00,99214,161.96,Chennai,CLEAN
CLM-0694E61D,1000000064,Dr. Jessica Callahan,MEM000829,FAC015,2026-06-21T17:00:00,93000,60.89,Chennai,CLEAN
CLM-52329616,1000000135,Dr. Jose Schultz,MEM000943,FAC011,2026-06-10T16:00:00,93000,54.04,Chennai,CLEAN
CLM-C0159188,1000000005,Dr. Connie Lawrence,MEM000335,FAC049,2026-06-26T17:00:00,71045,81.09,Chennai,CLEAN
CLM-1753C5AD,1000000000,Dr. Allison Hill,MEM000492,FAC012,2026-02-17T10:00:00,99215,229.72,Chennai,CLEAN
CLM-74BEFA47,1000000108,Dr. Evelyn Galvan,MEM000257,FAC044,2026-03-11T12:00:00,71045,82.72,Chennai,CLEAN
CLM-41CD87B0,1000000154,Dr. Brenda Hall,MEM000578,FAC036,2026-04-02T10:00:00,71045,79.55,Chennai,CLEAN
CLM-22B3A193,1000000050,Dr. Jessica Holmes,MEM000911,FAC015,2026-03-25T09:00:00,99215,213.7,Chennai,CLEAN
CLM-ADE22A61,1000000194,Dr. John Bishop,MEM000246,FAC034,2026-03-27T16:00:00,99214,147.92,Chennai,CLEAN
CLM-8951F208,1000000143,Dr. Christopher Rubio,MEM000016,FAC044,2026-01-20T10:00:00,93000,64.75,Chennai,CLEAN
CLM-A806B628,1000000059,Dr. John Daniel,MEM000420,FAC002,2026-02-22T16:00:00,71045,80.56,Chennai,CLEAN
CLM-171BC71F,1000000189,Dr. Jessica Gross,MEM000074,FAC006,2026-06-24T17:00:00,71045,83.49,Chennai,CLEAN
CLM-9BCF4B3E,1000000056,Dr. Timothy Duncan,MEM000755,FAC013,2026-02-25T14:00:00,99213,90.73,Chennai,CLEAN
CLM-8DDBBE87,1000000002,Dr. Angie Henderson,MEM000940,FAC037,2026-04-15T10:00:00,99215,226.29,Chennai,CLEAN
CLM-E58D6086,1000000115,Dr. Diana May,MEM000914,FAC013,2026-01-24T14:00:00,99214,153.35,Chennai,CLEAN
CLM-FB454116,1000000023,Dr. Tommy Walter,MEM000824,FAC016,2026-06-03T17:00:00,99214,136.33,Chennai,CLEAN
CLM-EB4DCCD4,1000000176,Dr. Michael Elliott,MEM000283,FAC034,2026-02-12T09:00:00,71045,85.07,Chennai,CLEAN
CLM-6BC4CB61,1000000055,Dr. Michael Lewis,MEM000814,FAC026,2026-03-26T10:00:00,99213,100.07,Chennai,CLEAN
CLM-5038DEB6,1000000058,Dr. Brent Jordan,MEM000947,FAC036,2026-03-13T09:00:00,71045,83.14,Chennai,CLEAN
CLM-9B43206E,1000000091,Dr. Brian Rodriguez,MEM000771,FAC028,2026-05-23T11:00:00,99213,104.78,Chennai,CLEAN
CLM-1C2BFC48,1000000160,Dr. Paul Castaneda,MEM000585,FAC001,2026-06-20T13:00:00,99214,140.16,Chennai,CLEAN
CLM-0F0F5731,1000000040,Dr. Paula Moreno,MEM000239,FAC047,2026-01-12T11:00:00,99214,159.82,Chennai,CLEAN
CLM-8DDF1486,1000000050,Dr. Jessica Holmes,MEM000135,FAC018,2026-04-28T09:00:00,71045,75.61,Chennai,CLEAN
CLM-A37D6C52,1000000034,Dr. Debra Davidson,MEM000032,FAC007,2026-02-22T14:00:00,99215,234.73,Chennai,CLEAN
CLM-5F303F21,1000000110,Dr. Richard Rodriguez,MEM000157,FAC044,2026-01-17T11:00:00,71045,78.05,Chennai,CLEAN
CLM-4543F50B,1000000043,Dr. Anthony Humphrey,MEM000383,FAC002,2026-05-17T11:00:00,71045,73.74,Chennai,CLEAN
CLM-8BD1B51C,1000000195,Dr. Allen Rosales,MEM000161,FAC013,2026-01-19T11:00:00,71045,73.74,Chennai,CLEAN
CLM-562CCA99,1000000058,Dr. Brent Jordan,MEM000716,FAC010,2026-03-10T17:00:00,93000,64.61,Chennai,CLEAN
CLM-90B109B9,1000000135,Dr. Jose Schultz,MEM000972,FAC037,2026-05-30T14:00:00,71045,74.52,Chennai,CLEAN
CLM-F33054A9,1000000152,Dr. Denise Jones,MEM000545,FAC042,2026-05-26T12:00:00,71045,78.8,Chennai,CLEAN
CLM-60E4E5BB,1000000156,Dr. Joshua Perry,MEM000856,FAC028,2026-03-13T14:00:00,99215,224.68,Chennai,CLEAN
CLM-5566D3BD,1000000187,Dr. Samantha Garcia,MEM000817,FAC049,2026-01-06T12:00:00,71045,76.73,Chennai,CLEAN
CLM-95ACFB4C,1000000197,Dr. Spencer Haynes,MEM000548,FAC029,2026-01-24T10:00:00,99214,162.02,Chennai,CLEAN
CLM-CDE347F3,1000000058,Dr. Brent Jordan,MEM000754,FAC044,2026-05-17T10:00:00,93000,59.75,Chennai,CLEAN
CLM-CDB5361E,1000000166,Dr. Alyssa Long,MEM000594,FAC045,2026-02-04T09:00:00,93000,56.16,Chennai,CLEAN
CLM-856AD2EA,1000000059,Dr. John Daniel,MEM000818,FAC008,2026-03-03T09:00:00,93000,64.3,Chennai,CLEAN
CLM-FF4F273E,1000000139,Dr. Angel Perry,MEM000905,FAC004,2026-03-03T17:00:00,93000,55.0,Chennai,CLEAN
CLM-4F5BF345,1000000134,Dr. Rebecca Jackson,MEM000550,FAC005,2026-03-08T13:00:00,99215,222.15,Chennai,CLEAN
CLM-4FF9F57F,1000000045,Dr. Philip Cannon,MEM000045,FAC027,2026-05-06T12:00:00,99214,159.09,Chennai,CLEAN
CLM-B6AF993B,1000000056,Dr. Timothy Duncan,MEM000715,FAC040,2026-01-23T17:00:00,99214,153.75,Chennai,CLEAN
CLM-22ED722F,1000000018,Dr. Lisa Jackson,MEM000432,FAC046,2026-06-12T17:00:00,99213,104.75,Chennai,CLEAN
CLM-B0EE4745,1000000082,Dr. Michael Evans,MEM000471,FAC010,2026-06-24T13:00:00,99215,199.32,Chennai,CLEAN
CLM-B68C0F61,1000000195,Dr. Allen Rosales,MEM000011,FAC049,2026-01-07T09:00:00,99213,91.67,Chennai,CLEAN
CLM-4739385D,1000000042,Dr. Sherry Decker,MEM000775,FAC047,2026-06-13T10:00:00,99213,103.76,Chennai,CLEAN
CLM-E6204475,1000000123,Dr. Michelle Harmon,MEM000975,FAC006,2026-04-23T17:00:00,99215,200.52,Chennai,CLEAN
CLM-562D1682,1000000161,Dr. Jennifer Adkins,MEM000766,FAC038,2026-01-07T11:00:00,99215,211.77,Chennai,CLEAN
CLM-D27522CE,1000000172,Dr. Joshua Cooke,MEM000117,FAC032,2026-06-15T13:00:00,99215,209.48,Chennai,CLEAN
CLM-16C9B29D,1000000021,Dr. Patty Perez,MEM000558,FAC009,2026-06-03T17:00:00,71045,76.59,Chennai,CLEAN
CLM-4649C61B,1000000133,Dr. Daniel Kennedy,MEM000932,FAC049,2026-01-20T11:00:00,99214,159.73,Chennai,CLEAN
CLM-1C1C6DE1,1000000073,Dr. Lauren Daniels,MEM000513,FAC039,2026-01-11T14:00:00,71045,79.5,Chennai,CLEAN
CLM-B912CFC4,1000000129,Dr. Megan Orr,MEM000445,FAC029,2026-01-07T09:00:00,93000,54.59,Chennai,CLEAN
CLM-77A8E16B,1000000169,Dr. Daniel Murphy,MEM000267,FAC015,2026-04-07T14:00:00,99215,201.9,Chennai,CLEAN
CLM-7BF765CD,1000000185,Dr. Dr. Hannah Patterson,MEM000528,FAC017,2026-05-16T11:00:00,71045,78.04,Chennai,CLEAN
CLM-8785C966,1000000031,Dr. James Ferrell,MEM000241,FAC026,2026-02-08T13:00:00,93000,56.73,Chennai,CLEAN
CLM-4E0FA857,1000000082,Dr. Michael Evans,MEM000378,FAC042,2026-01-13T14:00:00,99215,234.15,Chennai,CLEAN
CLM-3C9B0EF9,1999999999,Dr. Synthetic-A (Phantom),MEM000590,FAC024,2026-01-11T17:00:00,99213,102.5,Chennai,CLEAN
CLM-0326A314,1000000013,Dr. Michele Williams,MEM000416,FAC013,2026-03-03T15:00:00,93000,64.27,Chennai,CLEAN
CLM-E7154E2F,1000000142,Dr. Patricia Rodriguez,MEM000471,FAC039,2026-04-01T09:00:00,93000,63.34,Chennai,CLEAN
CLM-51B872F3,1000000134,Dr. Rebecca Jackson,MEM000189,FAC008,2026-01-17T09:00:00,99215,233.29,Chennai,CLEAN
CLM-63345F4F,1000000031,Dr. James Ferrell,MEM000886,FAC025,2026-03-06T17:00:00,99213,107.8,Chennai,CLEAN
CLM-D6C5C176,1000000135,Dr. Jose Schultz,MEM000756,FAC000,2026-03-08T13:00:00,99214,151.42,Chennai,CLEAN
CLM-F8C16303,1000000121,Dr. Kenneth Scott,MEM000510,FAC015,2026-05-13T12:00:00,71045,83.49,Chennai,CLEAN
CLM-DCD75453,1000000048,Dr. Joshua Blair,MEM000541,FAC041,2026-01-17T15:00:00,99215,208.66,Chennai,CLEAN
CLM-FCA31D74,1000000172,Dr. Joshua Cooke,MEM000067,FAC009,2026-06-28T15:00:00,93000,62.13,Chennai,CLEAN
CLM-BB9684D8,1000000185,Dr. Dr. Hannah Patterson,MEM000174,FAC033,2026-05-27T13:00:00,71045,76.76,Chennai,CLEAN
CLM-23E76925,1000000005,Dr. Connie Lawrence,MEM000248,FAC026,2026-02-03T14:00:00,93000,59.17,Chennai,CLEAN
CLM-4BA8626D,1000000026,Dr. Justin Baker,MEM000317,FAC049,2026-03-06T10:00:00,71045,85.98,Chennai,CLEAN
CLM-3D27D1AA,1000000099,Dr. Stephen Mckee,MEM000298,FAC040,2026-04-10T11:00:00,99215,239.63,Chennai,CLEAN
CLM-6F9A5DD4,1000000095,Dr. Anna Henderson,MEM000775,FAC018,2026-01-11T11:00:00,71045,84.62,Chennai,CLEAN
CLM-40829441,1000000184,Dr. Lindsay Martinez,MEM000691,FAC023,2026-03-29T17:00:00,99214,143.81,Chennai,CLEAN
CLM-9525FFA9,1000000186,Dr. Jonathan Peterson,MEM000023,FAC042,2026-01-22T16:00:00,71045,76.92,Chennai,CLEAN
CLM-8BD6A63D,1777777777,Dr. Synthetic-C (Upcoder),MEM000286,FAC018,2026-05-12T17:00:00,93000,65.0,Mumbai,CLEAN
CLM-2E54B153,1000000005,Dr. Connie Lawrence,MEM000790,FAC014,2026-01-28T14:00:00,99214,151.68,Chennai,CLEAN
CLM-E4BB3EBC,1000000128,Dr. Cameron Fisher,MEM000531,FAC011,2026-03-12T14:00:00,99214,148.97,Chennai,CLEAN
CLM-43969A55,1000000178,Dr. Lawrence Adkins,MEM000063,FAC043,2026-06-26T14:00:00,99213,95.79,Chennai,CLEAN
CLM-A5EE1206,1000000163,Dr. Jeffrey Johnson,MEM000058,FAC018,2026-03-03T12:00:00,99214,141.27,Chennai,CLEAN
CLM-412CB2CF,1000000195,Dr. Allen Rosales,MEM000843,FAC022,2026-02-19T17:00:00,99215,223.83,Chennai,CLEAN
CLM-CC3CCE8B,1000000181,Dr. Tina Sanders,MEM000125,FAC025,2026-02-26T11:00:00,99213,91.8,Chennai,CLEAN
CLM-432DC7FF,1000000182,Dr. Angela Vaughn,MEM000614,FAC029,2026-05-15T16:00:00,99213,100.89,Chennai,CLEAN
CLM-AA5354EA,1000000155,Dr. Michelle Brown,MEM000999,FAC012,2026-03-03T10:00:00,99214,149.78,Chennai,CLEAN
CLM-83F95D85,1000000034,Dr. Debra Davidson,MEM000414,FAC041,2026-03-24T12:00:00,99213,107.65,Chennai,CLEAN
CLM-ED837FB9,1000000008,Dr. Gabrielle Davis,MEM000740,FAC004,2026-01-22T17:00:00,71045,84.13,Chennai,CLEAN
CLM-F52DD806,1000000083,Dr. Paul Jones,MEM000398,FAC006,2026-04-29T17:00:00,71045,84.46,Chennai,CLEAN
CLM-231C9838,1000000184,Dr. Lindsay Martinez,MEM000884,FAC033,2026-01-03T09:00:00,99214,141.26,Chennai,CLEAN
CLM-0F9710C8,1000000006,Dr. Abigail Shaffer,MEM000830,FAC001,2026-05-31T10:00:00,99215,232.26,Chennai,CLEAN
CLM-DC7696A4,1000000028,Dr. Zachary Hicks,MEM000562,FAC008,2026-06-02T17:00:00,99213,94.89,Chennai,CLEAN
CLM-EFB0491E,1000000096,Dr. Aaron Wise,MEM000341,FAC030,2026-06-13T16:00:00,99215,230.09,Chennai,CLEAN
CLM-944E2570,1000000152,Dr. Denise Jones,MEM000122,FAC046,2026-04-17T09:00:00,93000,62.16,Chennai,CLEAN
CLM-2C0DABDB,1000000100,Dr. Sandra Aguilar,MEM000376,FAC039,2026-03-30T11:00:00,99213,91.53,Chennai,CLEAN
CLM-4CF86DFC,1000000154,Dr. Brenda Hall,MEM000072,FAC007,2026-05-15T13:00:00,99213,100.78,Chennai,CLEAN
CLM-E67ABDF6,1000000057,Dr. Richard Aguirre,MEM000236,FAC025,2026-05-16T16:00:00,99215,234.87,Chennai,CLEAN
CLM-30B1AF17,1000000150,Dr. David Wright,MEM000142,FAC048,2026-04-15T12:00:00,99214,159.45,Chennai,CLEAN
CLM-FCADAE58,1000000040,Dr. Paula Moreno,MEM000964,FAC013,2026-06-05T17:00:00,99214,137.21,Chennai,CLEAN
CLM-AC86873E,1000000115,Dr. Diana May,MEM000281,FAC021,2026-03-28T15:00:00,99213,91.84,Chennai,CLEAN
CLM-F176477F,1000000009,Dr. Ryan Munoz,MEM000712,FAC047,2026-03-17T11:00:00,93000,60.43,Chennai,CLEAN
CLM-51EE7068,1000000191,Dr. Karen Graham,MEM000043,FAC023,2026-06-11T09:00:00,99215,208.46,Chennai,CLEAN
CLM-86AFEA8E,1000000101,Dr. Cameron Parker,MEM000438,FAC027,2026-01-12T17:00:00,99213,92.33,Chennai,CLEAN
CLM-0B8012DE,1000000032,Dr. Tricia Valencia,MEM000436,FAC049,2026-01-05T09:00:00,99214,161.24,Chennai,CLEAN
CLM-B1EA36A1,1000000014,Dr. Dylan Miller,MEM000532,FAC013,2026-04-03T15:00:00,71045,86.15,Chennai,CLEAN
CLM-5E650129,1000000022,Dr. Ethan Adams,MEM000837,FAC048,2026-01-07T15:00:00,99214,155.55,Chennai,CLEAN
CLM-31099741,1000000018,Dr. Lisa Jackson,MEM000328,FAC047,2026-02-24T10:00:00,99214,158.03,Chennai,CLEAN
CLM-DEA2494E,1000000065,Dr. Amber Kidd,MEM000919,FAC021,2026-04-02T09:00:00,71045,80.15,Chennai,CLEAN
CLM-20696224,1000000046,Dr. John Pierce,MEM000446,FAC036,2026-01-28T16:00:00,71045,78.79,Chennai,CLEAN
CLM-F67D2D84,1000000143,Dr. Christopher Rubio,MEM000659,FAC009,2026-06-09T12:00:00,93000,63.98,Chennai,CLEAN
CLM-090271D6,1000000074,Dr. Amy Silva,MEM000767,FAC002,2026-01-30T12:00:00,99215,237.44,Chennai,CLEAN
CLM-0EFEA2C9,1000000001,Dr. Noah Rhodes,MEM000812,FAC033,2026-04-25T12:00:00,99215,211.13,Chennai,CLEAN
CLM-AA441233,1000000122,Dr. April Frost,MEM000883,FAC042,2026-05-21T17:00:00,99214,147.22,Chennai,CLEAN
CLM-67042203,1000000054,Dr. Shannon Jones,MEM000239,FAC041,2026-04-06T10:00:00,99213,92.05,Chennai,CLEAN
CLM-2B0058B5,1000000094,Dr. John Whitehead,MEM000462,FAC044,2026-06-27T09:00:00,93000,63.87,Chennai,CLEAN
CLM-8521C046,1000000129,Dr. Megan Orr,MEM000377,FAC036,2026-05-29T10:00:00,99215,210.57,Chennai,CLEAN
CLM-47391F41,1000000046,Dr. John Pierce,MEM000957,FAC001,2026-04-26T13:00:00,93000,63.69,Chennai,CLEAN
CLM-AF365E50,1000000103,Dr. Christine Wright,MEM000774,FAC038,2026-06-30T15:00:00,93000,60.87,Chennai,CLEAN
CLM-237A6A4C,1000000096,Dr. Aaron Wise,MEM000890,FAC049,2026-06-18T13:00:00,93000,61.7,Chennai,CLEAN
CLM-6A23C731,1000000194,Dr. John Bishop,MEM000614,FAC047,2026-06-23T16:00:00,99213,107.78,Chennai,CLEAN
CLM-FD5F9846,1000000075,Dr. Sarah Moore,MEM000148,FAC034,2026-04-04T15:00:00,93000,56.98,Chennai,CLEAN
CLM-FB9C4C13,1000000084,Dr. Zachary Ferrell,MEM000578,FAC006,2026-03-17T09:00:00,93000,64.65,Chennai,CLEAN
CLM-8C34F05C,1000000145,Dr. Joyce Solis,MEM000633,FAC012,2026-02-14T12:00:00,99213,93.7,Chennai,CLEAN
CLM-03166F16,1000000199,Dr. Nathan Freeman,MEM000826,FAC014,2026-03-17T11:00:00,71045,78.47,Chennai,CLEAN
CLM-24C07D61,1000000143,Dr. Christopher Rubio,MEM000983,FAC003,2026-04-15T09:00:00,93000,59.68,Chennai,CLEAN
CLM-C1C6AD78,1000000101,Dr. Cameron Parker,MEM000655,FAC007,2026-04-28T15:00:00,99213,102.84,Chennai,CLEAN
CLM-F0771708,1000000044,Dr. Angelica Tucker,MEM000767,FAC013,2026-03-21T17:00:00,99214,150.6,Chennai,CLEAN
CLM-AE4802B9,1000000056,Dr. Timothy Duncan,MEM000333,FAC042,2026-06-19T14:00:00,99214,161.96,Chennai,CLEAN
CLM-5F213F40,1000000133,Dr. Daniel Kennedy,MEM000141,FAC042,2026-05-24T09:00:00,99215,234.43,Chennai,CLEAN
CLM-2AAED725,1000000088,Dr. Lisa Archer,MEM000983,FAC026,2026-06-19T10:00:00,99214,162.07,Chennai,CLEAN
CLM-F269D329,1000000144,Dr. Amber Wright,MEM000624,FAC027,2026-03-29T09:00:00,93000,63.66,Chennai,CLEAN
CLM-5C162F5D,1999999999,Dr. Synthetic-A (Phantom),MEM000150,FAC025,2026-06-01T14:00:00,93000,62.12,Chennai,CLEAN
CLM-BA90999F,1000000111,Dr. Shannon Walker,MEM000676,FAC017,2026-01-24T17:00:00,71045,81.17,Chennai,CLEAN
CLM-12EAF6F5,1000000088,Dr. Lisa Archer,MEM000416,FAC040,2026-01-19T12:00:00,99213,101.24,Chennai,CLEAN
CLM-8D5F8AD5,1000000109,Dr. Sharon Cochran,MEM000100,FAC043,2026-06-25T11:00:00,99214,159.22,Chennai,CLEAN
CLM-9202F749,1000000080,Dr. Kelly Donovan,MEM000585,FAC021,2026-01-31T13:00:00,99214,158.32,Chennai,CLEAN
CLM-D760B49A,1000000102,Dr. Rebecca Valencia,MEM000554,FAC009,2026-03-03T13:00:00,93000,57.26,Chennai,CLEAN
CLM-604C60E4,1000000010,Dr. Monica Herrera,MEM000875,FAC001,2026-02-12T16:00:00,99214,135.03,Chennai,CLEAN
CLM-7D32C74B,1000000170,Dr. Jamie Walton,MEM000872,FAC032,2026-04-22T15:00:00,71045,73.0,Chennai,CLEAN
CLM-5A43934A,1000000014,Dr. Dylan Miller,MEM000119,FAC048,2026-04-10T17:00:00,99214,137.25,Chennai,CLEAN
CLM-9B74AD5E,1000000171,Dr. Darlene Miller,MEM000197,FAC039,2026-03-27T09:00:00,99213,108.91,Chennai,CLEAN
CLM-2B19BE3E,1000000096,Dr. Aaron Wise,MEM000540,FAC003,2026-06-06T13:00:00,99213,95.86,Chennai,CLEAN
CLM-CCE683D4,1000000155,Dr. Michelle Brown,MEM000074,FAC047,2026-03-24T09:00:00,71045,78.52,Chennai,CLEAN
CLM-317B4AC0,1000000045,Dr. Philip Cannon,MEM000883,FAC040,2026-05-14T12:00:00,93000,65.39,Chennai,CLEAN
CLM-C1E3C733,1000000164,Dr. Michael Powell,MEM000421,FAC040,2026-02-06T09:00:00,99215,207.7,Chennai,CLEAN
CLM-9FA1C16A,1000000071,Dr. Whitney Peters,MEM000276,FAC001,2026-05-07T16:00:00,71045,81.58,Chennai,CLEAN
CLM-8524BAC7,1000000100,Dr. Sandra Aguilar,MEM000166,FAC003,2026-04-25T11:00:00,71045,84.21,Chennai,CLEAN
CLM-C6320C6F,1000000105,Dr. Marc Moore,MEM000687,FAC008,2026-06-02T11:00:00,99215,198.86,Chennai,CLEAN
CLM-EE346EC0,1000000023,Dr. Tommy Walter,MEM000763,FAC031,2026-06-10T16:00:00,71045,86.77,Chennai,CLEAN
CLM-FA0C2790,1000000041,Dr. Fred Smith,MEM000578,FAC044,2026-06-04T10:00:00,99215,199.0,Chennai,CLEAN
CLM-BD48A7AF,1000000134,Dr. Rebecca Jackson,MEM000690,FAC034,2026-03-09T10:00:00,99214,140.95,Chennai,CLEAN
CLM-08AE874F,1000000116,Dr. William Herrera,MEM000237,FAC005,2026-02-03T14:00:00,99215,229.46,Chennai,CLEAN
CLM-9BFB3F72,1000000043,Dr. Anthony Humphrey,MEM000207,FAC022,2026-04-13T10:00:00,71045,80.71,Chennai,CLEAN
CLM-41F4C006,1000000020,Dr. Margaret Hawkins DDS,MEM000475,FAC000,2026-02-22T11:00:00,99213,91.57,Chennai,CLEAN
CLM-10D25083,1000000041,Dr. Fred Smith,MEM000000,FAC024,2026-01-29T12:00:00,71045,75.81,Chennai,CLEAN
CLM-C7D08FAF,1000000131,Dr. Dustin Jordan,MEM000685,FAC020,2026-02-03T16:00:00,71045,80.74,Chennai,CLEAN
CLM-676DA970,1000000088,Dr. Lisa Archer,MEM000385,FAC007,2026-02-18T12:00:00,71045,73.19,Chennai,CLEAN
CLM-1AEC9564,1000000170,Dr. Jamie Walton,MEM000558,FAC018,2026-03-20T13:00:00,93000,54.59,Chennai,CLEAN
CLM-D4DA07C9,1000000043,Dr. Anthony Humphrey,MEM000885,FAC037,2026-03-24T09:00:00,99214,160.92,Chennai,CLEAN
CLM-52AFCE36,1000000075,Dr. Sarah Moore,MEM000522,FAC002,2026-01-25T15:00:00,99215,210.53,Chennai,CLEAN
CLM-514C442E,1000000013,Dr. Michele Williams,MEM000242,FAC028,2026-02-22T13:00:00,99213,97.97,Chennai,CLEAN
CLM-38E042B7,1000000136,Dr. Robert Potter,MEM000110,FAC009,2026-04-29T16:00:00,93000,56.04,Chennai,CLEAN
CLM-9F9216DA,1000000047,Dr. Shane Henderson,MEM000076,FAC000,2026-02-11T10:00:00,71045,86.31,Chennai,CLEAN
CLM-3D12E768,1000000150,Dr. David Wright,MEM000549,FAC011,2026-01-27T12:00:00,99215,220.85,Chennai,CLEAN
CLM-896E9A2C,1000000107,Dr. Sierra Johnson,MEM000175,FAC036,2026-05-20T14:00:00,71045,84.55,Chennai,CLEAN
CLM-85349F89,1000000175,Dr. Alex Hernandez,MEM000621,FAC028,2026-03-01T15:00:00,99214,161.24,Chennai,CLEAN
CLM-AC9955EC,1000000138,Dr. David Alvarez,MEM000248,FAC007,2026-05-12T11:00:00,93000,62.18,Chennai,CLEAN
CLM-F335BF5C,1000000081,Dr. Mike Allen,MEM000418,FAC001,2026-03-28T12:00:00,93000,63.0,Chennai,CLEAN
CLM-EE39043C,1000000189,Dr. Jessica Gross,MEM000023,FAC031,2026-06-29T17:00:00,71045,78.44,Chennai,CLEAN
CLM-9A900944,1000000030,Dr. Rebecca Henderson,MEM000464,FAC030,2026-06-29T09:00:00,71045,85.77,Chennai,CLEAN
CLM-55904274,1000000127,Dr. Jason Powell,MEM000241,FAC025,2026-05-13T11:00:00,99213,97.3,Chennai,CLEAN
CLM-1721D4E7,1000000000,Dr. Allison Hill,MEM000385,FAC034,2026-02-06T10:00:00,99214,140.41,Chennai,CLEAN
CLM-595B57D1,1000000161,Dr. Jennifer Adkins,MEM000357,FAC020,2026-06-22T11:00:00,99213,109.84,Chennai,CLEAN
CLM-E21051BE,1000000173,Dr. Matthew Harrington,MEM000894,FAC042,2026-04-04T09:00:00,99215,221.72,Chennai,CLEAN
CLM-7D47CA6E,1000000114,Dr. Garrett Lin,MEM000959,FAC006,2026-06-25T13:00:00,71045,81.11,Chennai,CLEAN
CLM-F1A2D1F7,1000000187,Dr. Samantha Garcia,MEM000074,FAC033,2026-06-16T11:00:00,99213,109.63,Chennai,CLEAN
CLM-3AE71C26,1000000035,Dr. Jeffrey Chavez,MEM000335,FAC036,2026-04-12T16:00:00,93000,65.46,Chennai,CLEAN
CLM-6F976C7A,1000000142,Dr. Patricia Rodriguez,MEM000604,FAC034,2026-06-24T13:00:00,99214,147.9,Chennai,CLEAN
CLM-F63ACEA7,1000000155,Dr. Michelle Brown,MEM000554,FAC018,2026-05-20T09:00:00,99214,138.81,Chennai,CLEAN
CLM-1E76868C,1000000009,Dr. Ryan Munoz,MEM000871,FAC021,2026-01-09T12:00:00,93000,59.2,Chennai,CLEAN
CLM-D50426BC,1000000184,Dr. Lindsay Martinez,MEM000612,FAC045,2026-06-27T13:00:00,93000,65.63,Chennai,CLEAN
CLM-8499E151,1000000165,Dr. John Anderson,MEM000133,FAC019,2026-06-05T14:00:00,93000,60.15,Chennai,CLEAN
CLM-8876C549,1000000161,Dr. Jennifer Adkins,MEM000067,FAC041,2026-01-22T13:00:00,99215,217.88,Chennai,CLEAN
CLM-678FCDED,1000000139,Dr. Angel Perry,MEM000519,FAC029,2026-01-10T16:00:00,99213,97.14,Chennai,CLEAN
CLM-3C9314DD,1000000045,Dr. Philip Cannon,MEM000240,FAC034,2026-04-13T16:00:00,71045,79.64,Chennai,CLEAN
CLM-65CA07DF,1000000138,Dr. David Alvarez,MEM000787,FAC042,2026-02-17T09:00:00,93000,59.42,Chennai,CLEAN
CLM-1D8B43D0,1000000097,Dr. Deborah Figueroa,MEM000798,FAC004,2026-06-07T10:00:00,71045,79.92,Chennai,CLEAN
CLM-E2FB5CF6,1000000136,Dr. Robert Potter,MEM000504,FAC024,2026-05-19T11:00:00,93000,60.9,Chennai,CLEAN
CLM-966E3CD0,1000000111,Dr. Shannon Walker,MEM000517,FAC031,2026-02-09T11:00:00,99215,220.71,Chennai,CLEAN
CLM-0F8577CC,1000000050,Dr. Jessica Holmes,MEM000505,FAC047,2026-01-10T17:00:00,99215,227.99,Chennai,CLEAN
CLM-9197419B,1000000000,Dr. Allison Hill,MEM000408,FAC041,2026-02-17T12:00:00,99215,200.28,Chennai,CLEAN
CLM-F8F92B67,1000000068,Dr. James Brown,MEM000904,FAC001,2026-06-19T14:00:00,71045,78.1,Chennai,CLEAN
CLM-5D8E613A,1000000158,Dr. Melissa Gates,MEM000339,FAC043,2026-04-27T09:00:00,99213,103.46,Chennai,CLEAN
CLM-465F5763,1000000042,Dr. Sherry Decker,MEM000286,FAC034,2026-02-15T14:00:00,99215,209.81,Chennai,CLEAN
CLM-DFE989E4,1000000046,Dr. John Pierce,MEM000956,FAC033,2026-04-11T16:00:00,93000,58.73,Chennai,CLEAN
CLM-15DDDA1B,1000000035,Dr. Jeffrey Chavez,MEM000361,FAC039,2026-03-17T11:00:00,99214,154.02,Chennai,CLEAN
CLM-FBD9155D,1000000034,Dr. Debra Davidson,MEM000699,FAC034,2026-05-28T13:00:00,71045,85.28,Chennai,CLEAN
CLM-9D2BED0C,1000000056,Dr. Timothy Duncan,MEM000887,FAC012,2026-05-20T10:00:00,99215,215.82,Chennai,CLEAN
CLM-B3A7D70C,1000000066,Dr. Tracy House,MEM000081,FAC043,2026-06-24T14:00:00,99214,150.99,Chennai,CLEAN
CLM-B13633AC,1000000086,Dr. Shirley Suarez,MEM000739,FAC030,2026-02-15T14:00:00,71045,74.68,Chennai,CLEAN
CLM-83066926,1000000147,Dr. Stephanie Salazar,MEM000175,FAC025,2026-05-31T12:00:00,99214,145.3,Chennai,CLEAN
CLM-381F3D79,1000000155,Dr. Michelle Brown,MEM000800,FAC043,2026-04-05T10:00:00,99214,160.81,Chennai,CLEAN
CLM-3D403579,1000000129,Dr. Megan Orr,MEM000108,FAC035,2026-04-11T14:00:00,99215,199.13,Chennai,CLEAN
CLM-6E7636D7,1000000165,Dr. John Anderson,MEM000501,FAC033,2026-03-09T15:00:00,93000,57.89,Chennai,CLEAN
CLM-D67DCBD3,1000000156,Dr. Joshua Perry,MEM000328,FAC048,2026-05-05T13:00:00,99215,207.87,Chennai,CLEAN
CLM-E7B6BF87,1000000049,Dr. Eric Carney,MEM000313,FAC040,2026-06-09T10:00:00,93000,63.89,Chennai,CLEAN
CLM-DCF4504C,1000000019,Dr. Carla Gray,MEM000948,FAC007,2026-05-04T16:00:00,99214,136.41,Chennai,CLEAN
CLM-301EE788,1000000133,Dr. Daniel Kennedy,MEM000853,FAC045,2026-03-27T12:00:00,99215,232.91,Chennai,CLEAN
CLM-52C17DBE,1000000022,Dr. Ethan Adams,MEM000858,FAC023,2026-02-23T15:00:00,99215,201.88,Chennai,CLEAN
CLM-532C8C24,1000000075,Dr. Sarah Moore,MEM000464,FAC006,2026-03-25T14:00:00,99214,138.22,Chennai,CLEAN
CLM-1A495ABD,1000000186,Dr. Jonathan Peterson,MEM000177,FAC023,2026-06-08T12:00:00,71045,79.61,Chennai,CLEAN
CLM-A9F3CE4E,1000000134,Dr. Rebecca Jackson,MEM000099,FAC015,2026-04-20T16:00:00,99215,200.01,Chennai,CLEAN
CLM-2F60B563,1000000158,Dr. Melissa Gates,MEM000272,FAC009,2026-06-28T10:00:00,99215,239.82,Chennai,CLEAN
CLM-526AC1A3,1777777777,Dr. Synthetic-C (Upcoder),MEM000089,FAC002,2026-04-01T11:00:00,71045,78.13,Mumbai,CLEAN
CLM-1CB584E4,1000000135,Dr. Jose Schultz,MEM000970,FAC007,2026-06-28T17:00:00,71045,80.98,Chennai,CLEAN
CLM-BE30697D,1000000154,Dr. Brenda Hall,MEM000750,FAC008,2026-05-03T09:00:00,99215,213.88,Chennai,CLEAN
CLM-4B056A29,1000000060,Dr. Victoria Garcia,MEM000864,FAC032,2026-05-15T17:00:00,99215,215.7,Chennai,CLEAN
CLM-8BCAE97E,1000000035,Dr. Jeffrey Chavez,MEM000957,FAC021,2026-05-23T15:00:00,71045,72.93,Chennai,CLEAN
CLM-57548F64,1000000083,Dr. Paul Jones,MEM000884,FAC049,2026-05-30T17:00:00,71045,84.68,Chennai,CLEAN
CLM-BDD3C9A6,1000000115,Dr. Diana May,MEM000551,FAC028,2026-03-13T13:00:00,99214,139.15,Chennai,CLEAN
CLM-60A49A8F,1000000180,Dr. Alexander Collins,MEM000345,FAC032,2026-03-28T13:00:00,93000,61.59,Chennai,CLEAN
CLM-EF25E9EA,1000000187,Dr. Samantha Garcia,MEM000602,FAC027,2026-04-04T14:00:00,93000,57.46,Chennai,CLEAN
CLM-F2499B55,1000000128,Dr. Cameron Fisher,MEM000131,FAC019,2026-06-07T10:00:00,99213,106.25,Chennai,CLEAN
CLM-D2507432,1000000109,Dr. Sharon Cochran,MEM000340,FAC001,2026-02-04T09:00:00,99213,90.86,Chennai,CLEAN
CLM-AE12E011,1000000078,Dr. Steve Sanchez,MEM000381,FAC040,2026-02-28T12:00:00,99213,109.17,Chennai,CLEAN
CLM-130FDE58,1000000033,Dr. Nathan Maldonado,MEM000658,FAC007,2026-03-25T14:00:00,99213,94.17,Chennai,CLEAN
CLM-70C56DF6,1000000082,Dr. Michael Evans,MEM000348,FAC030,2026-01-09T17:00:00,99214,154.0,Chennai,CLEAN
CLM-BACE7F35,1000000108,Dr. Evelyn Galvan,MEM000568,FAC047,2026-02-16T10:00:00,99215,211.34,Chennai,CLEAN
CLM-9647822F,1000000133,Dr. Daniel Kennedy,MEM000537,FAC039,2026-04-09T15:00:00,93000,61.44,Chennai,CLEAN
CLM-48046F23,1000000183,Dr. Ashley Barton,MEM000502,FAC009,2026-05-08T12:00:00,71045,79.18,Chennai,CLEAN
CLM-1912F513,1000000163,Dr. Jeffrey Johnson,MEM000807,FAC028,2026-03-16T15:00:00,99214,157.41,Chennai,CLEAN
CLM-72D27395,1000000033,Dr. Nathan Maldonado,MEM000375,FAC032,2026-06-30T11:00:00,99215,210.67,Chennai,CLEAN
CLM-74BC52DD,1000000017,Dr. Derek Zuniga,MEM000538,FAC013,2026-02-14T17:00:00,99213,104.74,Chennai,CLEAN
CLM-E3629F42,1000000048,Dr. Joshua Blair,MEM000856,FAC004,2026-02-02T12:00:00,93000,55.72,Chennai,CLEAN
CLM-BB9732D4,1000000165,Dr. John Anderson,MEM000007,FAC040,2026-03-20T10:00:00,99213,97.54,Chennai,CLEAN
CLM-4728E706,1000000002,Dr. Angie Henderson,MEM000906,FAC005,2026-05-14T12:00:00,71045,76.2,Chennai,CLEAN
CLM-6C5EC2F2,1000000040,Dr. Paula Moreno,MEM000208,FAC045,2026-05-22T16:00:00,99215,199.07,Chennai,CLEAN
CLM-D1F49BEF,1000000042,Dr. Sherry Decker,MEM000785,FAC030,2026-04-14T17:00:00,99213,103.3,Chennai,CLEAN
CLM-D59BD534,1000000045,Dr. Philip Cannon,MEM000805,FAC011,2026-03-31T16:00:00,71045,77.13,Chennai,CLEAN
CLM-63FD31FC,1000000191,Dr. Karen Graham,MEM000996,FAC023,2026-05-24T13:00:00,71045,74.17,Chennai,CLEAN
CLM-A0F92F01,1000000039,Dr. Brittany Farmer,MEM000883,FAC036,2026-01-09T14:00:00,99214,153.56,Chennai,CLEAN
CLM-54C91EA1,1000000130,Dr. Elizabeth Kelley,MEM000836,FAC049,2026-06-21T16:00:00,71045,86.39,Chennai,CLEAN
CLM-B7802567,1000000141,Dr. David Douglas Jr.,MEM000246,FAC046,2026-01-27T15:00:00,99213,100.99,Chennai,CLEAN
CLM-881C7540,1000000046,Dr. John Pierce,MEM000735,FAC028,2026-01-31T16:00:00,99214,136.9,Chennai,CLEAN
CLM-62647B15,1000000175,Dr. Alex Hernandez,MEM000220,FAC012,2026-04-24T12:00:00,93000,61.86,Chennai,CLEAN
CLM-06C6513A,1000000047,Dr. Shane Henderson,MEM000979,FAC001,2026-03-25T11:00:00,99214,139.66,Chennai,CLEAN
CLM-2D23AF07,1000000145,Dr. Joyce Solis,MEM000931,FAC039,2026-02-24T15:00:00,99214,163.66,Chennai,CLEAN
CLM-5A9930E4,1000000187,Dr. Samantha Garcia,MEM000437,FAC020,2026-06-18T10:00:00,99215,208.4,Chennai,CLEAN
CLM-C68F7F82,1000000140,Dr. Cheyenne Horton,MEM000147,FAC015,2026-02-12T14:00:00,99215,228.91,Chennai,CLEAN
CLM-BE6546F3,1000000062,Dr. Connor West,MEM000808,FAC036,2026-05-19T12:00:00,99215,222.46,Chennai,CLEAN
CLM-88B1CADC,1000000078,Dr. Steve Sanchez,MEM000273,FAC026,2026-02-01T16:00:00,71045,83.79,Chennai,CLEAN
CLM-AAAE7B68,1000000126,Dr. Michelle Evans,MEM000224,FAC010,2026-04-11T13:00:00,99214,163.26,Chennai,CLEAN
CLM-5704B941,1000000146,Dr. Victoria Larson,MEM000340,FAC016,2026-03-06T16:00:00,93000,62.59,Chennai,CLEAN
CLM-591991FE,1000000029,Dr. Anthony Rodriguez,MEM000184,FAC028,2026-06-04T16:00:00,99213,93.74,Chennai,CLEAN
CLM-01696F42,1000000044,Dr. Angelica Tucker,MEM000450,FAC004,2026-02-11T09:00:00,99215,208.85,Chennai,CLEAN
CLM-F231ADB1,1000000152,Dr. Denise Jones,MEM000479,FAC048,2026-05-15T16:00:00,99213,94.28,Chennai,CLEAN
CLM-1A7DDDB1,1000000181,Dr. Tina Sanders,MEM000916,FAC020,2026-02-05T17:00:00,93000,56.92,Chennai,CLEAN
CLM-BEC2D0FE,1000000038,Dr. Elizabeth Fowler,MEM000028,FAC043,2026-01-26T11:00:00,99215,215.47,Chennai,CLEAN
CLM-F1637768,1777777777,Dr. Synthetic-C (Upcoder),MEM000743,FAC003,2026-05-21T12:00:00,99214,136.13,Mumbai,CLEAN
CLM-29B9CC3B,1000000011,Dr. Jamie Arnold,MEM000271,FAC048,2026-05-22T16:00:00,93000,63.73,Chennai,CLEAN
CLM-1C92B5B1,1000000175,Dr. Alex Hernandez,MEM000906,FAC029,2026-05-13T17:00:00,93000,64.36,Chennai,CLEAN
CLM-65715DCB,1000000112,Dr. Julia Torres,MEM000357,FAC043,2026-02-23T14:00:00,93000,58.29,Chennai,CLEAN
CLM-C87E05A0,1000000060,Dr. Victoria Garcia,MEM000652,FAC034,2026-04-11T09:00:00,99213,94.04,Chennai,CLEAN
CLM-6F47E25E,1000000071,Dr. Whitney Peters,MEM000309,FAC015,2026-04-10T10:00:00,93000,64.26,Chennai,CLEAN
CLM-16A20360,1000000146,Dr. Victoria Larson,MEM000328,FAC007,2026-04-28T10:00:00,99215,234.75,Chennai,CLEAN
CLM-2B3F822B,1000000041,Dr. Fred Smith,MEM000976,FAC013,2026-05-27T10:00:00,99213,105.58,Chennai,CLEAN
CLM-896FBD30,1000000164,Dr. Michael Powell,MEM000591,FAC010,2026-05-31T14:00:00,99213,91.85,Chennai,CLEAN
CLM-2DA3D347,1000000050,Dr. Jessica Holmes,MEM000489,FAC017,2026-06-17T17:00:00,99214,136.7,Chennai,CLEAN
CLM-47D84D99,1000000050,Dr. Jessica Holmes,MEM000933,FAC000,2026-05-28T15:00:00,71045,73.32,Chennai,CLEAN
CLM-EF64BDB5,1000000175,Dr. Alex Hernandez,MEM000607,FAC031,2026-01-24T10:00:00,99214,146.93,Chennai,CLEAN
CLM-61E5EE58,1000000162,Dr. Lindsey Walker,MEM000154,FAC046,2026-02-08T10:00:00,99214,139.72,Chennai,CLEAN
CLM-85BAC1E0,1000000175,Dr. Alex Hernandez,MEM000946,FAC044,2026-04-28T15:00:00,71045,84.04,Chennai,CLEAN
CLM-1B1C0164,1000000035,Dr. Jeffrey Chavez,MEM000054,FAC007,2026-06-05T10:00:00,99213,92.25,Chennai,CLEAN
CLM-B9409548,1000000103,Dr. Christine Wright,MEM000107,FAC008,2026-02-16T09:00:00,99213,102.35,Chennai,CLEAN
CLM-EF3033F0,1000000008,Dr. Gabrielle Davis,MEM000457,FAC008,2026-03-29T17:00:00,71045,86.92,Chennai,CLEAN
CLM-8CF60CFE,1000000050,Dr. Jessica Holmes,MEM000947,FAC039,2026-02-24T09:00:00,99215,223.16,Chennai,CLEAN
CLM-D8E536C0,1000000110,Dr. Richard Rodriguez,MEM000389,FAC021,2026-02-23T17:00:00,99213,103.21,Chennai,CLEAN
CLM-A48A8444,1000000116,Dr. William Herrera,MEM000666,FAC042,2026-03-19T17:00:00,99213,92.99,Chennai,CLEAN
CLM-92F3321C,1999999999,Dr. Synthetic-A (Phantom),MEM000288,FAC011,2026-01-26T10:00:00,99215,199.0,Chennai,CLEAN
CLM-A388B5DD,1000000142,Dr. Patricia Rodriguez,MEM000699,FAC025,2026-06-10T17:00:00,99214,162.66,Chennai,CLEAN
CLM-63DE90CA,1000000002,Dr. Angie Henderson,MEM000590,FAC042,2026-03-25T11:00:00,99214,152.89,Chennai,CLEAN
CLM-1CD5152E,1000000096,Dr. Aaron Wise,MEM000131,FAC001,2026-06-01T12:00:00,99215,241.76,Chennai,CLEAN
CLM-0EFB5ABC,1000000089,Dr. Aimee Montoya,MEM000738,FAC024,2026-01-17T09:00:00,99214,156.47,Chennai,CLEAN
CLM-0CF9FCFD,1000000145,Dr. Joyce Solis,MEM000610,FAC022,2026-02-02T16:00:00,99213,105.53,Chennai,CLEAN
CLM-0C839A6A,1000000058,Dr. Brent Jordan,MEM000992,FAC029,2026-01-31T11:00:00,99215,206.39,Chennai,CLEAN
CLM-3F8BA538,1000000091,Dr. Brian Rodriguez,MEM000562,FAC020,2026-05-19T14:00:00,71045,76.91,Chennai,CLEAN
CLM-1524B2E9,1000000033,Dr. Nathan Maldonado,MEM000217,FAC001,2026-03-08T10:00:00,99214,135.77,Chennai,CLEAN
CLM-390CDE72,1000000123,Dr. Michelle Harmon,MEM000952,FAC003,2026-04-19T10:00:00,99215,225.03,Chennai,CLEAN
CLM-5CC58BCC,1000000122,Dr. April Frost,MEM000236,FAC035,2026-05-07T13:00:00,99213,93.33,Chennai,CLEAN
CLM-2B6B8439,1000000158,Dr. Melissa Gates,MEM000062,FAC028,2026-01-22T15:00:00,71045,85.79,Chennai,CLEAN
CLM-B6085027,1000000005,Dr. Connie Lawrence,MEM000422,FAC014,2026-02-03T11:00:00,99215,221.37,Chennai,CLEAN
CLM-5E5DA584,1000000027,Dr. Stephanie Ross,MEM000350,FAC020,2026-03-08T11:00:00,99213,94.44,Chennai,CLEAN
CLM-65AFD1FE,1000000181,Dr. Tina Sanders,MEM000887,FAC018,2026-01-09T12:00:00,99213,92.49,Chennai,CLEAN
CLM-49CEBE44,1000000157,Dr. Jason Stein,MEM000371,FAC025,2026-05-08T16:00:00,99215,216.62,Chennai,CLEAN
CLM-A77ABDDE,1888888888,Dr. Synthetic-B (Teleport),MEM000315,FAC039,2026-01-17T14:00:00,71045,81.44,Chennai,CLEAN
CLM-97B6A6AC,1000000199,Dr. Nathan Freeman,MEM000356,FAC023,2026-03-14T15:00:00,99214,163.37,Chennai,CLEAN
CLM-D7943E32,1000000064,Dr. Jessica Callahan,MEM000491,FAC006,2026-02-05T13:00:00,71045,78.95,Chennai,CLEAN
CLM-9F436D07,1000000028,Dr. Zachary Hicks,MEM000045,FAC035,2026-01-16T10:00:00,93000,55.47,Chennai,CLEAN
CLM-F555D82B,1000000053,Dr. Mark Perez,MEM000027,FAC047,2026-04-16T17:00:00,99214,138.01,Chennai,CLEAN
CLM-8D69E152,1000000102,Dr. Rebecca Valencia,MEM000282,FAC048,2026-01-24T16:00:00,99214,147.71,Chennai,CLEAN
CLM-744B1348,1000000010,Dr. Monica Herrera,MEM000557,FAC000,2026-05-13T10:00:00,99215,217.7,Chennai,CLEAN
CLM-5936D43F,1000000037,Dr. Cassandra Gaines,MEM000606,FAC001,2026-01-28T14:00:00,99213,99.27,Chennai,CLEAN
CLM-10C2A06C,1000000050,Dr. Jessica Holmes,MEM000520,FAC002,2026-04-15T16:00:00,99213,94.93,Chennai,CLEAN
CLM-EA02482A,1000000118,Dr. Victor Baker,MEM000729,FAC014,2026-03-27T10:00:00,99213,106.26,Chennai,CLEAN
CLM-9EE3FFB5,1000000073,Dr. Lauren Daniels,MEM000369,FAC033,2026-03-12T16:00:00,99215,206.78,Chennai,CLEAN
CLM-32A4B7F4,1000000102,Dr. Rebecca Valencia,MEM000179,FAC007,2026-06-30T12:00:00,99213,90.35,Chennai,CLEAN
CLM-A489F09F,1000000111,Dr. Shannon Walker,MEM000186,FAC022,2026-05-17T17:00:00,99215,217.66,Chennai,CLEAN
CLM-C592C600,1000000180,Dr. Alexander Collins,MEM000439,FAC038,2026-03-06T16:00:00,99213,94.09,Chennai,CLEAN
CLM-8C8B3ECA,1000000143,Dr. Christopher Rubio,MEM000005,FAC021,2026-02-20T12:00:00,93000,58.83,Chennai,CLEAN
CLM-3B6D7B96,1000000112,Dr. Julia Torres,MEM000944,FAC016,2026-04-22T15:00:00,71045,85.17,Chennai,CLEAN
CLM-BBF0FE6F,1000000020,Dr. Margaret Hawkins DDS,MEM000361,FAC037,2026-01-17T17:00:00,99214,159.92,Chennai,CLEAN
CLM-23CD69ED,1000000179,Dr. Robert Oconnell,MEM000874,FAC030,2026-01-05T09:00:00,99213,109.6,Chennai,CLEAN
CLM-D1492D02,1000000103,Dr. Christine Wright,MEM000424,FAC027,2026-01-26T13:00:00,99215,225.58,Chennai,CLEAN
CLM-D0420012,1000000006,Dr. Abigail Shaffer,MEM000773,FAC004,2026-01-30T09:00:00,71045,81.42,Chennai,CLEAN
CLM-07D59EA5,1000000170,Dr. Jamie Walton,MEM000478,FAC007,2026-03-06T09:00:00,99213,104.98,Chennai,CLEAN
CLM-E67EA037,1000000067,Dr. Carol Tucker,MEM000599,FAC015,2026-05-20T17:00:00,99213,106.41,Chennai,CLEAN
CLM-0D67A149,1000000144,Dr. Amber Wright,MEM000775,FAC044,2026-06-11T13:00:00,93000,54.04,Chennai,CLEAN
CLM-D66F7D31,1000000063,Dr. Donald Wright,MEM000683,FAC045,2026-01-17T14:00:00,99214,136.27,Chennai,CLEAN
CLM-75026D9B,1000000156,Dr. Joshua Perry,MEM000623,FAC032,2026-01-10T13:00:00,93000,63.86,Chennai,CLEAN
CLM-168269FB,1000000101,Dr. Cameron Parker,MEM000802,FAC038,2026-05-16T16:00:00,99214,154.44,Chennai,CLEAN
CLM-60DEF3ED,1000000050,Dr. Jessica Holmes,MEM000474,FAC037,2026-04-23T10:00:00,71045,78.12,Chennai,CLEAN
CLM-7A1A75CD,1000000142,Dr. Patricia Rodriguez,MEM000767,FAC018,2026-01-27T15:00:00,71045,87.29,Chennai,CLEAN
CLM-A5D04A58,1000000038,Dr. Elizabeth Fowler,MEM000221,FAC031,2026-03-15T09:00:00,71045,79.68,Chennai,CLEAN
CLM-C0987D84,1000000068,Dr. James Brown,MEM000254,FAC014,2026-02-14T14:00:00,71045,74.93,Chennai,CLEAN
CLM-5FA585AB,1000000188,Dr. Madison Poole,MEM000705,FAC032,2026-06-21T13:00:00,93000,60.82,Chennai,CLEAN
CLM-A8139381,1000000029,Dr. Anthony Rodriguez,MEM000625,FAC028,2026-01-04T10:00:00,99215,205.27,Chennai,CLEAN
CLM-C665F3C9,1000000110,Dr. Richard Rodriguez,MEM000868,FAC042,2026-02-05T09:00:00,99214,149.02,Chennai,CLEAN
CLM-10819D08,1000000131,Dr. Dustin Jordan,MEM000471,FAC034,2026-02-13T10:00:00,99213,98.21,Chennai,CLEAN
CLM-C900BE2F,1000000040,Dr. Paula Moreno,MEM000676,FAC042,2026-06-18T09:00:00,99215,202.18,Chennai,CLEAN
CLM-F249EF55,1000000139,Dr. Angel Perry,MEM000966,FAC005,2026-03-02T14:00:00,93000,60.86,Chennai,CLEAN
CLM-2E08066E,1000000152,Dr. Denise Jones,MEM000516,FAC049,2026-05-30T16:00:00,99214,161.92,Chennai,CLEAN
CLM-8FA0D65D,1000000021,Dr. Patty Perez,MEM000999,FAC028,2026-01-06T17:00:00,93000,61.51,Chennai,CLEAN
CLM-30A4EE53,1000000074,Dr. Amy Silva,MEM000950,FAC042,2026-05-11T09:00:00,99213,109.41,Chennai,CLEAN
CLM-74948541,1000000102,Dr. Rebecca Valencia,MEM000915,FAC016,2026-03-19T17:00:00,99214,139.82,Chennai,CLEAN
CLM-0BE65F5B,1000000030,Dr. Rebecca Henderson,MEM000462,FAC022,2026-05-14T17:00:00,99214,152.13,Chennai,CLEAN
CLM-0B4C16C3,1000000112,Dr. Julia Torres,MEM000995,FAC032,2026-04-06T16:00:00,99213,100.78,Chennai,CLEAN
CLM-F41AEA29,1000000015,Dr. Brian Ramirez,MEM000831,FAC001,2026-03-08T17:00:00,99213,98.38,Chennai,CLEAN
CLM-F80D8877,1000000081,Dr. Mike Allen,MEM000484,FAC042,2026-01-24T11:00:00,99214,146.41,Chennai,CLEAN
CLM-D8416B90,1000000021,Dr. Patty Perez,MEM000306,FAC038,2026-04-14T10:00:00,99213,108.68,Chennai,CLEAN
CLM-2C8A129B,1000000130,Dr. Elizabeth Kelley,MEM000912,FAC031,2026-06-22T13:00:00,99214,153.0,Chennai,CLEAN
CLM-B7E79578,1000000108,Dr. Evelyn Galvan,MEM000573,FAC032,2026-02-08T16:00:00,71045,81.26,Chennai,CLEAN
CLM-70F8F011,1000000171,Dr. Darlene Miller,MEM000952,FAC030,2026-06-20T09:00:00,99215,199.9,Chennai,CLEAN
CLM-0A853B20,1000000090,Dr. Matthew Mcmillan,MEM000234,FAC045,2026-01-31T13:00:00,99213,105.8,Chennai,CLEAN
CLM-6E66DFBE,1000000108,Dr. Evelyn Galvan,MEM000115,FAC022,2026-04-20T09:00:00,71045,86.39,Chennai,CLEAN
CLM-52737CC1,1000000164,Dr. Michael Powell,MEM000254,FAC011,2026-05-05T13:00:00,93000,60.7,Chennai,CLEAN
CLM-E18707B0,1000000085,Dr. Daniel Baker,MEM000740,FAC024,2026-04-01T10:00:00,71045,81.3,Chennai,CLEAN
CLM-3F12E0A1,1000000168,Dr. Joel Williams,MEM000686,FAC041,2026-04-12T11:00:00,99215,226.16,Chennai,CLEAN
CLM-A7509A78,1000000154,Dr. Brenda Hall,MEM000948,FAC026,2026-06-29T13:00:00,93000,58.52,Chennai,CLEAN
CLM-41B7A456,1000000139,Dr. Angel Perry,MEM000254,FAC046,2026-03-09T15:00:00,99213,95.31,Chennai,CLEAN
CLM-BFFCDEF1,1000000130,Dr. Elizabeth Kelley,MEM000319,FAC009,2026-01-17T16:00:00,99213,93.06,Chennai,CLEAN
CLM-77353F7A,1000000086,Dr. Shirley Suarez,MEM000104,FAC024,2026-02-06T11:00:00,99215,223.52,Chennai,CLEAN
CLM-34FF90F5,1000000062,Dr. Connor West,MEM000845,FAC040,2026-04-15T13:00:00,93000,60.56,Chennai,CLEAN
CLM-E4D3DEE6,1000000000,Dr. Allison Hill,MEM000514,FAC036,2026-02-26T13:00:00,93000,58.8,Chennai,CLEAN
CLM-4EFDC71C,1000000178,Dr. Lawrence Adkins,MEM000513,FAC014,2026-06-07T09:00:00,71045,74.2,Chennai,CLEAN
CLM-7116A97A,1000000066,Dr. Tracy House,MEM000404,FAC030,2026-02-08T17:00:00,71045,81.63,Chennai,CLEAN
CLM-035D7A56,1000000017,Dr. Derek Zuniga,MEM000435,FAC001,2026-06-09T10:00:00,99213,96.0,Chennai,CLEAN
CLM-6817852A,1000000054,Dr. Shannon Jones,MEM000849,FAC007,2026-05-31T12:00:00,99215,227.09,Chennai,CLEAN
CLM-BE5ACCDB,1000000153,Dr. Devon Flores,MEM000655,FAC010,2026-02-22T15:00:00,99213,94.65,Chennai,CLEAN
CLM-56A6985A,1000000121,Dr. Kenneth Scott,MEM000736,FAC026,2026-01-01T14:00:00,99214,164.43,Chennai,CLEAN
CLM-9AE231C4,1000000011,Dr. Jamie Arnold,MEM000940,FAC016,2026-03-24T17:00:00,93000,55.13,Chennai,CLEAN
CLM-D1EE1A67,1000000085,Dr. Daniel Baker,MEM000798,FAC044,2026-01-06T11:00:00,99215,237.88,Chennai,CLEAN
CLM-5E51CC44,1000000071,Dr. Whitney Peters,MEM000768,FAC019,2026-05-07T11:00:00,99215,203.48,Chennai,CLEAN
CLM-191376EF,1000000024,Dr. Matthew Foster,MEM000439,FAC020,2026-06-16T09:00:00,99214,155.91,Chennai,CLEAN
CLM-CEB4B0C5,1000000070,Dr. Jordan Henderson,MEM000028,FAC036,2026-04-17T15:00:00,99213,99.4,Chennai,CLEAN
CLM-6AF27CEF,1000000189,Dr. Jessica Gross,MEM000495,FAC047,2026-01-17T17:00:00,99214,156.01,Chennai,CLEAN
CLM-F7208F61,1000000152,Dr. Denise Jones,MEM000551,FAC036,2026-05-20T09:00:00,93000,60.49,Chennai,CLEAN
CLM-34F69A3E,1000000186,Dr. Jonathan Peterson,MEM000002,FAC025,2026-04-29T17:00:00,99214,137.91,Chennai,CLEAN
CLM-2411CF7A,1000000020,Dr. Margaret Hawkins DDS,MEM000453,FAC017,2026-04-16T17:00:00,99213,105.75,Chennai,CLEAN
CLM-F85BB26B,1000000083,Dr. Paul Jones,MEM000637,FAC011,2026-04-11T15:00:00,99215,222.02,Chennai,CLEAN
CLM-FB48376E,1000000157,Dr. Jason Stein,MEM000679,FAC034,2026-06-08T12:00:00,93000,58.75,Chennai,CLEAN
CLM-467D1873,1000000158,Dr. Melissa Gates,MEM000562,FAC028,2026-03-21T17:00:00,71045,81.08,Chennai,CLEAN
CLM-B4139FA0,1000000176,Dr. Michael Elliott,MEM000913,FAC005,2026-03-25T14:00:00,93000,57.13,Chennai,CLEAN
CLM-94E7280B,1000000080,Dr. Kelly Donovan,MEM000822,FAC042,2026-01-13T10:00:00,99213,102.27,Chennai,CLEAN
CLM-131ECE43,1000000184,Dr. Lindsay Martinez,MEM000613,FAC043,2026-02-16T09:00:00,71045,87.91,Chennai,CLEAN
CLM-E7761F9E,1000000063,Dr. Donald Wright,MEM000713,FAC024,2026-06-27T09:00:00,99215,202.99,Chennai,CLEAN
CLM-65292F3E,1000000121,Dr. Kenneth Scott,MEM000080,FAC027,2026-06-24T09:00:00,99214,159.98,Chennai,CLEAN
CLM-2AB99CB7,1000000137,Dr. Courtney Gonzalez,MEM000770,FAC049,2026-05-23T15:00:00,99214,147.64,Chennai,CLEAN
CLM-869BBC75,1000000063,Dr. Donald Wright,MEM000420,FAC045,2026-06-15T11:00:00,99213,100.29,Chennai,CLEAN
CLM-85D650C3,1000000066,Dr. Tracy House,MEM000335,FAC023,2026-06-03T09:00:00,71045,79.77,Chennai,CLEAN
CLM-4782B013,1000000012,Dr. Lisa Hensley,MEM000025,FAC038,2026-06-17T13:00:00,99214,143.96,Chennai,CLEAN
CLM-A6094656,1000000148,Dr. Kathy Rivas,MEM000256,FAC011,2026-01-13T13:00:00,71045,87.98,Chennai,CLEAN
CLM-B5ADA5DF,1000000174,Dr. Nicole Herring,MEM000885,FAC017,2026-05-23T15:00:00,71045,79.96,Chennai,CLEAN
CLM-310ECCAA,1000000012,Dr. Lisa Hensley,MEM000334,FAC027,2026-03-09T11:00:00,99213,106.4,Chennai,CLEAN
CLM-43EEBE4D,1000000079,Dr. Lisa Barnes,MEM000322,FAC027,2026-04-04T16:00:00,71045,77.44,Chennai,CLEAN
CLM-08AB768C,1000000007,Dr. Gina Moore,MEM000584,FAC028,2026-03-20T14:00:00,99214,140.77,Chennai,CLEAN
CLM-5AC084C9,1000000129,Dr. Megan Orr,MEM000824,FAC038,2026-01-08T15:00:00,99214,142.28,Chennai,CLEAN
CLM-77431A41,1999999999,Dr. Synthetic-A (Phantom),MEM000378,FAC016,2026-04-14T15:00:00,99214,160.63,Chennai,CLEAN
CLM-63FF4176,1000000047,Dr. Shane Henderson,MEM000788,FAC026,2026-03-28T13:00:00,99213,92.17,Chennai,CLEAN
CLM-EF85E134,1000000161,Dr. Jennifer Adkins,MEM000342,FAC038,2026-06-05T14:00:00,99214,162.76,Chennai,CLEAN
CLM-DF49C936,1000000002,Dr. Angie Henderson,MEM000711,FAC043,2026-04-19T11:00:00,99214,138.55,Chennai,CLEAN
CLM-B5A422EE,1000000038,Dr. Elizabeth Fowler,MEM000301,FAC011,2026-04-26T15:00:00,71045,83.1,Chennai,CLEAN
CLM-5B3BCE3A,1000000121,Dr. Kenneth Scott,MEM000318,FAC025,2026-02-04T14:00:00,93000,54.81,Chennai,CLEAN
CLM-C9D0C49D,1000000007,Dr. Gina Moore,MEM000106,FAC005,2026-02-15T13:00:00,99213,91.85,Chennai,CLEAN
CLM-5FAF5BF5,1000000128,Dr. Cameron Fisher,MEM000834,FAC016,2026-05-17T17:00:00,71045,87.89,Chennai,CLEAN
CLM-D10921A1,1000000001,Dr. Noah Rhodes,MEM000778,FAC034,2026-01-04T10:00:00,71045,81.42,Chennai,CLEAN
CLM-FFB507E0,1000000101,Dr. Cameron Parker,MEM000492,FAC045,2026-05-07T17:00:00,99214,140.88,Chennai,CLEAN
CLM-263450B9,1000000020,Dr. Margaret Hawkins DDS,MEM000177,FAC036,2026-06-02T14:00:00,71045,86.89,Chennai,CLEAN
CLM-8F783563,1000000003,Dr. Daniel Wagner,MEM000953,FAC017,2026-04-25T11:00:00,71045,84.68,Chennai,CLEAN
CLM-29CBE03D,1000000042,Dr. Sherry Decker,MEM000653,FAC027,2026-01-20T11:00:00,99213,108.39,Chennai,CLEAN
CLM-7CFDC890,1000000013,Dr. Michele Williams,MEM000208,FAC033,2026-03-06T12:00:00,71045,77.47,Chennai,CLEAN
CLM-78BBD0AB,1000000110,Dr. Richard Rodriguez,MEM000354,FAC044,2026-05-31T15:00:00,93000,54.58,Chennai,CLEAN
CLM-638AF29E,1000000141,Dr. David Douglas Jr.,MEM000358,FAC040,2026-02-13T14:00:00,99215,239.71,Chennai,CLEAN
CLM-13F2202E,1000000044,Dr. Angelica Tucker,MEM000317,FAC008,2026-02-01T17:00:00,99214,150.1,Chennai,CLEAN
CLM-30DE0880,1000000064,Dr. Jessica Callahan,MEM000370,FAC048,2026-03-10T09:00:00,99213,103.52,Chennai,CLEAN
CLM-29E24F18,1000000109,Dr. Sharon Cochran,MEM000260,FAC019,2026-06-17T14:00:00,99215,226.7,Chennai,CLEAN
CLM-6B263F5B,1000000086,Dr. Shirley Suarez,MEM000757,FAC009,2026-02-20T10:00:00,99213,92.8,Chennai,CLEAN
CLM-94E7E3FB,1000000049,Dr. Eric Carney,MEM000157,FAC045,2026-04-25T13:00:00,93000,61.38,Chennai,CLEAN
CLM-C9DB339B,1000000188,Dr. Madison Poole,MEM000748,FAC031,2026-06-24T10:00:00,71045,79.01,Chennai,CLEAN
CLM-95C27532,1000000198,Dr. Adam Vaughan,MEM000407,FAC048,2026-02-22T12:00:00,99215,226.38,Chennai,CLEAN
CLM-B3E936B2,1000000173,Dr. Matthew Harrington,MEM000760,FAC010,2026-05-06T11:00:00,99213,93.83,Chennai,CLEAN
CLM-7E415397,1000000142,Dr. Patricia Rodriguez,MEM000551,FAC024,2026-06-25T11:00:00,99213,107.95,Chennai,CLEAN
CLM-DA5F5A7D,1000000090,Dr. Matthew Mcmillan,MEM000731,FAC000,2026-06-17T17:00:00,99213,106.02,Chennai,CLEAN
CLM-41F77171,1000000017,Dr. Derek Zuniga,MEM000621,FAC024,2026-03-05T09:00:00,99215,212.47,Chennai,CLEAN
CLM-54142BF1,1000000162,Dr. Lindsey Walker,MEM000199,FAC002,2026-04-09T12:00:00,99215,229.64,Chennai,CLEAN
CLM-71ED18B6,1000000128,Dr. Cameron Fisher,MEM000849,FAC009,2026-03-10T12:00:00,99215,235.3,Chennai,CLEAN
CLM-C5C2D575,1000000078,Dr. Steve Sanchez,MEM000012,FAC002,2026-06-29T10:00:00,93000,54.83,Chennai,CLEAN
CLM-1269BE31,1000000101,Dr. Cameron Parker,MEM000451,FAC030,2026-05-10T13:00:00,93000,64.86,Chennai,CLEAN
CLM-7E652A38,1000000108,Dr. Evelyn Galvan,MEM000353,FAC011,2026-03-13T13:00:00,99215,238.34,Chennai,CLEAN
CLM-C500F309,1000000092,Dr. Denise Jacobs,MEM000267,FAC016,2026-04-20T09:00:00,93000,56.52,Chennai,CLEAN
CLM-2FEA7C13,1000000136,Dr. Robert Potter,MEM000900,FAC023,2026-06-26T10:00:00,71045,81.64,Chennai,CLEAN
CLM-9A33F429,1000000055,Dr. Michael Lewis,MEM000461,FAC045,2026-05-22T10:00:00,99213,102.84,Chennai,CLEAN
CLM-DA29AEE3,1000000166,Dr. Alyssa Long,MEM000773,FAC046,2026-06-21T14:00:00,99214,154.31,Chennai,CLEAN
CLM-44325AF2,1000000031,Dr. James Ferrell,MEM000150,FAC034,2026-04-27T17:00:00,93000,61.93,Chennai,CLEAN
CLM-2DEC5311,1000000137,Dr. Courtney Gonzalez,MEM000752,FAC024,2026-06-09T15:00:00,93000,60.33,Chennai,CLEAN
CLM-265958CB,1000000198,Dr. Adam Vaughan,MEM000158,FAC048,2026-06-26T09:00:00,99215,241.7,Chennai,CLEAN
CLM-B9568A8B,1000000080,Dr. Kelly Donovan,MEM000492,FAC037,2026-06-29T11:00:00,71045,73.67,Chennai,CLEAN
CLM-EA5E0628,1000000115,Dr. Diana May,MEM000697,FAC008,2026-03-06T15:00:00,99214,136.09,Chennai,CLEAN
CLM-28E19ADB,1000000022,Dr. Ethan Adams,MEM000882,FAC046,2026-06-03T17:00:00,71045,83.37,Chennai,CLEAN
CLM-D7934CCA,1000000044,Dr. Angelica Tucker,MEM000274,FAC008,2026-02-22T17:00:00,99214,152.77,Chennai,CLEAN
CLM-EED49135,1000000041,Dr. Fred Smith,MEM000533,FAC015,2026-03-02T10:00:00,99214,164.27,Chennai,CLEAN
CLM-90E338DF,1000000165,Dr. John Anderson,MEM000675,FAC035,2026-05-08T09:00:00,71045,86.72,Chennai,CLEAN
CLM-502417DE,1000000040,Dr. Paula Moreno,MEM000966,FAC036,2026-02-23T11:00:00,93000,64.4,Chennai,CLEAN
CLM-BFB9578F,1000000012,Dr. Lisa Hensley,MEM000728,FAC036,2026-05-23T12:00:00,99214,139.37,Chennai,CLEAN
CLM-F13063EC,1000000011,Dr. Jamie Arnold,MEM000835,FAC007,2026-01-04T11:00:00,99214,140.27,Chennai,CLEAN
CLM-06831C1A,1000000000,Dr. Allison Hill,MEM000016,FAC004,2026-06-27T17:00:00,71045,79.38,Chennai,CLEAN
CLM-3F878012,1000000097,Dr. Deborah Figueroa,MEM000117,FAC002,2026-01-08T17:00:00,93000,62.06,Chennai,CLEAN
CLM-2A22340B,1000000142,Dr. Patricia Rodriguez,MEM000941,FAC043,2026-05-04T15:00:00,99213,90.22,Chennai,CLEAN
CLM-B21CCDD1,1000000021,Dr. Patty Perez,MEM000837,FAC018,2026-02-18T14:00:00,71045,84.75,Chennai,CLEAN
CLM-A2E673CE,1000000073,Dr. Lauren Daniels,MEM000063,FAC046,2026-03-02T17:00:00,99215,238.86,Chennai,CLEAN
CLM-D7A8C7B9,1000000166,Dr. Alyssa Long,MEM000249,FAC041,2026-01-22T17:00:00,99213,105.72,Chennai,CLEAN
CLM-B60D56F4,1000000070,Dr. Jordan Henderson,MEM000431,FAC048,2026-05-21T11:00:00,99214,144.45,Chennai,CLEAN
CLM-C1646D2F,1000000104,Dr. Richard Henson,MEM000887,FAC037,2026-03-22T10:00:00,99213,90.07,Chennai,CLEAN
CLM-7617B3C9,1000000187,Dr. Samantha Garcia,MEM000791,FAC001,2026-04-28T15:00:00,99214,135.11,Chennai,CLEAN
CLM-0F06C434,1000000071,Dr. Whitney Peters,MEM000966,FAC021,2026-05-31T15:00:00,71045,85.35,Chennai,CLEAN
CLM-577CA7DA,1000000084,Dr. Zachary Ferrell,MEM000020,FAC044,2026-01-12T15:00:00,71045,87.56,Chennai,CLEAN
CLM-9ADD8D39,1000000171,Dr. Darlene Miller,MEM000399,FAC027,2026-03-10T10:00:00,99213,90.26,Chennai,CLEAN
CLM-3F28C956,1000000165,Dr. John Anderson,MEM000402,FAC023,2026-03-18T10:00:00,99213,104.08,Chennai,CLEAN
CLM-9BFC5216,1000000057,Dr. Richard Aguirre,MEM000288,FAC000,2026-04-25T17:00:00,99215,202.43,Chennai,CLEAN
CLM-E32D75C6,1000000157,Dr. Jason Stein,MEM000837,FAC037,2026-03-10T16:00:00,99213,100.46,Chennai,CLEAN
CLM-FE071EE2,1000000003,Dr. Daniel Wagner,MEM000376,FAC049,2026-05-24T12:00:00,71045,78.72,Chennai,CLEAN
CLM-32353386,1000000051,Dr. Danny Morgan,MEM000301,FAC035,2026-02-06T15:00:00,93000,62.71,Chennai,CLEAN
CLM-50F5F077,1000000144,Dr. Amber Wright,MEM000636,FAC025,2026-02-10T15:00:00,93000,59.51,Chennai,CLEAN
CLM-F9C3C65F,1000000003,Dr. Daniel Wagner,MEM000540,FAC014,2026-05-19T15:00:00,93000,60.67,Chennai,CLEAN
CLM-828A0FC3,1000000162,Dr. Lindsey Walker,MEM000579,FAC007,2026-05-01T17:00:00,71045,84.51,Chennai,CLEAN
CLM-F133E607,1000000018,Dr. Lisa Jackson,MEM000372,FAC001,2026-04-05T15:00:00,99214,145.89,Chennai,CLEAN
CLM-BC090B28,1000000019,Dr. Carla Gray,MEM000583,FAC029,2026-04-07T09:00:00,93000,56.84,Chennai,CLEAN
CLM-7A8C41AC,1000000005,Dr. Connie Lawrence,MEM000965,FAC005,2026-02-03T15:00:00,99215,218.0,Chennai,CLEAN
CLM-DA87C8C1,1000000161,Dr. Jennifer Adkins,MEM000534,FAC036,2026-05-24T11:00:00,71045,72.24,Chennai,CLEAN
CLM-0DD72000,1000000020,Dr. Margaret Hawkins DDS,MEM000566,FAC000,2026-05-27T14:00:00,99214,163.22,Chennai,CLEAN
CLM-D56FBFA2,1999999999,Dr. Synthetic-A (Phantom),MEM000472,FAC023,2026-03-27T17:00:00,99215,240.75,Chennai,CLEAN
CLM-9C463635,1000000030,Dr. Rebecca Henderson,MEM000471,FAC031,2026-04-27T13:00:00,99213,103.42,Chennai,CLEAN
CLM-B1DDBA62,1000000035,Dr. Jeffrey Chavez,MEM000499,FAC018,2026-04-09T11:00:00,99213,91.93,Chennai,CLEAN
CLM-EB36B3B6,1000000172,Dr. Joshua Cooke,MEM000816,FAC041,2026-05-22T11:00:00,99215,202.04,Chennai,CLEAN
CLM-8B49D010,1000000182,Dr. Angela Vaughn,MEM000606,FAC025,2026-02-05T15:00:00,99215,205.79,Chennai,CLEAN
CLM-A56E0118,1000000036,Dr. Sherri Baker,MEM000617,FAC030,2026-03-27T17:00:00,93000,54.89,Chennai,CLEAN
CLM-7EB55D5B,1000000013,Dr. Michele Williams,MEM000830,FAC045,2026-03-09T14:00:00,99215,238.31,Chennai,CLEAN
CLM-43BFB16E,1000000026,Dr. Justin Baker,MEM000843,FAC035,2026-03-30T13:00:00,99215,219.39,Chennai,CLEAN
CLM-37429F45,1000000011,Dr. Jamie Arnold,MEM000326,FAC027,2026-05-10T11:00:00,99213,106.9,Chennai,CLEAN
CLM-12CA7E90,1000000036,Dr. Sherri Baker,MEM000129,FAC023,2026-05-08T09:00:00,93000,54.22,Chennai,CLEAN
CLM-FC1010DF,1000000187,Dr. Samantha Garcia,MEM000050,FAC004,2026-06-11T15:00:00,99214,162.76,Chennai,CLEAN
CLM-55859492,1000000087,Dr. Christopher Bass,MEM000419,FAC017,2026-01-14T16:00:00,99214,141.34,Chennai,CLEAN
CLM-28F605C6,1000000034,Dr. Debra Davidson,MEM000285,FAC030,2026-02-15T17:00:00,99214,162.59,Chennai,CLEAN
CLM-9EFB9FD3,1000000156,Dr. Joshua Perry,MEM000335,FAC046,2026-03-13T09:00:00,99213,91.78,Chennai,CLEAN
CLM-4E6630B0,1000000133,Dr. Daniel Kennedy,MEM000667,FAC033,2026-02-16T11:00:00,99215,229.55,Chennai,CLEAN
CLM-7501DDBB,1000000061,Dr. Gerald Hensley,MEM000092,FAC008,2026-04-18T10:00:00,71045,87.07,Chennai,CLEAN
CLM-EE90F7B2,1000000138,Dr. David Alvarez,MEM000946,FAC049,2026-04-06T09:00:00,71045,73.05,Chennai,CLEAN
CLM-057D9E6D,1888888888,Dr. Synthetic-B (Teleport),MEM000359,FAC035,2026-06-14T09:00:00,99213,92.32,Chennai,CLEAN
CLM-6B385076,1000000095,Dr. Anna Henderson,MEM000998,FAC000,2026-06-06T11:00:00,71045,86.17,Chennai,CLEAN
CLM-C8A530E5,1000000027,Dr. Stephanie Ross,MEM000835,FAC042,2026-01-23T14:00:00,99214,147.82,Chennai,CLEAN
CLM-9FC80858,1000000191,Dr. Karen Graham,MEM000901,FAC002,2026-04-03T12:00:00,71045,72.85,Chennai,CLEAN
CLM-64F19A2A,1000000145,Dr. Joyce Solis,MEM000139,FAC012,2026-01-12T09:00:00,71045,73.13,Chennai,CLEAN
CLM-C7CF9A19,1000000110,Dr. Richard Rodriguez,MEM000607,FAC020,2026-06-24T09:00:00,99213,109.14,Chennai,CLEAN
CLM-84B235E6,1000000065,Dr. Amber Kidd,MEM000927,FAC044,2026-06-17T10:00:00,93000,60.89,Chennai,CLEAN
CLM-99E3DDF0,1000000079,Dr. Lisa Barnes,MEM000575,FAC045,2026-03-25T13:00:00,99214,159.32,Chennai,CLEAN
CLM-C0226909,1000000036,Dr. Sherri Baker,MEM000816,FAC036,2026-05-14T16:00:00,71045,81.49,Chennai,CLEAN
CLM-40AD188E,1000000146,Dr. Victoria Larson,MEM000218,FAC026,2026-03-30T11:00:00,93000,57.09,Chennai,CLEAN
CLM-269A8A08,1000000120,Dr. Larry Dixon,MEM000784,FAC007,2026-04-16T10:00:00,93000,63.52,Chennai,CLEAN
CLM-7E65C0A4,1000000131,Dr. Dustin Jordan,MEM000947,FAC009,2026-05-02T12:00:00,99215,233.68,Chennai,CLEAN
CLM-5F8121B9,1000000021,Dr. Patty Perez,MEM000218,FAC049,2026-01-19T09:00:00,99215,212.62,Chennai,CLEAN
CLM-B7C359BA,1000000039,Dr. Brittany Farmer,MEM000360,FAC049,2026-05-24T15:00:00,99214,155.54,Chennai,CLEAN
CLM-6B176326,1000000017,Dr. Derek Zuniga,MEM000479,FAC018,2026-02-24T14:00:00,71045,76.1,Chennai,CLEAN
CLM-CC8D4398,1000000195,Dr. Allen Rosales,MEM000902,FAC015,2026-03-28T11:00:00,71045,80.48,Chennai,CLEAN
CLM-61E4E432,1000000103,Dr. Christine Wright,MEM000882,FAC017,2026-05-20T15:00:00,99213,104.91,Chennai,CLEAN
CLM-986A3B42,1000000114,Dr. Garrett Lin,MEM000198,FAC037,2026-05-21T12:00:00,99215,237.2,Chennai,CLEAN
CLM-877A5A79,1000000138,Dr. David Alvarez,MEM000515,FAC012,2026-05-21T13:00:00,99214,144.54,Chennai,CLEAN
CLM-E7C131D9,1000000058,Dr. Brent Jordan,MEM000391,FAC040,2026-03-18T15:00:00,99214,151.21,Chennai,CLEAN
CLM-389DC1F3,1000000084,Dr. Zachary Ferrell,MEM000342,FAC003,2026-04-25T16:00:00,99215,229.01,Chennai,CLEAN
CLM-7A5D683E,1000000100,Dr. Sandra Aguilar,MEM000368,FAC028,2026-06-08T14:00:00,99215,201.52,Chennai,CLEAN
CLM-D290A840,1000000101,Dr. Cameron Parker,MEM000163,FAC013,2026-05-25T11:00:00,99213,101.88,Chennai,CLEAN
CLM-C9A67708,1000000138,Dr. David Alvarez,MEM000959,FAC021,2026-03-25T10:00:00,99213,99.87,Chennai,CLEAN
CLM-684C31A1,1000000179,Dr. Robert Oconnell,MEM000316,FAC046,2026-01-08T10:00:00,99214,137.99,Chennai,CLEAN
CLM-B6C2F37D,1000000021,Dr. Patty Perez,MEM000102,FAC029,2026-05-10T15:00:00,99213,102.02,Chennai,CLEAN
CLM-58F991CC,1000000175,Dr. Alex Hernandez,MEM000019,FAC009,2026-03-26T13:00:00,71045,82.91,Chennai,CLEAN
CLM-0CE26069,1000000013,Dr. Michele Williams,MEM000703,FAC044,2026-02-15T11:00:00,99213,98.12,Chennai,CLEAN
CLM-A4D3460C,1000000158,Dr. Melissa Gates,MEM000379,FAC014,2026-03-22T13:00:00,99213,103.65,Chennai,CLEAN
CLM-913EB1BB,1000000000,Dr. Allison Hill,MEM000914,FAC005,2026-06-20T11:00:00,99214,148.13,Chennai,CLEAN
CLM-973C925F,1000000080,Dr. Kelly Donovan,MEM000803,FAC036,2026-04-02T09:00:00,99213,93.16,Chennai,CLEAN
CLM-CB2D58DB,1000000106,Dr. Sharon Cherry,MEM000777,FAC044,2026-01-13T10:00:00,99215,202.88,Chennai,CLEAN
CLM-994ABFE2,1000000054,Dr. Shannon Jones,MEM000883,FAC046,2026-02-16T14:00:00,93000,57.12,Chennai,CLEAN
CLM-1522BA1B,1000000162,Dr. Lindsey Walker,MEM000911,FAC039,2026-03-28T09:00:00,71045,76.52,Chennai,CLEAN
CLM-0E5CDF2C,1000000126,Dr. Michelle Evans,MEM000102,FAC048,2026-04-24T12:00:00,99214,148.91,Chennai,CLEAN
CLM-B6E2E8C4,1000000140,Dr. Cheyenne Horton,MEM000050,FAC022,2026-06-01T14:00:00,99213,108.27,Chennai,CLEAN
CLM-A7151197,1000000170,Dr. Jamie Walton,MEM000769,FAC004,2026-01-13T09:00:00,71045,76.61,Chennai,CLEAN
CLM-53791206,1000000173,Dr. Matthew Harrington,MEM000636,FAC013,2026-03-19T09:00:00,99214,155.7,Chennai,CLEAN
CLM-28C886F0,1000000148,Dr. Kathy Rivas,MEM000121,FAC000,2026-03-13T14:00:00,99214,163.13,Chennai,CLEAN
CLM-B144B2CC,1000000054,Dr. Shannon Jones,MEM000438,FAC002,2026-05-10T13:00:00,99213,91.44,Chennai,CLEAN
CLM-1A771D91,1000000076,Dr. Angela Lopez,MEM000641,FAC039,2026-01-25T12:00:00,99215,236.74,Chennai,CLEAN
CLM-156672F6,1000000157,Dr. Jason Stein,MEM000913,FAC011,2026-05-20T14:00:00,99215,231.44,Chennai,CLEAN
CLM-B235CA41,1000000062,Dr. Connor West,MEM000931,FAC023,2026-06-25T14:00:00,99214,136.37,Chennai,CLEAN
CLM-99225DBD,1000000099,Dr. Stephen Mckee,MEM000072,FAC002,2026-01-16T15:00:00,71045,81.11,Chennai,CLEAN
CLM-AD9C893D,1000000147,Dr. Stephanie Salazar,MEM000013,FAC041,2026-01-05T15:00:00,93000,59.14,Chennai,CLEAN
CLM-2E5E6D66,1000000140,Dr. Cheyenne Horton,MEM000060,FAC004,2026-05-20T15:00:00,71045,79.64,Chennai,CLEAN
CLM-95E5D8CA,1000000011,Dr. Jamie Arnold,MEM000796,FAC044,2026-03-03T16:00:00,93000,57.2,Chennai,CLEAN
CLM-601438AC,1000000174,Dr. Nicole Herring,MEM000128,FAC045,2026-02-25T12:00:00,93000,64.18,Chennai,CLEAN
CLM-46C062DB,1000000078,Dr. Steve Sanchez,MEM000594,FAC044,2026-04-06T12:00:00,99213,90.06,Chennai,CLEAN
CLM-70201741,1000000125,Dr. Erin Edwards,MEM000469,FAC024,2026-02-10T14:00:00,99215,198.35,Chennai,CLEAN
CLM-508D6A28,1000000041,Dr. Fred Smith,MEM000648,FAC022,2026-01-03T10:00:00,71045,75.4,Chennai,CLEAN
CLM-3E8FC930,1000000097,Dr. Deborah Figueroa,MEM000320,FAC016,2026-02-03T15:00:00,99214,143.58,Chennai,CLEAN
CLM-4E7C67FC,1000000117,Dr. Ashley Waller,MEM000550,FAC016,2026-02-17T09:00:00,99214,154.84,Chennai,CLEAN
CLM-9F27E44A,1000000146,Dr. Victoria Larson,MEM000719,FAC049,2026-02-08T12:00:00,99214,144.23,Chennai,CLEAN
CLM-9A1744A3,1000000024,Dr. Matthew Foster,MEM000071,FAC000,2026-01-09T09:00:00,71045,85.42,Chennai,CLEAN
CLM-0141F214,1000000011,Dr. Jamie Arnold,MEM000364,FAC015,2026-01-02T17:00:00,93000,64.96,Chennai,CLEAN
CLM-39F27C8A,1000000130,Dr. Elizabeth Kelley,MEM000259,FAC015,2026-01-04T11:00:00,99213,91.77,Chennai,CLEAN
CLM-76A0EF03,1000000100,Dr. Sandra Aguilar,MEM000454,FAC014,2026-02-04T09:00:00,99215,237.44,Chennai,CLEAN
CLM-216BE815,1000000085,Dr. Daniel Baker,MEM000980,FAC029,2026-03-27T17:00:00,93000,59.41,Chennai,CLEAN
CLM-C1AEC0EA,1000000144,Dr. Amber Wright,MEM000881,FAC011,2026-01-23T11:00:00,93000,62.84,Chennai,CLEAN
CLM-B10B1EDB,1000000197,Dr. Spencer Haynes,MEM000433,FAC019,2026-02-12T15:00:00,99213,94.62,Chennai,CLEAN
CLM-CC0E8E0B,1000000061,Dr. Gerald Hensley,MEM000429,FAC042,2026-02-15T09:00:00,99214,148.73,Chennai,CLEAN
CLM-E46D67C4,1000000090,Dr. Matthew Mcmillan,MEM000533,FAC011,2026-01-20T13:00:00,71045,87.73,Chennai,CLEAN
CLM-15A4A416,1000000006,Dr. Abigail Shaffer,MEM000711,FAC038,2026-02-02T09:00:00,71045,73.83,Chennai,CLEAN
CLM-7A5A16A9,1000000088,Dr. Lisa Archer,MEM000862,FAC010,2026-02-27T17:00:00,99213,93.62,Chennai,CLEAN
CLM-D3C27D07,1000000110,Dr. Richard Rodriguez,MEM000717,FAC010,2026-01-26T11:00:00,99213,97.05,Chennai,CLEAN
CLM-686F43C1,1000000134,Dr. Rebecca Jackson,MEM000804,FAC007,2026-05-14T16:00:00,99213,103.73,Chennai,CLEAN
CLM-F88E4231,1000000144,Dr. Amber Wright,MEM000096,FAC027,2026-01-28T10:00:00,93000,59.24,Chennai,CLEAN
CLM-7B1C85C1,1000000137,Dr. Courtney Gonzalez,MEM000380,FAC021,2026-05-21T17:00:00,99213,104.61,Chennai,CLEAN
CLM-559179BA,1000000080,Dr. Kelly Donovan,MEM000582,FAC047,2026-04-29T16:00:00,99214,156.12,Chennai,CLEAN
CLM-FC501DE1,1000000024,Dr. Matthew Foster,MEM000390,FAC035,2026-05-13T09:00:00,99213,105.01,Chennai,CLEAN
CLM-9AFF8E31,1000000197,Dr. Spencer Haynes,MEM000347,FAC015,2026-05-03T17:00:00,93000,64.3,Chennai,CLEAN
CLM-9E7C4B6A,1000000017,Dr. Derek Zuniga,MEM000560,FAC024,2026-06-05T11:00:00,93000,64.9,Chennai,CLEAN
CLM-46FFC653,1000000122,Dr. April Frost,MEM000920,FAC011,2026-05-11T13:00:00,99215,240.3,Chennai,CLEAN
CLM-0A2600A2,1000000079,Dr. Lisa Barnes,MEM000887,FAC003,2026-06-18T10:00:00,93000,55.66,Chennai,CLEAN
CLM-9C7C118D,1000000184,Dr. Lindsay Martinez,MEM000772,FAC030,2026-02-11T09:00:00,99213,93.55,Chennai,CLEAN
CLM-FCA4DD7A,1000000054,Dr. Shannon Jones,MEM000629,FAC018,2026-05-18T11:00:00,99214,139.06,Chennai,CLEAN
CLM-92CF297F,1000000039,Dr. Brittany Farmer,MEM000060,FAC016,2026-01-23T13:00:00,99215,219.44,Chennai,CLEAN
CLM-4C6CB10F,1000000071,Dr. Whitney Peters,MEM000670,FAC013,2026-02-03T17:00:00,99213,91.32,Chennai,CLEAN
CLM-63EAA4C9,1000000092,Dr. Denise Jacobs,MEM000591,FAC038,2026-02-20T09:00:00,99214,157.07,Chennai,CLEAN
CLM-D3D16D32,1000000188,Dr. Madison Poole,MEM000013,FAC008,2026-01-10T12:00:00,99213,95.54,Chennai,CLEAN
CLM-055DCB29,1000000182,Dr. Angela Vaughn,MEM000712,FAC009,2026-02-26T11:00:00,99214,156.51,Chennai,CLEAN
CLM-C2D9D4F6,1000000127,Dr. Jason Powell,MEM000367,FAC008,2026-06-28T10:00:00,99214,146.19,Chennai,CLEAN
CLM-0A238103,1000000049,Dr. Eric Carney,MEM000042,FAC049,2026-02-03T17:00:00,99213,98.36,Chennai,CLEAN
CLM-AD245955,1000000012,Dr. Lisa Hensley,MEM000416,FAC016,2026-04-12T12:00:00,99213,103.64,Chennai,CLEAN
CLM-25A9706B,1000000014,Dr. Dylan Miller,MEM000352,FAC045,2026-06-02T12:00:00,71045,79.31,Chennai,CLEAN
CLM-0961F7E7,1000000091,Dr. Brian Rodriguez,MEM000407,FAC037,2026-01-25T17:00:00,99214,138.96,Chennai,CLEAN
CLM-A6CBC3D3,1000000018,Dr. Lisa Jackson,MEM000700,FAC001,2026-06-16T11:00:00,93000,55.08,Chennai,CLEAN
CLM-9C3F4F7E,1000000174,Dr. Nicole Herring,MEM000904,FAC043,2026-01-19T16:00:00,99215,214.64,Chennai,CLEAN
CLM-C8FBE0C8,1000000155,Dr. Michelle Brown,MEM000041,FAC010,2026-05-30T17:00:00,99214,138.58,Chennai,CLEAN
CLM-1945089A,1888888888,Dr. Synthetic-B (Teleport),MEM000029,FAC016,2026-03-05T17:00:00,99215,200.94,Chennai,CLEAN
CLM-BEA54D8A,1000000099,Dr. Stephen Mckee,MEM000401,FAC010,2026-02-08T10:00:00,99214,163.17,Chennai,CLEAN
CLM-05E584B4,1000000107,Dr. Sierra Johnson,MEM000498,FAC000,2026-05-09T09:00:00,99215,215.86,Chennai,CLEAN
CLM-BB792952,1000000094,Dr. John Whitehead,MEM000992,FAC026,2026-04-11T16:00:00,99213,97.66,Chennai,CLEAN
CLM-891F747D,1000000179,Dr. Robert Oconnell,MEM000403,FAC009,2026-01-22T17:00:00,71045,77.79,Chennai,CLEAN
CLM-E11350F6,1000000015,Dr. Brian Ramirez,MEM000310,FAC037,2026-03-15T13:00:00,99215,226.87,Chennai,CLEAN
CLM-45322779,1000000112,Dr. Julia Torres,MEM000988,FAC027,2026-04-11T12:00:00,99215,224.61,Chennai,CLEAN
CLM-E0D3FCF8,1000000048,Dr. Joshua Blair,MEM000734,FAC014,2026-05-26T15:00:00,99215,198.38,Chennai,CLEAN
CLM-095B9CB3,1000000165,Dr. John Anderson,MEM000619,FAC024,2026-02-12T16:00:00,99214,138.88,Chennai,CLEAN
CLM-CC81CF56,1000000043,Dr. Anthony Humphrey,MEM000394,FAC008,2026-04-22T10:00:00,99213,95.91,Chennai,CLEAN
CLM-F69B5A42,1000000037,Dr. Cassandra Gaines,MEM000261,FAC013,2026-04-16T11:00:00,99215,239.4,Chennai,CLEAN
CLM-477E31D9,1000000142,Dr. Patricia Rodriguez,MEM000712,FAC020,2026-03-10T11:00:00,99213,103.58,Chennai,CLEAN
CLM-0792C7D9,1000000131,Dr. Dustin Jordan,MEM000651,FAC002,2026-05-17T16:00:00,93000,65.4,Chennai,CLEAN
CLM-38811E67,1000000158,Dr. Melissa Gates,MEM000100,FAC047,2026-06-09T15:00:00,99214,154.18,Chennai,CLEAN
CLM-B09FAF6E,1000000185,Dr. Dr. Hannah Patterson,MEM000318,FAC045,2026-01-22T15:00:00,99215,207.71,Chennai,CLEAN
CLM-B4EDDA4A,1000000143,Dr. Christopher Rubio,MEM000346,FAC015,2026-02-04T13:00:00,71045,87.59,Chennai,CLEAN
CLM-EDF6F938,1000000047,Dr. Shane Henderson,MEM000910,FAC023,2026-06-20T09:00:00,99215,221.39,Chennai,CLEAN
CLM-B894F69B,1000000057,Dr. Richard Aguirre,MEM000251,FAC016,2026-02-21T09:00:00,99214,137.33,Chennai,CLEAN
CLM-0E71BE69,1000000180,Dr. Alexander Collins,MEM000854,FAC023,2026-06-21T17:00:00,71045,78.49,Chennai,CLEAN
CLM-0567FAE1,1000000095,Dr. Anna Henderson,MEM000736,FAC017,2026-04-05T16:00:00,71045,86.66,Chennai,CLEAN
CLM-25D4B57A,1000000144,Dr. Amber Wright,MEM000691,FAC017,2026-05-08T14:00:00,71045,78.42,Chennai,CLEAN
CLM-DBC75C4F,1000000182,Dr. Angela Vaughn,MEM000916,FAC046,2026-03-10T14:00:00,99214,145.81,Chennai,CLEAN
CLM-69E69207,1000000061,Dr. Gerald Hensley,MEM000447,FAC023,2026-05-25T16:00:00,99215,215.29,Chennai,CLEAN
CLM-97EFC30A,1000000186,Dr. Jonathan Peterson,MEM000608,FAC049,2026-05-09T15:00:00,99213,98.62,Chennai,CLEAN
CLM-98A9ABF9,1000000071,Dr. Whitney Peters,MEM000129,FAC005,2026-02-15T14:00:00,99215,214.28,Chennai,CLEAN
CLM-1CA9C5B8,1000000137,Dr. Courtney Gonzalez,MEM000714,FAC000,2026-05-27T14:00:00,93000,65.0,Chennai,CLEAN
CLM-A5975E51,1000000078,Dr. Steve Sanchez,MEM000520,FAC005,2026-03-29T11:00:00,71045,81.54,Chennai,CLEAN
CLM-5EFD9B73,1000000082,Dr. Michael Evans,MEM000805,FAC023,2026-05-28T15:00:00,71045,76.83,Chennai,CLEAN
CLM-7B42434D,1000000114,Dr. Garrett Lin,MEM000186,FAC007,2026-03-03T09:00:00,71045,85.92,Chennai,CLEAN
CLM-425A525A,1000000070,Dr. Jordan Henderson,MEM000139,FAC015,2026-04-05T10:00:00,99215,205.99,Chennai,CLEAN
CLM-8819F96E,1000000031,Dr. James Ferrell,MEM000955,FAC018,2026-01-14T13:00:00,93000,61.0,Chennai,CLEAN
CLM-311FE17A,1000000063,Dr. Donald Wright,MEM000811,FAC010,2026-04-17T10:00:00,99215,232.18,Chennai,CLEAN
CLM-1CD3E842,1000000079,Dr. Lisa Barnes,MEM000218,FAC045,2026-01-15T16:00:00,93000,58.95,Chennai,CLEAN
CLM-92650035,1000000168,Dr. Joel Williams,MEM000788,FAC029,2026-02-27T10:00:00,99213,90.6,Chennai,CLEAN
CLM-1E7DE6E5,1000000165,Dr. John Anderson,MEM000702,FAC046,2026-02-01T16:00:00,93000,63.86,Chennai,CLEAN
CLM-EF564944,1000000042,Dr. Sherry Decker,MEM000145,FAC007,2026-01-21T14:00:00,93000,59.36,Chennai,CLEAN
CLM-98D74C2C,1000000142,Dr. Patricia Rodriguez,MEM000287,FAC020,2026-02-10T12:00:00,99215,233.89,Chennai,CLEAN
CLM-548782AD,1000000168,Dr. Joel Williams,MEM000286,FAC047,2026-02-15T15:00:00,93000,63.57,Chennai,CLEAN
CLM-E242C707,1000000066,Dr. Tracy House,MEM000273,FAC043,2026-06-16T16:00:00,99213,92.25,Chennai,CLEAN
CLM-0927FBB7,1000000049,Dr. Eric Carney,MEM000658,FAC010,2026-06-15T09:00:00,93000,58.93,Chennai,CLEAN
CLM-73257B7D,1000000087,Dr. Christopher Bass,MEM000896,FAC047,2026-02-07T12:00:00,71045,79.4,Chennai,CLEAN
CLM-9EF12935,1000000033,Dr. Nathan Maldonado,MEM000591,FAC027,2026-04-13T14:00:00,71045,75.01,Chennai,CLEAN
CLM-75010F5E,1000000119,Dr. Jeffrey Chandler,MEM000003,FAC007,2026-03-13T09:00:00,99213,108.5,Chennai,CLEAN
CLM-5A4E07C0,1000000161,Dr. Jennifer Adkins,MEM000717,FAC022,2026-02-09T16:00:00,93000,54.75,Chennai,CLEAN
CLM-6A3C45F0,1000000094,Dr. John Whitehead,MEM000333,FAC041,2026-05-13T09:00:00,99213,90.51,Chennai,CLEAN
CLM-AB343E44,1000000038,Dr. Elizabeth Fowler,MEM000495,FAC043,2026-02-15T11:00:00,99213,96.18,Chennai,CLEAN
CLM-C4DE03BB,1000000081,Dr. Mike Allen,MEM000474,FAC042,2026-02-19T10:00:00,71045,72.42,Chennai,CLEAN
CLM-7725BB24,1000000077,Dr. Megan Young,MEM000232,FAC036,2026-06-27T10:00:00,99214,157.89,Chennai,CLEAN
CLM-4EBD227E,1000000135,Dr. Jose Schultz,MEM000825,FAC040,2026-06-27T10:00:00,71045,87.9,Chennai,CLEAN
CLM-AA106EE7,1000000008,Dr. Gabrielle Davis,MEM000203,FAC007,2026-02-20T15:00:00,93000,58.15,Chennai,CLEAN
CLM-337091C7,1000000181,Dr. Tina Sanders,MEM000157,FAC033,2026-04-11T11:00:00,99213,102.02,Chennai,CLEAN
CLM-D3E956D8,1000000047,Dr. Shane Henderson,MEM000589,FAC046,2026-06-11T16:00:00,99214,145.32,Chennai,CLEAN
CLM-1E121D82,1000000184,Dr. Lindsay Martinez,MEM000382,FAC039,2026-04-01T12:00:00,99214,139.45,Chennai,CLEAN
CLM-C90419BE,1000000038,Dr. Elizabeth Fowler,MEM000655,FAC044,2026-04-24T12:00:00,93000,56.28,Chennai,CLEAN
CLM-F67DD81A,1000000133,Dr. Daniel Kennedy,MEM000617,FAC038,2026-02-14T09:00:00,99215,214.0,Chennai,CLEAN
CLM-0AD632E2,1000000121,Dr. Kenneth Scott,MEM000707,FAC044,2026-02-26T14:00:00,99214,138.88,Chennai,CLEAN
CLM-8DC5D80C,1000000108,Dr. Evelyn Galvan,MEM000437,FAC005,2026-05-10T14:00:00,99213,99.39,Chennai,CLEAN
CLM-26693E9C,1000000023,Dr. Tommy Walter,MEM000929,FAC003,2026-05-22T16:00:00,99213,100.23,Chennai,CLEAN
CLM-E3EE7720,1000000099,Dr. Stephen Mckee,MEM000621,FAC031,2026-01-31T17:00:00,99214,159.89,Chennai,CLEAN
CLM-DADC891D,1000000051,Dr. Danny Morgan,MEM000390,FAC002,2026-01-26T09:00:00,71045,73.99,Chennai,CLEAN
CLM-8CBD6F22,1000000101,Dr. Cameron Parker,MEM000102,FAC022,2026-06-15T17:00:00,99214,161.79,Chennai,CLEAN
CLM-2635D803,1000000142,Dr. Patricia Rodriguez,MEM000694,FAC035,2026-06-11T11:00:00,99213,109.27,Chennai,CLEAN
CLM-0CAD78E5,1000000126,Dr. Michelle Evans,MEM000682,FAC040,2026-04-22T13:00:00,93000,64.31,Chennai,CLEAN
CLM-63E895E2,1000000199,Dr. Nathan Freeman,MEM000412,FAC030,2026-02-21T14:00:00,71045,84.06,Chennai,CLEAN
CLM-FD2E5650,1000000033,Dr. Nathan Maldonado,MEM000148,FAC013,2026-02-25T11:00:00,99214,163.57,Chennai,CLEAN
CLM-9DF4345B,1000000182,Dr. Angela Vaughn,MEM000520,FAC001,2026-06-12T10:00:00,93000,57.5,Chennai,CLEAN
CLM-F0A701CB,1000000039,Dr. Brittany Farmer,MEM000354,FAC035,2026-06-21T11:00:00,99214,140.36,Chennai,CLEAN
CLM-C5C413FE,1000000090,Dr. Matthew Mcmillan,MEM000414,FAC003,2026-04-07T11:00:00,93000,65.91,Chennai,CLEAN
CLM-4C31AF82,1000000086,Dr. Shirley Suarez,MEM000216,FAC023,2026-06-17T09:00:00,71045,75.88,Chennai,CLEAN
CLM-E2F799EF,1000000162,Dr. Lindsey Walker,MEM000809,FAC046,2026-05-03T12:00:00,99213,107.1,Chennai,CLEAN
CLM-786398D8,1000000029,Dr. Anthony Rodriguez,MEM000544,FAC003,2026-03-11T15:00:00,71045,76.41,Chennai,CLEAN
CLM-004A9EC1,1000000060,Dr. Victoria Garcia,MEM000006,FAC031,2026-06-21T14:00:00,99214,160.7,Chennai,CLEAN
CLM-E9C9313F,1000000078,Dr. Steve Sanchez,MEM000790,FAC007,2026-06-17T17:00:00,99215,204.53,Chennai,CLEAN
CLM-78E991CE,1000000168,Dr. Joel Williams,MEM000073,FAC014,2026-04-09T11:00:00,71045,82.58,Chennai,CLEAN
CLM-D85F98F3,1000000130,Dr. Elizabeth Kelley,MEM000803,FAC018,2026-06-19T15:00:00,99214,152.13,Chennai,CLEAN
CLM-7C78C7B2,1000000184,Dr. Lindsay Martinez,MEM000484,FAC042,2026-04-04T15:00:00,99213,96.28,Chennai,CLEAN
CLM-564B8943,1000000070,Dr. Jordan Henderson,MEM000809,FAC030,2026-01-12T14:00:00,99215,209.06,Chennai,CLEAN
CLM-1EAC9200,1000000018,Dr. Lisa Jackson,MEM000818,FAC011,2026-06-10T10:00:00,99215,201.81,Chennai,CLEAN
CLM-8321633B,1000000184,Dr. Lindsay Martinez,MEM000274,FAC004,2026-01-20T14:00:00,99215,216.84,Chennai,CLEAN
CLM-3957EFFC,1000000004,Dr. Cristian Santos,MEM000583,FAC042,2026-01-24T15:00:00,93000,65.82,Chennai,CLEAN
CLM-EEEA6819,1000000151,Dr. Pamela Boyd,MEM000328,FAC028,2026-05-21T16:00:00,99215,233.41,Chennai,CLEAN
CLM-E039D19A,1000000015,Dr. Brian Ramirez,MEM000488,FAC000,2026-02-05T09:00:00,99215,205.42,Chennai,CLEAN
CLM-15A00C3E,1000000040,Dr. Paula Moreno,MEM000682,FAC000,2026-01-19T16:00:00,99213,92.72,Chennai,CLEAN
CLM-328DC3A0,1000000169,Dr. Daniel Murphy,MEM000091,FAC009,2026-03-20T10:00:00,99214,152.15,Chennai,CLEAN
CLM-D4CCA05B,1000000192,Dr. Debra Christian,MEM000733,FAC027,2026-06-08T15:00:00,71045,80.51,Chennai,CLEAN
CLM-29E2F42F,1000000165,Dr. John Anderson,MEM000464,FAC025,2026-01-10T17:00:00,71045,75.45,Chennai,CLEAN
CLM-01196853,1000000042,Dr. Sherry Decker,MEM000436,FAC031,2026-05-04T12:00:00,99213,105.96,Chennai,CLEAN
CLM-2D387643,1000000197,Dr. Spencer Haynes,MEM000189,FAC008,2026-04-23T15:00:00,99213,99.21,Chennai,CLEAN
CLM-989103F6,1000000086,Dr. Shirley Suarez,MEM000712,FAC036,2026-05-16T17:00:00,93000,59.7,Chennai,CLEAN
CLM-8C334E41,1000000139,Dr. Angel Perry,MEM000430,FAC022,2026-03-02T12:00:00,93000,64.8,Chennai,CLEAN
CLM-9DE4111C,1000000178,Dr. Lawrence Adkins,MEM000709,FAC019,2026-02-21T10:00:00,93000,55.1,Chennai,CLEAN
CLM-090E4081,1000000197,Dr. Spencer Haynes,MEM000391,FAC021,2026-03-21T12:00:00,99213,109.08,Chennai,CLEAN
CLM-984AF9E3,1000000172,Dr. Joshua Cooke,MEM000742,FAC037,2026-06-13T14:00:00,99214,142.0,Chennai,CLEAN
CLM-E1C783CC,1000000037,Dr. Cassandra Gaines,MEM000046,FAC010,2026-01-31T10:00:00,99215,235.06,Chennai,CLEAN
CLM-010DADF1,1000000198,Dr. Adam Vaughan,MEM000357,FAC031,2026-04-07T13:00:00,99215,222.77,Chennai,CLEAN
CLM-3B531469,1000000116,Dr. William Herrera,MEM000818,FAC018,2026-05-03T09:00:00,99213,90.02,Chennai,CLEAN
CLM-633ABA4B,1000000107,Dr. Sierra Johnson,MEM000991,FAC035,2026-04-29T15:00:00,99215,211.6,Chennai,CLEAN
CLM-53DAEC49,1000000170,Dr. Jamie Walton,MEM000780,FAC027,2026-05-08T15:00:00,99215,223.19,Chennai,CLEAN
CLM-439DF90E,1000000151,Dr. Pamela Boyd,MEM000460,FAC019,2026-01-23T15:00:00,99214,146.57,Chennai,CLEAN
CLM-28CA186E,1000000088,Dr. Lisa Archer,MEM000436,FAC044,2026-01-09T13:00:00,99215,199.45,Chennai,CLEAN
CLM-55D79A20,1000000104,Dr. Richard Henson,MEM000250,FAC022,2026-03-22T12:00:00,71045,75.19,Chennai,CLEAN
CLM-5C5CEDC0,1000000150,Dr. David Wright,MEM000756,FAC024,2026-03-11T15:00:00,93000,56.24,Chennai,CLEAN
CLM-00CB3BCC,1000000118,Dr. Victor Baker,MEM000451,FAC005,2026-01-29T14:00:00,99214,152.08,Chennai,CLEAN
CLM-C74EAE3D,1000000097,Dr. Deborah Figueroa,MEM000228,FAC020,2026-02-22T09:00:00,99215,224.12,Chennai,CLEAN
CLM-39BD68CF,1000000184,Dr. Lindsay Martinez,MEM000008,FAC011,2026-04-05T14:00:00,99213,93.23,Chennai,CLEAN
CLM-DDC4991F,1000000041,Dr. Fred Smith,MEM000473,FAC026,2026-06-22T12:00:00,71045,76.8,Chennai,CLEAN
CLM-2DDB1528,1000000020,Dr. Margaret Hawkins DDS,MEM000873,FAC020,2026-06-07T13:00:00,93000,61.45,Chennai,CLEAN
CLM-562EFD60,1000000143,Dr. Christopher Rubio,MEM000860,FAC036,2026-03-27T15:00:00,99215,238.59,Chennai,CLEAN
CLM-484585D5,1000000105,Dr. Marc Moore,MEM000673,FAC027,2026-03-05T13:00:00,99215,231.16,Chennai,CLEAN
CLM-F9EFAB53,1000000074,Dr. Amy Silva,MEM000763,FAC014,2026-03-20T13:00:00,99213,105.83,Chennai,CLEAN
CLM-458F7B5F,1000000078,Dr. Steve Sanchez,MEM000626,FAC007,2026-04-12T12:00:00,93000,56.91,Chennai,CLEAN
CLM-9DB164C7,1000000180,Dr. Alexander Collins,MEM000967,FAC016,2026-03-12T16:00:00,99215,207.96,Chennai,CLEAN
CLM-A8BFF1C7,1000000069,Dr. William Baker,MEM000898,FAC026,2026-03-09T09:00:00,93000,63.11,Chennai,CLEAN
CLM-BF2E356E,1000000168,Dr. Joel Williams,MEM000716,FAC035,2026-02-13T11:00:00,99214,136.43,Chennai,CLEAN
CLM-F63ED265,1000000084,Dr. Zachary Ferrell,MEM000512,FAC026,2026-02-02T16:00:00,99214,164.65,Chennai,CLEAN
CLM-B507CF6C,1000000171,Dr. Darlene Miller,MEM000837,FAC034,2026-06-14T17:00:00,93000,64.3,Chennai,CLEAN
CLM-2E5E1DED,1000000069,Dr. William Baker,MEM000102,FAC015,2026-02-10T10:00:00,99213,109.95,Chennai,CLEAN
CLM-A6874EAF,1000000194,Dr. John Bishop,MEM000584,FAC028,2026-02-03T09:00:00,99214,138.45,Chennai,CLEAN
CLM-54761471,1000000122,Dr. April Frost,MEM000779,FAC002,2026-05-03T14:00:00,99215,237.57,Chennai,CLEAN
CLM-A7CA5C5E,1000000132,Dr. Mary Marshall,MEM000356,FAC012,2026-03-15T15:00:00,99215,212.81,Chennai,CLEAN
CLM-49AAFCF0,1000000149,Dr. Stephanie Manning,MEM000135,FAC049,2026-02-02T09:00:00,99214,135.3,Chennai,CLEAN
CLM-B20EDFC1,1000000077,Dr. Megan Young,MEM000284,FAC036,2026-04-21T13:00:00,71045,86.86,Chennai,CLEAN
CLM-D2995307,1000000037,Dr. Cassandra Gaines,MEM000740,FAC039,2026-02-27T09:00:00,99213,92.83,Chennai,CLEAN
CLM-26752796,1000000188,Dr. Madison Poole,MEM000895,FAC022,2026-01-28T11:00:00,99213,94.08,Chennai,CLEAN
CLM-3792B121,1000000118,Dr. Victor Baker,MEM000341,FAC025,2026-04-02T17:00:00,93000,58.7,Chennai,CLEAN
CLM-FA5ACFC7,1000000084,Dr. Zachary Ferrell,MEM000596,FAC021,2026-06-10T16:00:00,99213,101.11,Chennai,CLEAN
CLM-01343E2C,1000000110,Dr. Richard Rodriguez,MEM000994,FAC005,2026-05-27T12:00:00,99213,95.22,Chennai,CLEAN
CLM-23A868AA,1000000092,Dr. Denise Jacobs,MEM000565,FAC019,2026-02-18T13:00:00,99215,215.45,Chennai,CLEAN
CLM-2A2BA48D,1000000056,Dr. Timothy Duncan,MEM000086,FAC004,2026-02-27T17:00:00,93000,58.45,Chennai,CLEAN
CLM-EBADB307,1000000052,Dr. Crystal Robinson,MEM000303,FAC011,2026-02-18T15:00:00,99214,162.98,Chennai,CLEAN
CLM-DEE6B56D,1000000189,Dr. Jessica Gross,MEM000138,FAC002,2026-03-05T12:00:00,99215,218.13,Chennai,CLEAN
CLM-ECAAB150,1000000046,Dr. John Pierce,MEM000271,FAC026,2026-02-23T10:00:00,99213,96.03,Chennai,CLEAN
CLM-8606A160,1000000169,Dr. Daniel Murphy,MEM000461,FAC045,2026-05-29T15:00:00,93000,62.9,Chennai,CLEAN
CLM-633C747E,1000000172,Dr. Joshua Cooke,MEM000820,FAC042,2026-04-12T17:00:00,99213,90.65,Chennai,CLEAN
CLM-32209C32,1777777777,Dr. Synthetic-C (Upcoder),MEM000923,FAC041,2026-03-22T11:00:00,93000,64.32,Mumbai,CLEAN
CLM-17B24C3B,1000000097,Dr. Deborah Figueroa,MEM000771,FAC037,2026-01-13T11:00:00,99213,102.93,Chennai,CLEAN
CLM-F8A4FF07,1000000124,Dr. Helen Jones,MEM000448,FAC018,2026-01-17T16:00:00,99215,206.29,Chennai,CLEAN
CLM-AA9A8B59,1000000009,Dr. Ryan Munoz,MEM000309,FAC013,2026-03-23T09:00:00,99214,141.85,Chennai,CLEAN
CLM-114E0672,1777777777,Dr. Synthetic-C (Upcoder),MEM000854,FAC023,2026-01-13T11:00:00,99214,159.45,Mumbai,CLEAN
CLM-7A97562E,1000000156,Dr. Joshua Perry,MEM000966,FAC017,2026-04-19T15:00:00,99215,205.97,Chennai,CLEAN
CLM-7FB955DA,1000000192,Dr. Debra Christian,MEM000344,FAC046,2026-02-10T12:00:00,99214,139.0,Chennai,CLEAN
CLM-F154F0D4,1000000039,Dr. Brittany Farmer,MEM000638,FAC014,2026-01-03T11:00:00,99213,92.69,Chennai,CLEAN
CLM-3443AA3D,1000000102,Dr. Rebecca Valencia,MEM000587,FAC006,2026-02-25T12:00:00,99213,94.59,Chennai,CLEAN
CLM-2ADA31FF,1000000056,Dr. Timothy Duncan,MEM000202,FAC016,2026-04-15T16:00:00,71045,73.08,Chennai,CLEAN
CLM-F051AD89,1000000177,Dr. Michael Wang,MEM000125,FAC042,2026-04-20T16:00:00,99215,239.04,Chennai,CLEAN
CLM-D5534169,1000000002,Dr. Angie Henderson,MEM000448,FAC027,2026-02-06T16:00:00,93000,61.32,Chennai,CLEAN
CLM-4DD04D05,1000000192,Dr. Debra Christian,MEM000833,FAC020,2026-03-05T09:00:00,99214,143.34,Chennai,CLEAN
CLM-70A5A435,1000000094,Dr. John Whitehead,MEM000215,FAC003,2026-01-21T11:00:00,99214,157.04,Chennai,CLEAN
CLM-93CE80D4,1000000142,Dr. Patricia Rodriguez,MEM000788,FAC016,2026-05-05T11:00:00,99214,135.87,Chennai,CLEAN
CLM-49F38B66,1000000069,Dr. William Baker,MEM000733,FAC008,2026-01-12T11:00:00,93000,57.55,Chennai,CLEAN
CLM-9F09FB7E,1000000017,Dr. Derek Zuniga,MEM000969,FAC037,2026-01-05T10:00:00,71045,83.48,Chennai,CLEAN
CLM-90F10121,1000000041,Dr. Fred Smith,MEM000677,FAC008,2026-03-16T09:00:00,99215,200.57,Chennai,CLEAN
CLM-E6765A65,1000000184,Dr. Lindsay Martinez,MEM000423,FAC016,2026-06-19T17:00:00,71045,83.67,Chennai,CLEAN
CLM-7FD2F957,1000000026,Dr. Justin Baker,MEM000851,FAC030,2026-06-14T16:00:00,99215,234.29,Chennai,CLEAN
CLM-2CB53A14,1000000105,Dr. Marc Moore,MEM000108,FAC039,2026-06-03T11:00:00,99215,200.2,Chennai,CLEAN
CLM-3AAF6F3A,1000000092,Dr. Denise Jacobs,MEM000655,FAC034,2026-02-28T17:00:00,71045,74.47,Chennai,CLEAN
CLM-F5ED42DC,1000000173,Dr. Matthew Harrington,MEM000480,FAC040,2026-02-07T14:00:00,93000,64.47,Chennai,CLEAN
CLM-AA1860F9,1000000016,Dr. Holly Wood,MEM000184,FAC009,2026-03-23T09:00:00,93000,63.38,Chennai,CLEAN
CLM-B821BCBB,1000000087,Dr. Christopher Bass,MEM000394,FAC025,2026-05-17T13:00:00,99215,238.25,Chennai,CLEAN
CLM-1F3728AB,1000000185,Dr. Dr. Hannah Patterson,MEM000757,FAC009,2026-03-05T16:00:00,99214,153.82,Chennai,CLEAN
CLM-3176738B,1000000115,Dr. Diana May,MEM000587,FAC049,2026-01-20T11:00:00,99213,92.6,Chennai,CLEAN
CLM-66DBA7E2,1000000022,Dr. Ethan Adams,MEM000048,FAC007,2026-05-16T16:00:00,93000,54.5,Chennai,CLEAN
CLM-37F88F4F,1000000178,Dr. Lawrence Adkins,MEM000354,FAC044,2026-05-22T15:00:00,93000,54.6,Chennai,CLEAN
CLM-2B278A88,1000000018,Dr. Lisa Jackson,MEM000465,FAC003,2026-05-05T13:00:00,99213,105.96,Chennai,CLEAN
CLM-7AAA47A6,1000000057,Dr. Richard Aguirre,MEM000612,FAC009,2026-04-01T10:00:00,93000,65.66,Chennai,CLEAN
CLM-8D14E353,1000000158,Dr. Melissa Gates,MEM000257,FAC044,2026-04-01T11:00:00,93000,57.82,Chennai,CLEAN
CLM-9709C2E6,1000000195,Dr. Allen Rosales,MEM000112,FAC031,2026-01-27T11:00:00,99214,139.26,Chennai,CLEAN
CLM-F837AFAA,1000000126,Dr. Michelle Evans,MEM000968,FAC024,2026-03-07T12:00:00,99214,151.73,Chennai,CLEAN
CLM-8A3E2466,1000000046,Dr. John Pierce,MEM000167,FAC001,2026-04-03T13:00:00,99214,139.33,Chennai,CLEAN
CLM-614045E1,1000000096,Dr. Aaron Wise,MEM000180,FAC024,2026-06-23T14:00:00,99215,224.01,Chennai,CLEAN
CLM-5D074D8C,1000000165,Dr. John Anderson,MEM000391,FAC012,2026-02-19T09:00:00,93000,63.8,Chennai,CLEAN
CLM-E1E71396,1000000051,Dr. Danny Morgan,MEM000999,FAC018,2026-03-17T13:00:00,71045,86.04,Chennai,CLEAN
CLM-B356D8CA,1000000004,Dr. Cristian Santos,MEM000312,FAC032,2026-05-13T16:00:00,93000,61.19,Chennai,CLEAN
CLM-53FE10D8,1000000084,Dr. Zachary Ferrell,MEM000012,FAC017,2026-04-29T09:00:00,99214,135.31,Chennai,CLEAN
CLM-68BE7DC2,1000000095,Dr. Anna Henderson,MEM000628,FAC043,2026-04-07T17:00:00,99215,201.14,Chennai,CLEAN
CLM-93C3B96A,1000000196,Dr. Daniel Salinas,MEM000895,FAC020,2026-02-18T16:00:00,71045,76.12,Chennai,CLEAN
CLM-9C9E25F6,1000000179,Dr. Robert Oconnell,MEM000925,FAC011,2026-04-12T15:00:00,99214,139.8,Chennai,CLEAN
CLM-C0773B68,1000000153,Dr. Devon Flores,MEM000758,FAC020,2026-04-17T12:00:00,99215,206.14,Chennai,CLEAN
CLM-4158A43D,1000000127,Dr. Jason Powell,MEM000485,FAC020,2026-02-13T11:00:00,99215,222.96,Chennai,CLEAN
CLM-EC75920F,1000000004,Dr. Cristian Santos,MEM000428,FAC005,2026-04-13T14:00:00,93000,55.0,Chennai,CLEAN
CLM-7582BC97,1000000154,Dr. Brenda Hall,MEM000137,FAC001,2026-06-17T14:00:00,93000,62.7,Chennai,CLEAN
CLM-199CBA7B,1000000040,Dr. Paula Moreno,MEM000154,FAC037,2026-03-15T10:00:00,99213,96.45,Chennai,CLEAN
CLM-06E87203,1000000196,Dr. Daniel Salinas,MEM000420,FAC013,2026-01-11T11:00:00,93000,57.81,Chennai,CLEAN
CLM-39043237,1000000193,Dr. Angelica Keith,MEM000680,FAC044,2026-05-29T15:00:00,99214,148.08,Chennai,CLEAN
CLM-8D689E0D,1000000118,Dr. Victor Baker,MEM000684,FAC046,2026-02-09T15:00:00,99214,159.8,Chennai,CLEAN
CLM-6A5E6A1E,1000000185,Dr. Dr. Hannah Patterson,MEM000303,FAC042,2026-02-16T09:00:00,71045,78.03,Chennai,CLEAN
CLM-827A9D1C,1000000085,Dr. Daniel Baker,MEM000679,FAC016,2026-06-09T17:00:00,99213,102.93,Chennai,CLEAN
CLM-B9CEC42F,1000000141,Dr. David Douglas Jr.,MEM000347,FAC006,2026-02-19T12:00:00,99213,94.46,Chennai,CLEAN
CLM-D7356026,1000000137,Dr. Courtney Gonzalez,MEM000778,FAC002,2026-01-12T13:00:00,93000,60.41,Chennai,CLEAN
CLM-E0585FAD,1000000057,Dr. Richard Aguirre,MEM000721,FAC010,2026-01-17T10:00:00,99214,160.52,Chennai,CLEAN
CLM-A44E6EC4,1000000024,Dr. Matthew Foster,MEM000972,FAC011,2026-01-20T14:00:00,99215,220.5,Chennai,CLEAN
CLM-8F13A8F1,1000000028,Dr. Zachary Hicks,MEM000728,FAC023,2026-05-18T11:00:00,71045,80.7,Chennai,CLEAN
CLM-418C307E,1000000137,Dr. Courtney Gonzalez,MEM000511,FAC025,2026-03-18T09:00:00,99213,105.27,Chennai,CLEAN
CLM-AD5A4993,1000000028,Dr. Zachary Hicks,MEM000543,FAC020,2026-03-09T17:00:00,93000,54.7,Chennai,CLEAN
CLM-E740ACC8,1000000079,Dr. Lisa Barnes,MEM000312,FAC048,2026-02-04T09:00:00,99213,105.89,Chennai,CLEAN
CLM-B3CB327D,1000000045,Dr. Philip Cannon,MEM000583,FAC032,2026-05-08T16:00:00,93000,59.77,Chennai,CLEAN
CLM-92185EA0,1000000080,Dr. Kelly Donovan,MEM000533,FAC020,2026-04-10T15:00:00,99215,239.61,Chennai,CLEAN
CLM-38259F56,1000000102,Dr. Rebecca Valencia,MEM000766,FAC019,2026-01-31T15:00:00,99214,141.53,Chennai,CLEAN
CLM-4DADD43E,1000000168,Dr. Joel Williams,MEM000184,FAC007,2026-06-06T11:00:00,71045,84.94,Chennai,CLEAN
CLM-7736243A,1000000045,Dr. Philip Cannon,MEM000076,FAC012,2026-02-16T09:00:00,99215,228.37,Chennai,CLEAN
CLM-B8F83393,1000000011,Dr. Jamie Arnold,MEM000291,FAC010,2026-06-06T13:00:00,93000,56.6,Chennai,CLEAN
CLM-B428A7CF,1000000028,Dr. Zachary Hicks,MEM000288,FAC046,2026-05-05T17:00:00,93000,63.27,Chennai,CLEAN
CLM-3ED7E124,1000000179,Dr. Robert Oconnell,MEM000886,FAC007,2026-01-24T16:00:00,93000,59.36,Chennai,CLEAN
CLM-FF83A17F,1000000194,Dr. John Bishop,MEM000416,FAC037,2026-06-06T13:00:00,93000,62.29,Chennai,CLEAN
CLM-A34E078A,1000000024,Dr. Matthew Foster,MEM000667,FAC010,2026-05-12T12:00:00,99213,104.71,Chennai,CLEAN
CLM-1511E2DE,1000000005,Dr. Connie Lawrence,MEM000058,FAC014,2026-04-21T15:00:00,71045,72.33,Chennai,CLEAN
CLM-2EAF0876,1000000176,Dr. Michael Elliott,MEM000763,FAC010,2026-06-30T09:00:00,99213,90.11,Chennai,CLEAN
CLM-4491725B,1000000050,Dr. Jessica Holmes,MEM000765,FAC010,2026-05-19T14:00:00,99214,151.32,Chennai,CLEAN
CLM-2BE36E16,1000000048,Dr. Joshua Blair,MEM000893,FAC006,2026-01-01T14:00:00,99213,96.53,Chennai,CLEAN
CLM-3D8528E2,1000000045,Dr. Philip Cannon,MEM000276,FAC015,2026-05-16T12:00:00,93000,62.52,Chennai,CLEAN
CLM-DF6D9386,1000000090,Dr. Matthew Mcmillan,MEM000566,FAC044,2026-02-11T15:00:00,93000,56.05,Chennai,CLEAN
CLM-963EEE46,1000000199,Dr. Nathan Freeman,MEM000578,FAC049,2026-06-06T09:00:00,99213,99.02,Chennai,CLEAN
CLM-3CF4784B,1000000136,Dr. Robert Potter,MEM000714,FAC027,2026-02-11T16:00:00,71045,86.94,Chennai,CLEAN
CLM-5D58E234,1000000058,Dr. Brent Jordan,MEM000181,FAC035,2026-02-22T17:00:00,93000,64.72,Chennai,CLEAN
CLM-85561C03,1000000172,Dr. Joshua Cooke,MEM000808,FAC013,2026-02-24T16:00:00,71045,86.4,Chennai,CLEAN
CLM-6E891952,1000000021,Dr. Patty Perez,MEM000517,FAC021,2026-06-12T10:00:00,93000,64.96,Chennai,CLEAN
CLM-BE0101C4,1000000192,Dr. Debra Christian,MEM000847,FAC049,2026-04-14T11:00:00,71045,79.28,Chennai,CLEAN
CLM-A12FD486,1000000063,Dr. Donald Wright,MEM000444,FAC035,2026-03-20T10:00:00,99213,109.46,Chennai,CLEAN
CLM-2E6C6691,1000000048,Dr. Joshua Blair,MEM000158,FAC042,2026-05-10T11:00:00,99214,162.0,Chennai,CLEAN
CLM-8D8DA303,1000000183,Dr. Ashley Barton,MEM000623,FAC009,2026-01-26T17:00:00,93000,62.77,Chennai,CLEAN
CLM-461696BA,1000000057,Dr. Richard Aguirre,MEM000357,FAC011,2026-04-29T10:00:00,93000,59.72,Chennai,CLEAN
CLM-BFBF9657,1000000181,Dr. Tina Sanders,MEM000960,FAC048,2026-06-29T09:00:00,71045,87.24,Chennai,CLEAN
CLM-D772168E,1000000123,Dr. Michelle Harmon,MEM000504,FAC024,2026-01-25T09:00:00,71045,84.09,Chennai,CLEAN
CLM-95FFC144,1000000185,Dr. Dr. Hannah Patterson,MEM000379,FAC037,2026-02-12T09:00:00,93000,60.27,Chennai,CLEAN
CLM-77D06CBD,1000000167,Dr. Alyssa Day,MEM000832,FAC017,2026-03-05T10:00:00,93000,55.53,Chennai,CLEAN
CLM-0808F596,1000000155,Dr. Michelle Brown,MEM000455,FAC026,2026-01-30T16:00:00,93000,62.34,Chennai,CLEAN
CLM-039B60F3,1000000090,Dr. Matthew Mcmillan,MEM000993,FAC037,2026-04-18T17:00:00,99214,151.23,Chennai,CLEAN
CLM-87E47EA6,1000000076,Dr. Angela Lopez,MEM000358,FAC042,2026-05-08T11:00:00,99213,109.81,Chennai,CLEAN
CLM-4CEFA054,1000000187,Dr. Samantha Garcia,MEM000154,FAC044,2026-04-11T15:00:00,99215,228.62,Chennai,CLEAN
CLM-88BE4BC5,1000000102,Dr. Rebecca Valencia,MEM000546,FAC024,2026-02-13T14:00:00,93000,63.95,Chennai,CLEAN
CLM-E4161755,1000000035,Dr. Jeffrey Chavez,MEM000331,FAC028,2026-02-22T13:00:00,93000,60.09,Chennai,CLEAN
CLM-F6155642,1000000144,Dr. Amber Wright,MEM000912,FAC010,2026-03-29T14:00:00,99214,153.07,Chennai,CLEAN
CLM-EBCC2913,1000000171,Dr. Darlene Miller,MEM000445,FAC040,2026-06-12T09:00:00,71045,83.81,Chennai,CLEAN
CLM-AA0964E4,1000000034,Dr. Debra Davidson,MEM000593,FAC038,2026-01-06T16:00:00,99215,225.61,Chennai,CLEAN
CLM-A4584DC9,1000000036,Dr. Sherri Baker,MEM000783,FAC039,2026-04-16T15:00:00,93000,65.86,Chennai,CLEAN
CLM-EF2ED4EA,1000000077,Dr. Megan Young,MEM000064,FAC048,2026-04-23T15:00:00,71045,72.35,Chennai,CLEAN
CLM-65547727,1000000000,Dr. Allison Hill,MEM000566,FAC038,2026-04-28T13:00:00,71045,76.08,Chennai,CLEAN
CLM-242A551F,1000000090,Dr. Matthew Mcmillan,MEM000702,FAC039,2026-05-27T13:00:00,71045,76.41,Chennai,CLEAN
CLM-B820F48D,1000000130,Dr. Elizabeth Kelley,MEM000198,FAC038,2026-05-10T13:00:00,99213,98.22,Chennai,CLEAN
CLM-729CA102,1000000062,Dr. Connor West,MEM000295,FAC029,2026-05-13T14:00:00,99214,146.96,Chennai,CLEAN
CLM-9809588A,1000000148,Dr. Kathy Rivas,MEM000549,FAC034,2026-01-28T15:00:00,99215,232.16,Chennai,CLEAN
CLM-8AAE17B6,1000000136,Dr. Robert Potter,MEM000028,FAC016,2026-03-16T14:00:00,99213,105.85,Chennai,CLEAN
CLM-76AF0CEB,1000000042,Dr. Sherry Decker,MEM000678,FAC040,2026-05-12T15:00:00,99213,96.53,Chennai,CLEAN
CLM-D9B74C87,1000000043,Dr. Anthony Humphrey,MEM000121,FAC002,2026-02-11T15:00:00,99214,163.84,Chennai,CLEAN
CLM-3E7E315B,1000000010,Dr. Monica Herrera,MEM000406,FAC025,2026-03-16T17:00:00,93000,64.82,Chennai,CLEAN
CLM-2BE741A4,1000000004,Dr. Cristian Santos,MEM000860,FAC034,2026-02-15T13:00:00,93000,64.0,Chennai,CLEAN
CLM-BEFB08FC,1000000091,Dr. Brian Rodriguez,MEM000532,FAC006,2026-02-26T09:00:00,93000,64.53,Chennai,CLEAN
CLM-47861DCC,1000000146,Dr. Victoria Larson,MEM000568,FAC012,2026-06-20T09:00:00,99215,219.23,Chennai,CLEAN
CLM-725D67A0,1000000170,Dr. Jamie Walton,MEM000834,FAC034,2026-05-22T12:00:00,93000,61.14,Chennai,CLEAN
CLM-0B2B55BB,1000000121,Dr. Kenneth Scott,MEM000268,FAC047,2026-01-28T17:00:00,99215,216.3,Chennai,CLEAN
CLM-E544D4AA,1000000060,Dr. Victoria Garcia,MEM000014,FAC009,2026-04-25T14:00:00,99213,90.94,Chennai,CLEAN
CLM-A53023A0,1000000054,Dr. Shannon Jones,MEM000047,FAC043,2026-03-30T15:00:00,71045,73.63,Chennai,CLEAN
CLM-9F6143D9,1000000199,Dr. Nathan Freeman,MEM000610,FAC022,2026-06-15T12:00:00,99213,108.22,Chennai,CLEAN
CLM-3CCBC35D,1000000091,Dr. Brian Rodriguez,MEM000396,FAC018,2026-01-25T17:00:00,99215,231.76,Chennai,CLEAN
CLM-3D64CB6D,1000000049,Dr. Eric Carney,MEM000845,FAC028,2026-05-19T13:00:00,71045,79.18,Chennai,CLEAN
CLM-F6A4F824,1000000013,Dr. Michele Williams,MEM000514,FAC048,2026-05-03T09:00:00,99213,100.62,Chennai,CLEAN
CLM-C3D13630,1000000041,Dr. Fred Smith,MEM000424,FAC041,2026-01-09T09:00:00,99213,102.62,Chennai,CLEAN
CLM-DD8FAE1A,1000000052,Dr. Crystal Robinson,MEM000437,FAC023,2026-06-26T10:00:00,99213,94.62,Chennai,CLEAN
CLM-F7508D5C,1000000075,Dr. Sarah Moore,MEM000310,FAC016,2026-02-03T09:00:00,71045,79.74,Chennai,CLEAN
CLM-B4C6E8C1,1000000170,Dr. Jamie Walton,MEM000351,FAC027,2026-05-24T15:00:00,99215,205.25,Chennai,CLEAN
CLM-5EDCFE45,1000000009,Dr. Ryan Munoz,MEM000386,FAC009,2026-02-02T10:00:00,99215,238.05,Chennai,CLEAN
CLM-A5060D66,1000000156,Dr. Joshua Perry,MEM000611,FAC027,2026-05-03T11:00:00,99215,239.03,Chennai,CLEAN
CLM-83DCCD80,1000000196,Dr. Daniel Salinas,MEM000182,FAC011,2026-02-16T10:00:00,93000,54.09,Chennai,CLEAN
CLM-82670372,1000000060,Dr. Victoria Garcia,MEM000220,FAC040,2026-06-15T13:00:00,71045,84.69,Chennai,CLEAN
CLM-377D1A76,1000000066,Dr. Tracy House,MEM000510,FAC019,2026-05-03T15:00:00,99215,221.81,Chennai,CLEAN
CLM-02270323,1000000175,Dr. Alex Hernandez,MEM000804,FAC020,2026-04-06T12:00:00,93000,59.24,Chennai,CLEAN
CLM-D00B90D8,1000000043,Dr. Anthony Humphrey,MEM000098,FAC014,2026-05-17T12:00:00,99215,198.27,Chennai,CLEAN
CLM-69D9B814,1000000020,Dr. Margaret Hawkins DDS,MEM000992,FAC008,2026-03-15T14:00:00,99215,207.6,Chennai,CLEAN
CLM-58354B14,1000000042,Dr. Sherry Decker,MEM000718,FAC038,2026-01-15T09:00:00,99214,146.83,Chennai,CLEAN
CLM-C0870436,1000000168,Dr. Joel Williams,MEM000189,FAC005,2026-01-18T16:00:00,99214,162.69,Chennai,CLEAN
CLM-D2020579,1000000163,Dr. Jeffrey Johnson,MEM000146,FAC040,2026-04-29T16:00:00,99214,147.77,Chennai,CLEAN
CLM-FEE927A2,1000000069,Dr. William Baker,MEM000548,FAC041,2026-05-20T12:00:00,93000,58.16,Chennai,CLEAN
CLM-28BADEF4,1000000082,Dr. Michael Evans,MEM000729,FAC043,2026-03-24T17:00:00,99215,205.52,Chennai,CLEAN
CLM-41740B6C,1000000149,Dr. Stephanie Manning,MEM000684,FAC019,2026-02-13T14:00:00,99214,156.38,Chennai,CLEAN
CLM-EEE1B0CD,1000000080,Dr. Kelly Donovan,MEM000103,FAC025,2026-01-30T17:00:00,99215,219.53,Chennai,CLEAN
CLM-D9421B6E,1000000157,Dr. Jason Stein,MEM000086,FAC028,2026-01-18T09:00:00,99215,238.31,Chennai,CLEAN
CLM-9143FDB6,1000000135,Dr. Jose Schultz,MEM000872,FAC040,2026-01-13T14:00:00,99215,224.37,Chennai,CLEAN
CLM-18F12E2E,1000000066,Dr. Tracy House,MEM000458,FAC029,2026-03-20T13:00:00,71045,75.69,Chennai,CLEAN
CLM-E2D76C6C,1000000093,Dr. Christina Walters,MEM000653,FAC013,2026-04-02T11:00:00,99215,217.29,Chennai,CLEAN
CLM-2582989E,1000000135,Dr. Jose Schultz,MEM000749,FAC047,2026-03-17T10:00:00,71045,73.91,Chennai,CLEAN
CLM-945E139F,1000000148,Dr. Kathy Rivas,MEM000307,FAC044,2026-05-27T16:00:00,99214,142.8,Chennai,CLEAN
CLM-167328D2,1000000154,Dr. Brenda Hall,MEM000208,FAC002,2026-03-27T12:00:00,71045,80.17,Chennai,CLEAN
CLM-FE6DA2E4,1000000007,Dr. Gina Moore,MEM000227,FAC012,2026-02-01T17:00:00,99214,147.64,Chennai,CLEAN
CLM-17CC6BB6,1888888888,Dr. Synthetic-B (Teleport),MEM000070,FAC044,2026-02-21T12:00:00,93000,65.02,Chennai,CLEAN
CLM-9053F7A8,1000000046,Dr. John Pierce,MEM000437,FAC002,2026-05-12T16:00:00,93000,60.42,Chennai,CLEAN
CLM-759FB613,1000000044,Dr. Angelica Tucker,MEM000831,FAC035,2026-01-18T14:00:00,99214,149.4,Chennai,CLEAN
CLM-051FF2F4,1000000121,Dr. Kenneth Scott,MEM000201,FAC000,2026-03-15T17:00:00,71045,74.94,Chennai,CLEAN
CLM-ECF56B3F,1000000175,Dr. Alex Hernandez,MEM000064,FAC020,2026-02-16T10:00:00,71045,83.06,Chennai,CLEAN
CLM-C7C40EDC,1000000104,Dr. Richard Henson,MEM000334,FAC042,2026-02-24T14:00:00,99214,149.48,Chennai,CLEAN
CLM-7B4F23B5,1999999999,Dr. Synthetic-A (Phantom),MEM000524,FAC003,2026-01-26T17:00:00,93000,64.36,Chennai,CLEAN
CLM-FBBCE6E7,1000000091,Dr. Brian Rodriguez,MEM000435,FAC043,2026-05-03T12:00:00,99215,210.29,Chennai,CLEAN
CLM-6BB071AE,1000000097,Dr. Deborah Figueroa,MEM000508,FAC005,2026-05-03T16:00:00,71045,86.94,Chennai,CLEAN
CLM-1E0FA381,1000000151,Dr. Pamela Boyd,MEM000828,FAC025,2026-05-31T10:00:00,99215,207.88,Chennai,CLEAN
CLM-0E2F9EF6,1000000101,Dr. Cameron Parker,MEM000139,FAC037,2026-06-04T13:00:00,71045,82.07,Chennai,CLEAN
CLM-136B12FF,1000000110,Dr. Richard Rodriguez,MEM000268,FAC021,2026-01-14T09:00:00,99213,92.24,Chennai,CLEAN
CLM-E926001F,1000000136,Dr. Robert Potter,MEM000609,FAC035,2026-03-29T16:00:00,99214,152.32,Chennai,CLEAN
CLM-71E6811F,1000000136,Dr. Robert Potter,MEM000927,FAC014,2026-06-25T14:00:00,99214,137.86,Chennai,CLEAN
CLM-37F3A342,1000000021,Dr. Patty Perez,MEM000553,FAC038,2026-04-15T17:00:00,99215,237.8,Chennai,CLEAN
CLM-F9F266EF,1000000043,Dr. Anthony Humphrey,MEM000666,FAC018,2026-04-10T13:00:00,93000,63.32,Chennai,CLEAN
CLM-C5C59F74,1000000076,Dr. Angela Lopez,MEM000634,FAC048,2026-06-21T16:00:00,93000,58.45,Chennai,CLEAN
CLM-2FB39DC1,1000000043,Dr. Anthony Humphrey,MEM000574,FAC023,2026-05-06T14:00:00,93000,58.18,Chennai,CLEAN
CLM-6BE0F618,1000000133,Dr. Daniel Kennedy,MEM000129,FAC033,2026-01-29T09:00:00,99214,139.3,Chennai,CLEAN
CLM-70A73363,1000000112,Dr. Julia Torres,MEM000763,FAC037,2026-04-29T17:00:00,93000,61.92,Chennai,CLEAN
CLM-05C30A5C,1000000169,Dr. Daniel Murphy,MEM000866,FAC040,2026-01-19T11:00:00,99215,221.27,Chennai,CLEAN
CLM-9D04401A,1000000048,Dr. Joshua Blair,MEM000654,FAC038,2026-04-26T10:00:00,71045,72.23,Chennai,CLEAN
CLM-F55E92E3,1000000084,Dr. Zachary Ferrell,MEM000768,FAC037,2026-05-16T13:00:00,99215,238.72,Chennai,CLEAN
CLM-91B0D219,1000000025,Dr. Judy Baker,MEM000808,FAC017,2026-02-22T15:00:00,71045,84.17,Chennai,CLEAN
CLM-2CB8BC3A,1000000040,Dr. Paula Moreno,MEM000535,FAC025,2026-05-14T10:00:00,99213,93.64,Chennai,CLEAN
CLM-C92DCFA6,1000000055,Dr. Michael Lewis,MEM000653,FAC001,2026-02-23T17:00:00,93000,58.1,Chennai,CLEAN
CLM-6DDEC8A1,1000000111,Dr. Shannon Walker,MEM000869,FAC034,2026-01-30T10:00:00,93000,56.95,Chennai,CLEAN
CLM-12FEDE5D,1000000125,Dr. Erin Edwards,MEM000854,FAC034,2026-01-21T13:00:00,99215,223.36,Chennai,CLEAN
CLM-0DB353BD,1000000005,Dr. Connie Lawrence,MEM000755,FAC039,2026-06-18T11:00:00,99213,98.91,Chennai,CLEAN
CLM-BC142683,1000000147,Dr. Stephanie Salazar,MEM000048,FAC023,2026-03-22T11:00:00,93000,64.34,Chennai,CLEAN
CLM-01EFB14E,1000000108,Dr. Evelyn Galvan,MEM000599,FAC013,2026-02-26T14:00:00,99213,102.56,Chennai,CLEAN
CLM-44FFF995,1000000168,Dr. Joel Williams,MEM000320,FAC047,2026-05-10T17:00:00,99213,105.09,Chennai,CLEAN
CLM-9F345B2B,1000000118,Dr. Victor Baker,MEM000984,FAC047,2026-01-04T14:00:00,99214,138.8,Chennai,CLEAN
CLM-C8B2AE61,1000000101,Dr. Cameron Parker,MEM000020,FAC047,2026-02-01T10:00:00,93000,56.89,Chennai,CLEAN
CLM-A3BFEFAA,1000000149,Dr. Stephanie Manning,MEM000081,FAC000,2026-03-05T17:00:00,99214,160.58,Chennai,CLEAN
CLM-71C1FCF7,1000000121,Dr. Kenneth Scott,MEM000314,FAC008,2026-06-15T14:00:00,99215,203.34,Chennai,CLEAN
CLM-B1B10308,1000000185,Dr. Dr. Hannah Patterson,MEM000436,FAC002,2026-05-27T09:00:00,93000,57.94,Chennai,CLEAN
CLM-8AB37461,1000000136,Dr. Robert Potter,MEM000816,FAC006,2026-05-09T10:00:00,99213,95.67,Chennai,CLEAN
CLM-A83B9C16,1000000015,Dr. Brian Ramirez,MEM000900,FAC008,2026-03-18T12:00:00,71045,75.31,Chennai,CLEAN
CLM-0478C08F,1000000017,Dr. Derek Zuniga,MEM000927,FAC021,2026-06-28T17:00:00,71045,75.29,Chennai,CLEAN
CLM-463CD4BF,1000000193,Dr. Angelica Keith,MEM000411,FAC008,2026-04-23T10:00:00,99214,155.71,Chennai,CLEAN
CLM-9B29B5C6,1000000130,Dr. Elizabeth Kelley,MEM000737,FAC038,2026-04-13T12:00:00,99214,145.6,Chennai,CLEAN
CLM-B3D26092,1000000158,Dr. Melissa Gates,MEM000061,FAC045,2026-01-02T14:00:00,93000,57.86,Chennai,CLEAN
CLM-628F88FF,1000000192,Dr. Debra Christian,MEM000861,FAC027,2026-01-24T14:00:00,99215,217.82,Chennai,CLEAN
CLM-D4F31E39,1000000063,Dr. Donald Wright,MEM000088,FAC041,2026-03-27T15:00:00,71045,75.83,Chennai,CLEAN
CLM-99771B36,1000000124,Dr. Helen Jones,MEM000581,FAC011,2026-04-02T14:00:00,99213,92.03,Chennai,CLEAN
CLM-5C38BE6A,1000000074,Dr. Amy Silva,MEM000252,FAC025,2026-06-23T09:00:00,99214,160.15,Chennai,CLEAN
CLM-3544882F,1000000061,Dr. Gerald Hensley,MEM000482,FAC031,2026-02-16T16:00:00,99213,107.11,Chennai,CLEAN
CLM-82575CF8,1000000139,Dr. Angel Perry,MEM000608,FAC026,2026-06-16T15:00:00,71045,72.07,Chennai,CLEAN
CLM-70AFE6A6,1000000063,Dr. Donald Wright,MEM000302,FAC011,2026-05-14T10:00:00,71045,84.92,Chennai,CLEAN
CLM-5CCEF064,1000000065,Dr. Amber Kidd,MEM000070,FAC045,2026-06-24T15:00:00,99213,90.7,Chennai,CLEAN
CLM-720B5B9C,1000000026,Dr. Justin Baker,MEM000638,FAC044,2026-04-29T14:00:00,99214,145.04,Chennai,CLEAN
CLM-4E745D5B,1000000162,Dr. Lindsey Walker,MEM000941,FAC019,2026-04-15T13:00:00,99213,109.51,Chennai,CLEAN
CLM-710C17A3,1000000031,Dr. James Ferrell,MEM000038,FAC012,2026-06-21T17:00:00,93000,54.01,Chennai,CLEAN
CLM-BA54C799,1000000125,Dr. Erin Edwards,MEM000219,FAC000,2026-03-09T11:00:00,71045,78.72,Chennai,CLEAN
CLM-9C066B38,1000000108,Dr. Evelyn Galvan,MEM000137,FAC032,2026-01-27T13:00:00,99215,227.76,Chennai,CLEAN
CLM-097A7451,1000000116,Dr. William Herrera,MEM000118,FAC033,2026-05-29T12:00:00,93000,57.8,Chennai,CLEAN
CLM-C7E8B7CF,1000000054,Dr. Shannon Jones,MEM000948,FAC001,2026-05-28T15:00:00,93000,63.57,Chennai,CLEAN
CLM-569852CC,1000000107,Dr. Sierra Johnson,MEM000507,FAC025,2026-03-08T09:00:00,93000,56.08,Chennai,CLEAN
CLM-7C6067C1,1000000129,Dr. Megan Orr,MEM000549,FAC048,2026-03-13T17:00:00,71045,84.24,Chennai,CLEAN
CLM-669CAEAA,1000000081,Dr. Mike Allen,MEM000772,FAC022,2026-01-29T12:00:00,99215,221.66,Chennai,CLEAN
CLM-8D6FE8C6,1000000116,Dr. William Herrera,MEM000139,FAC031,2026-02-01T16:00:00,99215,237.08,Chennai,CLEAN
CLM-E179DB5F,1000000005,Dr. Connie Lawrence,MEM000657,FAC027,2026-05-22T17:00:00,99213,105.78,Chennai,CLEAN
CLM-CEE32825,1000000193,Dr. Angelica Keith,MEM000392,FAC017,2026-01-09T12:00:00,99215,239.67,Chennai,CLEAN
CLM-DCD81710,1000000151,Dr. Pamela Boyd,MEM000515,FAC048,2026-05-14T10:00:00,93000,59.92,Chennai,CLEAN
CLM-8F3FA6CF,1000000140,Dr. Cheyenne Horton,MEM000481,FAC028,2026-06-16T14:00:00,93000,56.67,Chennai,CLEAN
CLM-D11CE61E,1000000059,Dr. John Daniel,MEM000219,FAC025,2026-03-14T16:00:00,71045,72.22,Chennai,CLEAN
CLM-324F4680,1000000064,Dr. Jessica Callahan,MEM000096,FAC014,2026-01-03T09:00:00,93000,64.96,Chennai,CLEAN
CLM-DFCBF41F,1000000089,Dr. Aimee Montoya,MEM000197,FAC032,2026-06-13T15:00:00,99213,93.73,Chennai,CLEAN
CLM-73D6A157,1000000032,Dr. Tricia Valencia,MEM000405,FAC008,2026-03-31T13:00:00,99214,164.1,Chennai,CLEAN
CLM-48E36715,1000000067,Dr. Carol Tucker,MEM000069,FAC041,2026-02-13T12:00:00,99213,102.22,Chennai,CLEAN
CLM-B8A2C459,1000000185,Dr. Dr. Hannah Patterson,MEM000668,FAC022,2026-04-26T16:00:00,99214,135.22,Chennai,CLEAN
CLM-319CFDAE,1000000194,Dr. John Bishop,MEM000286,FAC004,2026-01-06T09:00:00,71045,83.03,Chennai,CLEAN
CLM-FF6863CC,1000000180,Dr. Alexander Collins,MEM000278,FAC006,2026-05-25T12:00:00,99214,143.12,Chennai,CLEAN
CLM-4F877BE9,1000000199,Dr. Nathan Freeman,MEM000245,FAC035,2026-06-14T10:00:00,99213,102.43,Chennai,CLEAN
CLM-F537EBA0,1000000182,Dr. Angela Vaughn,MEM000630,FAC019,2026-01-26T11:00:00,99214,157.52,Chennai,CLEAN
CLM-101ECAA6,1000000139,Dr. Angel Perry,MEM000974,FAC029,2026-01-08T17:00:00,71045,74.42,Chennai,CLEAN
CLM-59D924B4,1000000099,Dr. Stephen Mckee,MEM000261,FAC036,2026-04-15T12:00:00,99214,140.32,Chennai,CLEAN
CLM-4DFFC68B,1000000020,Dr. Margaret Hawkins DDS,MEM000507,FAC019,2026-02-06T11:00:00,99215,198.62,Chennai,CLEAN
CLM-2A7D3C1F,1000000177,Dr. Michael Wang,MEM000661,FAC043,2026-02-24T11:00:00,71045,73.59,Chennai,CLEAN
CLM-6CEED744,1000000136,Dr. Robert Potter,MEM000848,FAC039,2026-01-14T09:00:00,99214,144.16,Chennai,CLEAN
CLM-1FB2904D,1000000134,Dr. Rebecca Jackson,MEM000441,FAC006,2026-06-26T15:00:00,99214,136.51,Chennai,CLEAN
CLM-6C344158,1000000003,Dr. Daniel Wagner,MEM000152,FAC034,2026-04-13T16:00:00,99214,136.68,Chennai,CLEAN
CLM-A79EF13C,1000000038,Dr. Elizabeth Fowler,MEM000797,FAC002,2026-01-09T14:00:00,99214,146.73,Chennai,CLEAN
CLM-48604571,1000000106,Dr. Sharon Cherry,MEM000738,FAC008,2026-01-18T14:00:00,99214,147.28,Chennai,CLEAN
CLM-92C6A44B,1000000139,Dr. Angel Perry,MEM000597,FAC001,2026-01-03T14:00:00,71045,79.61,Chennai,CLEAN
CLM-BFBB2233,1000000080,Dr. Kelly Donovan,MEM000030,FAC003,2026-01-25T16:00:00,99214,139.1,Chennai,CLEAN
CLM-2EC58625,1000000144,Dr. Amber Wright,MEM000988,FAC000,2026-01-07T16:00:00,99214,153.46,Chennai,CLEAN
CLM-E4261068,1000000022,Dr. Ethan Adams,MEM000194,FAC048,2026-01-09T16:00:00,99214,139.81,Chennai,CLEAN
CLM-81893635,1000000027,Dr. Stephanie Ross,MEM000209,FAC034,2026-04-08T09:00:00,93000,59.67,Chennai,CLEAN
CLM-470C7F47,1000000019,Dr. Carla Gray,MEM000670,FAC024,2026-05-07T11:00:00,99214,138.6,Chennai,CLEAN
CLM-0EAB78B2,1000000064,Dr. Jessica Callahan,MEM000323,FAC045,2026-03-13T15:00:00,99213,109.98,Chennai,CLEAN
CLM-723EB8FD,1000000028,Dr. Zachary Hicks,MEM000583,FAC010,2026-05-21T10:00:00,71045,85.35,Chennai,CLEAN
CLM-871F13F2,1000000116,Dr. William Herrera,MEM000262,FAC019,2026-03-04T15:00:00,99213,109.67,Chennai,CLEAN
CLM-E7930094,1000000037,Dr. Cassandra Gaines,MEM000844,FAC014,2026-03-19T13:00:00,99214,140.51,Chennai,CLEAN
CLM-13B9AE89,1000000036,Dr. Sherri Baker,MEM000095,FAC041,2026-04-12T09:00:00,99214,145.27,Chennai,CLEAN
CLM-5FD0B9B9,1000000054,Dr. Shannon Jones,MEM000933,FAC037,2026-03-11T10:00:00,99214,163.63,Chennai,CLEAN
CLM-77BBD70B,1000000170,Dr. Jamie Walton,MEM000747,FAC001,2026-05-30T13:00:00,99215,230.64,Chennai,CLEAN
CLM-F9FF8963,1000000114,Dr. Garrett Lin,MEM000816,FAC030,2026-02-16T15:00:00,93000,54.27,Chennai,CLEAN
CLM-8BB7CCB5,1000000172,Dr. Joshua Cooke,MEM000187,FAC026,2026-06-14T14:00:00,99215,202.15,Chennai,CLEAN
CLM-CC243040,1000000033,Dr. Nathan Maldonado,MEM000481,FAC026,2026-01-21T16:00:00,93000,63.82,Chennai,CLEAN
CLM-C257D178,1000000184,Dr. Lindsay Martinez,MEM000570,FAC001,2026-06-23T11:00:00,99215,239.71,Chennai,CLEAN
CLM-FA2AE5F7,1000000177,Dr. Michael Wang,MEM000367,FAC037,2026-05-19T14:00:00,99213,97.65,Chennai,CLEAN
CLM-E24D31C4,1000000033,Dr. Nathan Maldonado,MEM000108,FAC006,2026-05-28T10:00:00,99215,240.02,Chennai,CLEAN
CLM-F94948EC,1000000137,Dr. Courtney Gonzalez,MEM000595,FAC005,2026-02-13T15:00:00,93000,64.57,Chennai,CLEAN
CLM-FCBE1801,1000000193,Dr. Angelica Keith,MEM000719,FAC018,2026-06-05T17:00:00,71045,76.08,Chennai,CLEAN
CLM-98A83647,1000000142,Dr. Patricia Rodriguez,MEM000438,FAC032,2026-06-22T15:00:00,99214,141.42,Chennai,CLEAN
CLM-53E4BA11,1000000097,Dr. Deborah Figueroa,MEM000060,FAC000,2026-05-09T17:00:00,99215,211.73,Chennai,CLEAN
CLM-6E67F625,1000000066,Dr. Tracy House,MEM000024,FAC032,2026-03-01T16:00:00,93000,65.72,Chennai,CLEAN
CLM-538C8719,1000000144,Dr. Amber Wright,MEM000112,FAC036,2026-01-09T16:00:00,99215,225.27,Chennai,CLEAN
CLM-AC99D7AE,1000000145,Dr. Joyce Solis,MEM000133,FAC005,2026-04-22T13:00:00,99213,91.01,Chennai,CLEAN
CLM-4B54A218,1000000146,Dr. Victoria Larson,MEM000754,FAC046,2026-05-16T12:00:00,71045,81.73,Chennai,CLEAN
CLM-FE61678C,1000000186,Dr. Jonathan Peterson,MEM000640,FAC008,2026-02-20T14:00:00,99214,143.36,Chennai,CLEAN
CLM-59C3F617,1000000068,Dr. James Brown,MEM000522,FAC027,2026-03-11T16:00:00,99213,100.08,Chennai,CLEAN
CLM-C8177461,1000000030,Dr. Rebecca Henderson,MEM000229,FAC036,2026-05-16T15:00:00,99215,210.07,Chennai,CLEAN
CLM-FDC1FD30,1000000047,Dr. Shane Henderson,MEM000151,FAC045,2026-01-03T11:00:00,99213,109.96,Chennai,CLEAN
CLM-C0C996C8,1000000051,Dr. Danny Morgan,MEM000761,FAC046,2026-05-06T11:00:00,99213,97.19,Chennai,CLEAN
CLM-181E8B03,1000000084,Dr. Zachary Ferrell,MEM000001,FAC013,2026-02-25T09:00:00,99213,90.41,Chennai,CLEAN
CLM-CC55F6F2,1000000140,Dr. Cheyenne Horton,MEM000531,FAC024,2026-03-05T13:00:00,71045,79.25,Chennai,CLEAN
CLM-28C80BF4,1000000151,Dr. Pamela Boyd,MEM000113,FAC039,2026-01-02T09:00:00,93000,60.25,Chennai,CLEAN
CLM-3535F38B,1000000196,Dr. Daniel Salinas,MEM000796,FAC036,2026-01-24T10:00:00,99215,203.24,Chennai,CLEAN
CLM-55D880BE,1000000000,Dr. Allison Hill,MEM000023,FAC037,2026-01-24T15:00:00,93000,63.04,Chennai,CLEAN
CLM-6B908079,1000000160,Dr. Paul Castaneda,MEM000155,FAC015,2026-02-05T16:00:00,99214,163.01,Chennai,CLEAN
CLM-AD776153,1000000189,Dr. Jessica Gross,MEM000851,FAC037,2026-06-22T17:00:00,93000,62.72,Chennai,CLEAN
CLM-EEA584B8,1000000189,Dr. Jessica Gross,MEM000733,FAC039,2026-01-12T15:00:00,99213,100.84,Chennai,CLEAN
CLM-7B9C6C36,1000000187,Dr. Samantha Garcia,MEM000344,FAC019,2026-05-20T10:00:00,93000,59.1,Chennai,CLEAN
CLM-CEF137CD,1000000066,Dr. Tracy House,MEM000397,FAC015,2026-01-11T09:00:00,99213,108.43,Chennai,CLEAN
CLM-70112D20,1000000150,Dr. David Wright,MEM000527,FAC017,2026-06-25T12:00:00,99214,148.04,Chennai,CLEAN
CLM-8437A8A5,1000000024,Dr. Matthew Foster,MEM000740,FAC015,2026-04-25T10:00:00,99213,100.47,Chennai,CLEAN
CLM-3F1DAFD8,1000000021,Dr. Patty Perez,MEM000325,FAC005,2026-06-19T17:00:00,99215,228.55,Chennai,CLEAN
CLM-1A3C1B95,1000000084,Dr. Zachary Ferrell,MEM000513,FAC009,2026-05-27T13:00:00,99214,164.18,Chennai,CLEAN
CLM-7ED9F9C2,1000000048,Dr. Joshua Blair,MEM000651,FAC016,2026-06-20T09:00:00,99213,97.26,Chennai,CLEAN
CLM-93374705,1000000082,Dr. Michael Evans,MEM000780,FAC015,2026-03-13T15:00:00,71045,72.48,Chennai,CLEAN
CLM-846FA6B4,1000000082,Dr. Michael Evans,MEM000384,FAC036,2026-06-05T13:00:00,99215,223.61,Chennai,CLEAN
CLM-FE2E5195,1000000180,Dr. Alexander Collins,MEM000279,FAC025,2026-04-21T16:00:00,99214,156.48,Chennai,CLEAN
CLM-63853E9C,1000000024,Dr. Matthew Foster,MEM000059,FAC035,2026-02-05T13:00:00,99213,106.2,Chennai,CLEAN
CLM-4719BE7C,1000000180,Dr. Alexander Collins,MEM000788,FAC034,2026-01-24T17:00:00,99214,162.62,Chennai,CLEAN
CLM-08E379A7,1000000167,Dr. Alyssa Day,MEM000227,FAC032,2026-04-25T13:00:00,99213,92.99,Chennai,CLEAN
CLM-BCD06666,1000000100,Dr. Sandra Aguilar,MEM000144,FAC002,2026-05-16T14:00:00,93000,64.65,Chennai,CLEAN
CLM-B72B13BE,1000000127,Dr. Jason Powell,MEM000268,FAC044,2026-03-25T11:00:00,71045,75.64,Chennai,CLEAN
CLM-1EF2E79F,1000000091,Dr. Brian Rodriguez,MEM000652,FAC012,2026-04-16T13:00:00,99214,163.53,Chennai,CLEAN
CLM-641C2919,1000000056,Dr. Timothy Duncan,MEM000352,FAC029,2026-01-05T09:00:00,99215,201.84,Chennai,CLEAN
CLM-A5316FB5,1000000158,Dr. Melissa Gates,MEM000096,FAC049,2026-05-24T11:00:00,93000,62.41,Chennai,CLEAN
CLM-9F4F4F4A,1000000027,Dr. Stephanie Ross,MEM000562,FAC007,2026-06-25T15:00:00,99213,102.57,Chennai,CLEAN
CLM-58B3EB58,1888888888,Dr. Synthetic-B (Teleport),MEM000646,FAC020,2026-03-30T09:00:00,99215,227.28,Chennai,CLEAN
CLM-BE95108A,1000000101,Dr. Cameron Parker,MEM000117,FAC002,2026-01-16T16:00:00,93000,56.07,Chennai,CLEAN
CLM-E545B8A7,1000000014,Dr. Dylan Miller,MEM000270,FAC027,2026-04-15T09:00:00,99213,91.71,Chennai,CLEAN
CLM-989CC5C1,1000000143,Dr. Christopher Rubio,MEM000248,FAC033,2026-02-06T16:00:00,99213,90.59,Chennai,CLEAN
CLM-7E9C7873,1000000185,Dr. Dr. Hannah Patterson,MEM000900,FAC047,2026-02-14T12:00:00,99214,152.03,Chennai,CLEAN
CLM-44AECCF1,1000000160,Dr. Paul Castaneda,MEM000437,FAC004,2026-03-31T10:00:00,99214,135.88,Chennai,CLEAN
CLM-B1051E52,1000000067,Dr. Carol Tucker,MEM000969,FAC034,2026-04-06T09:00:00,71045,83.77,Chennai,CLEAN
CLM-0C7B00DD,1000000111,Dr. Shannon Walker,MEM000769,FAC020,2026-02-27T13:00:00,99215,214.8,Chennai,CLEAN
CLM-A97EFC30,1000000011,Dr. Jamie Arnold,MEM000993,FAC019,2026-06-17T11:00:00,99214,164.35,Chennai,CLEAN
CLM-E16280BA,1000000107,Dr. Sierra Johnson,MEM000224,FAC040,2026-03-18T15:00:00,99213,92.14,Chennai,CLEAN
CLM-852423AA,1000000022,Dr. Ethan Adams,MEM000340,FAC015,2026-01-02T14:00:00,71045,83.51,Chennai,CLEAN
CLM-38E08889,1000000160,Dr. Paul Castaneda,MEM000209,FAC046,2026-03-21T16:00:00,99214,142.78,Chennai,CLEAN
CLM-C73F37D9,1000000089,Dr. Aimee Montoya,MEM000571,FAC026,2026-01-22T16:00:00,71045,80.56,Chennai,CLEAN
CLM-149F5BD4,1000000041,Dr. Fred Smith,MEM000962,FAC020,2026-01-26T11:00:00,71045,82.69,Chennai,CLEAN
CLM-9A7D48F1,1000000046,Dr. John Pierce,MEM000403,FAC028,2026-01-01T17:00:00,71045,85.56,Chennai,CLEAN
CLM-86A57F28,1000000180,Dr. Alexander Collins,MEM000828,FAC024,2026-03-31T15:00:00,99214,160.68,Chennai,CLEAN
CLM-120BE215,1000000070,Dr. Jordan Henderson,MEM000078,FAC039,2026-04-24T15:00:00,93000,59.3,Chennai,CLEAN
CLM-EBE93161,1000000069,Dr. William Baker,MEM000809,FAC039,2026-03-17T16:00:00,71045,85.28,Chennai,CLEAN
CLM-D3D88A88,1000000169,Dr. Daniel Murphy,MEM000163,FAC037,2026-01-16T12:00:00,99215,198.66,Chennai,CLEAN
CLM-208222FD,1000000105,Dr. Marc Moore,MEM000998,FAC006,2026-05-11T13:00:00,93000,60.79,Chennai,CLEAN
CLM-4BF313D3,1000000077,Dr. Megan Young,MEM000996,FAC009,2026-02-02T12:00:00,99215,236.02,Chennai,CLEAN
CLM-4A1954CE,1000000053,Dr. Mark Perez,MEM000314,FAC003,2026-03-20T15:00:00,71045,80.76,Chennai,CLEAN
CLM-2FF0216E,1000000028,Dr. Zachary Hicks,MEM000154,FAC005,2026-03-28T15:00:00,99215,224.6,Chennai,CLEAN
CLM-89AAA8E4,1000000192,Dr. Debra Christian,MEM000364,FAC010,2026-04-02T13:00:00,93000,63.43,Chennai,CLEAN
CLM-3F7CD98A,1000000004,Dr. Cristian Santos,MEM000993,FAC025,2026-06-18T13:00:00,99215,226.28,Chennai,CLEAN
CLM-3FC809FB,1000000022,Dr. Ethan Adams,MEM000784,FAC007,2026-01-26T16:00:00,99214,151.4,Chennai,CLEAN
CLM-30E67455,1000000020,Dr. Margaret Hawkins DDS,MEM000543,FAC009,2026-04-29T12:00:00,99213,107.14,Chennai,CLEAN
CLM-32BC7EC1,1000000109,Dr. Sharon Cochran,MEM000239,FAC019,2026-02-27T14:00:00,93000,63.47,Chennai,CLEAN
CLM-9782EEE7,1000000128,Dr. Cameron Fisher,MEM000895,FAC032,2026-02-15T10:00:00,93000,60.2,Chennai,CLEAN
CLM-AE2A67C4,1000000150,Dr. David Wright,MEM000820,FAC026,2026-05-18T09:00:00,71045,78.48,Chennai,CLEAN
CLM-08128294,1000000198,Dr. Adam Vaughan,MEM000018,FAC022,2026-01-26T10:00:00,99213,93.63,Chennai,CLEAN
CLM-4A51C28A,1000000041,Dr. Fred Smith,MEM000834,FAC023,2026-03-21T12:00:00,99215,201.62,Chennai,CLEAN
CLM-63DB6B42,1000000185,Dr. Dr. Hannah Patterson,MEM000190,FAC015,2026-01-08T10:00:00,71045,72.82,Chennai,CLEAN
CLM-A52747B1,1000000156,Dr. Joshua Perry,MEM000761,FAC033,2026-04-19T09:00:00,99214,149.9,Chennai,CLEAN
CLM-25935E56,1000000025,Dr. Judy Baker,MEM000730,FAC046,2026-06-14T17:00:00,71045,72.85,Chennai,CLEAN
CLM-5126AA1B,1000000014,Dr. Dylan Miller,MEM000207,FAC010,2026-01-16T12:00:00,99213,101.89,Chennai,CLEAN
CLM-D1E05865,1000000140,Dr. Cheyenne Horton,MEM000847,FAC037,2026-06-09T09:00:00,99213,91.79,Chennai,CLEAN
CLM-C66CDA33,1000000070,Dr. Jordan Henderson,MEM000033,FAC000,2026-02-23T13:00:00,71045,85.01,Chennai,CLEAN
CLM-6FB6FA81,1000000061,Dr. Gerald Hensley,MEM000109,FAC048,2026-06-26T16:00:00,99213,101.79,Chennai,CLEAN
CLM-B1044620,1000000119,Dr. Jeffrey Chandler,MEM000780,FAC041,2026-05-23T15:00:00,99213,105.61,Chennai,CLEAN
CLM-A22D9800,1000000026,Dr. Justin Baker,MEM000905,FAC040,2026-04-10T11:00:00,99215,228.08,Chennai,CLEAN
CLM-CC8CF4F1,1000000157,Dr. Jason Stein,MEM000769,FAC003,2026-05-10T13:00:00,99213,101.64,Chennai,CLEAN
CLM-24966B0C,1000000072,Dr. Brittney Phillips,MEM000865,FAC040,2026-04-30T17:00:00,99215,236.16,Chennai,CLEAN
CLM-45963365,1000000002,Dr. Angie Henderson,MEM000643,FAC007,2026-01-20T12:00:00,71045,77.45,Chennai,CLEAN
CLM-EF06FA46,1000000086,Dr. Shirley Suarez,MEM000542,FAC010,2026-06-30T10:00:00,99213,99.45,Chennai,CLEAN
CLM-17F84F36,1000000042,Dr. Sherry Decker,MEM000571,FAC033,2026-06-23T16:00:00,93000,62.94,Chennai,CLEAN
CLM-B323A086,1000000120,Dr. Larry Dixon,MEM000140,FAC049,2026-04-30T09:00:00,99214,149.04,Chennai,CLEAN
CLM-247633D1,1000000106,Dr. Sharon Cherry,MEM000108,FAC027,2026-01-08T17:00:00,93000,55.33,Chennai,CLEAN
CLM-881E47D0,1000000157,Dr. Jason Stein,MEM000481,FAC009,2026-02-03T12:00:00,93000,64.55,Chennai,CLEAN
CLM-1953B609,1000000150,Dr. David Wright,MEM000648,FAC024,2026-03-06T16:00:00,71045,84.4,Chennai,CLEAN
CLM-FC9506CA,1000000137,Dr. Courtney Gonzalez,MEM000202,FAC031,2026-03-28T12:00:00,99213,98.95,Chennai,CLEAN
CLM-0024053F,1000000107,Dr. Sierra Johnson,MEM000573,FAC006,2026-01-02T11:00:00,99215,222.07,Chennai,CLEAN
CLM-DA9FB396,1000000172,Dr. Joshua Cooke,MEM000740,FAC045,2026-05-21T14:00:00,99215,218.48,Chennai,CLEAN
CLM-C08AFC5D,1000000128,Dr. Cameron Fisher,MEM000032,FAC000,2026-02-13T13:00:00,99215,206.54,Chennai,CLEAN
CLM-FFF89003,1000000196,Dr. Daniel Salinas,MEM000138,FAC013,2026-04-12T11:00:00,99214,164.11,Chennai,CLEAN
CLM-42E552B8,1000000031,Dr. James Ferrell,MEM000400,FAC037,2026-01-10T15:00:00,93000,62.03,Chennai,CLEAN
CLM-A5F0BB91,1000000097,Dr. Deborah Figueroa,MEM000564,FAC022,2026-04-27T13:00:00,71045,82.66,Chennai,CLEAN
CLM-136674B7,1000000005,Dr. Connie Lawrence,MEM000398,FAC028,2026-06-24T14:00:00,99213,98.74,Chennai,CLEAN
CLM-5C8CFAF1,1000000176,Dr. Michael Elliott,MEM000121,FAC015,2026-05-28T14:00:00,99214,137.68,Chennai,CLEAN
CLM-9F6621A0,1000000014,Dr. Dylan Miller,MEM000753,FAC007,2026-04-15T13:00:00,99214,146.65,Chennai,CLEAN
CLM-ED557A3F,1000000001,Dr. Noah Rhodes,MEM000491,FAC000,2026-02-25T12:00:00,99215,200.04,Chennai,CLEAN
CLM-5ABEAEEB,1000000166,Dr. Alyssa Long,MEM000535,FAC049,2026-03-08T11:00:00,99215,235.34,Chennai,CLEAN
CLM-15244C43,1000000179,Dr. Robert Oconnell,MEM000766,FAC044,2026-01-29T17:00:00,99214,152.34,Chennai,CLEAN
CLM-1CA699C0,1000000073,Dr. Lauren Daniels,MEM000554,FAC018,2026-05-09T10:00:00,99214,135.71,Chennai,CLEAN
CLM-7B85D477,1000000077,Dr. Megan Young,MEM000934,FAC006,2026-04-19T10:00:00,99213,96.33,Chennai,CLEAN
CLM-AF34E124,1000000058,Dr. Brent Jordan,MEM000047,FAC009,2026-01-26T14:00:00,99213,97.54,Chennai,CLEAN
CLM-3F80333B,1000000184,Dr. Lindsay Martinez,MEM000373,FAC048,2026-05-21T15:00:00,99215,215.79,Chennai,CLEAN
CLM-5F387852,1000000062,Dr. Connor West,MEM000236,FAC042,2026-06-07T14:00:00,99214,144.3,Chennai,CLEAN
CLM-89E34650,1000000023,Dr. Tommy Walter,MEM000095,FAC000,2026-03-25T09:00:00,99213,107.61,Chennai,CLEAN
CLM-E6F73CDD,1000000070,Dr. Jordan Henderson,MEM000933,FAC031,2026-04-18T13:00:00,99214,149.72,Chennai,CLEAN
CLM-1365DBD1,1000000149,Dr. Stephanie Manning,MEM000806,FAC027,2026-02-01T14:00:00,71045,75.95,Chennai,CLEAN
CLM-8ED48FF3,1000000086,Dr. Shirley Suarez,MEM000328,FAC047,2026-01-29T11:00:00,93000,63.25,Chennai,CLEAN
CLM-09ED8D56,1000000114,Dr. Garrett Lin,MEM000929,FAC031,2026-03-26T10:00:00,99214,142.03,Chennai,CLEAN
CLM-5B4D5C5A,1000000095,Dr. Anna Henderson,MEM000783,FAC036,2026-05-08T17:00:00,99213,96.83,Chennai,CLEAN
CLM-773DF320,1000000066,Dr. Tracy House,MEM000158,FAC024,2026-06-13T09:00:00,93000,59.54,Chennai,CLEAN
CLM-2277022A,1000000058,Dr. Brent Jordan,MEM000751,FAC024,2026-01-05T11:00:00,99215,232.62,Chennai,CLEAN
CLM-EDFBC489,1000000111,Dr. Shannon Walker,MEM000776,FAC047,2026-04-05T13:00:00,71045,84.37,Chennai,CLEAN
CLM-185F498C,1000000119,Dr. Jeffrey Chandler,MEM000144,FAC002,2026-04-02T10:00:00,71045,73.63,Chennai,CLEAN
CLM-6D16E39E,1000000117,Dr. Ashley Waller,MEM000208,FAC003,2026-05-09T16:00:00,99213,97.23,Chennai,CLEAN
CLM-670AF811,1000000067,Dr. Carol Tucker,MEM000772,FAC041,2026-05-04T17:00:00,99214,149.43,Chennai,CLEAN
CLM-F69612F2,1000000185,Dr. Dr. Hannah Patterson,MEM000062,FAC013,2026-01-26T16:00:00,99215,211.5,Chennai,CLEAN
CLM-F2C40A3A,1000000058,Dr. Brent Jordan,MEM000542,FAC001,2026-02-17T16:00:00,99215,234.14,Chennai,CLEAN
CLM-E6FC155B,1000000077,Dr. Megan Young,MEM000515,FAC020,2026-06-30T16:00:00,99214,146.5,Chennai,CLEAN
CLM-1830AE01,1000000041,Dr. Fred Smith,MEM000576,FAC011,2026-03-27T13:00:00,71045,82.96,Chennai,CLEAN
CLM-28F1C2A4,1000000103,Dr. Christine Wright,MEM000151,FAC028,2026-02-17T17:00:00,93000,64.01,Chennai,CLEAN
CLM-32E169FD,1000000011,Dr. Jamie Arnold,MEM000459,FAC026,2026-04-20T13:00:00,99214,135.31,Chennai,CLEAN
CLM-6ECCD7E0,1000000167,Dr. Alyssa Day,MEM000913,FAC024,2026-06-24T12:00:00,99214,149.35,Chennai,CLEAN
CLM-0A116545,1000000017,Dr. Derek Zuniga,MEM000880,FAC045,2026-02-22T14:00:00,99214,156.8,Chennai,CLEAN
CLM-2C4F7C99,1000000102,Dr. Rebecca Valencia,MEM000487,FAC026,2026-06-27T11:00:00,99215,224.56,Chennai,CLEAN
CLM-5917FF19,1000000055,Dr. Michael Lewis,MEM000914,FAC033,2026-04-21T17:00:00,71045,81.72,Chennai,CLEAN
CLM-F0281AA9,1000000104,Dr. Richard Henson,MEM000917,FAC042,2026-06-27T09:00:00,99215,220.75,Chennai,CLEAN
CLM-DAB91049,1000000133,Dr. Daniel Kennedy,MEM000402,FAC037,2026-06-23T12:00:00,99214,136.73,Chennai,CLEAN
CLM-3E668C6C,1000000085,Dr. Daniel Baker,MEM000798,FAC023,2026-03-02T13:00:00,99213,96.94,Chennai,CLEAN
CLM-D6EAF8CF,1000000006,Dr. Abigail Shaffer,MEM000703,FAC033,2026-06-04T11:00:00,71045,75.2,Chennai,CLEAN
CLM-25308173,1000000107,Dr. Sierra Johnson,MEM000760,FAC005,2026-03-25T16:00:00,71045,87.22,Chennai,CLEAN
CLM-5CBDAD9F,1000000198,Dr. Adam Vaughan,MEM000009,FAC020,2026-02-19T14:00:00,71045,79.2,Chennai,CLEAN
CLM-3D523547,1000000188,Dr. Madison Poole,MEM000485,FAC032,2026-06-02T16:00:00,71045,83.37,Chennai,CLEAN
CLM-C4C35A99,1000000088,Dr. Lisa Archer,MEM000260,FAC010,2026-04-22T10:00:00,93000,62.45,Chennai,CLEAN
CLM-E6F673E0,1000000007,Dr. Gina Moore,MEM000247,FAC033,2026-03-08T11:00:00,99214,149.31,Chennai,CLEAN
CLM-951295FA,1000000103,Dr. Christine Wright,MEM000767,FAC008,2026-04-27T12:00:00,99214,136.79,Chennai,CLEAN
CLM-8E9C82B6,1000000045,Dr. Philip Cannon,MEM000179,FAC041,2026-02-07T16:00:00,99213,92.13,Chennai,CLEAN
CLM-58E805AA,1000000019,Dr. Carla Gray,MEM000855,FAC029,2026-04-05T16:00:00,71045,81.71,Chennai,CLEAN
CLM-1BD7C10C,1000000125,Dr. Erin Edwards,MEM000109,FAC027,2026-02-12T09:00:00,99215,204.94,Chennai,CLEAN
CLM-1628586A,1000000139,Dr. Angel Perry,MEM000380,FAC007,2026-03-15T13:00:00,93000,58.85,Chennai,CLEAN
CLM-AE7491A8,1000000141,Dr. David Douglas Jr.,MEM000238,FAC002,2026-04-06T11:00:00,99213,106.71,Chennai,CLEAN
CLM-B4CB3D24,1000000148,Dr. Kathy Rivas,MEM000008,FAC013,2026-05-30T11:00:00,99214,135.89,Chennai,CLEAN
CLM-EF40872F,1000000046,Dr. John Pierce,MEM000764,FAC026,2026-05-26T17:00:00,99213,91.91,Chennai,CLEAN
CLM-3E097F6D,1000000068,Dr. James Brown,MEM000188,FAC043,2026-04-12T13:00:00,71045,85.26,Chennai,CLEAN
CLM-C97A8942,1000000015,Dr. Brian Ramirez,MEM000432,FAC034,2026-01-07T10:00:00,71045,79.43,Chennai,CLEAN
CLM-9254571E,1000000194,Dr. John Bishop,MEM000019,FAC013,2026-01-21T15:00:00,99214,148.37,Chennai,CLEAN
CLM-94710717,1000000199,Dr. Nathan Freeman,MEM000040,FAC021,2026-06-25T09:00:00,99213,95.82,Chennai,CLEAN
CLM-BC095E64,1000000050,Dr. Jessica Holmes,MEM000213,FAC011,2026-04-16T16:00:00,99214,142.61,Chennai,CLEAN
CLM-86A54181,1000000071,Dr. Whitney Peters,MEM000385,FAC036,2026-02-27T10:00:00,71045,74.56,Chennai,CLEAN
CLM-C7499195,1000000071,Dr. Whitney Peters,MEM000801,FAC028,2026-04-21T12:00:00,93000,54.06,Chennai,CLEAN
CLM-3F3217FF,1000000056,Dr. Timothy Duncan,MEM000980,FAC036,2026-01-09T15:00:00,99215,209.44,Chennai,CLEAN
CLM-4BC666B6,1000000040,Dr. Paula Moreno,MEM000902,FAC022,2026-06-07T17:00:00,99215,202.78,Chennai,CLEAN
CLM-68F29398,1000000154,Dr. Brenda Hall,MEM000224,FAC047,2026-06-04T12:00:00,99214,148.86,Chennai,CLEAN
CLM-E500E4CE,1000000040,Dr. Paula Moreno,MEM000776,FAC031,2026-02-16T17:00:00,99213,93.2,Chennai,CLEAN
CLM-0EA0A678,1000000146,Dr. Victoria Larson,MEM000120,FAC024,2026-02-26T14:00:00,99213,95.97,Chennai,CLEAN
CLM-8024BF12,1000000197,Dr. Spencer Haynes,MEM000576,FAC027,2026-01-16T11:00:00,71045,83.5,Chennai,CLEAN
CLM-07725A0B,1000000115,Dr. Diana May,MEM000404,FAC041,2026-03-26T11:00:00,71045,85.81,Chennai,CLEAN
CLM-D8A5084C,1000000141,Dr. David Douglas Jr.,MEM000659,FAC019,2026-04-02T12:00:00,93000,59.87,Chennai,CLEAN
CLM-68DDAB31,1000000159,Dr. Jamie Smith,MEM000766,FAC040,2026-05-31T14:00:00,99213,99.05,Chennai,CLEAN
CLM-B2222977,1000000000,Dr. Allison Hill,MEM000517,FAC034,2026-04-22T13:00:00,99213,98.37,Chennai,CLEAN
CLM-7E15A854,1000000126,Dr. Michelle Evans,MEM000372,FAC048,2026-04-16T09:00:00,99214,136.34,Chennai,CLEAN
CLM-14B72E0F,1000000002,Dr. Angie Henderson,MEM000681,FAC045,2026-01-27T11:00:00,93000,54.56,Chennai,CLEAN
CLM-236CBB1A,1000000047,Dr. Shane Henderson,MEM000790,FAC004,2026-04-06T13:00:00,99214,153.59,Chennai,CLEAN
CLM-557ED3C8,1000000071,Dr. Whitney Peters,MEM000265,FAC034,2026-05-27T09:00:00,93000,56.7,Chennai,CLEAN
CLM-7E2451C9,1000000040,Dr. Paula Moreno,MEM000356,FAC012,2026-03-05T12:00:00,99214,135.2,Chennai,CLEAN
CLM-B35DF4E7,1000000042,Dr. Sherry Decker,MEM000250,FAC022,2026-01-18T09:00:00,99214,159.29,Chennai,CLEAN
CLM-88FD05F6,1000000166,Dr. Alyssa Long,MEM000824,FAC021,2026-03-30T09:00:00,99213,102.36,Chennai,CLEAN
CLM-EA404C86,1000000186,Dr. Jonathan Peterson,MEM000231,FAC021,2026-03-14T14:00:00,99213,94.52,Chennai,CLEAN
CLM-06DE30C6,1000000103,Dr. Christine Wright,MEM000594,FAC032,2026-05-22T17:00:00,99215,228.59,Chennai,CLEAN
CLM-28E04038,1000000053,Dr. Mark Perez,MEM000638,FAC012,2026-03-04T12:00:00,99214,143.84,Chennai,CLEAN
CLM-DFB8AE87,1000000063,Dr. Donald Wright,MEM000403,FAC010,2026-06-01T15:00:00,99214,135.22,Chennai,CLEAN
CLM-07101B55,1000000137,Dr. Courtney Gonzalez,MEM000027,FAC022,2026-05-25T17:00:00,99214,138.67,Chennai,CLEAN
CLM-5726283C,1888888888,Dr. Synthetic-B (Teleport),MEM000275,FAC048,2026-03-11T10:00:00,99214,161.39,Chennai,CLEAN
CLM-41BAFAAD,1000000014,Dr. Dylan Miller,MEM000454,FAC049,2026-03-27T15:00:00,99215,237.94,Chennai,CLEAN
CLM-E1E561BA,1000000156,Dr. Joshua Perry,MEM000615,FAC039,2026-02-04T09:00:00,99213,92.85,Chennai,CLEAN
CLM-5E058ACB,1000000127,Dr. Jason Powell,MEM000411,FAC012,2026-01-20T16:00:00,71045,76.94,Chennai,CLEAN
CLM-449075C5,1000000095,Dr. Anna Henderson,MEM000284,FAC010,2026-01-17T09:00:00,71045,74.92,Chennai,CLEAN
CLM-03A1EBBA,1000000198,Dr. Adam Vaughan,MEM000887,FAC017,2026-06-14T10:00:00,93000,56.44,Chennai,CLEAN
CLM-F3B24611,1000000114,Dr. Garrett Lin,MEM000350,FAC039,2026-01-26T11:00:00,99214,146.87,Chennai,CLEAN
CLM-0C6528C5,1000000019,Dr. Carla Gray,MEM000719,FAC014,2026-01-26T16:00:00,99215,208.21,Chennai,CLEAN
CLM-116D451B,1000000102,Dr. Rebecca Valencia,MEM000131,FAC027,2026-03-12T16:00:00,99215,204.65,Chennai,CLEAN
CLM-128C7F03,1000000130,Dr. Elizabeth Kelley,MEM000644,FAC025,2026-03-06T15:00:00,99213,107.95,Chennai,CLEAN
CLM-459019BF,1000000036,Dr. Sherri Baker,MEM000718,FAC001,2026-06-08T15:00:00,99213,98.97,Chennai,CLEAN
CLM-2BB977A0,1000000196,Dr. Daniel Salinas,MEM000234,FAC001,2026-01-02T11:00:00,93000,64.83,Chennai,CLEAN
CLM-34820FB2,1000000080,Dr. Kelly Donovan,MEM000895,FAC008,2026-03-11T09:00:00,99214,139.99,Chennai,CLEAN
CLM-D4C401C6,1000000027,Dr. Stephanie Ross,MEM000064,FAC022,2026-06-26T12:00:00,99215,213.6,Chennai,CLEAN
CLM-759D0200,1000000081,Dr. Mike Allen,MEM000096,FAC017,2026-02-23T11:00:00,99213,101.64,Chennai,CLEAN
CLM-73D43D19,1000000026,Dr. Justin Baker,MEM000306,FAC015,2026-06-20T09:00:00,93000,64.22,Chennai,CLEAN
CLM-CED6BEB0,1000000124,Dr. Helen Jones,MEM000939,FAC037,2026-04-29T11:00:00,99215,218.51,Chennai,CLEAN
CLM-A2DFC60D,1000000032,Dr. Tricia Valencia,MEM000383,FAC044,2026-03-06T11:00:00,99214,164.12,Chennai,CLEAN
CLM-40D0B46A,1000000128,Dr. Cameron Fisher,MEM000558,FAC015,2026-03-07T14:00:00,93000,63.49,Chennai,CLEAN
CLM-420FA84D,1000000151,Dr. Pamela Boyd,MEM000184,FAC047,2026-01-02T13:00:00,93000,59.8,Chennai,CLEAN
CLM-E066E53F,1000000010,Dr. Monica Herrera,MEM000441,FAC031,2026-06-12T15:00:00,93000,56.38,Chennai,CLEAN
CLM-3615FAC7,1000000053,Dr. Mark Perez,MEM000901,FAC015,2026-02-13T17:00:00,71045,77.67,Chennai,CLEAN
CLM-E7644D8D,1000000091,Dr. Brian Rodriguez,MEM000893,FAC039,2026-01-15T11:00:00,99215,218.56,Chennai,CLEAN
CLM-F56FA262,1000000138,Dr. David Alvarez,MEM000681,FAC018,2026-04-21T13:00:00,99213,107.67,Chennai,CLEAN
CLM-3375074E,1000000085,Dr. Daniel Baker,MEM000651,FAC032,2026-04-02T17:00:00,93000,56.31,Chennai,CLEAN
CLM-D0947056,1000000189,Dr. Jessica Gross,MEM000554,FAC010,2026-03-24T15:00:00,71045,74.16,Chennai,CLEAN
CLM-DA268B45,1888888888,Dr. Synthetic-B (Teleport),MEM000176,FAC001,2026-05-11T13:00:00,71045,79.72,Chennai,CLEAN
CLM-8E892289,1000000168,Dr. Joel Williams,MEM000598,FAC049,2026-02-13T14:00:00,99215,238.66,Chennai,CLEAN
CLM-24D8C633,1000000199,Dr. Nathan Freeman,MEM000652,FAC020,2026-04-06T10:00:00,93000,58.7,Chennai,CLEAN
CLM-1217139F,1000000142,Dr. Patricia Rodriguez,MEM000162,FAC011,2026-02-16T14:00:00,99213,105.1,Chennai,CLEAN
CLM-F6200F27,1000000136,Dr. Robert Potter,MEM000187,FAC022,2026-06-19T15:00:00,99214,157.71,Chennai,CLEAN
CLM-A0A57A4C,1000000076,Dr. Angela Lopez,MEM000457,FAC011,2026-05-22T15:00:00,99214,152.67,Chennai,CLEAN
CLM-70F5E17F,1000000064,Dr. Jessica Callahan,MEM000901,FAC011,2026-06-15T09:00:00,99213,107.02,Chennai,CLEAN
CLM-F66272DF,1000000043,Dr. Anthony Humphrey,MEM000811,FAC010,2026-03-04T13:00:00,99213,95.75,Chennai,CLEAN
CLM-2C97AF28,1000000146,Dr. Victoria Larson,MEM000179,FAC038,2026-01-03T09:00:00,93000,62.43,Chennai,CLEAN
CLM-18962CD9,1000000106,Dr. Sharon Cherry,MEM000403,FAC010,2026-06-27T16:00:00,99213,92.69,Chennai,CLEAN
CLM-959BD838,1000000102,Dr. Rebecca Valencia,MEM000000,FAC016,2026-03-29T09:00:00,93000,58.34,Chennai,CLEAN
CLM-7D4D9F44,1000000049,Dr. Eric Carney,MEM000189,FAC004,2026-05-03T13:00:00,99213,90.38,Chennai,CLEAN
CLM-145975F8,1000000059,Dr. John Daniel,MEM000629,FAC004,2026-01-13T10:00:00,93000,56.64,Chennai,CLEAN
CLM-E02182A7,1000000094,Dr. John Whitehead,MEM000781,FAC012,2026-05-18T11:00:00,99214,139.81,Chennai,CLEAN
CLM-0E41DB9A,1000000118,Dr. Victor Baker,MEM000095,FAC005,2026-06-01T12:00:00,71045,85.63,Chennai,CLEAN
CLM-2F56DC07,1000000177,Dr. Michael Wang,MEM000047,FAC026,2026-01-06T17:00:00,99214,148.84,Chennai,CLEAN
CLM-F4C81E49,1000000168,Dr. Joel Williams,MEM000038,FAC020,2026-04-13T13:00:00,71045,73.77,Chennai,CLEAN
CLM-AC237AFF,1000000175,Dr. Alex Hernandez,MEM000766,FAC026,2026-01-15T16:00:00,71045,85.92,Chennai,CLEAN
CLM-5315A545,1000000100,Dr. Sandra Aguilar,MEM000288,FAC013,2026-05-15T14:00:00,99213,90.29,Chennai,CLEAN
CLM-3EA241B0,1000000083,Dr. Paul Jones,MEM000233,FAC029,2026-02-14T12:00:00,99215,216.64,Chennai,CLEAN
CLM-912CEA85,1000000113,Dr. Crystal Johnson,MEM000845,FAC027,2026-06-18T11:00:00,99214,155.2,Chennai,CLEAN
CLM-467B9328,1000000052,Dr. Crystal Robinson,MEM000888,FAC012,2026-04-16T10:00:00,99213,102.86,Chennai,CLEAN
CLM-E53A9D3D,1777777777,Dr. Synthetic-C (Upcoder),MEM000632,FAC016,2026-03-14T10:00:00,71045,76.79,Mumbai,CLEAN
CLM-DAF7AEAC,1000000051,Dr. Danny Morgan,MEM000732,FAC006,2026-04-10T14:00:00,99215,237.6,Chennai,CLEAN
CLM-36F5568C,1000000073,Dr. Lauren Daniels,MEM000119,FAC047,2026-02-20T16:00:00,99214,148.92,Chennai,CLEAN
CLM-F1DFC7EB,1000000168,Dr. Joel Williams,MEM000916,FAC024,2026-05-14T14:00:00,71045,87.22,Chennai,CLEAN
CLM-F7950D2D,1000000192,Dr. Debra Christian,MEM000032,FAC027,2026-06-27T12:00:00,99215,224.59,Chennai,CLEAN
CLM-BE7D1F63,1000000046,Dr. John Pierce,MEM000638,FAC002,2026-03-13T15:00:00,99213,99.47,Chennai,CLEAN
CLM-041B8A11,1000000087,Dr. Christopher Bass,MEM000102,FAC032,2026-05-21T16:00:00,99213,109.96,Chennai,CLEAN
CLM-A1F3019F,1000000126,Dr. Michelle Evans,MEM000634,FAC039,2026-05-25T12:00:00,99214,143.99,Chennai,CLEAN
CLM-CE45A475,1000000046,Dr. John Pierce,MEM000042,FAC010,2026-03-15T17:00:00,99214,148.36,Chennai,CLEAN
CLM-6BDA7A2C,1000000068,Dr. James Brown,MEM000790,FAC017,2026-01-20T16:00:00,99214,141.57,Chennai,CLEAN
CLM-4302E2CC,1000000088,Dr. Lisa Archer,MEM000438,FAC049,2026-03-27T12:00:00,93000,63.89,Chennai,CLEAN
CLM-917CFCF4,1000000146,Dr. Victoria Larson,MEM000261,FAC028,2026-05-26T09:00:00,99214,145.77,Chennai,CLEAN
CLM-89E43052,1000000075,Dr. Sarah Moore,MEM000791,FAC034,2026-04-05T12:00:00,71045,85.47,Chennai,CLEAN
CLM-998BF92C,1000000035,Dr. Jeffrey Chavez,MEM000428,FAC035,2026-05-26T09:00:00,99215,228.28,Chennai,CLEAN
CLM-C34E2B16,1000000044,Dr. Angelica Tucker,MEM000202,FAC033,2026-04-22T13:00:00,99213,103.06,Chennai,CLEAN
CLM-52B08071,1000000000,Dr. Allison Hill,MEM000609,FAC021,2026-02-28T17:00:00,99215,225.54,Chennai,CLEAN
CLM-5DA74BE9,1000000080,Dr. Kelly Donovan,MEM000493,FAC047,2026-03-10T11:00:00,99213,97.82,Chennai,CLEAN
CLM-D9BD6C8D,1000000071,Dr. Whitney Peters,MEM000240,FAC020,2026-06-01T09:00:00,99213,101.63,Chennai,CLEAN
CLM-FB46638E,1000000056,Dr. Timothy Duncan,MEM000488,FAC034,2026-01-20T13:00:00,71045,72.8,Chennai,CLEAN
CLM-AFDA842B,1000000125,Dr. Erin Edwards,MEM000866,FAC041,2026-06-12T15:00:00,99213,95.87,Chennai,CLEAN
CLM-698776D4,1000000116,Dr. William Herrera,MEM000517,FAC033,2026-03-09T13:00:00,99214,148.71,Chennai,CLEAN
CLM-5EBD9D46,1000000101,Dr. Cameron Parker,MEM000745,FAC024,2026-01-22T17:00:00,71045,85.49,Chennai,CLEAN
CLM-048A08B2,1000000089,Dr. Aimee Montoya,MEM000899,FAC026,2026-03-07T15:00:00,71045,74.1,Chennai,CLEAN
CLM-D30723B8,1000000099,Dr. Stephen Mckee,MEM000773,FAC014,2026-04-14T17:00:00,99213,97.35,Chennai,CLEAN
CLM-E5BAA51F,1000000076,Dr. Angela Lopez,MEM000903,FAC044,2026-01-23T17:00:00,99215,233.92,Chennai,CLEAN
CLM-6F0B1845,1000000191,Dr. Karen Graham,MEM000623,FAC036,2026-01-09T09:00:00,99214,148.58,Chennai,CLEAN
CLM-E984E7F9,1000000178,Dr. Lawrence Adkins,MEM000170,FAC036,2026-01-29T09:00:00,93000,57.7,Chennai,CLEAN
CLM-D5793158,1000000010,Dr. Monica Herrera,MEM000714,FAC029,2026-06-16T17:00:00,71045,72.33,Chennai,CLEAN
CLM-50AE9E4E,1000000060,Dr. Victoria Garcia,MEM000372,FAC026,2026-04-20T09:00:00,99215,237.57,Chennai,CLEAN
CLM-F9DA3291,1000000058,Dr. Brent Jordan,MEM000722,FAC015,2026-04-24T13:00:00,71045,81.47,Chennai,CLEAN
CLM-27915A29,1000000062,Dr. Connor West,MEM000216,FAC001,2026-04-12T16:00:00,71045,82.65,Chennai,CLEAN
CLM-8E09C9A0,1000000005,Dr. Connie Lawrence,MEM000837,FAC025,2026-05-01T10:00:00,93000,65.2,Chennai,CLEAN
CLM-881A6785,1000000046,Dr. John Pierce,MEM000752,FAC011,2026-04-18T15:00:00,71045,86.58,Chennai,CLEAN
CLM-813029D1,1000000164,Dr. Michael Powell,MEM000287,FAC049,2026-01-21T09:00:00,93000,59.43,Chennai,CLEAN
CLM-246A96CC,1000000165,Dr. John Anderson,MEM000519,FAC027,2026-03-26T12:00:00,93000,63.12,Chennai,CLEAN
CLM-2D1B0A4B,1000000173,Dr. Matthew Harrington,MEM000612,FAC002,2026-04-10T16:00:00,99214,152.18,Chennai,CLEAN
CLM-B223587A,1000000052,Dr. Crystal Robinson,MEM000311,FAC043,2026-02-13T17:00:00,93000,64.42,Chennai,CLEAN
CLM-8C7549FE,1000000128,Dr. Cameron Fisher,MEM000774,FAC030,2026-04-13T09:00:00,99215,233.15,Chennai,CLEAN
CLM-9DA1CA05,1000000163,Dr. Jeffrey Johnson,MEM000330,FAC001,2026-06-21T13:00:00,93000,55.66,Chennai,CLEAN
CLM-65C18020,1000000030,Dr. Rebecca Henderson,MEM000711,FAC029,2026-01-16T13:00:00,93000,59.07,Chennai,CLEAN
CLM-D1E496E0,1000000179,Dr. Robert Oconnell,MEM000783,FAC004,2026-05-20T15:00:00,71045,72.48,Chennai,CLEAN
CLM-5FE956AF,1000000100,Dr. Sandra Aguilar,MEM000210,FAC011,2026-01-16T10:00:00,71045,84.21,Chennai,CLEAN
CLM-7A83C389,1000000147,Dr. Stephanie Salazar,MEM000953,FAC043,2026-01-04T16:00:00,99214,163.31,Chennai,CLEAN
CLM-DA82A73B,1000000148,Dr. Kathy Rivas,MEM000595,FAC011,2026-05-11T10:00:00,93000,63.8,Chennai,CLEAN
CLM-D166AC44,1000000040,Dr. Paula Moreno,MEM000502,FAC007,2026-05-24T11:00:00,71045,83.24,Chennai,CLEAN
CLM-22A2B3EC,1000000196,Dr. Daniel Salinas,MEM000208,FAC049,2026-03-01T16:00:00,99213,99.15,Chennai,CLEAN
CLM-A05B6E97,1000000001,Dr. Noah Rhodes,MEM000546,FAC027,2026-03-20T13:00:00,99214,147.16,Chennai,CLEAN
CLM-EEA71CBB,1000000074,Dr. Amy Silva,MEM000161,FAC001,2026-02-22T17:00:00,99214,164.17,Chennai,CLEAN
CLM-F598CECC,1000000022,Dr. Ethan Adams,MEM000690,FAC049,2026-03-02T14:00:00,99215,228.23,Chennai,CLEAN
CLM-C5D93F64,1000000163,Dr. Jeffrey Johnson,MEM000615,FAC044,2026-01-05T10:00:00,99215,213.79,Chennai,CLEAN
CLM-F79F881B,1000000144,Dr. Amber Wright,MEM000625,FAC026,2026-04-26T09:00:00,71045,81.58,Chennai,CLEAN
CLM-678B6260,1000000016,Dr. Holly Wood,MEM000631,FAC021,2026-05-18T16:00:00,99214,135.06,Chennai,CLEAN
CLM-A8ADF9E7,1000000066,Dr. Tracy House,MEM000621,FAC033,2026-02-11T13:00:00,99214,151.84,Chennai,CLEAN
CLM-E4796051,1000000131,Dr. Dustin Jordan,MEM000760,FAC049,2026-03-13T12:00:00,99213,103.95,Chennai,CLEAN
CLM-DBEDF5FE,1999999999,Dr. Synthetic-A (Phantom),MEM000892,FAC044,2026-06-23T10:00:00,71045,83.59,Chennai,CLEAN
CLM-EAB23816,1000000028,Dr. Zachary Hicks,MEM000424,FAC030,2026-05-09T09:00:00,71045,82.14,Chennai,CLEAN
CLM-69C1AF5A,1000000164,Dr. Michael Powell,MEM000277,FAC042,2026-02-26T10:00:00,99215,236.85,Chennai,CLEAN
CLM-80A57AD3,1000000135,Dr. Jose Schultz,MEM000593,FAC048,2026-01-14T10:00:00,71045,82.41,Chennai,CLEAN
CLM-AC25613E,1000000064,Dr. Jessica Callahan,MEM000903,FAC049,2026-05-29T11:00:00,93000,55.12,Chennai,CLEAN
CLM-F8FE3680,1000000000,Dr. Allison Hill,MEM000204,FAC028,2026-01-12T10:00:00,71045,72.87,Chennai,CLEAN
CLM-EC804009,1000000153,Dr. Devon Flores,MEM000159,FAC026,2026-06-11T13:00:00,99213,98.93,Chennai,CLEAN
CLM-5C12FA37,1000000012,Dr. Lisa Hensley,MEM000208,FAC001,2026-05-12T17:00:00,99213,100.35,Chennai,CLEAN
CLM-17E51C49,1000000016,Dr. Holly Wood,MEM000465,FAC010,2026-04-13T11:00:00,93000,55.99,Chennai,CLEAN
CLM-DDC55E73,1000000106,Dr. Sharon Cherry,MEM000563,FAC011,2026-06-16T13:00:00,99215,235.07,Chennai,CLEAN
CLM-1B2DC23F,1000000083,Dr. Paul Jones,MEM000770,FAC001,2026-06-19T09:00:00,71045,74.36,Chennai,CLEAN
CLM-65275E1B,1000000129,Dr. Megan Orr,MEM000675,FAC037,2026-03-28T11:00:00,71045,82.1,Chennai,CLEAN
CLM-6CC59986,1000000022,Dr. Ethan Adams,MEM000077,FAC026,2026-05-19T09:00:00,71045,86.99,Chennai,CLEAN
CLM-D5C9CB05,1000000175,Dr. Alex Hernandez,MEM000115,FAC046,2026-06-03T15:00:00,99213,93.43,Chennai,CLEAN
CLM-902F3934,1000000120,Dr. Larry Dixon,MEM000415,FAC025,2026-02-03T09:00:00,93000,54.4,Chennai,CLEAN
CLM-FFDEE7D4,1000000034,Dr. Debra Davidson,MEM000860,FAC001,2026-03-03T10:00:00,71045,72.91,Chennai,CLEAN
CLM-FB585800,1000000193,Dr. Angelica Keith,MEM000823,FAC011,2026-04-18T12:00:00,99215,210.35,Chennai,CLEAN
CLM-E3BCC222,1000000055,Dr. Michael Lewis,MEM000333,FAC038,2026-04-08T11:00:00,99215,212.7,Chennai,CLEAN
CLM-E6852866,1000000133,Dr. Daniel Kennedy,MEM000696,FAC031,2026-01-02T10:00:00,99214,135.33,Chennai,CLEAN
CLM-CA68D0B1,1000000191,Dr. Karen Graham,MEM000302,FAC042,2026-06-18T11:00:00,99215,205.14,Chennai,CLEAN
CLM-82D85A04,1000000095,Dr. Anna Henderson,MEM000220,FAC026,2026-06-02T09:00:00,93000,55.08,Chennai,CLEAN
CLM-5E68A847,1000000039,Dr. Brittany Farmer,MEM000979,FAC014,2026-04-28T14:00:00,99214,135.27,Chennai,CLEAN
CLM-4CB2BF10,1000000141,Dr. David Douglas Jr.,MEM000931,FAC017,2026-05-26T16:00:00,71045,85.17,Chennai,CLEAN
CLM-0AA49525,1000000180,Dr. Alexander Collins,MEM000060,FAC015,2026-06-06T15:00:00,71045,72.01,Chennai,CLEAN
CLM-A6AA2D8A,1000000193,Dr. Angelica Keith,MEM000300,FAC015,2026-04-07T14:00:00,99214,160.33,Chennai,CLEAN
CLM-0940A50F,1000000176,Dr. Michael Elliott,MEM000315,FAC002,2026-04-01T14:00:00,99214,155.95,Chennai,CLEAN
CLM-6C16C31D,1000000108,Dr. Evelyn Galvan,MEM000261,FAC032,2026-01-21T17:00:00,71045,84.64,Chennai,CLEAN
CLM-2ADCA971,1000000199,Dr. Nathan Freeman,MEM000964,FAC017,2026-06-23T09:00:00,99214,161.21,Chennai,CLEAN
CLM-3E36EAF4,1000000179,Dr. Robert Oconnell,MEM000278,FAC032,2026-05-20T11:00:00,99213,97.05,Chennai,CLEAN
CLM-1FFACFC3,1000000183,Dr. Ashley Barton,MEM000583,FAC028,2026-05-08T12:00:00,93000,58.43,Chennai,CLEAN
CLM-7133CDA2,1000000182,Dr. Angela Vaughn,MEM000409,FAC026,2026-02-08T12:00:00,99214,141.92,Chennai,CLEAN
CLM-1E5ECFC2,1000000009,Dr. Ryan Munoz,MEM000390,FAC025,2026-04-29T17:00:00,71045,76.54,Chennai,CLEAN
CLM-F3D50F57,1000000018,Dr. Lisa Jackson,MEM000132,FAC023,2026-05-29T13:00:00,93000,63.8,Chennai,CLEAN
CLM-39716E50,1000000170,Dr. Jamie Walton,MEM000926,FAC011,2026-02-04T09:00:00,99215,206.18,Chennai,CLEAN
CLM-3580C95D,1000000134,Dr. Rebecca Jackson,MEM000396,FAC011,2026-02-12T15:00:00,93000,61.44,Chennai,CLEAN
CLM-00FA69EC,1000000002,Dr. Angie Henderson,MEM000393,FAC026,2026-04-12T10:00:00,71045,87.18,Chennai,CLEAN
CLM-414F25FC,1000000145,Dr. Joyce Solis,MEM000597,FAC026,2026-02-15T12:00:00,99215,214.59,Chennai,CLEAN
CLM-EDF9A9CC,1000000151,Dr. Pamela Boyd,MEM000930,FAC038,2026-06-18T11:00:00,93000,64.98,Chennai,CLEAN
CLM-DF024247,1000000154,Dr. Brenda Hall,MEM000810,FAC046,2026-05-21T12:00:00,99214,144.62,Chennai,CLEAN
CLM-35944FD4,1000000141,Dr. David Douglas Jr.,MEM000752,FAC030,2026-04-13T17:00:00,93000,59.57,Chennai,CLEAN
CLM-35F9D2AE,1000000126,Dr. Michelle Evans,MEM000461,FAC039,2026-02-17T14:00:00,71045,72.2,Chennai,CLEAN
CLM-6BB40C78,1000000031,Dr. James Ferrell,MEM000252,FAC016,2026-05-15T11:00:00,99213,100.47,Chennai,CLEAN
CLM-35E2D564,1000000064,Dr. Jessica Callahan,MEM000916,FAC038,2026-03-05T10:00:00,99215,206.81,Chennai,CLEAN
CLM-61CCCA63,1000000135,Dr. Jose Schultz,MEM000763,FAC012,2026-06-03T10:00:00,99214,164.73,Chennai,CLEAN
CLM-26903A99,1000000103,Dr. Christine Wright,MEM000010,FAC001,2026-01-02T10:00:00,99215,211.09,Chennai,CLEAN
CLM-DD268A80,1000000167,Dr. Alyssa Day,MEM000674,FAC044,2026-04-30T15:00:00,99214,160.2,Chennai,CLEAN
CLM-56FA0782,1000000185,Dr. Dr. Hannah Patterson,MEM000764,FAC004,2026-03-20T12:00:00,99213,107.41,Chennai,CLEAN
CLM-774DE613,1000000187,Dr. Samantha Garcia,MEM000958,FAC036,2026-01-19T12:00:00,99215,203.2,Chennai,CLEAN
CLM-6BCEE48D,1000000052,Dr. Crystal Robinson,MEM000528,FAC036,2026-05-07T14:00:00,99214,162.03,Chennai,CLEAN
CLM-B135C683,1000000139,Dr. Angel Perry,MEM000481,FAC008,2026-01-09T17:00:00,71045,82.31,Chennai,CLEAN
CLM-8E9B9D04,1000000171,Dr. Darlene Miller,MEM000392,FAC019,2026-02-10T11:00:00,99215,237.98,Chennai,CLEAN
CLM-D4A383FB,1000000084,Dr. Zachary Ferrell,MEM000635,FAC045,2026-06-16T11:00:00,99213,100.37,Chennai,CLEAN
CLM-468FB334,1000000059,Dr. John Daniel,MEM000344,FAC014,2026-01-08T16:00:00,71045,78.85,Chennai,CLEAN
CLM-DF4C357F,1000000026,Dr. Justin Baker,MEM000637,FAC016,2026-05-24T15:00:00,99214,162.46,Chennai,CLEAN
CLM-B586C088,1000000145,Dr. Joyce Solis,MEM000962,FAC049,2026-05-20T09:00:00,99215,215.7,Chennai,CLEAN
CLM-AA645B7A,1000000033,Dr. Nathan Maldonado,MEM000900,FAC000,2026-01-22T16:00:00,99215,208.82,Chennai,CLEAN
CLM-3B97B1D0,1000000000,Dr. Allison Hill,MEM000459,FAC039,2026-04-15T15:00:00,99213,108.73,Chennai,CLEAN
CLM-06C31DD0,1000000110,Dr. Richard Rodriguez,MEM000585,FAC021,2026-05-03T11:00:00,99215,235.38,Chennai,CLEAN
CLM-633B8A94,1000000001,Dr. Noah Rhodes,MEM000317,FAC015,2026-03-20T16:00:00,99215,203.3,Chennai,CLEAN
CLM-F02974A3,1000000041,Dr. Fred Smith,MEM000325,FAC014,2026-01-19T12:00:00,71045,82.57,Chennai,CLEAN
CLM-964EAB79,1000000080,Dr. Kelly Donovan,MEM000870,FAC025,2026-01-25T09:00:00,99213,99.92,Chennai,CLEAN
CLM-90C7AED0,1000000126,Dr. Michelle Evans,MEM000201,FAC041,2026-02-13T10:00:00,71045,87.85,Chennai,CLEAN
CLM-E860FAA2,1000000089,Dr. Aimee Montoya,MEM000063,FAC014,2026-04-18T10:00:00,93000,63.14,Chennai,CLEAN
CLM-246562B8,1000000045,Dr. Philip Cannon,MEM000989,FAC002,2026-02-07T14:00:00,93000,62.93,Chennai,CLEAN
CLM-E017DD57,1000000149,Dr. Stephanie Manning,MEM000611,FAC046,2026-01-19T12:00:00,93000,59.81,Chennai,CLEAN
CLM-83733CFB,1000000053,Dr. Mark Perez,MEM000470,FAC002,2026-02-18T13:00:00,99214,159.31,Chennai,CLEAN
CLM-8AB41455,1000000079,Dr. Lisa Barnes,MEM000281,FAC028,2026-03-15T17:00:00,93000,54.0,Chennai,CLEAN
CLM-2897392E,1000000069,Dr. William Baker,MEM000505,FAC027,2026-01-07T16:00:00,93000,58.99,Chennai,CLEAN
CLM-4AF5D8D6,1000000032,Dr. Tricia Valencia,MEM000793,FAC014,2026-03-22T10:00:00,99213,103.84,Chennai,CLEAN
CLM-F5CB3CF7,1000000120,Dr. Larry Dixon,MEM000423,FAC020,2026-01-20T10:00:00,71045,82.08,Chennai,CLEAN
CLM-4C5D3D6A,1000000176,Dr. Michael Elliott,MEM000570,FAC049,2026-04-02T10:00:00,71045,83.12,Chennai,CLEAN
CLM-4E65047F,1000000168,Dr. Joel Williams,MEM000170,FAC034,2026-06-01T14:00:00,99213,95.36,Chennai,CLEAN
CLM-4A3D9C9C,1000000098,Dr. Jessica Smith,MEM000197,FAC016,2026-01-10T10:00:00,93000,63.54,Chennai,CLEAN
CLM-D1A707CB,1000000130,Dr. Elizabeth Kelley,MEM000001,FAC022,2026-03-30T17:00:00,99213,104.58,Chennai,CLEAN
CLM-51F2C1A2,1000000024,Dr. Matthew Foster,MEM000328,FAC028,2026-03-08T13:00:00,93000,58.71,Chennai,CLEAN
CLM-4C00AD0C,1000000093,Dr. Christina Walters,MEM000254,FAC038,2026-06-20T10:00:00,71045,72.75,Chennai,CLEAN
CLM-4F141DDA,1000000125,Dr. Erin Edwards,MEM000840,FAC030,2026-01-01T09:00:00,99215,198.5,Chennai,CLEAN
CLM-3FD80336,1000000062,Dr. Connor West,MEM000913,FAC000,2026-03-21T14:00:00,99215,203.16,Chennai,CLEAN
CLM-E45D39A3,1000000070,Dr. Jordan Henderson,MEM000018,FAC048,2026-03-05T17:00:00,99214,140.35,Chennai,CLEAN
CLM-79EFBD22,1000000138,Dr. David Alvarez,MEM000024,FAC043,2026-02-23T15:00:00,71045,84.3,Chennai,CLEAN
CLM-74B93CF9,1000000196,Dr. Daniel Salinas,MEM000962,FAC047,2026-01-11T12:00:00,93000,58.46,Chennai,CLEAN
CLM-D0CF2FD9,1000000139,Dr. Angel Perry,MEM000567,FAC025,2026-06-25T13:00:00,99213,103.2,Chennai,CLEAN
CLM-3DE65693,1000000136,Dr. Robert Potter,MEM000553,FAC000,2026-02-08T15:00:00,99215,204.93,Chennai,CLEAN
CLM-292E4FA2,1000000178,Dr. Lawrence Adkins,MEM000346,FAC005,2026-04-08T13:00:00,71045,83.35,Chennai,CLEAN
CLM-AFF4FA33,1000000052,Dr. Crystal Robinson,MEM000887,FAC013,2026-03-02T14:00:00,71045,74.11,Chennai,CLEAN
CLM-DC112063,1000000014,Dr. Dylan Miller,MEM000954,FAC012,2026-06-04T16:00:00,99215,209.6,Chennai,CLEAN
CLM-13534768,1000000005,Dr. Connie Lawrence,MEM000515,FAC032,2026-01-14T15:00:00,71045,72.68,Chennai,CLEAN
CLM-E610D6C5,1000000184,Dr. Lindsay Martinez,MEM000988,FAC038,2026-05-23T16:00:00,99213,101.93,Chennai,CLEAN
CLM-C5E37E58,1000000010,Dr. Monica Herrera,MEM000695,FAC045,2026-01-31T10:00:00,93000,64.07,Chennai,CLEAN
CLM-C61E7C19,1000000177,Dr. Michael Wang,MEM000644,FAC018,2026-02-26T10:00:00,99213,93.99,Chennai,CLEAN
CLM-B6EA2B54,1000000037,Dr. Cassandra Gaines,MEM000830,FAC024,2026-04-07T10:00:00,99213,96.71,Chennai,CLEAN
CLM-994CB771,1000000070,Dr. Jordan Henderson,MEM000566,FAC021,2026-05-24T09:00:00,99215,205.17,Chennai,CLEAN
CLM-8D50C7A2,1000000102,Dr. Rebecca Valencia,MEM000246,FAC011,2026-06-18T10:00:00,99213,101.88,Chennai,CLEAN
CLM-2C6E4431,1000000103,Dr. Christine Wright,MEM000033,FAC018,2026-04-27T11:00:00,99214,135.54,Chennai,CLEAN
CLM-746E9A5D,1000000057,Dr. Richard Aguirre,MEM000615,FAC030,2026-06-23T09:00:00,71045,79.64,Chennai,CLEAN
CLM-B89B102D,1000000069,Dr. William Baker,MEM000372,FAC045,2026-03-13T13:00:00,71045,83.62,Chennai,CLEAN
CLM-DF4AD250,1777777777,Dr. Synthetic-C (Upcoder),MEM000058,FAC034,2026-06-23T11:00:00,99214,137.4,Mumbai,CLEAN
CLM-2604469C,1000000192,Dr. Debra Christian,MEM000065,FAC018,2026-04-10T10:00:00,93000,60.87,Chennai,CLEAN
CLM-18B76E9E,1000000186,Dr. Jonathan Peterson,MEM000249,FAC036,2026-03-11T15:00:00,71045,84.86,Chennai,CLEAN
CLM-AD12F122,1000000104,Dr. Richard Henson,MEM000135,FAC026,2026-02-16T12:00:00,99215,228.94,Chennai,CLEAN
CLM-B88BF3FF,1000000147,Dr. Stephanie Salazar,MEM000384,FAC000,2026-04-04T12:00:00,99213,92.76,Chennai,CLEAN
CLM-861D5BF1,1000000098,Dr. Jessica Smith,MEM000075,FAC047,2026-05-17T13:00:00,99213,92.59,Chennai,CLEAN
CLM-C77C456B,1000000124,Dr. Helen Jones,MEM000832,FAC035,2026-04-25T09:00:00,99214,162.21,Chennai,CLEAN
CLM-69A9F976,1000000132,Dr. Mary Marshall,MEM000410,FAC003,2026-03-26T09:00:00,71045,75.78,Chennai,CLEAN
CLM-EAF1BCBF,1000000101,Dr. Cameron Parker,MEM000405,FAC015,2026-04-22T09:00:00,99215,199.94,Chennai,CLEAN
CLM-662983E5,1000000187,Dr. Samantha Garcia,MEM000543,FAC041,2026-01-23T15:00:00,99215,234.85,Chennai,CLEAN
CLM-DF24D6C4,1000000159,Dr. Jamie Smith,MEM000558,FAC037,2026-01-31T09:00:00,99214,152.6,Chennai,CLEAN
CLM-C042840C,1000000151,Dr. Pamela Boyd,MEM000121,FAC010,2026-01-16T12:00:00,99213,92.86,Chennai,CLEAN
CLM-2B3D9359,1000000034,Dr. Debra Davidson,MEM000023,FAC038,2026-03-09T14:00:00,99214,155.66,Chennai,CLEAN
CLM-1D811DE5,1000000196,Dr. Daniel Salinas,MEM000965,FAC029,2026-04-05T16:00:00,93000,58.4,Chennai,CLEAN
CLM-1C396259,1000000028,Dr. Zachary Hicks,MEM000588,FAC041,2026-02-17T15:00:00,99213,90.99,Chennai,CLEAN
CLM-40F42A72,1000000183,Dr. Ashley Barton,MEM000546,FAC027,2026-01-12T11:00:00,71045,77.58,Chennai,CLEAN
CLM-94078945,1000000126,Dr. Michelle Evans,MEM000956,FAC018,2026-06-19T14:00:00,99215,233.7,Chennai,CLEAN
CLM-CA380D62,1000000161,Dr. Jennifer Adkins,MEM000604,FAC008,2026-01-12T14:00:00,99215,230.88,Chennai,CLEAN
CLM-B105CE75,1000000154,Dr. Brenda Hall,MEM000288,FAC044,2026-03-15T14:00:00,99214,150.41,Chennai,CLEAN
CLM-A4F979E3,1000000031,Dr. James Ferrell,MEM000570,FAC001,2026-06-11T17:00:00,99213,104.37,Chennai,CLEAN
CLM-D33DA596,1000000152,Dr. Denise Jones,MEM000398,FAC022,2026-06-11T14:00:00,93000,56.54,Chennai,CLEAN
CLM-F219D37F,1000000072,Dr. Brittney Phillips,MEM000780,FAC021,2026-04-12T15:00:00,99214,161.01,Chennai,CLEAN
CLM-5A729014,1000000152,Dr. Denise Jones,MEM000813,FAC043,2026-04-05T11:00:00,99213,99.87,Chennai,CLEAN
CLM-EBAAD808,1000000126,Dr. Michelle Evans,MEM000053,FAC020,2026-06-29T15:00:00,71045,72.19,Chennai,CLEAN
CLM-9331324A,1000000104,Dr. Richard Henson,MEM000105,FAC026,2026-02-05T13:00:00,93000,59.08,Chennai,CLEAN
CLM-01E66043,1000000114,Dr. Garrett Lin,MEM000010,FAC018,2026-04-25T11:00:00,71045,86.43,Chennai,CLEAN
CLM-56CC9E45,1000000103,Dr. Christine Wright,MEM000016,FAC008,2026-02-20T14:00:00,99213,97.32,Chennai,CLEAN
CLM-FD3AD305,1000000093,Dr. Christina Walters,MEM000027,FAC004,2026-04-06T12:00:00,99213,91.36,Chennai,CLEAN
CLM-DA165418,1000000058,Dr. Brent Jordan,MEM000695,FAC046,2026-06-12T10:00:00,71045,79.95,Chennai,CLEAN
CLM-2D293798,1000000024,Dr. Matthew Foster,MEM000323,FAC027,2026-01-14T14:00:00,93000,59.28,Chennai,CLEAN
CLM-53F56577,1000000015,Dr. Brian Ramirez,MEM000382,FAC008,2026-02-15T13:00:00,99215,201.3,Chennai,CLEAN
CLM-82CD0B70,1000000062,Dr. Connor West,MEM000604,FAC020,2026-03-20T16:00:00,93000,57.18,Chennai,CLEAN
CLM-BB2E9CAA,1000000181,Dr. Tina Sanders,MEM000384,FAC016,2026-04-04T12:00:00,99213,103.6,Chennai,CLEAN
CLM-A781D5FF,1000000081,Dr. Mike Allen,MEM000711,FAC029,2026-05-30T09:00:00,99215,229.8,Chennai,CLEAN
CLM-EC4F7C6B,1000000031,Dr. James Ferrell,MEM000586,FAC047,2026-01-21T17:00:00,93000,60.38,Chennai,CLEAN
CLM-151997BF,1000000111,Dr. Shannon Walker,MEM000987,FAC047,2026-03-18T15:00:00,93000,56.58,Chennai,CLEAN
CLM-55ED222F,1000000084,Dr. Zachary Ferrell,MEM000397,FAC007,2026-05-22T12:00:00,99214,161.43,Chennai,CLEAN
CLM-840DB585,1000000182,Dr. Angela Vaughn,MEM000621,FAC031,2026-03-09T17:00:00,71045,78.34,Chennai,CLEAN
CLM-7812EC4E,1000000001,Dr. Noah Rhodes,MEM000383,FAC043,2026-04-30T09:00:00,99214,164.12,Chennai,CLEAN
CLM-144E5DB6,1000000190,Dr. Debra Morton,MEM000710,FAC030,2026-05-02T10:00:00,93000,57.18,Chennai,CLEAN
CLM-6F240337,1000000001,Dr. Noah Rhodes,MEM000825,FAC041,2026-01-26T11:00:00,99214,135.77,Chennai,CLEAN
CLM-1F1C235A,1000000092,Dr. Denise Jacobs,MEM000442,FAC031,2026-03-03T12:00:00,99214,160.51,Chennai,CLEAN
CLM-5A7EBC5B,1000000036,Dr. Sherri Baker,MEM000706,FAC045,2026-06-04T16:00:00,99214,158.58,Chennai,CLEAN
CLM-40D9001A,1000000034,Dr. Debra Davidson,MEM000215,FAC036,2026-04-14T13:00:00,99215,199.76,Chennai,CLEAN
CLM-7EFBCF28,1000000143,Dr. Christopher Rubio,MEM000943,FAC008,2026-03-24T12:00:00,99214,159.46,Chennai,CLEAN
CLM-9782DAAC,1000000117,Dr. Ashley Waller,MEM000385,FAC039,2026-06-01T11:00:00,99215,205.27,Chennai,CLEAN
CLM-8025B77C,1000000121,Dr. Kenneth Scott,MEM000940,FAC015,2026-06-09T11:00:00,99214,156.63,Chennai,CLEAN
CLM-84C7CAD1,1000000086,Dr. Shirley Suarez,MEM000667,FAC009,2026-01-12T11:00:00,99214,155.58,Chennai,CLEAN
CLM-FBB4ABF4,1000000005,Dr. Connie Lawrence,MEM000589,FAC006,2026-03-06T09:00:00,99213,98.47,Chennai,CLEAN
CLM-B7E3C830,1000000048,Dr. Joshua Blair,MEM000233,FAC048,2026-02-14T17:00:00,99215,210.91,Chennai,CLEAN
CLM-F94B4160,1000000054,Dr. Shannon Jones,MEM000984,FAC019,2026-05-07T10:00:00,93000,61.09,Chennai,CLEAN
CLM-4C1A97B0,1000000038,Dr. Elizabeth Fowler,MEM000910,FAC038,2026-01-03T16:00:00,99215,234.07,Chennai,CLEAN
CLM-0AEE8A63,1000000021,Dr. Patty Perez,MEM000336,FAC017,2026-06-26T14:00:00,99214,161.9,Chennai,CLEAN
CLM-A1948749,1000000014,Dr. Dylan Miller,MEM000936,FAC028,2026-03-24T15:00:00,93000,62.28,Chennai,CLEAN
CLM-01A26778,1000000159,Dr. Jamie Smith,MEM000071,FAC012,2026-05-22T12:00:00,99213,90.59,Chennai,CLEAN
CLM-15AB00D8,1000000183,Dr. Ashley Barton,MEM000852,FAC025,2026-03-14T12:00:00,99214,155.2,Chennai,CLEAN
CLM-B276DE13,1000000047,Dr. Shane Henderson,MEM000792,FAC048,2026-04-21T11:00:00,99214,149.78,Chennai,CLEAN
CLM-F145714E,1000000119,Dr. Jeffrey Chandler,MEM000478,FAC013,2026-02-22T10:00:00,71045,86.19,Chennai,CLEAN
CLM-636BAB3F,1000000129,Dr. Megan Orr,MEM000716,FAC002,2026-04-12T15:00:00,99215,230.12,Chennai,CLEAN
CLM-D63949E9,1000000007,Dr. Gina Moore,MEM000947,FAC028,2026-01-01T12:00:00,93000,58.34,Chennai,CLEAN
CLM-248FD7F9,1000000060,Dr. Victoria Garcia,MEM000387,FAC002,2026-03-27T14:00:00,99214,153.72,Chennai,CLEAN
CLM-4A5E847D,1000000077,Dr. Megan Young,MEM000138,FAC040,2026-03-15T10:00:00,99213,102.81,Chennai,CLEAN
CLM-005C6C35,1777777777,Dr. Synthetic-C (Upcoder),MEM000725,FAC019,2026-01-14T11:00:00,71045,76.32,Mumbai,CLEAN
CLM-C8F65AC7,1000000172,Dr. Joshua Cooke,MEM000663,FAC027,2026-05-02T14:00:00,93000,56.0,Chennai,CLEAN
CLM-F89CD50A,1000000116,Dr. William Herrera,MEM000430,FAC008,2026-04-06T09:00:00,71045,85.29,Chennai,CLEAN
CLM-5D11329C,1000000003,Dr. Daniel Wagner,MEM000862,FAC002,2026-03-04T15:00:00,99214,159.15,Chennai,CLEAN
CLM-A98030BC,1000000169,Dr. Daniel Murphy,MEM000365,FAC040,2026-04-14T13:00:00,71045,83.66,Chennai,CLEAN
CLM-7993468C,1000000072,Dr. Brittney Phillips,MEM000587,FAC028,2026-03-10T14:00:00,93000,59.83,Chennai,CLEAN
CLM-E7167909,1000000150,Dr. David Wright,MEM000213,FAC006,2026-05-14T12:00:00,93000,62.39,Chennai,CLEAN
CLM-F2E38F2C,1000000146,Dr. Victoria Larson,MEM000695,FAC031,2026-05-28T17:00:00,99215,235.05,Chennai,CLEAN
CLM-115ABAE7,1000000153,Dr. Devon Flores,MEM000808,FAC004,2026-03-07T17:00:00,71045,72.55,Chennai,CLEAN
CLM-3654DCDC,1000000189,Dr. Jessica Gross,MEM000635,FAC020,2026-03-22T09:00:00,99215,224.28,Chennai,CLEAN
CLM-9371A512,1000000169,Dr. Daniel Murphy,MEM000212,FAC009,2026-04-17T15:00:00,99215,207.53,Chennai,CLEAN
CLM-4E8AF925,1000000033,Dr. Nathan Maldonado,MEM000763,FAC014,2026-06-01T13:00:00,71045,73.62,Chennai,CLEAN
CLM-06DEE126,1000000025,Dr. Judy Baker,MEM000160,FAC045,2026-05-21T17:00:00,99213,103.21,Chennai,CLEAN
CLM-07965C50,1000000026,Dr. Justin Baker,MEM000337,FAC039,2026-03-15T17:00:00,99215,208.03,Chennai,CLEAN
CLM-D586315E,1000000004,Dr. Cristian Santos,MEM000004,FAC044,2026-01-19T11:00:00,71045,78.99,Chennai,CLEAN
CLM-25A3E51A,1000000178,Dr. Lawrence Adkins,MEM000941,FAC010,2026-02-05T12:00:00,93000,65.67,Chennai,CLEAN
CLM-4ABFFC8A,1000000180,Dr. Alexander Collins,MEM000937,FAC019,2026-05-08T13:00:00,99214,159.8,Chennai,CLEAN
CLM-B3EEB8E2,1000000163,Dr. Jeffrey Johnson,MEM000165,FAC021,2026-04-12T16:00:00,93000,62.35,Chennai,CLEAN
CLM-2EB5B7FD,1000000016,Dr. Holly Wood,MEM000867,FAC032,2026-05-09T17:00:00,99214,162.27,Chennai,CLEAN
CLM-316B6C6A,1000000032,Dr. Tricia Valencia,MEM000209,FAC028,2026-05-15T17:00:00,71045,72.92,Chennai,CLEAN
CLM-D4DD6F94,1000000168,Dr. Joel Williams,MEM000559,FAC018,2026-01-18T15:00:00,93000,54.59,Chennai,CLEAN
CLM-A559FFC6,1000000178,Dr. Lawrence Adkins,MEM000078,FAC046,2026-02-21T13:00:00,93000,61.71,Chennai,CLEAN
CLM-7242B502,1000000102,Dr. Rebecca Valencia,MEM000313,FAC029,2026-05-28T17:00:00,99215,215.22,Chennai,CLEAN
CLM-DC9DB86B,1000000192,Dr. Debra Christian,MEM000695,FAC020,2026-05-12T15:00:00,71045,81.98,Chennai,CLEAN
CLM-022CF7D1,1000000145,Dr. Joyce Solis,MEM000793,FAC024,2026-02-19T17:00:00,99214,164.13,Chennai,CLEAN
CLM-C74D82A7,1000000158,Dr. Melissa Gates,MEM000878,FAC028,2026-02-09T12:00:00,71045,84.86,Chennai,CLEAN
CLM-7FC986CE,1000000012,Dr. Lisa Hensley,MEM000859,FAC034,2026-01-16T11:00:00,71045,73.34,Chennai,CLEAN
CLM-E4DB0E7D,1000000102,Dr. Rebecca Valencia,MEM000135,FAC000,2026-01-26T15:00:00,99215,213.68,Chennai,CLEAN
CLM-767C8DDF,1000000081,Dr. Mike Allen,MEM000750,FAC028,2026-06-25T17:00:00,71045,87.22,Chennai,CLEAN
CLM-73E84348,1000000084,Dr. Zachary Ferrell,MEM000511,FAC042,2026-05-14T15:00:00,99215,212.42,Chennai,CLEAN
CLM-A6B0DC71,1000000194,Dr. John Bishop,MEM000367,FAC031,2026-04-01T10:00:00,99214,142.64,Chennai,CLEAN
CLM-FBCC7749,1000000110,Dr. Richard Rodriguez,MEM000281,FAC000,2026-01-02T09:00:00,71045,80.38,Chennai,CLEAN
CLM-1648981C,1000000086,Dr. Shirley Suarez,MEM000533,FAC026,2026-05-16T11:00:00,99215,228.06,Chennai,CLEAN
CLM-1DDC9512,1000000091,Dr. Brian Rodriguez,MEM000073,FAC026,2026-04-08T14:00:00,99215,212.3,Chennai,CLEAN
CLM-BB15CF04,1000000039,Dr. Brittany Farmer,MEM000179,FAC016,2026-03-19T13:00:00,99213,105.4,Chennai,CLEAN
CLM-F3CDF640,1000000150,Dr. David Wright,MEM000626,FAC030,2026-03-17T09:00:00,99214,159.05,Chennai,CLEAN
CLM-638F3D5C,1000000051,Dr. Danny Morgan,MEM000206,FAC033,2026-04-15T17:00:00,71045,72.27,Chennai,CLEAN
CLM-62938972,1000000198,Dr. Adam Vaughan,MEM000238,FAC020,2026-05-01T09:00:00,99213,99.05,Chennai,CLEAN
CLM-43BB871F,1000000062,Dr. Connor West,MEM000418,FAC012,2026-01-12T13:00:00,99215,204.77,Chennai,CLEAN
CLM-028F6683,1000000054,Dr. Shannon Jones,MEM000524,FAC041,2026-04-16T09:00:00,99214,136.36,Chennai,CLEAN
CLM-C367B9E6,1000000177,Dr. Michael Wang,MEM000340,FAC046,2026-01-13T17:00:00,93000,62.83,Chennai,CLEAN
CLM-3F2003FA,1000000057,Dr. Richard Aguirre,MEM000031,FAC038,2026-03-13T10:00:00,99214,143.07,Chennai,CLEAN
CLM-223916FF,1000000148,Dr. Kathy Rivas,MEM000012,FAC037,2026-04-21T10:00:00,93000,59.71,Chennai,CLEAN
CLM-5891B922,1000000124,Dr. Helen Jones,MEM000888,FAC036,2026-05-05T11:00:00,99215,212.81,Chennai,CLEAN
CLM-248BADC9,1000000039,Dr. Brittany Farmer,MEM000568,FAC017,2026-01-29T12:00:00,99215,215.13,Chennai,CLEAN
CLM-805EC409,1000000069,Dr. William Baker,MEM000539,FAC000,2026-03-18T14:00:00,99213,99.28,Chennai,CLEAN
CLM-9C0D0D16,1000000090,Dr. Matthew Mcmillan,MEM000771,FAC049,2026-04-07T16:00:00,99215,241.47,Chennai,CLEAN
CLM-170887F8,1000000003,Dr. Daniel Wagner,MEM000586,FAC020,2026-05-08T12:00:00,93000,57.01,Chennai,CLEAN
CLM-CC927611,1000000004,Dr. Cristian Santos,MEM000909,FAC021,2026-05-30T17:00:00,99213,92.81,Chennai,CLEAN
CLM-E4721453,1000000110,Dr. Richard Rodriguez,MEM000001,FAC010,2026-06-07T13:00:00,99215,204.47,Chennai,CLEAN
CLM-486FFAFA,1000000011,Dr. Jamie Arnold,MEM000820,FAC014,2026-01-24T14:00:00,93000,61.21,Chennai,CLEAN
CLM-C07109B6,1000000195,Dr. Allen Rosales,MEM000143,FAC021,2026-05-14T13:00:00,93000,64.1,Chennai,CLEAN
CLM-E3AB1BED,1000000004,Dr. Cristian Santos,MEM000479,FAC012,2026-03-21T11:00:00,99213,94.55,Chennai,CLEAN
CLM-11F1BD4B,1000000144,Dr. Amber Wright,MEM000761,FAC028,2026-06-20T16:00:00,71045,76.57,Chennai,CLEAN
CLM-CBFB1E38,1000000111,Dr. Shannon Walker,MEM000471,FAC023,2026-06-06T14:00:00,99213,103.13,Chennai,CLEAN
CLM-CFD91345,1000000017,Dr. Derek Zuniga,MEM000525,FAC027,2026-03-10T17:00:00,99214,141.04,Chennai,CLEAN
CLM-3694E34C,1000000128,Dr. Cameron Fisher,MEM000534,FAC048,2026-02-03T14:00:00,93000,64.49,Chennai,CLEAN
CLM-64B90321,1000000178,Dr. Lawrence Adkins,MEM000526,FAC017,2026-01-28T15:00:00,99214,142.34,Chennai,CLEAN
CLM-631BB3E5,1000000196,Dr. Daniel Salinas,MEM000225,FAC010,2026-04-20T09:00:00,99215,229.79,Chennai,CLEAN
CLM-132B8498,1000000096,Dr. Aaron Wise,MEM000733,FAC039,2026-03-13T11:00:00,71045,78.72,Chennai,CLEAN
CLM-353AC3DB,1000000123,Dr. Michelle Harmon,MEM000299,FAC033,2026-02-23T10:00:00,71045,75.08,Chennai,CLEAN
CLM-F464CE39,1000000000,Dr. Allison Hill,MEM000393,FAC025,2026-02-16T12:00:00,99213,97.43,Chennai,CLEAN
CLM-019B400E,1000000135,Dr. Jose Schultz,MEM000945,FAC048,2026-01-24T16:00:00,93000,60.01,Chennai,CLEAN
CLM-EDD302B7,1000000075,Dr. Sarah Moore,MEM000797,FAC009,2026-04-08T14:00:00,99215,222.78,Chennai,CLEAN
CLM-22B83A00,1000000106,Dr. Sharon Cherry,MEM000637,FAC035,2026-06-01T09:00:00,71045,86.85,Chennai,CLEAN
CLM-B4557527,1000000060,Dr. Victoria Garcia,MEM000136,FAC029,2026-02-06T12:00:00,71045,73.9,Chennai,CLEAN
CLM-F788119D,1000000159,Dr. Jamie Smith,MEM000514,FAC037,2026-01-07T11:00:00,99214,141.84,Chennai,CLEAN
CLM-1F7B831B,1000000173,Dr. Matthew Harrington,MEM000847,FAC036,2026-01-15T09:00:00,71045,77.06,Chennai,CLEAN
CLM-F52F2857,1000000069,Dr. William Baker,MEM000893,FAC045,2026-05-19T16:00:00,99213,103.42,Chennai,CLEAN
CLM-5B905A91,1000000141,Dr. David Douglas Jr.,MEM000287,FAC029,2026-04-25T14:00:00,99215,201.11,Chennai,CLEAN
CLM-BEF58682,1777777777,Dr. Synthetic-C (Upcoder),MEM000455,FAC026,2026-05-08T14:00:00,99215,206.91,Mumbai,CLEAN
CLM-C9EC9C0C,1000000134,Dr. Rebecca Jackson,MEM000079,FAC034,2026-05-19T09:00:00,71045,83.98,Chennai,CLEAN
CLM-A456F7CA,1000000118,Dr. Victor Baker,MEM000526,FAC004,2026-04-01T10:00:00,99215,219.74,Chennai,CLEAN
CLM-7346416F,1000000014,Dr. Dylan Miller,MEM000571,FAC037,2026-03-19T14:00:00,93000,65.85,Chennai,CLEAN
CLM-E6329D77,1000000195,Dr. Allen Rosales,MEM000729,FAC040,2026-04-10T11:00:00,71045,85.23,Chennai,CLEAN
CLM-593A158A,1000000053,Dr. Mark Perez,MEM000517,FAC016,2026-05-21T17:00:00,71045,78.58,Chennai,CLEAN
CLM-721A6C28,1000000134,Dr. Rebecca Jackson,MEM000023,FAC009,2026-01-05T16:00:00,71045,73.27,Chennai,CLEAN
CLM-DF615119,1000000060,Dr. Victoria Garcia,MEM000607,FAC025,2026-06-24T10:00:00,99214,138.44,Chennai,CLEAN
CLM-5371177A,1000000161,Dr. Jennifer Adkins,MEM000805,FAC042,2026-06-04T09:00:00,99215,230.48,Chennai,CLEAN
CLM-3C1B4E1E,1000000140,Dr. Cheyenne Horton,MEM000899,FAC034,2026-01-26T11:00:00,93000,61.76,Chennai,CLEAN
CLM-59370305,1000000138,Dr. David Alvarez,MEM000535,FAC041,2026-04-10T10:00:00,93000,63.2,Chennai,CLEAN
CLM-CBA5C393,1000000006,Dr. Abigail Shaffer,MEM000664,FAC031,2026-01-02T15:00:00,71045,83.44,Chennai,CLEAN
CLM-D73155F3,1000000152,Dr. Denise Jones,MEM000037,FAC007,2026-01-13T16:00:00,93000,55.58,Chennai,CLEAN
CLM-CF0A730A,1000000123,Dr. Michelle Harmon,MEM000798,FAC009,2026-05-31T17:00:00,99214,146.63,Chennai,CLEAN
CLM-3A067A38,1000000155,Dr. Michelle Brown,MEM000914,FAC014,2026-02-27T13:00:00,93000,61.95,Chennai,CLEAN
CLM-9398D0B8,1000000111,Dr. Shannon Walker,MEM000677,FAC019,2026-06-05T16:00:00,99213,94.85,Chennai,CLEAN
CLM-B30EE2E5,1000000080,Dr. Kelly Donovan,MEM000045,FAC026,2026-05-06T14:00:00,71045,80.18,Chennai,CLEAN
CLM-DBD22992,1000000105,Dr. Marc Moore,MEM000882,FAC033,2026-02-27T12:00:00,99215,213.59,Chennai,CLEAN
CLM-EE8AC501,1000000114,Dr. Garrett Lin,MEM000013,FAC031,2026-04-24T12:00:00,99213,105.32,Chennai,CLEAN
CLM-45A00B81,1000000168,Dr. Joel Williams,MEM000920,FAC013,2026-01-26T14:00:00,99215,212.97,Chennai,CLEAN
CLM-E4A513BB,1000000010,Dr. Monica Herrera,MEM000697,FAC049,2026-03-23T16:00:00,99213,97.15,Chennai,CLEAN
CLM-66357ADA,1000000164,Dr. Michael Powell,MEM000095,FAC033,2026-05-03T12:00:00,93000,57.29,Chennai,CLEAN
CLM-C8F08C23,1000000071,Dr. Whitney Peters,MEM000269,FAC002,2026-03-21T14:00:00,93000,60.45,Chennai,CLEAN
CLM-71FB064D,1000000026,Dr. Justin Baker,MEM000995,FAC004,2026-03-21T10:00:00,99215,237.06,Chennai,CLEAN
CLM-E22F6CA7,1000000013,Dr. Michele Williams,MEM000667,FAC044,2026-01-27T11:00:00,99214,164.33,Chennai,CLEAN
CLM-609072A9,1000000082,Dr. Michael Evans,MEM000871,FAC003,2026-02-20T15:00:00,93000,65.89,Chennai,CLEAN
CLM-83EA377E,1000000029,Dr. Anthony Rodriguez,MEM000332,FAC040,2026-04-11T17:00:00,93000,54.9,Chennai,CLEAN
CLM-222911FE,1000000009,Dr. Ryan Munoz,MEM000596,FAC040,2026-04-23T16:00:00,93000,59.36,Chennai,CLEAN
CLM-B26541EE,1000000013,Dr. Michele Williams,MEM000894,FAC009,2026-03-01T13:00:00,99215,213.72,Chennai,CLEAN
CLM-A8D9C64A,1000000131,Dr. Dustin Jordan,MEM000298,FAC016,2026-04-16T16:00:00,93000,63.72,Chennai,CLEAN
CLM-BE846683,1000000006,Dr. Abigail Shaffer,MEM000936,FAC048,2026-03-01T15:00:00,71045,87.26,Chennai,CLEAN
CLM-C4F48F18,1000000005,Dr. Connie Lawrence,MEM000067,FAC027,2026-02-25T11:00:00,93000,57.83,Chennai,CLEAN
CLM-A69573E2,1000000055,Dr. Michael Lewis,MEM000776,FAC031,2026-05-10T12:00:00,99213,97.1,Chennai,CLEAN
CLM-851A0AA0,1000000127,Dr. Jason Powell,MEM000374,FAC028,2026-06-30T11:00:00,93000,64.92,Chennai,CLEAN
CLM-C303466B,1000000171,Dr. Darlene Miller,MEM000150,FAC042,2026-04-23T12:00:00,99213,100.18,Chennai,CLEAN
CLM-8E75EB3C,1000000143,Dr. Christopher Rubio,MEM000792,FAC047,2026-02-23T09:00:00,99214,151.95,Chennai,CLEAN
CLM-0245AC68,1000000022,Dr. Ethan Adams,MEM000339,FAC035,2026-04-05T13:00:00,99214,164.88,Chennai,CLEAN
CLM-36427B71,1000000058,Dr. Brent Jordan,MEM000232,FAC011,2026-03-18T10:00:00,71045,85.67,Chennai,CLEAN
CLM-C39E892B,1000000188,Dr. Madison Poole,MEM000381,FAC004,2026-05-21T14:00:00,99215,221.65,Chennai,CLEAN
CLM-E92AD2A4,1000000149,Dr. Stephanie Manning,MEM000443,FAC024,2026-01-07T16:00:00,99214,144.0,Chennai,CLEAN
CLM-0ED771D0,1000000098,Dr. Jessica Smith,MEM000866,FAC030,2026-03-07T15:00:00,99214,156.81,Chennai,CLEAN
CLM-33DF2193,1000000088,Dr. Lisa Archer,MEM000760,FAC040,2026-05-27T14:00:00,93000,57.4,Chennai,CLEAN
CLM-86868A60,1000000021,Dr. Patty Perez,MEM000943,FAC040,2026-05-05T13:00:00,93000,55.38,Chennai,CLEAN
CLM-3ED32456,1000000016,Dr. Holly Wood,MEM000452,FAC000,2026-03-28T09:00:00,99214,161.93,Chennai,CLEAN
CLM-76BF1362,1000000019,Dr. Carla Gray,MEM000525,FAC042,2026-01-25T15:00:00,93000,60.62,Chennai,CLEAN
CLM-2375CEAB,1000000165,Dr. John Anderson,MEM000854,FAC018,2026-01-26T12:00:00,99215,234.86,Chennai,CLEAN
CLM-20AF0EFC,1000000170,Dr. Jamie Walton,MEM000491,FAC024,2026-06-28T09:00:00,93000,57.06,Chennai,CLEAN
CLM-26DA190E,1000000143,Dr. Christopher Rubio,MEM000208,FAC044,2026-05-05T16:00:00,99215,199.14,Chennai,CLEAN
CLM-8D2F0773,1000000032,Dr. Tricia Valencia,MEM000605,FAC046,2026-02-02T17:00:00,71045,76.62,Chennai,CLEAN
CLM-670A1AFC,1000000163,Dr. Jeffrey Johnson,MEM000247,FAC012,2026-01-08T11:00:00,71045,87.39,Chennai,CLEAN
CLM-31E43617,1000000162,Dr. Lindsey Walker,MEM000356,FAC047,2026-01-08T15:00:00,99214,138.5,Chennai,CLEAN
CLM-F0570558,1000000048,Dr. Joshua Blair,MEM000425,FAC024,2026-04-26T16:00:00,99213,102.0,Chennai,CLEAN
CLM-F9B88ABB,1000000096,Dr. Aaron Wise,MEM000425,FAC026,2026-04-22T10:00:00,99213,92.79,Chennai,CLEAN
CLM-77959F36,1000000080,Dr. Kelly Donovan,MEM000764,FAC025,2026-03-03T13:00:00,99214,159.34,Chennai,CLEAN
CLM-C19D13F2,1000000008,Dr. Gabrielle Davis,MEM000137,FAC008,2026-02-04T12:00:00,99215,225.0,Chennai,CLEAN
CLM-47FE9CC4,1000000139,Dr. Angel Perry,MEM000040,FAC004,2026-02-23T16:00:00,71045,80.86,Chennai,CLEAN
CLM-2C135321,1000000107,Dr. Sierra Johnson,MEM000499,FAC022,2026-06-08T09:00:00,99213,99.49,Chennai,CLEAN
CLM-82B8DDBB,1000000115,Dr. Diana May,MEM000629,FAC004,2026-03-25T11:00:00,99215,210.15,Chennai,CLEAN
CLM-57B6593C,1000000103,Dr. Christine Wright,MEM000123,FAC017,2026-03-17T09:00:00,93000,55.97,Chennai,CLEAN
CLM-4E4B7A88,1000000062,Dr. Connor West,MEM000795,FAC022,2026-01-17T16:00:00,99215,235.46,Chennai,CLEAN
CLM-57774DA8,1000000092,Dr. Denise Jacobs,MEM000444,FAC019,2026-02-05T15:00:00,99213,92.2,Chennai,CLEAN
CLM-21482EAD,1000000098,Dr. Jessica Smith,MEM000252,FAC031,2026-02-02T15:00:00,99214,136.99,Chennai,CLEAN
CLM-B3DD76D0,1000000149,Dr. Stephanie Manning,MEM000801,FAC048,2026-04-02T15:00:00,93000,61.6,Chennai,CLEAN
CLM-E47DBE49,1000000091,Dr. Brian Rodriguez,MEM000596,FAC048,2026-02-10T11:00:00,71045,82.96,Chennai,CLEAN
CLM-16BD94C3,1000000096,Dr. Aaron Wise,MEM000871,FAC016,2026-01-24T13:00:00,93000,54.54,Chennai,CLEAN
CLM-42ADA06E,1000000055,Dr. Michael Lewis,MEM000949,FAC035,2026-03-24T09:00:00,99214,157.29,Chennai,CLEAN
CLM-E51B9F8B,1000000085,Dr. Daniel Baker,MEM000351,FAC004,2026-02-23T13:00:00,99215,238.72,Chennai,CLEAN
CLM-C716A855,1000000065,Dr. Amber Kidd,MEM000896,FAC035,2026-04-13T16:00:00,99214,140.42,Chennai,CLEAN
CLM-4622E28A,1000000137,Dr. Courtney Gonzalez,MEM000234,FAC036,2026-01-01T13:00:00,71045,84.08,Chennai,CLEAN
CLM-A5D829C3,1000000059,Dr. John Daniel,MEM000067,FAC016,2026-04-03T13:00:00,71045,83.7,Chennai,CLEAN
CLM-861399CE,1000000178,Dr. Lawrence Adkins,MEM000085,FAC023,2026-06-25T16:00:00,99215,223.53,Chennai,CLEAN
CLM-7428B0DA,1000000050,Dr. Jessica Holmes,MEM000152,FAC022,2026-01-24T10:00:00,99215,228.65,Chennai,CLEAN
CLM-430C44BD,1000000150,Dr. David Wright,MEM000468,FAC033,2026-05-13T16:00:00,93000,63.89,Chennai,CLEAN
CLM-ED038E2B,1000000054,Dr. Shannon Jones,MEM000065,FAC008,2026-06-26T09:00:00,99215,198.61,Chennai,CLEAN
CLM-13566700,1000000082,Dr. Michael Evans,MEM000292,FAC015,2026-04-23T16:00:00,71045,78.8,Chennai,CLEAN
CLM-0FB1922A,1000000131,Dr. Dustin Jordan,MEM000198,FAC003,2026-06-28T17:00:00,99215,220.09,Chennai,CLEAN
CLM-7C7C01D9,1000000015,Dr. Brian Ramirez,MEM000102,FAC046,2026-06-28T17:00:00,71045,87.44,Chennai,CLEAN
CLM-7E3ED64F,1000000021,Dr. Patty Perez,MEM000319,FAC013,2026-05-30T10:00:00,99215,202.05,Chennai,CLEAN
CLM-04234902,1000000016,Dr. Holly Wood,MEM000256,FAC014,2026-04-21T16:00:00,93000,58.95,Chennai,CLEAN
CLM-85AB9811,1000000161,Dr. Jennifer Adkins,MEM000106,FAC000,2026-05-05T17:00:00,99213,100.98,Chennai,CLEAN
CLM-21E3FF51,1000000024,Dr. Matthew Foster,MEM000046,FAC039,2026-06-21T15:00:00,93000,57.84,Chennai,CLEAN
CLM-14E88A52,1000000077,Dr. Megan Young,MEM000131,FAC021,2026-04-27T09:00:00,71045,82.28,Chennai,CLEAN
CLM-802C8BAC,1000000166,Dr. Alyssa Long,MEM000857,FAC000,2026-02-06T15:00:00,93000,61.88,Chennai,CLEAN
CLM-70ED4D94,1000000062,Dr. Connor West,MEM000946,FAC046,2026-01-19T14:00:00,99215,205.89,Chennai,CLEAN
CLM-8DBEF4C3,1000000190,Dr. Debra Morton,MEM000200,FAC000,2026-04-14T09:00:00,99213,93.69,Chennai,CLEAN
CLM-BA4CECC6,1000000013,Dr. Michele Williams,MEM000189,FAC032,2026-04-21T14:00:00,99215,238.04,Chennai,CLEAN
CLM-02E8FA20,1000000004,Dr. Cristian Santos,MEM000691,FAC020,2026-02-05T11:00:00,99215,230.6,Chennai,CLEAN
CLM-F17E23E4,1000000024,Dr. Matthew Foster,MEM000296,FAC009,2026-01-07T15:00:00,71045,79.69,Chennai,CLEAN
CLM-E1C9A260,1000000026,Dr. Justin Baker,MEM000322,FAC004,2026-03-07T14:00:00,93000,60.8,Chennai,CLEAN
CLM-2443F766,1000000004,Dr. Cristian Santos,MEM000097,FAC025,2026-04-19T12:00:00,99214,160.46,Chennai,CLEAN
CLM-CE508E2C,1000000132,Dr. Mary Marshall,MEM000144,FAC008,2026-02-04T11:00:00,99215,199.64,Chennai,CLEAN
CLM-26BBA6A1,1000000081,Dr. Mike Allen,MEM000237,FAC037,2026-02-03T11:00:00,99214,136.42,Chennai,CLEAN
CLM-154E1A9F,1000000096,Dr. Aaron Wise,MEM000143,FAC041,2026-01-08T10:00:00,93000,63.09,Chennai,CLEAN
CLM-780DBFEE,1000000019,Dr. Carla Gray,MEM000116,FAC048,2026-02-23T13:00:00,93000,57.68,Chennai,CLEAN
CLM-177C99D4,1000000057,Dr. Richard Aguirre,MEM000589,FAC006,2026-02-19T12:00:00,99214,145.91,Chennai,CLEAN
CLM-8A382604,1000000132,Dr. Mary Marshall,MEM000387,FAC007,2026-02-24T11:00:00,99214,156.99,Chennai,CLEAN
CLM-702F5D8A,1000000065,Dr. Amber Kidd,MEM000343,FAC026,2026-06-23T13:00:00,99215,203.55,Chennai,CLEAN
CLM-A9C2DC09,1000000077,Dr. Megan Young,MEM000190,FAC032,2026-04-13T13:00:00,99215,224.81,Chennai,CLEAN
CLM-2A44C542,1000000109,Dr. Sharon Cochran,MEM000812,FAC000,2026-02-14T13:00:00,93000,60.14,Chennai,CLEAN
CLM-8DF9C3B9,1000000109,Dr. Sharon Cochran,MEM000197,FAC017,2026-02-14T09:00:00,93000,65.41,Chennai,CLEAN
CLM-5C78DB72,1000000063,Dr. Donald Wright,MEM000447,FAC048,2026-04-27T16:00:00,99214,143.3,Chennai,CLEAN
CLM-7AA40772,1000000146,Dr. Victoria Larson,MEM000563,FAC040,2026-06-10T14:00:00,99214,153.65,Chennai,CLEAN
CLM-ED49F128,1000000059,Dr. John Daniel,MEM000364,FAC025,2026-01-24T14:00:00,99214,164.92,Chennai,CLEAN
CLM-2E70069E,1000000103,Dr. Christine Wright,MEM000379,FAC021,2026-05-25T10:00:00,99215,219.47,Chennai,CLEAN
CLM-620260A9,1000000099,Dr. Stephen Mckee,MEM000983,FAC010,2026-04-05T12:00:00,93000,54.73,Chennai,CLEAN
CLM-C77FB06B,1000000106,Dr. Sharon Cherry,MEM000426,FAC019,2026-01-27T13:00:00,71045,84.52,Chennai,CLEAN
CLM-7D5D7113,1000000094,Dr. John Whitehead,MEM000224,FAC015,2026-04-14T14:00:00,99214,143.66,Chennai,CLEAN
CLM-7C5068E6,1000000113,Dr. Crystal Johnson,MEM000796,FAC017,2026-04-11T15:00:00,99215,227.34,Chennai,CLEAN
CLM-C5A3D7BB,1000000086,Dr. Shirley Suarez,MEM000213,FAC035,2026-05-29T15:00:00,99214,157.86,Chennai,CLEAN
CLM-E5A2A639,1000000196,Dr. Daniel Salinas,MEM000590,FAC035,2026-03-28T12:00:00,99214,143.69,Chennai,CLEAN
CLM-3C29237C,1000000181,Dr. Tina Sanders,MEM000773,FAC024,2026-05-07T11:00:00,99215,202.54,Chennai,CLEAN
CLM-B53F0FCA,1000000121,Dr. Kenneth Scott,MEM000083,FAC010,2026-06-14T16:00:00,71045,87.21,Chennai,CLEAN
CLM-B92EBCFF,1000000190,Dr. Debra Morton,MEM000640,FAC035,2026-02-27T14:00:00,99215,207.35,Chennai,CLEAN
CLM-7918BB90,1000000168,Dr. Joel Williams,MEM000293,FAC026,2026-05-21T14:00:00,93000,62.99,Chennai,CLEAN
CLM-DBEA5440,1000000063,Dr. Donald Wright,MEM000684,FAC036,2026-01-07T15:00:00,99213,97.87,Chennai,CLEAN
CLM-95E4AEEF,1000000137,Dr. Courtney Gonzalez,MEM000150,FAC018,2026-05-25T16:00:00,93000,61.67,Chennai,CLEAN
CLM-7DAFB843,1000000157,Dr. Jason Stein,MEM000623,FAC048,2026-05-20T10:00:00,71045,73.54,Chennai,CLEAN
CLM-F93D10F3,1000000057,Dr. Richard Aguirre,MEM000689,FAC032,2026-01-22T10:00:00,71045,86.35,Chennai,CLEAN
CLM-AD83C2EF,1000000131,Dr. Dustin Jordan,MEM000671,FAC012,2026-06-27T16:00:00,99213,90.58,Chennai,CLEAN
CLM-A954AB9C,1000000005,Dr. Connie Lawrence,MEM000509,FAC013,2026-05-02T11:00:00,71045,72.94,Chennai,CLEAN
CLM-92848E71,1000000176,Dr. Michael Elliott,MEM000170,FAC049,2026-01-02T10:00:00,99215,221.6,Chennai,CLEAN
CLM-570BD0FF,1000000108,Dr. Evelyn Galvan,MEM000834,FAC030,2026-05-22T09:00:00,93000,64.75,Chennai,CLEAN
CLM-F1F8EA9A,1000000098,Dr. Jessica Smith,MEM000749,FAC017,2026-05-27T12:00:00,99213,92.64,Chennai,CLEAN
CLM-86106B52,1000000031,Dr. James Ferrell,MEM000292,FAC025,2026-02-20T13:00:00,71045,78.35,Chennai,CLEAN
CLM-52C3BDB3,1000000082,Dr. Michael Evans,MEM000657,FAC017,2026-02-06T11:00:00,71045,85.48,Chennai,CLEAN
CLM-B92C56D8,1000000075,Dr. Sarah Moore,MEM000352,FAC048,2026-04-14T12:00:00,99214,152.94,Chennai,CLEAN
CLM-32A449A6,1000000117,Dr. Ashley Waller,MEM000142,FAC047,2026-05-30T13:00:00,99213,94.3,Chennai,CLEAN
CLM-E3A26029,1000000146,Dr. Victoria Larson,MEM000268,FAC032,2026-06-20T10:00:00,99213,93.63,Chennai,CLEAN
CLM-36937499,1000000105,Dr. Marc Moore,MEM000719,FAC024,2026-03-16T16:00:00,99213,102.41,Chennai,CLEAN
CLM-747AD4A5,1000000115,Dr. Diana May,MEM000688,FAC001,2026-04-16T17:00:00,99214,141.55,Chennai,CLEAN
CLM-CF7D4EBD,1000000056,Dr. Timothy Duncan,MEM000614,FAC007,2026-01-09T10:00:00,71045,73.72,Chennai,CLEAN
CLM-F6D02E18,1000000089,Dr. Aimee Montoya,MEM000804,FAC049,2026-05-27T09:00:00,99213,98.03,Chennai,CLEAN
CLM-740A80BF,1000000183,Dr. Ashley Barton,MEM000252,FAC036,2026-06-04T13:00:00,93000,54.41,Chennai,CLEAN
CLM-5AF63B9F,1000000193,Dr. Angelica Keith,MEM000083,FAC012,2026-02-27T12:00:00,99215,240.77,Chennai,CLEAN
CLM-28E7E074,1000000055,Dr. Michael Lewis,MEM000487,FAC042,2026-04-18T16:00:00,99214,163.71,Chennai,CLEAN
CLM-BFC0D49D,1000000070,Dr. Jordan Henderson,MEM000546,FAC006,2026-03-14T09:00:00,93000,60.55,Chennai,CLEAN
CLM-60551CD3,1000000176,Dr. Michael Elliott,MEM000271,FAC005,2026-01-16T10:00:00,71045,79.9,Chennai,CLEAN
CLM-F1D47A53,1000000055,Dr. Michael Lewis,MEM000038,FAC004,2026-03-06T17:00:00,99213,92.07,Chennai,CLEAN
CLM-D3448166,1000000002,Dr. Angie Henderson,MEM000998,FAC018,2026-05-29T10:00:00,99213,90.95,Chennai,CLEAN
CLM-8806A406,1000000079,Dr. Lisa Barnes,MEM000671,FAC010,2026-01-10T11:00:00,93000,60.74,Chennai,CLEAN
CLM-64DE98D0,1000000106,Dr. Sharon Cherry,MEM000873,FAC026,2026-01-31T15:00:00,93000,65.99,Chennai,CLEAN
CLM-C49C1F4D,1000000191,Dr. Karen Graham,MEM000987,FAC004,2026-06-08T09:00:00,99214,143.76,Chennai,CLEAN
CLM-D0410D7D,1000000031,Dr. James Ferrell,MEM000977,FAC049,2026-02-21T13:00:00,93000,64.74,Chennai,CLEAN
CLM-D4775E9B,1000000084,Dr. Zachary Ferrell,MEM000309,FAC035,2026-03-08T11:00:00,99213,94.19,Chennai,CLEAN
CLM-4C40B15D,1000000050,Dr. Jessica Holmes,MEM000076,FAC027,2026-01-16T16:00:00,93000,65.81,Chennai,CLEAN
CLM-36CD9AA2,1000000024,Dr. Matthew Foster,MEM000497,FAC037,2026-01-26T12:00:00,93000,58.59,Chennai,CLEAN
CLM-5CA55581,1000000020,Dr. Margaret Hawkins DDS,MEM000331,FAC030,2026-01-26T10:00:00,71045,73.86,Chennai,CLEAN
CLM-2BD2D7A1,1000000034,Dr. Debra Davidson,MEM000801,FAC045,2026-01-26T13:00:00,99213,109.93,Chennai,CLEAN
CLM-70FFEF6C,1000000077,Dr. Megan Young,MEM000927,FAC029,2026-06-21T09:00:00,99214,164.12,Chennai,CLEAN
CLM-01FD4BC9,1000000133,Dr. Daniel Kennedy,MEM000568,FAC041,2026-01-23T13:00:00,99213,92.38,Chennai,CLEAN
CLM-E49892B1,1000000136,Dr. Robert Potter,MEM000470,FAC040,2026-03-18T14:00:00,99214,162.26,Chennai,CLEAN
CLM-32603770,1000000178,Dr. Lawrence Adkins,MEM000076,FAC049,2026-06-05T12:00:00,71045,79.62,Chennai,CLEAN
CLM-9AB8171F,1000000130,Dr. Elizabeth Kelley,MEM000377,FAC031,2026-04-08T13:00:00,71045,75.0,Chennai,CLEAN
CLM-65520494,1000000018,Dr. Lisa Jackson,MEM000244,FAC035,2026-01-21T09:00:00,71045,76.83,Chennai,CLEAN
CLM-41C95D4E,1000000028,Dr. Zachary Hicks,MEM000673,FAC024,2026-02-01T13:00:00,99214,142.49,Chennai,CLEAN
CLM-F7E44206,1000000038,Dr. Elizabeth Fowler,MEM000121,FAC022,2026-03-14T09:00:00,99213,104.2,Chennai,CLEAN
CLM-A3A2525C,1000000021,Dr. Patty Perez,MEM000942,FAC021,2026-02-25T14:00:00,99213,98.22,Chennai,CLEAN
CLM-AA941A6C,1000000169,Dr. Daniel Murphy,MEM000443,FAC042,2026-02-17T15:00:00,99213,98.13,Chennai,CLEAN
CLM-E121161A,1000000064,Dr. Jessica Callahan,MEM000833,FAC022,2026-03-28T11:00:00,99215,205.72,Chennai,CLEAN
CLM-253CD561,1000000167,Dr. Alyssa Day,MEM000508,FAC047,2026-03-21T10:00:00,99213,92.78,Chennai,CLEAN
CLM-ED19FD0F,1000000093,Dr. Christina Walters,MEM000289,FAC031,2026-01-17T16:00:00,93000,60.51,Chennai,CLEAN
CLM-EB63D63D,1000000180,Dr. Alexander Collins,MEM000628,FAC017,2026-05-14T17:00:00,99215,216.74,Chennai,CLEAN
CLM-CB62CE6F,1000000154,Dr. Brenda Hall,MEM000289,FAC032,2026-05-26T12:00:00,99213,90.61,Chennai,CLEAN
CLM-C7BA094F,1000000027,Dr. Stephanie Ross,MEM000605,FAC040,2026-06-29T14:00:00,71045,79.22,Chennai,CLEAN
CLM-F5BE9D82,1000000169,Dr. Daniel Murphy,MEM000939,FAC025,2026-02-23T14:00:00,99215,232.25,Chennai,CLEAN
CLM-FAD99377,1000000075,Dr. Sarah Moore,MEM000907,FAC009,2026-02-17T16:00:00,99213,99.11,Chennai,CLEAN
CLM-0FD9BEE0,1000000099,Dr. Stephen Mckee,MEM000413,FAC008,2026-06-17T14:00:00,71045,77.87,Chennai,CLEAN
CLM-DE3392BA,1000000066,Dr. Tracy House,MEM000391,FAC000,2026-05-02T09:00:00,99213,91.66,Chennai,CLEAN
CLM-4323CC48,1000000167,Dr. Alyssa Day,MEM000943,FAC017,2026-01-29T12:00:00,99213,109.74,Chennai,CLEAN
CLM-755C10B1,1000000096,Dr. Aaron Wise,MEM000521,FAC041,2026-04-18T11:00:00,99215,199.78,Chennai,CLEAN
CLM-038C7FE6,1000000179,Dr. Robert Oconnell,MEM000524,FAC028,2026-01-27T09:00:00,99213,109.37,Chennai,CLEAN
CLM-44294F87,1000000105,Dr. Marc Moore,MEM000418,FAC034,2026-06-03T09:00:00,99215,241.48,Chennai,CLEAN
CLM-C6AC9766,1000000194,Dr. John Bishop,MEM000102,FAC031,2026-02-04T17:00:00,99214,135.23,Chennai,CLEAN
CLM-BE8CCE15,1000000104,Dr. Richard Henson,MEM000172,FAC012,2026-05-09T10:00:00,99213,97.02,Chennai,CLEAN
CLM-1D0BF978,1777777777,Dr. Synthetic-C (Upcoder),MEM000675,FAC010,2026-02-05T12:00:00,99214,151.57,Mumbai,CLEAN
CLM-5E9783FA,1000000046,Dr. John Pierce,MEM000179,FAC035,2026-02-09T13:00:00,99213,100.72,Chennai,CLEAN
CLM-861DD348,1000000120,Dr. Larry Dixon,MEM000334,FAC009,2026-05-15T12:00:00,99215,242.0,Chennai,CLEAN
CLM-E97B7F54,1000000151,Dr. Pamela Boyd,MEM000609,FAC019,2026-01-09T09:00:00,99215,202.06,Chennai,CLEAN
CLM-40C5C494,1000000185,Dr. Dr. Hannah Patterson,MEM000769,FAC035,2026-03-10T16:00:00,93000,63.63,Chennai,CLEAN
CLM-F85018C0,1000000058,Dr. Brent Jordan,MEM000381,FAC006,2026-06-30T10:00:00,99214,145.41,Chennai,CLEAN
CLM-DF3DA9B3,1000000007,Dr. Gina Moore,MEM000845,FAC049,2026-03-22T12:00:00,99215,240.56,Chennai,CLEAN
CLM-B2A75437,1000000113,Dr. Crystal Johnson,MEM000949,FAC009,2026-02-12T17:00:00,93000,55.58,Chennai,CLEAN
CLM-E5F22D5F,1000000001,Dr. Noah Rhodes,MEM000810,FAC027,2026-03-16T10:00:00,99215,240.09,Chennai,CLEAN
CLM-D2E82368,1000000142,Dr. Patricia Rodriguez,MEM000041,FAC038,2026-04-29T17:00:00,99214,135.88,Chennai,CLEAN
CLM-8DAD3BC8,1000000138,Dr. David Alvarez,MEM000017,FAC004,2026-01-07T13:00:00,99213,102.44,Chennai,CLEAN
CLM-C5A4A9B5,1000000182,Dr. Angela Vaughn,MEM000965,FAC021,2026-03-04T13:00:00,99213,102.27,Chennai,CLEAN
CLM-5E689342,1000000194,Dr. John Bishop,MEM000129,FAC048,2026-05-11T10:00:00,99215,210.67,Chennai,CLEAN
CLM-9C67F853,1000000142,Dr. Patricia Rodriguez,MEM000419,FAC029,2026-03-15T11:00:00,93000,54.44,Chennai,CLEAN
CLM-D9CFD38C,1000000021,Dr. Patty Perez,MEM000656,FAC032,2026-06-22T17:00:00,93000,56.68,Chennai,CLEAN
CLM-C161F4EA,1000000098,Dr. Jessica Smith,MEM000227,FAC048,2026-03-30T16:00:00,93000,61.71,Chennai,CLEAN
CLM-593CEA84,1000000006,Dr. Abigail Shaffer,MEM000689,FAC014,2026-04-29T17:00:00,93000,63.28,Chennai,CLEAN
CLM-A601CBD9,1000000170,Dr. Jamie Walton,MEM000149,FAC006,2026-02-26T16:00:00,99215,238.97,Chennai,CLEAN
CLM-F08F5AB6,1000000061,Dr. Gerald Hensley,MEM000841,FAC046,2026-04-14T09:00:00,99215,233.83,Chennai,CLEAN
CLM-4B343EE2,1000000141,Dr. David Douglas Jr.,MEM000330,FAC022,2026-05-07T14:00:00,93000,60.87,Chennai,CLEAN
CLM-C5A193EE,1000000178,Dr. Lawrence Adkins,MEM000786,FAC001,2026-05-20T13:00:00,99214,152.28,Chennai,CLEAN
CLM-89669863,1000000188,Dr. Madison Poole,MEM000000,FAC026,2026-06-04T15:00:00,93000,61.65,Chennai,CLEAN
CLM-EB674505,1000000176,Dr. Michael Elliott,MEM000305,FAC022,2026-02-09T17:00:00,93000,63.61,Chennai,CLEAN
CLM-08FDA271,1000000109,Dr. Sharon Cochran,MEM000015,FAC024,2026-01-18T09:00:00,71045,77.3,Chennai,CLEAN
CLM-0A1560CF,1000000117,Dr. Ashley Waller,MEM000246,FAC014,2026-04-26T13:00:00,99215,217.54,Chennai,CLEAN
CLM-4EC534A9,1000000011,Dr. Jamie Arnold,MEM000084,FAC025,2026-03-23T11:00:00,71045,78.63,Chennai,CLEAN
CLM-6DA148CA,1000000057,Dr. Richard Aguirre,MEM000428,FAC042,2026-05-24T10:00:00,99215,223.86,Chennai,CLEAN
CLM-03C3CEC3,1000000141,Dr. David Douglas Jr.,MEM000059,FAC008,2026-04-02T12:00:00,99213,100.24,Chennai,CLEAN
CLM-2F0FA70B,1000000049,Dr. Eric Carney,MEM000490,FAC046,2026-04-13T11:00:00,93000,64.19,Chennai,CLEAN
CLM-577ADBF2,1000000075,Dr. Sarah Moore,MEM000275,FAC019,2026-04-28T16:00:00,99214,144.69,Chennai,CLEAN
CLM-14AC1848,1000000002,Dr. Angie Henderson,MEM000544,FAC018,2026-06-22T11:00:00,99214,157.32,Chennai,CLEAN
CLM-63F72467,1000000064,Dr. Jessica Callahan,MEM000178,FAC013,2026-03-19T17:00:00,99213,105.34,Chennai,CLEAN
CLM-7A02D8F3,1000000070,Dr. Jordan Henderson,MEM000081,FAC029,2026-02-02T13:00:00,99213,104.4,Chennai,CLEAN
CLM-46B3A010,1000000087,Dr. Christopher Bass,MEM000252,FAC025,2026-06-03T10:00:00,99215,221.52,Chennai,CLEAN
CLM-2CCCEA17,1000000080,Dr. Kelly Donovan,MEM000469,FAC018,2026-05-30T09:00:00,71045,74.79,Chennai,CLEAN
CLM-D5EC87A0,1000000127,Dr. Jason Powell,MEM000576,FAC024,2026-01-04T11:00:00,99215,205.24,Chennai,CLEAN
CLM-74A6BE4F,1000000115,Dr. Diana May,MEM000062,FAC015,2026-02-24T12:00:00,99214,153.62,Chennai,CLEAN
CLM-4DE3DF06,1000000086,Dr. Shirley Suarez,MEM000691,FAC038,2026-03-16T14:00:00,99214,162.93,Chennai,CLEAN
CLM-E2CFB375,1000000021,Dr. Patty Perez,MEM000329,FAC040,2026-05-18T11:00:00,93000,58.64,Chennai,CLEAN
CLM-F60C37C6,1000000011,Dr. Jamie Arnold,MEM000286,FAC001,2026-02-05T15:00:00,71045,74.94,Chennai,CLEAN
CLM-13D25CAE,1000000176,Dr. Michael Elliott,MEM000632,FAC038,2026-01-24T16:00:00,99214,137.98,Chennai,CLEAN
CLM-4E463834,1000000075,Dr. Sarah Moore,MEM000974,FAC010,2026-06-03T11:00:00,99214,135.79,Chennai,CLEAN
CLM-4592BBB8,1000000022,Dr. Ethan Adams,MEM000417,FAC029,2026-05-19T11:00:00,99213,97.18,Chennai,CLEAN
CLM-04E4F5A9,1000000061,Dr. Gerald Hensley,MEM000604,FAC011,2026-04-14T15:00:00,93000,56.52,Chennai,CLEAN
CLM-4778EAA7,1000000001,Dr. Noah Rhodes,MEM000405,FAC014,2026-02-02T14:00:00,99213,109.42,Chennai,CLEAN
CLM-C3D73C18,1000000031,Dr. James Ferrell,MEM000859,FAC014,2026-05-31T11:00:00,93000,54.54,Chennai,CLEAN
CLM-54C4166A,1000000136,Dr. Robert Potter,MEM000798,FAC022,2026-01-02T11:00:00,99214,136.35,Chennai,CLEAN
CLM-7742FA3F,1000000024,Dr. Matthew Foster,MEM000687,FAC037,2026-01-13T10:00:00,93000,56.87,Chennai,CLEAN
CLM-D4BC4B53,1000000062,Dr. Connor West,MEM000216,FAC023,2026-06-08T12:00:00,71045,81.67,Chennai,CLEAN
CLM-D79C64DE,1000000021,Dr. Patty Perez,MEM000618,FAC003,2026-01-01T09:00:00,99213,93.68,Chennai,CLEAN
CLM-5A6EC777,1000000148,Dr. Kathy Rivas,MEM000663,FAC021,2026-04-21T10:00:00,71045,74.34,Chennai,CLEAN
CLM-D4B52182,1000000087,Dr. Christopher Bass,MEM000385,FAC045,2026-06-23T13:00:00,71045,73.02,Chennai,CLEAN
CLM-B651C5FF,1000000189,Dr. Jessica Gross,MEM000377,FAC022,2026-06-03T13:00:00,99213,104.54,Chennai,CLEAN
CLM-CAD76F8A,1000000148,Dr. Kathy Rivas,MEM000636,FAC009,2026-02-28T09:00:00,99215,232.93,Chennai,CLEAN
CLM-8350D307,1000000088,Dr. Lisa Archer,MEM000744,FAC013,2026-02-04T12:00:00,99213,109.25,Chennai,CLEAN
CLM-DAC5B6B2,1000000166,Dr. Alyssa Long,MEM000642,FAC029,2026-04-30T17:00:00,99213,95.7,Chennai,CLEAN
CLM-BF30D234,1000000096,Dr. Aaron Wise,MEM000296,FAC028,2026-03-15T12:00:00,71045,72.21,Chennai,CLEAN
CLM-E831AE6B,1000000189,Dr. Jessica Gross,MEM000121,FAC039,2026-03-17T14:00:00,99214,155.33,Chennai,CLEAN
CLM-EC1DC7BA,1000000179,Dr. Robert Oconnell,MEM000934,FAC006,2026-01-21T16:00:00,71045,78.85,Chennai,CLEAN
CLM-403739B1,1000000107,Dr. Sierra Johnson,MEM000728,FAC027,2026-03-29T09:00:00,99215,205.78,Chennai,CLEAN
CLM-8790E2DD,1000000120,Dr. Larry Dixon,MEM000663,FAC048,2026-04-18T10:00:00,99214,135.8,Chennai,CLEAN
CLM-406BBBFC,1000000147,Dr. Stephanie Salazar,MEM000163,FAC035,2026-01-23T14:00:00,71045,80.76,Chennai,CLEAN
CLM-C0C3B3C9,1000000104,Dr. Richard Henson,MEM000678,FAC004,2026-06-09T09:00:00,99214,138.96,Chennai,CLEAN
CLM-B4972C97,1000000017,Dr. Derek Zuniga,MEM000691,FAC007,2026-04-11T16:00:00,93000,62.16,Chennai,CLEAN
CLM-64040E34,1000000113,Dr. Crystal Johnson,MEM000024,FAC024,2026-06-11T16:00:00,71045,75.27,Chennai,CLEAN
CLM-1F37C01A,1000000062,Dr. Connor West,MEM000138,FAC009,2026-02-20T16:00:00,99213,100.78,Chennai,CLEAN
CLM-AC099CBF,1000000149,Dr. Stephanie Manning,MEM000159,FAC004,2026-02-05T15:00:00,93000,62.65,Chennai,CLEAN
CLM-12E402DB,1000000165,Dr. John Anderson,MEM000524,FAC023,2026-04-17T12:00:00,71045,73.34,Chennai,CLEAN
CLM-9416D943,1000000073,Dr. Lauren Daniels,MEM000866,FAC009,2026-06-05T13:00:00,99214,135.65,Chennai,CLEAN
CLM-182852EB,1000000007,Dr. Gina Moore,MEM000961,FAC047,2026-03-04T16:00:00,99215,232.01,Chennai,CLEAN
CLM-B5FA8D00,1000000062,Dr. Connor West,MEM000583,FAC048,2026-05-18T11:00:00,99214,156.09,Chennai,CLEAN
CLM-B21B8323,1000000018,Dr. Lisa Jackson,MEM000212,FAC009,2026-03-08T15:00:00,99215,224.38,Chennai,CLEAN
CLM-642F907D,1000000160,Dr. Paul Castaneda,MEM000514,FAC024,2026-04-08T12:00:00,99214,164.13,Chennai,CLEAN
CLM-EF0629C1,1000000193,Dr. Angelica Keith,MEM000987,FAC034,2026-03-08T10:00:00,71045,82.55,Chennai,CLEAN
CLM-63127A18,1000000051,Dr. Danny Morgan,MEM000820,FAC043,2026-05-08T15:00:00,99215,223.09,Chennai,CLEAN
CLM-6294D444,1000000087,Dr. Christopher Bass,MEM000917,FAC013,2026-05-15T11:00:00,99213,91.88,Chennai,CLEAN
CLM-109C4BAE,1000000199,Dr. Nathan Freeman,MEM000281,FAC042,2026-01-08T15:00:00,99215,205.2,Chennai,CLEAN
CLM-080F7D8E,1000000109,Dr. Sharon Cochran,MEM000402,FAC018,2026-02-17T15:00:00,71045,85.85,Chennai,CLEAN
CLM-64AAE0BE,1000000056,Dr. Timothy Duncan,MEM000892,FAC023,2026-01-17T11:00:00,71045,74.93,Chennai,CLEAN
CLM-560231B5,1000000071,Dr. Whitney Peters,MEM000323,FAC022,2026-02-26T12:00:00,71045,87.2,Chennai,CLEAN
CLM-1E32F98D,1000000093,Dr. Christina Walters,MEM000688,FAC025,2026-03-22T15:00:00,93000,59.63,Chennai,CLEAN
CLM-246088F9,1000000105,Dr. Marc Moore,MEM000266,FAC033,2026-04-23T17:00:00,99215,223.9,Chennai,CLEAN
CLM-6E418DD3,1000000040,Dr. Paula Moreno,MEM000168,FAC017,2026-05-28T13:00:00,99215,234.54,Chennai,CLEAN
CLM-2E863C51,1000000005,Dr. Connie Lawrence,MEM000314,FAC026,2026-06-10T11:00:00,99215,198.26,Chennai,CLEAN
CLM-A80E76D8,1000000105,Dr. Marc Moore,MEM000592,FAC008,2026-05-26T15:00:00,99215,214.86,Chennai,CLEAN
CLM-17809B4D,1000000085,Dr. Daniel Baker,MEM000879,FAC007,2026-02-06T09:00:00,71045,84.25,Chennai,CLEAN
CLM-6CA87559,1000000192,Dr. Debra Christian,MEM000458,FAC026,2026-05-07T11:00:00,93000,65.34,Chennai,CLEAN
CLM-4FE12FC5,1000000189,Dr. Jessica Gross,MEM000327,FAC044,2026-01-06T16:00:00,93000,63.33,Chennai,CLEAN
CLM-F45B7509,1000000065,Dr. Amber Kidd,MEM000701,FAC017,2026-02-05T10:00:00,99214,152.27,Chennai,CLEAN
CLM-A600B2FD,1000000077,Dr. Megan Young,MEM000447,FAC042,2026-04-06T09:00:00,99214,139.42,Chennai,CLEAN
CLM-0EB717DB,1000000050,Dr. Jessica Holmes,MEM000299,FAC031,2026-04-29T17:00:00,99213,95.74,Chennai,CLEAN
CLM-0221825D,1000000088,Dr. Lisa Archer,MEM000995,FAC031,2026-05-26T16:00:00,99214,146.21,Chennai,CLEAN
CLM-E82ECE04,1000000133,Dr. Daniel Kennedy,MEM000298,FAC044,2026-06-17T09:00:00,71045,72.39,Chennai,CLEAN
CLM-354EE832,1000000058,Dr. Brent Jordan,MEM000665,FAC039,2026-05-16T11:00:00,99213,95.85,Chennai,CLEAN
CLM-3D3294E9,1000000142,Dr. Patricia Rodriguez,MEM000696,FAC009,2026-03-04T12:00:00,71045,82.32,Chennai,CLEAN
CLM-CC9A6730,1000000039,Dr. Brittany Farmer,MEM000710,FAC003,2026-05-26T13:00:00,99215,200.82,Chennai,CLEAN
CLM-69546B52,1000000101,Dr. Cameron Parker,MEM000499,FAC025,2026-04-24T09:00:00,71045,75.15,Chennai,CLEAN
CLM-E6A53A45,1000000161,Dr. Jennifer Adkins,MEM000224,FAC042,2026-02-05T17:00:00,71045,75.21,Chennai,CLEAN
CLM-F2B2350C,1000000028,Dr. Zachary Hicks,MEM000068,FAC008,2026-02-08T09:00:00,99213,107.83,Chennai,CLEAN
CLM-F0DA75E8,1000000184,Dr. Lindsay Martinez,MEM000692,FAC033,2026-03-16T17:00:00,99215,203.57,Chennai,CLEAN
CLM-BE5BC133,1000000064,Dr. Jessica Callahan,MEM000791,FAC034,2026-02-22T12:00:00,99214,147.69,Chennai,CLEAN
CLM-CD007333,1000000115,Dr. Diana May,MEM000691,FAC036,2026-04-08T09:00:00,93000,56.0,Chennai,CLEAN
CLM-B77E19AF,1000000176,Dr. Michael Elliott,MEM000553,FAC038,2026-04-14T16:00:00,99213,103.95,Chennai,CLEAN
CLM-68315294,1000000097,Dr. Deborah Figueroa,MEM000008,FAC021,2026-06-13T13:00:00,93000,65.01,Chennai,CLEAN
CLM-207B9393,1000000111,Dr. Shannon Walker,MEM000897,FAC038,2026-02-04T09:00:00,93000,65.82,Chennai,CLEAN
CLM-228DEF23,1000000107,Dr. Sierra Johnson,MEM000286,FAC036,2026-01-14T10:00:00,99214,139.37,Chennai,CLEAN
CLM-4757C187,1000000159,Dr. Jamie Smith,MEM000378,FAC048,2026-01-24T12:00:00,99215,200.2,Chennai,CLEAN
CLM-9471E69F,1000000167,Dr. Alyssa Day,MEM000992,FAC000,2026-01-20T10:00:00,99215,210.84,Chennai,CLEAN
CLM-C719C4FC,1000000028,Dr. Zachary Hicks,MEM000486,FAC022,2026-05-16T09:00:00,93000,64.53,Chennai,CLEAN
CLM-3A95A58C,1000000055,Dr. Michael Lewis,MEM000974,FAC033,2026-05-11T09:00:00,99215,209.23,Chennai,CLEAN
CLM-B45A0B29,1000000017,Dr. Derek Zuniga,MEM000062,FAC018,2026-01-16T13:00:00,99214,136.92,Chennai,CLEAN
CLM-337DF14A,1000000103,Dr. Christine Wright,MEM000394,FAC032,2026-03-29T10:00:00,99214,160.01,Chennai,CLEAN
CLM-4DD968A8,1000000048,Dr. Joshua Blair,MEM000534,FAC040,2026-06-17T10:00:00,99215,220.66,Chennai,CLEAN
CLM-14728629,1000000055,Dr. Michael Lewis,MEM000488,FAC019,2026-04-28T14:00:00,99215,220.25,Chennai,CLEAN
CLM-1805DF5A,1000000050,Dr. Jessica Holmes,MEM000043,FAC039,2026-06-13T09:00:00,99213,108.44,Chennai,CLEAN
CLM-7C43F752,1000000132,Dr. Mary Marshall,MEM000953,FAC020,2026-04-08T13:00:00,71045,73.76,Chennai,CLEAN
CLM-0FE77388,1000000115,Dr. Diana May,MEM000562,FAC016,2026-01-10T10:00:00,93000,54.45,Chennai,CLEAN
CLM-F4E2A095,1000000118,Dr. Victor Baker,MEM000809,FAC042,2026-01-27T15:00:00,93000,60.33,Chennai,CLEAN
CLM-07D7269A,1000000143,Dr. Christopher Rubio,MEM000661,FAC045,2026-02-22T16:00:00,99213,98.72,Chennai,CLEAN
CLM-B7ADFEA5,1000000027,Dr. Stephanie Ross,MEM000374,FAC033,2026-04-10T15:00:00,93000,65.73,Chennai,CLEAN
CLM-A28B6F5E,1000000028,Dr. Zachary Hicks,MEM000087,FAC036,2026-05-27T16:00:00,71045,79.02,Chennai,CLEAN
CLM-16C7314D,1000000148,Dr. Kathy Rivas,MEM000753,FAC045,2026-05-14T12:00:00,99214,139.79,Chennai,CLEAN
CLM-D22BFF18,1000000016,Dr. Holly Wood,MEM000487,FAC002,2026-03-24T09:00:00,99215,240.66,Chennai,CLEAN
CLM-F3CD10A8,1000000137,Dr. Courtney Gonzalez,MEM000212,FAC023,2026-02-18T13:00:00,99215,226.32,Chennai,CLEAN
CLM-09E544F3,1000000017,Dr. Derek Zuniga,MEM000602,FAC022,2026-04-19T14:00:00,71045,83.29,Chennai,CLEAN
CLM-3F223148,1000000139,Dr. Angel Perry,MEM000378,FAC015,2026-04-04T12:00:00,99214,152.36,Chennai,CLEAN
CLM-BE9837A6,1000000151,Dr. Pamela Boyd,MEM000788,FAC048,2026-05-11T11:00:00,99215,205.01,Chennai,CLEAN
CLM-072377C1,1000000102,Dr. Rebecca Valencia,MEM000675,FAC009,2026-01-25T16:00:00,71045,77.36,Chennai,CLEAN
CLM-7131E4CB,1000000011,Dr. Jamie Arnold,MEM000068,FAC043,2026-03-26T17:00:00,99215,238.88,Chennai,CLEAN
CLM-40EA3D57,1000000109,Dr. Sharon Cochran,MEM000561,FAC031,2026-06-04T12:00:00,99213,106.3,Chennai,CLEAN
CLM-F1E4A35F,1000000198,Dr. Adam Vaughan,MEM000207,FAC000,2026-02-08T17:00:00,99215,207.0,Chennai,CLEAN
CLM-9116BE1B,1000000118,Dr. Victor Baker,MEM000183,FAC030,2026-04-09T15:00:00,93000,60.72,Chennai,CLEAN
CLM-BAF28168,1000000165,Dr. John Anderson,MEM000227,FAC016,2026-03-23T10:00:00,99215,233.68,Chennai,CLEAN
CLM-5DA84FBD,1000000181,Dr. Tina Sanders,MEM000062,FAC010,2026-03-23T11:00:00,93000,58.45,Chennai,CLEAN
CLM-6BC64ADF,1000000076,Dr. Angela Lopez,MEM000436,FAC006,2026-03-03T09:00:00,93000,59.61,Chennai,CLEAN
CLM-A62DB830,1000000048,Dr. Joshua Blair,MEM000963,FAC000,2026-05-18T16:00:00,99214,161.58,Chennai,CLEAN
CLM-5E1F3FF4,1000000002,Dr. Angie Henderson,MEM000654,FAC029,2026-02-27T17:00:00,99214,163.5,Chennai,CLEAN
CLM-B0A5226E,1000000121,Dr. Kenneth Scott,MEM000480,FAC029,2026-01-30T10:00:00,93000,57.51,Chennai,CLEAN
CLM-5BAA0F35,1000000081,Dr. Mike Allen,MEM000131,FAC044,2026-05-04T17:00:00,71045,75.17,Chennai,CLEAN
CLM-0DEE2C92,1000000199,Dr. Nathan Freeman,MEM000617,FAC003,2026-01-03T16:00:00,99213,92.93,Chennai,CLEAN
CLM-E2D8A360,1000000012,Dr. Lisa Hensley,MEM000847,FAC009,2026-03-13T11:00:00,99214,143.86,Chennai,CLEAN
CLM-5640A0AF,1000000074,Dr. Amy Silva,MEM000500,FAC013,2026-06-23T09:00:00,99215,230.51,Chennai,CLEAN
CLM-7FCB0411,1000000123,Dr. Michelle Harmon,MEM000869,FAC044,2026-06-19T16:00:00,71045,73.5,Chennai,CLEAN
CLM-BB057F0D,1000000158,Dr. Melissa Gates,MEM000854,FAC045,2026-04-20T10:00:00,93000,60.99,Chennai,CLEAN
CLM-06323D9B,1000000121,Dr. Kenneth Scott,MEM000110,FAC024,2026-04-04T15:00:00,99215,231.96,Chennai,CLEAN
CLM-73F0E823,1000000103,Dr. Christine Wright,MEM000788,FAC029,2026-04-15T13:00:00,99213,102.15,Chennai,CLEAN
CLM-C93B52CD,1000000185,Dr. Dr. Hannah Patterson,MEM000697,FAC024,2026-05-15T12:00:00,99214,143.63,Chennai,CLEAN
CLM-BF64D3D2,1000000068,Dr. James Brown,MEM000016,FAC001,2026-06-07T14:00:00,99214,139.84,Chennai,CLEAN
CLM-DC3793E5,1000000072,Dr. Brittney Phillips,MEM000967,FAC008,2026-06-22T15:00:00,99215,206.64,Chennai,CLEAN
CLM-88AD0AC7,1000000117,Dr. Ashley Waller,MEM000639,FAC012,2026-06-27T11:00:00,99214,160.13,Chennai,CLEAN
CLM-376B4332,1000000148,Dr. Kathy Rivas,MEM000077,FAC048,2026-03-08T12:00:00,93000,62.44,Chennai,CLEAN
CLM-440A5605,1000000117,Dr. Ashley Waller,MEM000021,FAC023,2026-06-27T13:00:00,71045,82.75,Chennai,CLEAN
CLM-42775A8D,1000000107,Dr. Sierra Johnson,MEM000051,FAC048,2026-01-30T14:00:00,71045,84.62,Chennai,CLEAN
CLM-A8E12DA3,1000000150,Dr. David Wright,MEM000117,FAC005,2026-03-26T09:00:00,99213,90.88,Chennai,CLEAN
CLM-F87E382A,1000000101,Dr. Cameron Parker,MEM000725,FAC009,2026-04-18T09:00:00,99213,100.08,Chennai,CLEAN
CLM-FF866E4F,1000000034,Dr. Debra Davidson,MEM000410,FAC022,2026-05-24T12:00:00,99215,235.17,Chennai,CLEAN
CLM-D78BA4A6,1000000086,Dr. Shirley Suarez,MEM000612,FAC029,2026-05-23T12:00:00,99214,144.56,Chennai,CLEAN
CLM-284849A3,1000000129,Dr. Megan Orr,MEM000512,FAC045,2026-02-22T14:00:00,71045,86.31,Chennai,CLEAN
CLM-39D4EFE4,1000000153,Dr. Devon Flores,MEM000191,FAC006,2026-03-14T15:00:00,71045,81.12,Chennai,CLEAN
CLM-F82E2CD2,1000000064,Dr. Jessica Callahan,MEM000393,FAC015,2026-05-10T15:00:00,71045,85.65,Chennai,CLEAN
CLM-F8125846,1000000173,Dr. Matthew Harrington,MEM000851,FAC015,2026-02-09T09:00:00,99214,137.75,Chennai,CLEAN
CLM-30566061,1000000126,Dr. Michelle Evans,MEM000709,FAC008,2026-06-18T15:00:00,71045,77.84,Chennai,CLEAN
CLM-D7DD4002,1000000199,Dr. Nathan Freeman,MEM000530,FAC009,2026-03-21T15:00:00,93000,58.0,Chennai,CLEAN
CLM-CAE08453,1000000151,Dr. Pamela Boyd,MEM000923,FAC010,2026-05-08T11:00:00,99215,198.12,Chennai,CLEAN
CLM-3F44F017,1000000008,Dr. Gabrielle Davis,MEM000705,FAC047,2026-06-22T11:00:00,99213,100.92,Chennai,CLEAN
CLM-4D66466F,1000000170,Dr. Jamie Walton,MEM000050,FAC005,2026-03-19T15:00:00,99213,96.39,Chennai,CLEAN
CLM-FBAB8FBC,1000000150,Dr. David Wright,MEM000024,FAC035,2026-03-28T13:00:00,99214,159.72,Chennai,CLEAN
CLM-C2E8BAEC,1000000126,Dr. Michelle Evans,MEM000898,FAC007,2026-04-13T12:00:00,99213,107.58,Chennai,CLEAN
CLM-ACC470DC,1000000178,Dr. Lawrence Adkins,MEM000742,FAC012,2026-03-02T14:00:00,71045,85.52,Chennai,CLEAN
CLM-BB00337F,1000000055,Dr. Michael Lewis,MEM000390,FAC038,2026-02-21T09:00:00,99213,108.14,Chennai,CLEAN
CLM-5F22BDE5,1000000014,Dr. Dylan Miller,MEM000739,FAC002,2026-05-31T09:00:00,93000,63.85,Chennai,CLEAN
CLM-B87BBE95,1000000150,Dr. David Wright,MEM000240,FAC004,2026-05-22T16:00:00,93000,55.37,Chennai,CLEAN
CLM-0708745E,1000000000,Dr. Allison Hill,MEM000828,FAC019,2026-05-17T09:00:00,99214,150.8,Chennai,CLEAN
CLM-B55C4603,1000000059,Dr. John Daniel,MEM000343,FAC044,2026-03-13T10:00:00,99215,221.93,Chennai,CLEAN
CLM-76E5A905,1000000153,Dr. Devon Flores,MEM000774,FAC011,2026-06-09T09:00:00,93000,62.88,Chennai,CLEAN
CLM-A1ED3738,1000000012,Dr. Lisa Hensley,MEM000945,FAC016,2026-06-30T12:00:00,71045,78.67,Chennai,CLEAN
CLM-A44E05AA,1000000022,Dr. Ethan Adams,MEM000248,FAC049,2026-04-17T15:00:00,99214,151.01,Chennai,CLEAN
CLM-2DBD4FB6,1000000164,Dr. Michael Powell,MEM000025,FAC032,2026-01-22T11:00:00,99214,155.23,Chennai,CLEAN
CLM-70C9109F,1000000109,Dr. Sharon Cochran,MEM000532,FAC004,2026-03-31T13:00:00,71045,86.31,Chennai,CLEAN
CLM-B6E2B07A,1000000065,Dr. Amber Kidd,MEM000787,FAC029,2026-01-01T14:00:00,99214,137.21,Chennai,CLEAN
CLM-E10B96F4,1000000022,Dr. Ethan Adams,MEM000037,FAC022,2026-06-24T17:00:00,99214,155.23,Chennai,CLEAN
CLM-27C94E51,1000000189,Dr. Jessica Gross,MEM000250,FAC000,2026-06-06T15:00:00,71045,86.88,Chennai,CLEAN
CLM-AB34C7D7,1000000154,Dr. Brenda Hall,MEM000458,FAC039,2026-05-09T13:00:00,99214,137.84,Chennai,CLEAN
CLM-9F8C2D21,1000000149,Dr. Stephanie Manning,MEM000127,FAC047,2026-03-20T11:00:00,71045,81.7,Chennai,CLEAN
CLM-61A15436,1000000121,Dr. Kenneth Scott,MEM000417,FAC046,2026-04-02T09:00:00,99213,98.11,Chennai,CLEAN
CLM-14F1C425,1000000124,Dr. Helen Jones,MEM000437,FAC030,2026-06-26T10:00:00,93000,59.94,Chennai,CLEAN
CLM-248D32A6,1000000101,Dr. Cameron Parker,MEM000890,FAC008,2026-06-18T17:00:00,93000,63.73,Chennai,CLEAN
CLM-12ABFA97,1000000055,Dr. Michael Lewis,MEM000418,FAC015,2026-04-21T17:00:00,93000,64.87,Chennai,CLEAN
CLM-2286CCB7,1000000170,Dr. Jamie Walton,MEM000366,FAC001,2026-01-23T15:00:00,99214,148.8,Chennai,CLEAN
CLM-4EBB6BDA,1000000102,Dr. Rebecca Valencia,MEM000176,FAC037,2026-02-10T11:00:00,71045,78.92,Chennai,CLEAN
CLM-D626470F,1000000113,Dr. Crystal Johnson,MEM000527,FAC044,2026-05-12T09:00:00,93000,62.39,Chennai,CLEAN
CLM-039C4CCF,1000000049,Dr. Eric Carney,MEM000458,FAC041,2026-04-12T10:00:00,71045,87.83,Chennai,CLEAN
CLM-EFE2C6D6,1000000083,Dr. Paul Jones,MEM000173,FAC011,2026-05-21T17:00:00,93000,54.01,Chennai,CLEAN
CLM-B1A320B6,1000000074,Dr. Amy Silva,MEM000594,FAC037,2026-03-03T14:00:00,93000,60.43,Chennai,CLEAN
CLM-A989A877,1000000034,Dr. Debra Davidson,MEM000331,FAC021,2026-06-09T16:00:00,71045,79.44,Chennai,CLEAN
CLM-681AB04D,1000000111,Dr. Shannon Walker,MEM000330,FAC038,2026-05-07T15:00:00,99215,199.1,Chennai,CLEAN
CLM-C26ACE7D,1000000048,Dr. Joshua Blair,MEM000934,FAC035,2026-04-05T17:00:00,99213,96.34,Chennai,CLEAN
CLM-13A3EE91,1000000018,Dr. Lisa Jackson,MEM000940,FAC045,2026-03-16T10:00:00,71045,73.75,Chennai,CLEAN
CLM-766221A1,1000000199,Dr. Nathan Freeman,MEM000396,FAC021,2026-05-04T17:00:00,93000,56.26,Chennai,CLEAN
CLM-77DC9E26,1000000017,Dr. Derek Zuniga,MEM000976,FAC008,2026-06-01T14:00:00,71045,77.61,Chennai,CLEAN
CLM-63CFB76E,1000000023,Dr. Tommy Walter,MEM000547,FAC034,2026-04-23T10:00:00,99213,106.83,Chennai,CLEAN
CLM-117A91A1,1000000078,Dr. Steve Sanchez,MEM000538,FAC027,2026-01-11T09:00:00,99215,232.05,Chennai,CLEAN
CLM-2BD6EC3A,1000000001,Dr. Noah Rhodes,MEM000735,FAC038,2026-02-17T13:00:00,99215,224.15,Chennai,CLEAN
CLM-CAFE31D3,1000000163,Dr. Jeffrey Johnson,MEM000185,FAC033,2026-04-25T17:00:00,71045,77.59,Chennai,CLEAN
CLM-69F70AAD,1000000118,Dr. Victor Baker,MEM000050,FAC040,2026-03-01T09:00:00,99214,152.69,Chennai,CLEAN
CLM-A843C646,1000000004,Dr. Cristian Santos,MEM000126,FAC006,2026-02-08T14:00:00,99213,91.28,Chennai,CLEAN
CLM-8B6B761D,1000000129,Dr. Megan Orr,MEM000400,FAC040,2026-01-10T16:00:00,99215,205.52,Chennai,CLEAN
CLM-25D42F14,1000000193,Dr. Angelica Keith,MEM000992,FAC001,2026-04-13T14:00:00,99214,164.86,Chennai,CLEAN
CLM-1DB05256,1000000041,Dr. Fred Smith,MEM000232,FAC012,2026-04-15T12:00:00,99213,102.68,Chennai,CLEAN
CLM-49899638,1000000004,Dr. Cristian Santos,MEM000393,FAC010,2026-01-11T09:00:00,71045,82.22,Chennai,CLEAN
CLM-E6555B43,1000000005,Dr. Connie Lawrence,MEM000962,FAC008,2026-03-08T11:00:00,71045,82.42,Chennai,CLEAN
CLM-AABF37C8,1000000108,Dr. Evelyn Galvan,MEM000142,FAC016,2026-06-29T16:00:00,99215,208.53,Chennai,CLEAN
CLM-ACF1C606,1777777777,Dr. Synthetic-C (Upcoder),MEM000752,FAC040,2026-03-15T09:00:00,99215,219.77,Mumbai,CLEAN
CLM-3822AFE9,1999999999,Dr. Synthetic-A (Phantom),MEM000706,FAC005,2026-06-14T13:00:00,99215,215.21,Chennai,CLEAN
CLM-E69C9567,1000000169,Dr. Daniel Murphy,MEM000984,FAC038,2026-04-05T15:00:00,71045,76.09,Chennai,CLEAN
CLM-8435C172,1000000184,Dr. Lindsay Martinez,MEM000389,FAC034,2026-05-07T12:00:00,99215,226.42,Chennai,CLEAN
CLM-5BFC0EF9,1000000064,Dr. Jessica Callahan,MEM000962,FAC023,2026-02-26T13:00:00,99215,229.88,Chennai,CLEAN
CLM-5F2751DC,1000000071,Dr. Whitney Peters,MEM000389,FAC041,2026-04-20T17:00:00,93000,61.95,Chennai,CLEAN
CLM-28F196DA,1000000107,Dr. Sierra Johnson,MEM000362,FAC032,2026-02-20T13:00:00,93000,56.38,Chennai,CLEAN
CLM-26F52CB1,1000000075,Dr. Sarah Moore,MEM000575,FAC047,2026-02-28T14:00:00,93000,65.34,Chennai,CLEAN
CLM-84D7E8C1,1000000161,Dr. Jennifer Adkins,MEM000163,FAC026,2026-05-07T12:00:00,71045,87.66,Chennai,CLEAN
CLM-992D885D,1000000076,Dr. Angela Lopez,MEM000530,FAC020,2026-03-03T11:00:00,99213,107.21,Chennai,CLEAN
CLM-210AF1BA,1000000117,Dr. Ashley Waller,MEM000484,FAC023,2026-05-15T16:00:00,99213,108.49,Chennai,CLEAN
CLM-8832FA50,1000000155,Dr. Michelle Brown,MEM000297,FAC015,2026-02-10T15:00:00,93000,60.73,Chennai,CLEAN
CLM-6027CA49,1000000168,Dr. Joel Williams,MEM000849,FAC041,2026-03-06T13:00:00,99214,161.14,Chennai,CLEAN
CLM-54924B11,1000000186,Dr. Jonathan Peterson,MEM000440,FAC038,2026-06-26T14:00:00,93000,54.38,Chennai,CLEAN
CLM-2FC1133D,1000000006,Dr. Abigail Shaffer,MEM000781,FAC046,2026-03-20T14:00:00,99213,97.22,Chennai,CLEAN
CLM-1B88CB82,1000000184,Dr. Lindsay Martinez,MEM000032,FAC038,2026-02-14T17:00:00,99215,215.64,Chennai,CLEAN
CLM-7048DB69,1000000042,Dr. Sherry Decker,MEM000750,FAC000,2026-01-14T16:00:00,99214,143.41,Chennai,CLEAN
CLM-5ED846F5,1000000194,Dr. John Bishop,MEM000617,FAC048,2026-02-20T09:00:00,71045,79.15,Chennai,CLEAN
CLM-99AC3B4A,1000000189,Dr. Jessica Gross,MEM000501,FAC009,2026-06-01T14:00:00,99215,225.94,Chennai,CLEAN
CLM-CA6DCDFA,1000000088,Dr. Lisa Archer,MEM000682,FAC040,2026-06-25T09:00:00,99214,151.87,Chennai,CLEAN
CLM-8340CCE0,1000000007,Dr. Gina Moore,MEM000064,FAC026,2026-02-05T14:00:00,93000,65.91,Chennai,CLEAN
CLM-86734136,1000000028,Dr. Zachary Hicks,MEM000362,FAC002,2026-06-23T11:00:00,99213,96.0,Chennai,CLEAN
CLM-D8E88345,1000000087,Dr. Christopher Bass,MEM000023,FAC042,2026-02-17T17:00:00,99213,96.23,Chennai,CLEAN
CLM-E2BEA88E,1000000087,Dr. Christopher Bass,MEM000232,FAC004,2026-02-05T16:00:00,93000,57.18,Chennai,CLEAN
CLM-ADF19461,1000000175,Dr. Alex Hernandez,MEM000703,FAC043,2026-06-25T12:00:00,99214,157.52,Chennai,CLEAN
CLM-77D2CF7C,1000000158,Dr. Melissa Gates,MEM000879,FAC048,2026-03-26T12:00:00,99213,105.95,Chennai,CLEAN
CLM-94D71A38,1000000185,Dr. Dr. Hannah Patterson,MEM000927,FAC006,2026-01-29T11:00:00,99214,154.7,Chennai,CLEAN
CLM-D0E48684,1000000147,Dr. Stephanie Salazar,MEM000029,FAC017,2026-02-12T15:00:00,99215,206.12,Chennai,CLEAN
CLM-8D8BDB7C,1000000117,Dr. Ashley Waller,MEM000836,FAC016,2026-02-08T17:00:00,71045,85.45,Chennai,CLEAN
CLM-5AAD35A1,1000000097,Dr. Deborah Figueroa,MEM000927,FAC011,2026-06-20T14:00:00,99213,103.84,Chennai,CLEAN
CLM-10DDFDDC,1000000134,Dr. Rebecca Jackson,MEM000372,FAC031,2026-02-27T17:00:00,99214,151.62,Chennai,CLEAN
CLM-B008FA7C,1000000173,Dr. Matthew Harrington,MEM000358,FAC022,2026-03-16T14:00:00,99213,95.19,Chennai,CLEAN
CLM-DE39B8BD,1000000193,Dr. Angelica Keith,MEM000441,FAC002,2026-06-04T10:00:00,93000,56.79,Chennai,CLEAN
CLM-A49830E8,1000000024,Dr. Matthew Foster,MEM000080,FAC030,2026-06-20T13:00:00,99215,234.47,Chennai,CLEAN
CLM-595AFCB3,1000000080,Dr. Kelly Donovan,MEM000773,FAC043,2026-02-26T16:00:00,99213,108.48,Chennai,CLEAN
CLM-8F85BB2A,1000000106,Dr. Sharon Cherry,MEM000138,FAC030,2026-02-17T17:00:00,99213,98.31,Chennai,CLEAN
CLM-8CE4D6E0,1000000051,Dr. Danny Morgan,MEM000253,FAC028,2026-03-06T15:00:00,99213,109.95,Chennai,CLEAN
CLM-E53687B1,1000000035,Dr. Jeffrey Chavez,MEM000866,FAC005,2026-06-20T14:00:00,71045,77.99,Chennai,CLEAN
CLM-FB11A770,1000000108,Dr. Evelyn Galvan,MEM000736,FAC046,2026-02-12T15:00:00,99215,236.85,Chennai,CLEAN
CLM-618E0157,1000000044,Dr. Angelica Tucker,MEM000771,FAC027,2026-01-08T17:00:00,99215,221.13,Chennai,CLEAN
CLM-5A41F526,1000000130,Dr. Elizabeth Kelley,MEM000999,FAC041,2026-04-24T15:00:00,99214,135.42,Chennai,CLEAN
CLM-2CF7475D,1000000159,Dr. Jamie Smith,MEM000955,FAC003,2026-04-19T12:00:00,99213,102.07,Chennai,CLEAN
CLM-4C54BD60,1000000110,Dr. Richard Rodriguez,MEM000246,FAC001,2026-03-02T14:00:00,99213,98.72,Chennai,CLEAN
CLM-F5B34280,1000000126,Dr. Michelle Evans,MEM000963,FAC003,2026-03-21T14:00:00,99213,104.25,Chennai,CLEAN
CLM-FFCE1632,1000000184,Dr. Lindsay Martinez,MEM000630,FAC037,2026-05-19T11:00:00,99214,162.43,Chennai,CLEAN
CLM-8275D111,1000000180,Dr. Alexander Collins,MEM000740,FAC026,2026-04-23T12:00:00,99213,108.95,Chennai,CLEAN
CLM-76567061,1000000194,Dr. John Bishop,MEM000220,FAC017,2026-02-28T17:00:00,93000,60.37,Chennai,CLEAN
CLM-DC94D706,1000000009,Dr. Ryan Munoz,MEM000315,FAC032,2026-03-30T10:00:00,99215,226.61,Chennai,CLEAN
CLM-40037B9F,1000000014,Dr. Dylan Miller,MEM000148,FAC023,2026-06-05T12:00:00,71045,76.76,Chennai,CLEAN
CLM-328D63F1,1000000011,Dr. Jamie Arnold,MEM000879,FAC043,2026-02-07T17:00:00,99214,158.56,Chennai,CLEAN
CLM-929B93D1,1000000060,Dr. Victoria Garcia,MEM000109,FAC015,2026-03-07T11:00:00,71045,77.79,Chennai,CLEAN
CLM-F56FD4F0,1000000094,Dr. John Whitehead,MEM000452,FAC024,2026-04-30T11:00:00,93000,61.32,Chennai,CLEAN
CLM-B571E7CA,1000000028,Dr. Zachary Hicks,MEM000735,FAC021,2026-03-16T09:00:00,99215,225.66,Chennai,CLEAN
CLM-00838929,1000000049,Dr. Eric Carney,MEM000916,FAC005,2026-05-14T12:00:00,99215,208.94,Chennai,CLEAN
CLM-CD3CD3C1,1000000157,Dr. Jason Stein,MEM000381,FAC014,2026-01-22T09:00:00,99214,154.93,Chennai,CLEAN
CLM-7E9EE2FB,1000000149,Dr. Stephanie Manning,MEM000495,FAC030,2026-01-31T10:00:00,99215,198.7,Chennai,CLEAN
CLM-BB6118C2,1000000037,Dr. Cassandra Gaines,MEM000699,FAC037,2026-01-30T16:00:00,93000,55.52,Chennai,CLEAN
CLM-902B6EA2,1999999999,Dr. Synthetic-A (Phantom),MEM000982,FAC021,2026-01-17T16:00:00,99214,160.72,Chennai,CLEAN
CLM-ED54FF47,1000000130,Dr. Elizabeth Kelley,MEM000114,FAC027,2026-02-06T10:00:00,99213,104.62,Chennai,CLEAN
CLM-49595D57,1000000125,Dr. Erin Edwards,MEM000234,FAC039,2026-02-09T11:00:00,99213,101.87,Chennai,CLEAN
CLM-F31F9131,1000000063,Dr. Donald Wright,MEM000406,FAC036,2026-01-20T14:00:00,71045,75.49,Chennai,CLEAN
CLM-975ACAE8,1000000117,Dr. Ashley Waller,MEM000445,FAC049,2026-05-04T10:00:00,99213,97.18,Chennai,CLEAN
CLM-97FBB6F2,1000000144,Dr. Amber Wright,MEM000526,FAC043,2026-04-26T16:00:00,99213,98.84,Chennai,CLEAN
CLM-72896D2C,1000000074,Dr. Amy Silva,MEM000354,FAC038,2026-06-08T10:00:00,99215,235.99,Chennai,CLEAN
CLM-0DB704D3,1000000014,Dr. Dylan Miller,MEM000260,FAC017,2026-03-23T09:00:00,99213,106.18,Chennai,CLEAN
CLM-ED25EF53,1000000045,Dr. Philip Cannon,MEM000006,FAC008,2026-06-15T15:00:00,93000,56.93,Chennai,CLEAN
CLM-8888A15F,1000000126,Dr. Michelle Evans,MEM000568,FAC039,2026-01-09T12:00:00,99215,226.07,Chennai,CLEAN
CLM-CA0440E7,1000000014,Dr. Dylan Miller,MEM000174,FAC038,2026-03-22T17:00:00,71045,79.24,Chennai,CLEAN
CLM-2C384087,1000000101,Dr. Cameron Parker,MEM000048,FAC015,2026-06-16T09:00:00,99215,198.37,Chennai,CLEAN
CLM-8578C5F8,1000000199,Dr. Nathan Freeman,MEM000736,FAC013,2026-03-11T15:00:00,71045,82.87,Chennai,CLEAN
CLM-C01894D3,1000000076,Dr. Angela Lopez,MEM000640,FAC004,2026-05-18T11:00:00,99214,158.66,Chennai,CLEAN
CLM-8B6C5E69,1000000138,Dr. David Alvarez,MEM000517,FAC006,2026-01-12T10:00:00,99214,159.9,Chennai,CLEAN
CLM-D351E287,1000000170,Dr. Jamie Walton,MEM000135,FAC028,2026-02-14T10:00:00,99213,107.43,Chennai,CLEAN
CLM-4F844E94,1000000080,Dr. Kelly Donovan,MEM000102,FAC015,2026-03-04T13:00:00,71045,72.96,Chennai,CLEAN
CLM-6186217F,1000000139,Dr. Angel Perry,MEM000317,FAC010,2026-02-08T09:00:00,99213,94.7,Chennai,CLEAN
CLM-6F979F70,1000000168,Dr. Joel Williams,MEM000560,FAC010,2026-04-03T12:00:00,99214,135.95,Chennai,CLEAN
CLM-2D1FA0C0,1000000140,Dr. Cheyenne Horton,MEM000757,FAC012,2026-06-25T10:00:00,71045,80.37,Chennai,CLEAN
CLM-F2FFA01D,1000000185,Dr. Dr. Hannah Patterson,MEM000798,FAC040,2026-04-16T12:00:00,71045,85.46,Chennai,CLEAN
CLM-249F552C,1000000060,Dr. Victoria Garcia,MEM000550,FAC036,2026-06-23T10:00:00,71045,87.85,Chennai,CLEAN
CLM-35C7611C,1000000188,Dr. Madison Poole,MEM000389,FAC038,2026-01-04T16:00:00,93000,61.11,Chennai,CLEAN
CLM-9FD84388,1000000078,Dr. Steve Sanchez,MEM000663,FAC031,2026-04-20T16:00:00,99214,136.39,Chennai,CLEAN
CLM-7DF9296D,1000000005,Dr. Connie Lawrence,MEM000362,FAC008,2026-01-21T13:00:00,99213,105.61,Chennai,CLEAN
CLM-5AACC4B0,1000000121,Dr. Kenneth Scott,MEM000935,FAC000,2026-04-27T10:00:00,71045,75.86,Chennai,CLEAN
CLM-A9D6A369,1000000143,Dr. Christopher Rubio,MEM000373,FAC001,2026-06-17T17:00:00,93000,57.85,Chennai,CLEAN
CLM-A91402AF,1000000046,Dr. John Pierce,MEM000221,FAC029,2026-01-02T17:00:00,99215,201.56,Chennai,CLEAN
CLM-0A720236,1000000028,Dr. Zachary Hicks,MEM000903,FAC049,2026-05-30T10:00:00,93000,57.18,Chennai,CLEAN
CLM-BD42DDC1,1000000164,Dr. Michael Powell,MEM000311,FAC023,2026-03-08T14:00:00,71045,81.69,Chennai,CLEAN
CLM-244BF127,1000000036,Dr. Sherri Baker,MEM000631,FAC025,2026-03-30T14:00:00,71045,85.16,Chennai,CLEAN
CLM-E91C46B7,1000000153,Dr. Devon Flores,MEM000190,FAC029,2026-04-20T16:00:00,99213,94.73,Chennai,CLEAN
CLM-9B9F1826,1000000114,Dr. Garrett Lin,MEM000751,FAC043,2026-01-30T17:00:00,93000,58.98,Chennai,CLEAN
CLM-0001BA7C,1000000036,Dr. Sherri Baker,MEM000866,FAC027,2026-03-03T14:00:00,71045,73.7,Chennai,CLEAN
CLM-90EC20CA,1000000189,Dr. Jessica Gross,MEM000411,FAC048,2026-04-08T16:00:00,93000,56.63,Chennai,CLEAN
CLM-4D180B5F,1000000006,Dr. Abigail Shaffer,MEM000381,FAC023,2026-05-07T12:00:00,71045,73.58,Chennai,CLEAN
CLM-C2DC2A30,1000000139,Dr. Angel Perry,MEM000866,FAC033,2026-05-03T13:00:00,99213,93.32,Chennai,CLEAN
CLM-00681014,1000000035,Dr. Jeffrey Chavez,MEM000222,FAC043,2026-06-17T13:00:00,71045,87.38,Chennai,CLEAN
CLM-0138A3A7,1000000077,Dr. Megan Young,MEM000304,FAC025,2026-04-08T11:00:00,71045,78.79,Chennai,CLEAN
CLM-1BB0D2E1,1000000186,Dr. Jonathan Peterson,MEM000223,FAC000,2026-03-17T10:00:00,99213,106.11,Chennai,CLEAN
CLM-2CB1AB1F,1000000106,Dr. Sharon Cherry,MEM000797,FAC006,2026-06-25T13:00:00,99214,153.79,Chennai,CLEAN
CLM-1B196A21,1000000026,Dr. Justin Baker,MEM000383,FAC011,2026-03-17T17:00:00,99214,138.38,Chennai,CLEAN
CLM-A870E6DE,1000000101,Dr. Cameron Parker,MEM000544,FAC047,2026-04-18T12:00:00,71045,76.19,Chennai,CLEAN
CLM-D2B8A342,1000000006,Dr. Abigail Shaffer,MEM000861,FAC016,2026-04-10T14:00:00,71045,80.62,Chennai,CLEAN
CLM-521D05D9,1000000144,Dr. Amber Wright,MEM000396,FAC037,2026-05-11T16:00:00,99213,94.33,Chennai,CLEAN
CLM-D8FB3A77,1000000141,Dr. David Douglas Jr.,MEM000572,FAC049,2026-03-01T09:00:00,99213,95.57,Chennai,CLEAN
CLM-7151E5CE,1000000056,Dr. Timothy Duncan,MEM000498,FAC043,2026-06-04T12:00:00,71045,83.66,Chennai,CLEAN
CLM-90E0E520,1000000176,Dr. Michael Elliott,MEM000863,FAC005,2026-03-30T11:00:00,99214,158.38,Chennai,CLEAN
CLM-EE85CDC5,1000000180,Dr. Alexander Collins,MEM000970,FAC038,2026-01-30T11:00:00,71045,86.96,Chennai,CLEAN
CLM-4A22FF33,1000000098,Dr. Jessica Smith,MEM000337,FAC038,2026-02-27T13:00:00,99213,90.87,Chennai,CLEAN
CLM-7FF66A6B,1000000067,Dr. Carol Tucker,MEM000051,FAC024,2026-06-25T11:00:00,93000,55.13,Chennai,CLEAN
CLM-AFA9A07C,1000000139,Dr. Angel Perry,MEM000462,FAC010,2026-02-02T17:00:00,99214,143.42,Chennai,CLEAN
CLM-36FC2248,1000000031,Dr. James Ferrell,MEM000531,FAC012,2026-01-06T10:00:00,93000,55.37,Chennai,CLEAN
CLM-61F47371,1000000178,Dr. Lawrence Adkins,MEM000597,FAC049,2026-04-13T09:00:00,71045,77.35,Chennai,CLEAN
CLM-0CA22176,1000000114,Dr. Garrett Lin,MEM000538,FAC039,2026-05-14T13:00:00,93000,59.72,Chennai,CLEAN
CLM-8FFA26E2,1000000072,Dr. Brittney Phillips,MEM000595,FAC039,2026-04-25T09:00:00,99215,205.09,Chennai,CLEAN
CLM-F4A6FB74,1000000034,Dr. Debra Davidson,MEM000109,FAC031,2026-02-01T10:00:00,99215,222.04,Chennai,CLEAN
CLM-EFC36344,1000000104,Dr. Richard Henson,MEM000809,FAC021,2026-04-17T14:00:00,93000,62.85,Chennai,CLEAN
CLM-D310AD78,1000000141,Dr. David Douglas Jr.,MEM000634,FAC034,2026-06-19T10:00:00,99213,98.65,Chennai,CLEAN
CLM-C57B8629,1000000126,Dr. Michelle Evans,MEM000216,FAC040,2026-06-25T14:00:00,71045,85.79,Chennai,CLEAN
CLM-C8F4EDE9,1000000024,Dr. Matthew Foster,MEM000417,FAC012,2026-01-25T11:00:00,93000,59.53,Chennai,CLEAN
CLM-CEE2E0FD,1000000093,Dr. Christina Walters,MEM000852,FAC022,2026-04-25T11:00:00,71045,73.65,Chennai,CLEAN
CLM-BA6E372A,1000000152,Dr. Denise Jones,MEM000312,FAC038,2026-04-16T12:00:00,71045,86.62,Chennai,CLEAN
CLM-4853630D,1000000129,Dr. Megan Orr,MEM000072,FAC005,2026-05-27T12:00:00,93000,64.24,Chennai,CLEAN
CLM-E92D929D,1000000181,Dr. Tina Sanders,MEM000604,FAC041,2026-05-29T09:00:00,71045,80.49,Chennai,CLEAN
CLM-94DAF0CF,1000000042,Dr. Sherry Decker,MEM000714,FAC003,2026-01-30T12:00:00,99213,99.99,Chennai,CLEAN
CLM-2E1A4E8A,1000000109,Dr. Sharon Cochran,MEM000505,FAC022,2026-02-18T11:00:00,99213,97.78,Chennai,CLEAN
CLM-5552B2E0,1000000176,Dr. Michael Elliott,MEM000199,FAC026,2026-01-31T12:00:00,99213,99.4,Chennai,CLEAN
CLM-8D6E9764,1000000134,Dr. Rebecca Jackson,MEM000337,FAC017,2026-05-29T09:00:00,99213,96.21,Chennai,CLEAN
CLM-864D7285,1000000154,Dr. Brenda Hall,MEM000854,FAC003,2026-03-04T16:00:00,99214,153.04,Chennai,CLEAN
CLM-EF6B8231,1000000191,Dr. Karen Graham,MEM000302,FAC023,2026-05-13T14:00:00,93000,56.7,Chennai,CLEAN
CLM-78311B9D,1000000177,Dr. Michael Wang,MEM000431,FAC015,2026-06-24T17:00:00,99213,93.06,Chennai,CLEAN
CLM-F0FB71B2,1000000071,Dr. Whitney Peters,MEM000750,FAC013,2026-06-04T11:00:00,99214,162.32,Chennai,CLEAN
CLM-69EA0D1B,1000000198,Dr. Adam Vaughan,MEM000984,FAC021,2026-01-28T16:00:00,99215,201.07,Chennai,CLEAN
CLM-C50753CA,1000000153,Dr. Devon Flores,MEM000717,FAC047,2026-02-17T14:00:00,93000,64.57,Chennai,CLEAN
CLM-27F9D7B9,1000000017,Dr. Derek Zuniga,MEM000644,FAC047,2026-03-07T16:00:00,71045,86.37,Chennai,CLEAN
CLM-713F2E4D,1000000027,Dr. Stephanie Ross,MEM000838,FAC045,2026-02-16T12:00:00,71045,84.98,Chennai,CLEAN
CLM-8D741B72,1000000031,Dr. James Ferrell,MEM000712,FAC034,2026-04-12T12:00:00,93000,61.18,Chennai,CLEAN
CLM-DF4750CE,1000000091,Dr. Brian Rodriguez,MEM000264,FAC006,2026-02-23T17:00:00,99215,212.01,Chennai,CLEAN
CLM-16D6EED0,1000000024,Dr. Matthew Foster,MEM000321,FAC024,2026-02-25T09:00:00,93000,56.91,Chennai,CLEAN
CLM-ABA2DB23,1000000197,Dr. Spencer Haynes,MEM000820,FAC030,2026-06-03T15:00:00,93000,61.94,Chennai,CLEAN
CLM-86C4DE04,1000000086,Dr. Shirley Suarez,MEM000793,FAC039,2026-01-12T15:00:00,99215,213.94,Chennai,CLEAN
CLM-0F25DDD7,1888888888,Dr. Synthetic-B (Teleport),MEM000593,FAC034,2026-04-29T11:00:00,99215,238.25,Chennai,CLEAN
CLM-5AF97071,1000000008,Dr. Gabrielle Davis,MEM000575,FAC047,2026-06-06T11:00:00,99213,99.22,Chennai,CLEAN
CLM-44C406B8,1000000162,Dr. Lindsey Walker,MEM000795,FAC012,2026-03-26T10:00:00,71045,78.41,Chennai,CLEAN
CLM-53330AA7,1000000016,Dr. Holly Wood,MEM000068,FAC013,2026-02-25T16:00:00,99214,163.03,Chennai,CLEAN
CLM-8D76B14B,1000000115,Dr. Diana May,MEM000029,FAC030,2026-06-27T11:00:00,99213,99.58,Chennai,CLEAN
CLM-A9CD60D1,1000000057,Dr. Richard Aguirre,MEM000723,FAC018,2026-01-03T11:00:00,99215,203.83,Chennai,CLEAN
CLM-73519889,1000000043,Dr. Anthony Humphrey,MEM000661,FAC010,2026-03-11T10:00:00,93000,60.3,Chennai,CLEAN
CLM-A8A8D874,1777777777,Dr. Synthetic-C (Upcoder),MEM000859,FAC046,2026-02-28T09:00:00,71045,82.78,Mumbai,CLEAN
CLM-D5815F11,1000000062,Dr. Connor West,MEM000189,FAC046,2026-03-02T15:00:00,99215,211.58,Chennai,CLEAN
CLM-2878381E,1000000003,Dr. Daniel Wagner,MEM000096,FAC034,2026-01-26T13:00:00,99215,209.81,Chennai,CLEAN
CLM-7555BE22,1000000075,Dr. Sarah Moore,MEM000779,FAC035,2026-03-11T11:00:00,99213,93.15,Chennai,CLEAN
CLM-A8AF3A82,1000000071,Dr. Whitney Peters,MEM000250,FAC048,2026-04-05T09:00:00,93000,57.69,Chennai,CLEAN
CLM-78EF933B,1000000105,Dr. Marc Moore,MEM000359,FAC044,2026-01-24T10:00:00,93000,59.11,Chennai,CLEAN
CLM-8B5F1A10,1000000016,Dr. Holly Wood,MEM000344,FAC026,2026-03-12T09:00:00,93000,63.63,Chennai,CLEAN
CLM-FEB6F7F7,1000000072,Dr. Brittney Phillips,MEM000105,FAC019,2026-05-07T14:00:00,99214,153.63,Chennai,CLEAN
CLM-1AF2449A,1000000158,Dr. Melissa Gates,MEM000723,FAC004,2026-02-19T16:00:00,99213,96.4,Chennai,CLEAN
CLM-E05B3D95,1000000162,Dr. Lindsey Walker,MEM000137,FAC019,2026-03-25T10:00:00,93000,54.67,Chennai,CLEAN
CLM-A6C89446,1000000045,Dr. Philip Cannon,MEM000394,FAC004,2026-06-20T10:00:00,99213,102.86,Chennai,CLEAN
CLM-C75AC419,1000000081,Dr. Mike Allen,MEM000392,FAC020,2026-06-07T13:00:00,99214,157.48,Chennai,CLEAN
CLM-C2156837,1000000151,Dr. Pamela Boyd,MEM000179,FAC002,2026-06-12T11:00:00,99214,149.41,Chennai,CLEAN
CLM-3C8F9733,1000000182,Dr. Angela Vaughn,MEM000390,FAC027,2026-05-30T15:00:00,93000,56.08,Chennai,CLEAN
CLM-6110172D,1000000042,Dr. Sherry Decker,MEM000583,FAC022,2026-03-01T12:00:00,93000,58.6,Chennai,CLEAN
CLM-AFCF2E2C,1000000145,Dr. Joyce Solis,MEM000256,FAC005,2026-01-17T17:00:00,99214,153.26,Chennai,CLEAN
CLM-EE88A9E7,1000000004,Dr. Cristian Santos,MEM000855,FAC039,2026-03-01T13:00:00,99214,143.41,Chennai,CLEAN
CLM-747BDA5A,1000000161,Dr. Jennifer Adkins,MEM000879,FAC009,2026-03-17T09:00:00,71045,78.79,Chennai,CLEAN
CLM-912AF67B,1000000045,Dr. Philip Cannon,MEM000524,FAC047,2026-02-18T13:00:00,71045,75.06,Chennai,CLEAN
CLM-1404DB8E,1000000076,Dr. Angela Lopez,MEM000690,FAC033,2026-05-18T12:00:00,99214,142.72,Chennai,CLEAN
CLM-D80F7F1D,1000000120,Dr. Larry Dixon,MEM000379,FAC006,2026-05-15T15:00:00,71045,86.44,Chennai,CLEAN
CLM-2E6D35ED,1000000065,Dr. Amber Kidd,MEM000749,FAC002,2026-05-10T15:00:00,99215,233.73,Chennai,CLEAN
CLM-65B889DA,1000000044,Dr. Angelica Tucker,MEM000291,FAC015,2026-05-24T11:00:00,71045,87.1,Chennai,CLEAN
CLM-1C28F5AD,1000000034,Dr. Debra Davidson,MEM000567,FAC021,2026-03-29T09:00:00,71045,76.3,Chennai,CLEAN
CLM-5A440706,1000000087,Dr. Christopher Bass,MEM000840,FAC001,2026-05-28T14:00:00,99214,164.22,Chennai,CLEAN
CLM-03D2E30E,1000000143,Dr. Christopher Rubio,MEM000648,FAC033,2026-06-09T14:00:00,93000,57.26,Chennai,CLEAN
CLM-D537156C,1000000122,Dr. April Frost,MEM000863,FAC040,2026-01-03T12:00:00,93000,59.12,Chennai,CLEAN
CLM-1DEE0CC5,1000000154,Dr. Brenda Hall,MEM000894,FAC027,2026-03-14T14:00:00,99214,144.68,Chennai,CLEAN
CLM-ABABB693,1000000024,Dr. Matthew Foster,MEM000859,FAC030,2026-04-14T14:00:00,99213,95.17,Chennai,CLEAN
CLM-405E5B3F,1000000031,Dr. James Ferrell,MEM000821,FAC035,2026-05-14T12:00:00,99213,90.75,Chennai,CLEAN
CLM-2E8AD70E,1000000151,Dr. Pamela Boyd,MEM000817,FAC037,2026-03-29T13:00:00,99214,151.51,Chennai,CLEAN
CLM-D3D727BE,1000000116,Dr. William Herrera,MEM000217,FAC017,2026-03-14T15:00:00,71045,80.26,Chennai,CLEAN
CLM-D4933990,1000000111,Dr. Shannon Walker,MEM000440,FAC028,2026-05-31T17:00:00,93000,60.95,Chennai,CLEAN
CLM-ABD4DDB9,1000000116,Dr. William Herrera,MEM000016,FAC026,2026-06-29T10:00:00,71045,83.2,Chennai,CLEAN
CLM-50566456,1000000164,Dr. Michael Powell,MEM000022,FAC027,2026-05-30T09:00:00,99213,106.93,Chennai,CLEAN
CLM-4D22659B,1000000159,Dr. Jamie Smith,MEM000450,FAC005,2026-01-21T09:00:00,99214,158.95,Chennai,CLEAN
CLM-A13291D5,1000000066,Dr. Tracy House,MEM000815,FAC045,2026-04-25T10:00:00,99215,215.26,Chennai,CLEAN
CLM-950A0181,1000000091,Dr. Brian Rodriguez,MEM000428,FAC027,2026-03-25T09:00:00,99215,201.37,Chennai,CLEAN
CLM-BD10532E,1000000186,Dr. Jonathan Peterson,MEM000517,FAC027,2026-01-06T10:00:00,71045,79.86,Chennai,CLEAN
CLM-9308A034,1000000074,Dr. Amy Silva,MEM000267,FAC036,2026-06-24T11:00:00,99214,143.52,Chennai,CLEAN
CLM-B25F6841,1000000053,Dr. Mark Perez,MEM000992,FAC023,2026-06-06T15:00:00,93000,60.21,Chennai,CLEAN
CLM-31B75EE8,1000000004,Dr. Cristian Santos,MEM000904,FAC017,2026-03-24T09:00:00,99215,232.39,Chennai,CLEAN
CLM-BBC60593,1000000104,Dr. Richard Henson,MEM000877,FAC045,2026-05-28T12:00:00,71045,77.49,Chennai,CLEAN
CLM-41D5D78A,1000000011,Dr. Jamie Arnold,MEM000138,FAC045,2026-03-09T11:00:00,93000,59.22,Chennai,CLEAN
CLM-EF404063,1000000120,Dr. Larry Dixon,MEM000851,FAC044,2026-05-18T11:00:00,99215,233.27,Chennai,CLEAN
CLM-95E499D7,1000000031,Dr. James Ferrell,MEM000307,FAC002,2026-02-03T14:00:00,99213,109.61,Chennai,CLEAN
CLM-E8E0B47F,1000000174,Dr. Nicole Herring,MEM000879,FAC015,2026-05-18T14:00:00,71045,78.85,Chennai,CLEAN
CLM-B2C2FAF7,1000000044,Dr. Angelica Tucker,MEM000773,FAC024,2026-03-19T17:00:00,99213,102.58,Chennai,CLEAN
CLM-DB80FC82,1000000194,Dr. John Bishop,MEM000774,FAC015,2026-05-13T13:00:00,93000,56.93,Chennai,CLEAN
CLM-B8355211,1000000191,Dr. Karen Graham,MEM000416,FAC035,2026-01-14T15:00:00,99214,144.69,Chennai,CLEAN
CLM-EE0D6B02,1000000089,Dr. Aimee Montoya,MEM000226,FAC001,2026-01-22T09:00:00,99213,107.0,Chennai,CLEAN
CLM-9B3A7130,1000000036,Dr. Sherri Baker,MEM000449,FAC035,2026-05-28T15:00:00,93000,58.0,Chennai,CLEAN
CLM-D8396C90,1000000156,Dr. Joshua Perry,MEM000664,FAC013,2026-01-01T13:00:00,93000,64.32,Chennai,CLEAN
CLM-D5412BD1,1000000037,Dr. Cassandra Gaines,MEM000928,FAC045,2026-05-06T16:00:00,99215,221.06,Chennai,CLEAN
CLM-AC747279,1000000194,Dr. John Bishop,MEM000486,FAC003,2026-02-25T15:00:00,99215,216.26,Chennai,CLEAN
CLM-2F89EF2A,1000000013,Dr. Michele Williams,MEM000968,FAC012,2026-04-19T12:00:00,99215,211.38,Chennai,CLEAN
CLM-E30DFB85,1000000072,Dr. Brittney Phillips,MEM000216,FAC040,2026-06-02T13:00:00,71045,80.14,Chennai,CLEAN
CLM-18744CD9,1000000153,Dr. Devon Flores,MEM000386,FAC047,2026-03-04T12:00:00,99213,100.74,Chennai,CLEAN
CLM-1D29638E,1000000172,Dr. Joshua Cooke,MEM000986,FAC009,2026-02-20T12:00:00,99215,217.35,Chennai,CLEAN
CLM-9395C4ED,1000000107,Dr. Sierra Johnson,MEM000090,FAC030,2026-01-13T16:00:00,99214,160.15,Chennai,CLEAN
CLM-3E40D4B1,1000000114,Dr. Garrett Lin,MEM000308,FAC017,2026-04-02T16:00:00,71045,86.18,Chennai,CLEAN
CLM-74698D60,1000000044,Dr. Angelica Tucker,MEM000691,FAC026,2026-02-04T15:00:00,99214,163.3,Chennai,CLEAN
CLM-0AB2EA87,1000000113,Dr. Crystal Johnson,MEM000551,FAC020,2026-06-28T09:00:00,93000,61.37,Chennai,CLEAN
CLM-214F7199,1000000141,Dr. David Douglas Jr.,MEM000936,FAC038,2026-05-06T16:00:00,99215,232.48,Chennai,CLEAN
CLM-AABC959C,1000000197,Dr. Spencer Haynes,MEM000879,FAC023,2026-06-06T13:00:00,99215,226.6,Chennai,CLEAN
CLM-8C122477,1000000073,Dr. Lauren Daniels,MEM000859,FAC032,2026-03-27T11:00:00,93000,58.25,Chennai,CLEAN
CLM-3865BE96,1000000048,Dr. Joshua Blair,MEM000456,FAC047,2026-04-28T13:00:00,99213,109.25,Chennai,CLEAN
CLM-E47A3813,1999999999,Dr. Synthetic-A (Phantom),MEM000245,FAC030,2026-04-10T16:00:00,71045,80.92,Chennai,CLEAN
CLM-3CD20064,1000000072,Dr. Brittney Phillips,MEM000025,FAC016,2026-02-08T09:00:00,71045,78.74,Chennai,CLEAN
CLM-12DD7B52,1000000090,Dr. Matthew Mcmillan,MEM000082,FAC019,2026-06-02T16:00:00,99215,206.79,Chennai,CLEAN
CLM-3B823EA9,1000000022,Dr. Ethan Adams,MEM000077,FAC020,2026-05-01T12:00:00,99214,136.78,Chennai,CLEAN
CLM-73BD4BF9,1000000150,Dr. David Wright,MEM000059,FAC002,2026-06-14T09:00:00,93000,64.21,Chennai,CLEAN
CLM-F8693140,1000000189,Dr. Jessica Gross,MEM000034,FAC026,2026-04-06T15:00:00,99215,229.94,Chennai,CLEAN
CLM-DAADF0AD,1000000038,Dr. Elizabeth Fowler,MEM000247,FAC047,2026-03-16T13:00:00,99215,208.74,Chennai,CLEAN
CLM-FB60E340,1000000085,Dr. Daniel Baker,MEM000670,FAC042,2026-04-19T14:00:00,99214,145.26,Chennai,CLEAN
CLM-AB60EB24,1000000046,Dr. John Pierce,MEM000935,FAC012,2026-06-23T11:00:00,71045,78.88,Chennai,CLEAN
CLM-99797298,1000000008,Dr. Gabrielle Davis,MEM000646,FAC043,2026-06-21T09:00:00,99213,95.2,Chennai,CLEAN
CLM-C4043DEE,1000000007,Dr. Gina Moore,MEM000875,FAC036,2026-01-21T10:00:00,99213,104.71,Chennai,CLEAN
CLM-9E5A9283,1000000078,Dr. Steve Sanchez,MEM000598,FAC048,2026-06-20T14:00:00,71045,73.24,Chennai,CLEAN
CLM-6EEA5F7F,1000000153,Dr. Devon Flores,MEM000705,FAC048,2026-06-03T17:00:00,93000,61.1,Chennai,CLEAN
CLM-2BE6248B,1000000102,Dr. Rebecca Valencia,MEM000853,FAC020,2026-01-21T10:00:00,93000,55.22,Chennai,CLEAN
CLM-45B60980,1000000081,Dr. Mike Allen,MEM000514,FAC013,2026-04-25T13:00:00,71045,78.82,Chennai,CLEAN
CLM-FBAF70D8,1000000079,Dr. Lisa Barnes,MEM000747,FAC019,2026-05-01T16:00:00,71045,86.77,Chennai,CLEAN
CLM-930D8D01,1000000130,Dr. Elizabeth Kelley,MEM000658,FAC048,2026-06-15T15:00:00,93000,59.84,Chennai,CLEAN
CLM-88B478BC,1000000000,Dr. Allison Hill,MEM000287,FAC046,2026-04-29T15:00:00,71045,82.74,Chennai,CLEAN
CLM-C6E23C2B,1999999999,Dr. Synthetic-A (Phantom),MEM000853,FAC024,2026-05-21T11:00:00,93000,54.19,Chennai,CLEAN
CLM-5CB24B50,1000000095,Dr. Anna Henderson,MEM000729,FAC008,2026-04-05T15:00:00,99215,241.03,Chennai,CLEAN
CLM-96E6E3E8,1000000150,Dr. David Wright,MEM000383,FAC001,2026-05-15T10:00:00,99215,229.61,Chennai,CLEAN
CLM-B252FBB3,1000000179,Dr. Robert Oconnell,MEM000238,FAC044,2026-03-01T09:00:00,99214,152.23,Chennai,CLEAN
CLM-82747AFC,1000000047,Dr. Shane Henderson,MEM000508,FAC027,2026-03-15T09:00:00,99215,210.24,Chennai,CLEAN
CLM-AE505A75,1000000123,Dr. Michelle Harmon,MEM000696,FAC015,2026-06-09T17:00:00,71045,74.8,Chennai,CLEAN
CLM-23F437E8,1000000039,Dr. Brittany Farmer,MEM000068,FAC016,2026-01-15T14:00:00,99213,94.33,Chennai,CLEAN
CLM-81914FBB,1000000022,Dr. Ethan Adams,MEM000544,FAC024,2026-04-07T09:00:00,99215,219.32,Chennai,CLEAN
CLM-49C1286D,1000000115,Dr. Diana May,MEM000888,FAC015,2026-02-24T17:00:00,93000,64.06,Chennai,CLEAN
CLM-5B97DB2D,1000000064,Dr. Jessica Callahan,MEM000464,FAC046,2026-05-09T14:00:00,99214,142.83,Chennai,CLEAN
CLM-525A440B,1000000076,Dr. Angela Lopez,MEM000885,FAC019,2026-02-02T09:00:00,99214,144.82,Chennai,CLEAN
CLM-63E622DA,1000000067,Dr. Carol Tucker,MEM000288,FAC006,2026-01-05T11:00:00,99214,158.49,Chennai,CLEAN
CLM-6AFFA663,1000000123,Dr. Michelle Harmon,MEM000660,FAC014,2026-04-02T10:00:00,93000,64.99,Chennai,CLEAN
CLM-C7CE2895,1000000174,Dr. Nicole Herring,MEM000716,FAC048,2026-04-15T15:00:00,99215,238.73,Chennai,CLEAN
CLM-42A3068F,1000000127,Dr. Jason Powell,MEM000490,FAC019,2026-01-25T12:00:00,99213,109.39,Chennai,CLEAN
CLM-2E39E700,1000000093,Dr. Christina Walters,MEM000078,FAC032,2026-06-22T12:00:00,99213,92.83,Chennai,CLEAN
CLM-2F0944E9,1000000131,Dr. Dustin Jordan,MEM000382,FAC012,2026-03-10T15:00:00,99215,221.52,Chennai,CLEAN
CLM-9D6D079B,1000000020,Dr. Margaret Hawkins DDS,MEM000357,FAC013,2026-06-09T17:00:00,93000,58.38,Chennai,CLEAN
CLM-1E7D3908,1000000042,Dr. Sherry Decker,MEM000710,FAC007,2026-05-06T17:00:00,93000,57.93,Chennai,CLEAN
CLM-16154E8D,1000000159,Dr. Jamie Smith,MEM000826,FAC039,2026-01-15T17:00:00,99215,229.06,Chennai,CLEAN
CLM-08240205,1000000173,Dr. Matthew Harrington,MEM000812,FAC004,2026-02-13T17:00:00,71045,77.28,Chennai,CLEAN
CLM-EFEBD30A,1000000132,Dr. Mary Marshall,MEM000859,FAC007,2026-04-07T16:00:00,99215,231.35,Chennai,CLEAN
CLM-CCC376E3,1000000045,Dr. Philip Cannon,MEM000220,FAC034,2026-02-22T10:00:00,93000,56.64,Chennai,CLEAN
CLM-095180D0,1000000136,Dr. Robert Potter,MEM000780,FAC036,2026-01-24T17:00:00,99213,104.65,Chennai,CLEAN
CLM-9385428D,1000000050,Dr. Jessica Holmes,MEM000983,FAC034,2026-01-17T13:00:00,71045,75.03,Chennai,CLEAN
CLM-E4F192EA,1000000032,Dr. Tricia Valencia,MEM000720,FAC038,2026-02-14T13:00:00,99214,138.08,Chennai,CLEAN
CLM-43AFE039,1000000155,Dr. Michelle Brown,MEM000897,FAC023,2026-05-28T16:00:00,99214,164.34,Chennai,CLEAN
CLM-F894839B,1000000013,Dr. Michele Williams,MEM000860,FAC037,2026-01-27T11:00:00,99213,100.3,Chennai,CLEAN
CLM-6F539017,1000000039,Dr. Brittany Farmer,MEM000483,FAC012,2026-03-17T10:00:00,99213,95.91,Chennai,CLEAN
CLM-BC9320BB,1000000102,Dr. Rebecca Valencia,MEM000090,FAC012,2026-03-05T10:00:00,99215,236.84,Chennai,CLEAN
CLM-4F850843,1000000091,Dr. Brian Rodriguez,MEM000371,FAC012,2026-01-14T10:00:00,99215,207.83,Chennai,CLEAN
CLM-12B79F76,1000000048,Dr. Joshua Blair,MEM000060,FAC019,2026-03-17T09:00:00,71045,79.06,Chennai,CLEAN
CLM-2618506C,1000000022,Dr. Ethan Adams,MEM000687,FAC045,2026-01-26T09:00:00,93000,66.0,Chennai,CLEAN
CLM-526A57E4,1000000189,Dr. Jessica Gross,MEM000417,FAC023,2026-06-07T17:00:00,99215,227.2,Chennai,CLEAN
CLM-3015F8EB,1000000080,Dr. Kelly Donovan,MEM000327,FAC029,2026-04-15T15:00:00,99214,157.48,Chennai,CLEAN
CLM-653F99B2,1000000078,Dr. Steve Sanchez,MEM000333,FAC019,2026-01-31T17:00:00,99214,152.93,Chennai,CLEAN
CLM-DC84B79B,1000000025,Dr. Judy Baker,MEM000144,FAC026,2026-06-07T13:00:00,99215,204.72,Chennai,CLEAN
CLM-1A172FBC,1000000106,Dr. Sharon Cherry,MEM000314,FAC043,2026-01-22T10:00:00,99213,98.39,Chennai,CLEAN
CLM-21355DA8,1000000026,Dr. Justin Baker,MEM000939,FAC044,2026-04-08T15:00:00,93000,55.12,Chennai,CLEAN
CLM-AAE8F2FA,1000000015,Dr. Brian Ramirez,MEM000916,FAC048,2026-06-29T17:00:00,99214,139.8,Chennai,CLEAN
CLM-B998DF90,1000000064,Dr. Jessica Callahan,MEM000137,FAC047,2026-02-01T15:00:00,93000,55.7,Chennai,CLEAN
CLM-833266FE,1000000128,Dr. Cameron Fisher,MEM000947,FAC008,2026-02-08T10:00:00,71045,77.69,Chennai,CLEAN
CLM-5F1D303D,1000000163,Dr. Jeffrey Johnson,MEM000411,FAC010,2026-06-16T15:00:00,93000,60.82,Chennai,CLEAN
CLM-3D1FF603,1000000097,Dr. Deborah Figueroa,MEM000977,FAC009,2026-01-08T17:00:00,99214,153.94,Chennai,CLEAN
CLM-F98EB107,1000000127,Dr. Jason Powell,MEM000586,FAC045,2026-01-23T09:00:00,99213,96.91,Chennai,CLEAN
CLM-5698FE62,1000000058,Dr. Brent Jordan,MEM000142,FAC042,2026-06-12T14:00:00,71045,74.07,Chennai,CLEAN
CLM-7AB316BD,1000000033,Dr. Nathan Maldonado,MEM000564,FAC040,2026-04-27T09:00:00,99214,139.74,Chennai,CLEAN
CLM-8CC30B92,1000000007,Dr. Gina Moore,MEM000047,FAC041,2026-06-19T16:00:00,99215,222.59,Chennai,CLEAN
CLM-7A549FC7,1000000157,Dr. Jason Stein,MEM000505,FAC047,2026-02-02T13:00:00,99214,151.7,Chennai,CLEAN
CLM-EF88E8D7,1000000031,Dr. James Ferrell,MEM000148,FAC039,2026-03-31T10:00:00,99215,212.73,Chennai,CLEAN
CLM-69B2F882,1000000183,Dr. Ashley Barton,MEM000830,FAC002,2026-03-26T17:00:00,99213,104.13,Chennai,CLEAN
CLM-0AF0CF23,1000000037,Dr. Cassandra Gaines,MEM000935,FAC040,2026-05-13T15:00:00,99213,106.12,Chennai,CLEAN
CLM-FE657AB4,1000000011,Dr. Jamie Arnold,MEM000294,FAC035,2026-01-08T11:00:00,99214,142.86,Chennai,CLEAN
CLM-9B44C86B,1000000107,Dr. Sierra Johnson,MEM000801,FAC022,2026-03-18T16:00:00,99215,217.85,Chennai,CLEAN
CLM-EA7D3DAA,1000000102,Dr. Rebecca Valencia,MEM000709,FAC038,2026-03-29T09:00:00,93000,54.28,Chennai,CLEAN
CLM-0FA8A1B8,1000000021,Dr. Patty Perez,MEM000649,FAC032,2026-05-30T17:00:00,99215,217.17,Chennai,CLEAN
CLM-5E26292F,1000000176,Dr. Michael Elliott,MEM000265,FAC013,2026-01-10T10:00:00,71045,77.27,Chennai,CLEAN
CLM-E7BFA212,1000000090,Dr. Matthew Mcmillan,MEM000441,FAC008,2026-02-26T17:00:00,93000,59.91,Chennai,CLEAN
CLM-38D1AB36,1000000130,Dr. Elizabeth Kelley,MEM000948,FAC032,2026-04-24T15:00:00,99215,216.72,Chennai,CLEAN
CLM-AAC66419,1000000157,Dr. Jason Stein,MEM000638,FAC015,2026-01-19T12:00:00,71045,82.54,Chennai,CLEAN
CLM-66B7D030,1000000013,Dr. Michele Williams,MEM000426,FAC041,2026-02-02T11:00:00,93000,54.28,Chennai,CLEAN
CLM-50F3EC85,1000000022,Dr. Ethan Adams,MEM000100,FAC046,2026-02-19T17:00:00,71045,72.15,Chennai,CLEAN
CLM-B8411839,1000000071,Dr. Whitney Peters,MEM000493,FAC037,2026-03-12T16:00:00,99213,105.07,Chennai,CLEAN
CLM-07422412,1000000157,Dr. Jason Stein,MEM000015,FAC013,2026-05-11T09:00:00,99214,144.88,Chennai,CLEAN
CLM-3126BFD0,1000000194,Dr. John Bishop,MEM000738,FAC046,2026-03-07T17:00:00,93000,63.57,Chennai,CLEAN
CLM-7E773EF5,1000000195,Dr. Allen Rosales,MEM000330,FAC046,2026-03-04T17:00:00,99214,163.52,Chennai,CLEAN
CLM-8C2C618A,1000000145,Dr. Joyce Solis,MEM000296,FAC019,2026-01-19T10:00:00,99215,218.22,Chennai,CLEAN
CLM-E5288446,1000000144,Dr. Amber Wright,MEM000748,FAC003,2026-04-03T12:00:00,99215,217.38,Chennai,CLEAN
CLM-1FFBF3D1,1000000143,Dr. Christopher Rubio,MEM000245,FAC037,2026-04-02T10:00:00,71045,79.59,Chennai,CLEAN
CLM-056CFAD3,1000000163,Dr. Jeffrey Johnson,MEM000057,FAC036,2026-03-26T12:00:00,99214,154.73,Chennai,CLEAN
CLM-F90FCF44,1000000100,Dr. Sandra Aguilar,MEM000505,FAC000,2026-05-23T13:00:00,93000,63.11,Chennai,CLEAN
CLM-FBDE3836,1000000103,Dr. Christine Wright,MEM000834,FAC040,2026-05-16T15:00:00,99215,214.72,Chennai,CLEAN
CLM-6646B990,1000000169,Dr. Daniel Murphy,MEM000152,FAC037,2026-02-12T14:00:00,93000,61.96,Chennai,CLEAN
CLM-FA663D3A,1000000040,Dr. Paula Moreno,MEM000538,FAC010,2026-05-18T09:00:00,99213,100.54,Chennai,CLEAN
CLM-4AC48E51,1000000039,Dr. Brittany Farmer,MEM000251,FAC023,2026-02-23T09:00:00,71045,86.37,Chennai,CLEAN
CLM-16658E2A,1000000131,Dr. Dustin Jordan,MEM000351,FAC027,2026-05-18T13:00:00,71045,79.76,Chennai,CLEAN
CLM-86E8C0FE,1000000104,Dr. Richard Henson,MEM000654,FAC031,2026-05-09T09:00:00,93000,65.39,Chennai,CLEAN
CLM-A759B5D3,1000000071,Dr. Whitney Peters,MEM000331,FAC035,2026-02-26T16:00:00,99215,230.3,Chennai,CLEAN
CLM-8C8A3AE5,1000000147,Dr. Stephanie Salazar,MEM000333,FAC036,2026-05-02T14:00:00,99214,137.38,Chennai,CLEAN
CLM-5B5429A7,1000000091,Dr. Brian Rodriguez,MEM000651,FAC012,2026-01-21T16:00:00,99215,237.48,Chennai,CLEAN
CLM-02CE1957,1000000175,Dr. Alex Hernandez,MEM000806,FAC045,2026-03-26T11:00:00,93000,62.4,Chennai,CLEAN
CLM-82D02877,1000000125,Dr. Erin Edwards,MEM000281,FAC034,2026-04-28T13:00:00,99213,109.34,Chennai,CLEAN
CLM-CDB3ADC5,1000000016,Dr. Holly Wood,MEM000722,FAC040,2026-03-16T17:00:00,71045,82.94,Chennai,CLEAN
CLM-8D1C36BA,1000000040,Dr. Paula Moreno,MEM000438,FAC028,2026-03-24T10:00:00,99213,105.8,Chennai,CLEAN
CLM-EE926337,1000000158,Dr. Melissa Gates,MEM000504,FAC027,2026-03-07T14:00:00,99214,143.05,Chennai,CLEAN
CLM-5E5107BB,1000000104,Dr. Richard Henson,MEM000364,FAC020,2026-01-19T14:00:00,71045,76.97,Chennai,CLEAN
CLM-8216C646,1000000028,Dr. Zachary Hicks,MEM000626,FAC025,2026-04-23T17:00:00,93000,59.12,Chennai,CLEAN
CLM-CA2BA158,1000000184,Dr. Lindsay Martinez,MEM000008,FAC003,2026-05-25T12:00:00,99215,230.4,Chennai,CLEAN
CLM-B3323F60,1000000047,Dr. Shane Henderson,MEM000062,FAC007,2026-04-12T12:00:00,99213,91.72,Chennai,CLEAN
CLM-5081E3C3,1000000188,Dr. Madison Poole,MEM000335,FAC036,2026-05-02T11:00:00,99214,162.66,Chennai,CLEAN
CLM-3F45A93A,1000000037,Dr. Cassandra Gaines,MEM000129,FAC033,2026-03-13T17:00:00,99214,144.16,Chennai,CLEAN
CLM-900EE599,1000000169,Dr. Daniel Murphy,MEM000614,FAC010,2026-05-03T15:00:00,71045,80.85,Chennai,CLEAN
CLM-753B6E5B,1000000145,Dr. Joyce Solis,MEM000643,FAC033,2026-03-07T15:00:00,99213,109.1,Chennai,CLEAN
CLM-72DD0795,1000000162,Dr. Lindsey Walker,MEM000895,FAC032,2026-01-09T13:00:00,99213,105.87,Chennai,CLEAN
CLM-9102E1C3,1000000050,Dr. Jessica Holmes,MEM000931,FAC019,2026-05-22T09:00:00,99213,106.77,Chennai,CLEAN
CLM-AA94C376,1000000085,Dr. Daniel Baker,MEM000891,FAC014,2026-04-23T12:00:00,99215,232.96,Chennai,CLEAN
CLM-21DDC963,1000000134,Dr. Rebecca Jackson,MEM000408,FAC025,2026-05-05T10:00:00,99215,212.36,Chennai,CLEAN
CLM-35B83B9F,1000000069,Dr. William Baker,MEM000426,FAC001,2026-03-30T12:00:00,93000,55.85,Chennai,CLEAN
CLM-F7335FB3,1000000100,Dr. Sandra Aguilar,MEM000041,FAC039,2026-04-22T16:00:00,99215,238.98,Chennai,CLEAN
CLM-F5555F88,1000000103,Dr. Christine Wright,MEM000648,FAC044,2026-02-05T16:00:00,99214,136.44,Chennai,CLEAN
CLM-DF9A9FC8,1000000085,Dr. Daniel Baker,MEM000767,FAC013,2026-04-12T13:00:00,93000,60.88,Chennai,CLEAN
CLM-81E4C9E2,1000000027,Dr. Stephanie Ross,MEM000613,FAC044,2026-02-09T17:00:00,99215,215.99,Chennai,CLEAN
CLM-75B40CBD,1000000189,Dr. Jessica Gross,MEM000641,FAC043,2026-02-09T17:00:00,99215,230.47,Chennai,CLEAN
CLM-48F1E95B,1000000043,Dr. Anthony Humphrey,MEM000087,FAC022,2026-03-24T12:00:00,93000,56.95,Chennai,CLEAN
CLM-8F8F445E,1000000005,Dr. Connie Lawrence,MEM000689,FAC031,2026-04-27T14:00:00,99215,222.16,Chennai,CLEAN
CLM-296806BD,1000000022,Dr. Ethan Adams,MEM000936,FAC010,2026-04-09T11:00:00,71045,76.16,Chennai,CLEAN
CLM-4BFA719E,1000000155,Dr. Michelle Brown,MEM000379,FAC025,2026-05-03T17:00:00,99215,210.7,Chennai,CLEAN
CLM-E7264D2A,1000000101,Dr. Cameron Parker,MEM000002,FAC028,2026-05-24T09:00:00,71045,85.28,Chennai,CLEAN
CLM-A4A5AB52,1000000021,Dr. Patty Perez,MEM000682,FAC036,2026-06-28T10:00:00,93000,60.06,Chennai,CLEAN
CLM-CA350BD8,1000000116,Dr. William Herrera,MEM000494,FAC023,2026-04-05T10:00:00,99214,152.18,Chennai,CLEAN
CLM-E40E82F6,1000000176,Dr. Michael Elliott,MEM000283,FAC019,2026-01-25T13:00:00,93000,63.37,Chennai,CLEAN
CLM-485FC3BF,1000000086,Dr. Shirley Suarez,MEM000210,FAC043,2026-01-26T15:00:00,99215,225.28,Chennai,CLEAN
CLM-3DC35682,1000000045,Dr. Philip Cannon,MEM000532,FAC048,2026-06-22T12:00:00,93000,63.37,Chennai,CLEAN
CLM-4747E96F,1000000086,Dr. Shirley Suarez,MEM000678,FAC036,2026-05-02T13:00:00,71045,79.12,Chennai,CLEAN
CLM-26ABA6EA,1000000089,Dr. Aimee Montoya,MEM000388,FAC049,2026-03-23T09:00:00,71045,72.3,Chennai,CLEAN
CLM-93D5A473,1000000083,Dr. Paul Jones,MEM000310,FAC046,2026-06-06T13:00:00,99214,154.16,Chennai,CLEAN
CLM-C751D1C0,1000000078,Dr. Steve Sanchez,MEM000227,FAC049,2026-04-21T17:00:00,71045,82.52,Chennai,CLEAN
CLM-831EC83C,1000000026,Dr. Justin Baker,MEM000344,FAC026,2026-05-25T11:00:00,99214,156.78,Chennai,CLEAN
CLM-BD1FD26E,1000000149,Dr. Stephanie Manning,MEM000272,FAC049,2026-06-06T09:00:00,71045,78.48,Chennai,CLEAN
CLM-4779353F,1000000177,Dr. Michael Wang,MEM000246,FAC019,2026-01-29T14:00:00,99214,145.8,Chennai,CLEAN
CLM-885853B1,1000000118,Dr. Victor Baker,MEM000477,FAC007,2026-01-14T09:00:00,99213,92.46,Chennai,CLEAN
CLM-CC448977,1000000085,Dr. Daniel Baker,MEM000658,FAC016,2026-04-29T16:00:00,99214,157.99,Chennai,CLEAN
CLM-79A4BD2D,1000000157,Dr. Jason Stein,MEM000984,FAC016,2026-03-03T10:00:00,99215,228.55,Chennai,CLEAN
CLM-5E929935,1000000123,Dr. Michelle Harmon,MEM000136,FAC011,2026-04-01T14:00:00,71045,87.39,Chennai,CLEAN
CLM-C6BE5F0F,1000000086,Dr. Shirley Suarez,MEM000410,FAC016,2026-01-27T12:00:00,99215,209.9,Chennai,CLEAN
CLM-B12FC5F1,1000000187,Dr. Samantha Garcia,MEM000649,FAC031,2026-03-21T10:00:00,71045,80.54,Chennai,CLEAN
CLM-837A4623,1000000166,Dr. Alyssa Long,MEM000383,FAC029,2026-02-24T14:00:00,99214,142.13,Chennai,CLEAN
CLM-36789991,1000000037,Dr. Cassandra Gaines,MEM000549,FAC023,2026-04-06T14:00:00,93000,54.21,Chennai,CLEAN
CLM-9381B276,1000000198,Dr. Adam Vaughan,MEM000690,FAC047,2026-05-30T14:00:00,71045,83.95,Chennai,CLEAN
CLM-E63C743B,1000000077,Dr. Megan Young,MEM000852,FAC031,2026-04-03T17:00:00,99213,103.07,Chennai,CLEAN
CLM-B9E5364D,1000000103,Dr. Christine Wright,MEM000045,FAC009,2026-05-16T13:00:00,99213,105.53,Chennai,CLEAN
CLM-824C3585,1000000105,Dr. Marc Moore,MEM000171,FAC015,2026-02-24T13:00:00,71045,72.03,Chennai,CLEAN
CLM-92329673,1000000004,Dr. Cristian Santos,MEM000476,FAC006,2026-03-06T15:00:00,93000,65.97,Chennai,CLEAN
CLM-601FF114,1000000113,Dr. Crystal Johnson,MEM000648,FAC045,2026-01-25T13:00:00,71045,82.71,Chennai,CLEAN
CLM-BB679A96,1000000125,Dr. Erin Edwards,MEM000737,FAC044,2026-03-04T13:00:00,99213,101.12,Chennai,CLEAN
CLM-1A45FC32,1000000182,Dr. Angela Vaughn,MEM000327,FAC036,2026-03-29T09:00:00,93000,62.55,Chennai,CLEAN
CLM-470DF0B2,1000000127,Dr. Jason Powell,MEM000961,FAC018,2026-04-06T15:00:00,99213,92.45,Chennai,CLEAN
CLM-FFD30674,1000000006,Dr. Abigail Shaffer,MEM000195,FAC038,2026-04-10T10:00:00,99213,91.56,Chennai,CLEAN
CLM-DB5D67F9,1000000089,Dr. Aimee Montoya,MEM000630,FAC043,2026-01-08T09:00:00,99213,98.77,Chennai,CLEAN
CLM-66D1F280,1000000009,Dr. Ryan Munoz,MEM000962,FAC024,2026-04-28T13:00:00,93000,54.4,Chennai,CLEAN
CLM-F1884FF5,1000000139,Dr. Angel Perry,MEM000442,FAC044,2026-06-02T11:00:00,93000,57.75,Chennai,CLEAN
CLM-818702B8,1000000174,Dr. Nicole Herring,MEM000100,FAC025,2026-06-30T11:00:00,99213,104.99,Chennai,CLEAN
CLM-C68FDD7E,1000000093,Dr. Christina Walters,MEM000592,FAC049,2026-03-02T17:00:00,93000,59.09,Chennai,CLEAN
CLM-4FEB0008,1000000102,Dr. Rebecca Valencia,MEM000693,FAC015,2026-04-01T12:00:00,71045,79.79,Chennai,CLEAN
CLM-973971AC,1000000061,Dr. Gerald Hensley,MEM000376,FAC043,2026-04-02T17:00:00,93000,58.89,Chennai,CLEAN
CLM-E02D5C76,1000000125,Dr. Erin Edwards,MEM000059,FAC029,2026-02-02T11:00:00,93000,60.46,Chennai,CLEAN
CLM-7E36573F,1000000069,Dr. William Baker,MEM000797,FAC005,2026-02-24T12:00:00,99215,234.09,Chennai,CLEAN
CLM-18A2FC63,1000000192,Dr. Debra Christian,MEM000198,FAC039,2026-01-02T10:00:00,99215,206.34,Chennai,CLEAN
CLM-CD375C02,1000000154,Dr. Brenda Hall,MEM000479,FAC019,2026-02-12T16:00:00,99215,240.93,Chennai,CLEAN
CLM-775C6259,1000000058,Dr. Brent Jordan,MEM000442,FAC025,2026-06-22T12:00:00,99215,219.11,Chennai,CLEAN
CLM-EF8ADA1B,1000000197,Dr. Spencer Haynes,MEM000744,FAC036,2026-04-16T16:00:00,99213,109.01,Chennai,CLEAN
CLM-7FB2AF7D,1000000068,Dr. James Brown,MEM000532,FAC001,2026-02-20T09:00:00,99213,108.28,Chennai,CLEAN
CLM-32D01268,1000000172,Dr. Joshua Cooke,MEM000738,FAC014,2026-04-04T15:00:00,99215,222.67,Chennai,CLEAN
CLM-1A53ACDE,1000000039,Dr. Brittany Farmer,MEM000399,FAC001,2026-05-12T11:00:00,99215,205.98,Chennai,CLEAN
CLM-B25D63DB,1000000171,Dr. Darlene Miller,MEM000425,FAC015,2026-05-01T13:00:00,99213,92.83,Chennai,CLEAN
CLM-919A9342,1000000129,Dr. Megan Orr,MEM000884,FAC048,2026-05-14T15:00:00,71045,87.02,Chennai,CLEAN
CLM-906B5039,1000000026,Dr. Justin Baker,MEM000090,FAC008,2026-06-22T11:00:00,99214,158.9,Chennai,CLEAN
CLM-CBDF275B,1000000042,Dr. Sherry Decker,MEM000077,FAC016,2026-06-10T11:00:00,99215,236.14,Chennai,CLEAN
CLM-8FD8E3DD,1000000096,Dr. Aaron Wise,MEM000084,FAC006,2026-05-30T16:00:00,93000,60.81,Chennai,CLEAN
CLM-04642244,1000000037,Dr. Cassandra Gaines,MEM000863,FAC021,2026-06-08T13:00:00,71045,87.63,Chennai,CLEAN
CLM-A1B04996,1000000194,Dr. John Bishop,MEM000326,FAC028,2026-03-09T13:00:00,71045,86.64,Chennai,CLEAN
CLM-0EC64F38,1000000179,Dr. Robert Oconnell,MEM000219,FAC011,2026-04-06T14:00:00,99215,210.6,Chennai,CLEAN
CLM-9E485744,1000000019,Dr. Carla Gray,MEM000112,FAC033,2026-01-25T17:00:00,99215,201.75,Chennai,CLEAN
CLM-B0CEBA8F,1000000097,Dr. Deborah Figueroa,MEM000943,FAC028,2026-02-18T17:00:00,99213,103.74,Chennai,CLEAN
CLM-D04C4AE8,1000000036,Dr. Sherri Baker,MEM000059,FAC013,2026-05-22T17:00:00,99213,103.8,Chennai,CLEAN
CLM-D005B707,1000000055,Dr. Michael Lewis,MEM000455,FAC046,2026-04-20T17:00:00,99215,232.33,Chennai,CLEAN
CLM-18173720,1000000137,Dr. Courtney Gonzalez,MEM000797,FAC017,2026-05-08T10:00:00,99215,214.81,Chennai,CLEAN
CLM-6F5CE6F3,1000000034,Dr. Debra Davidson,MEM000169,FAC001,2026-01-20T13:00:00,93000,56.93,Chennai,CLEAN
CLM-A2CFF501,1000000062,Dr. Connor West,MEM000331,FAC017,2026-01-16T10:00:00,99213,93.69,Chennai,CLEAN
CLM-92455914,1000000043,Dr. Anthony Humphrey,MEM000554,FAC013,2026-04-10T09:00:00,99214,135.05,Chennai,CLEAN
CLM-15D12698,1000000123,Dr. Michelle Harmon,MEM000899,FAC049,2026-04-12T13:00:00,71045,86.53,Chennai,CLEAN
CLM-3F556DD9,1000000011,Dr. Jamie Arnold,MEM000749,FAC036,2026-01-03T15:00:00,71045,78.97,Chennai,CLEAN
CLM-2C07DD7B,1000000139,Dr. Angel Perry,MEM000242,FAC049,2026-04-30T15:00:00,99214,157.21,Chennai,CLEAN
CLM-02A2C252,1000000095,Dr. Anna Henderson,MEM000002,FAC030,2026-04-18T16:00:00,99213,102.73,Chennai,CLEAN
CLM-E5EB30AF,1000000047,Dr. Shane Henderson,MEM000981,FAC006,2026-05-08T11:00:00,99213,95.64,Chennai,CLEAN
CLM-AEF0DE0C,1000000134,Dr. Rebecca Jackson,MEM000865,FAC033,2026-04-12T17:00:00,99213,103.14,Chennai,CLEAN
CLM-7E3AAE76,1000000026,Dr. Justin Baker,MEM000513,FAC024,2026-05-28T12:00:00,99213,94.52,Chennai,CLEAN
CLM-FCA00254,1000000171,Dr. Darlene Miller,MEM000165,FAC024,2026-03-18T14:00:00,71045,76.11,Chennai,CLEAN
CLM-6C968DD4,1000000109,Dr. Sharon Cochran,MEM000478,FAC019,2026-01-28T10:00:00,71045,72.59,Chennai,CLEAN
CLM-A6DCEFE3,1000000183,Dr. Ashley Barton,MEM000927,FAC043,2026-03-01T09:00:00,71045,84.55,Chennai,CLEAN
CLM-4E3C29FF,1000000064,Dr. Jessica Callahan,MEM000815,FAC036,2026-01-09T16:00:00,99213,94.59,Chennai,CLEAN
CLM-A60F3B47,1000000033,Dr. Nathan Maldonado,MEM000344,FAC042,2026-01-30T16:00:00,99213,92.47,Chennai,CLEAN
CLM-F1392C54,1000000017,Dr. Derek Zuniga,MEM000755,FAC023,2026-05-24T10:00:00,99214,146.91,Chennai,CLEAN
CLM-5B884749,1000000139,Dr. Angel Perry,MEM000145,FAC037,2026-04-11T16:00:00,99213,99.25,Chennai,CLEAN
CLM-CC37B0E0,1000000044,Dr. Angelica Tucker,MEM000120,FAC021,2026-03-05T10:00:00,93000,56.99,Chennai,CLEAN
CLM-953CF525,1000000101,Dr. Cameron Parker,MEM000746,FAC008,2026-03-29T11:00:00,71045,84.73,Chennai,CLEAN
CLM-F47C32E7,1000000035,Dr. Jeffrey Chavez,MEM000178,FAC007,2026-04-19T09:00:00,93000,62.49,Chennai,CLEAN
CLM-55B40163,1000000116,Dr. William Herrera,MEM000375,FAC017,2026-05-12T09:00:00,99214,160.95,Chennai,CLEAN
CLM-378D4999,1000000154,Dr. Brenda Hall,MEM000237,FAC012,2026-04-05T17:00:00,99214,157.68,Chennai,CLEAN
CLM-C57AFE5B,1000000076,Dr. Angela Lopez,MEM000196,FAC043,2026-06-09T10:00:00,99213,98.17,Chennai,CLEAN
CLM-31D16C4B,1000000114,Dr. Garrett Lin,MEM000245,FAC020,2026-01-22T16:00:00,99215,212.88,Chennai,CLEAN
CLM-3B702E1F,1000000064,Dr. Jessica Callahan,MEM000386,FAC036,2026-02-25T14:00:00,99213,90.52,Chennai,CLEAN
CLM-44706E7E,1000000041,Dr. Fred Smith,MEM000752,FAC005,2026-03-19T09:00:00,99213,93.01,Chennai,CLEAN
CLM-21ADA918,1000000139,Dr. Angel Perry,MEM000250,FAC012,2026-01-23T14:00:00,99215,220.58,Chennai,CLEAN
CLM-B2B7C54D,1000000162,Dr. Lindsey Walker,MEM000596,FAC045,2026-05-04T09:00:00,99214,145.17,Chennai,CLEAN
CLM-10BAD411,1000000194,Dr. John Bishop,MEM000883,FAC038,2026-04-27T10:00:00,71045,86.86,Chennai,CLEAN
CLM-F815848C,1000000020,Dr. Margaret Hawkins DDS,MEM000877,FAC031,2026-06-29T09:00:00,99214,135.98,Chennai,CLEAN
CLM-CA83B055,1000000105,Dr. Marc Moore,MEM000512,FAC028,2026-01-15T13:00:00,99213,92.59,Chennai,CLEAN
CLM-0AA373D2,1000000178,Dr. Lawrence Adkins,MEM000391,FAC000,2026-03-26T10:00:00,71045,76.05,Chennai,CLEAN
CLM-18123ED5,1000000059,Dr. John Daniel,MEM000779,FAC040,2026-06-11T17:00:00,93000,57.85,Chennai,CLEAN
CLM-0AFF41CE,1000000061,Dr. Gerald Hensley,MEM000458,FAC024,2026-05-24T13:00:00,99213,105.12,Chennai,CLEAN
CLM-28D72944,1000000116,Dr. William Herrera,MEM000782,FAC025,2026-04-28T16:00:00,71045,85.72,Chennai,CLEAN
CLM-435662B4,1000000002,Dr. Angie Henderson,MEM000397,FAC017,2026-02-27T13:00:00,99215,239.44,Chennai,CLEAN
CLM-83266FE5,1000000167,Dr. Alyssa Day,MEM000863,FAC045,2026-05-31T16:00:00,99214,160.28,Chennai,CLEAN
CLM-EDEADD1A,1000000163,Dr. Jeffrey Johnson,MEM000780,FAC030,2026-03-02T09:00:00,99214,141.77,Chennai,CLEAN
CLM-34DF281A,1000000067,Dr. Carol Tucker,MEM000594,FAC026,2026-04-26T14:00:00,71045,86.34,Chennai,CLEAN
CLM-D2B39F0B,1000000067,Dr. Carol Tucker,MEM000889,FAC021,2026-01-30T09:00:00,99215,221.89,Chennai,CLEAN
CLM-38F5914F,1000000136,Dr. Robert Potter,MEM000879,FAC002,2026-05-31T13:00:00,71045,83.61,Chennai,CLEAN
CLM-13022679,1000000055,Dr. Michael Lewis,MEM000863,FAC007,2026-05-19T10:00:00,99215,215.03,Chennai,CLEAN
CLM-6D010AC5,1000000087,Dr. Christopher Bass,MEM000865,FAC018,2026-02-11T16:00:00,99213,99.1,Chennai,CLEAN
CLM-2E64DE3B,1000000199,Dr. Nathan Freeman,MEM000869,FAC037,2026-04-03T13:00:00,71045,78.62,Chennai,CLEAN
CLM-F05CF301,1000000030,Dr. Rebecca Henderson,MEM000107,FAC006,2026-01-14T16:00:00,93000,59.67,Chennai,CLEAN
CLM-953767A0,1000000078,Dr. Steve Sanchez,MEM000902,FAC028,2026-04-03T13:00:00,99215,216.41,Chennai,CLEAN
CLM-C65B7AD9,1000000118,Dr. Victor Baker,MEM000153,FAC032,2026-05-25T16:00:00,99214,139.99,Chennai,CLEAN
CLM-CF892B34,1000000174,Dr. Nicole Herring,MEM000590,FAC013,2026-03-17T17:00:00,99215,209.81,Chennai,CLEAN
CLM-5C051D29,1000000174,Dr. Nicole Herring,MEM000025,FAC048,2026-02-22T09:00:00,93000,60.09,Chennai,CLEAN
CLM-C62F589C,1000000175,Dr. Alex Hernandez,MEM000389,FAC033,2026-03-31T15:00:00,99213,106.86,Chennai,CLEAN
CLM-F202CD8D,1000000097,Dr. Deborah Figueroa,MEM000740,FAC037,2026-06-02T11:00:00,71045,73.08,Chennai,CLEAN
CLM-3EAB2C20,1000000132,Dr. Mary Marshall,MEM000135,FAC026,2026-05-21T16:00:00,99213,102.5,Chennai,CLEAN
CLM-7F54766C,1000000113,Dr. Crystal Johnson,MEM000904,FAC028,2026-04-27T16:00:00,93000,58.5,Chennai,CLEAN
CLM-AB535401,1000000010,Dr. Monica Herrera,MEM000775,FAC041,2026-02-22T15:00:00,99214,146.29,Chennai,CLEAN
CLM-91C7C992,1000000127,Dr. Jason Powell,MEM000479,FAC037,2026-02-17T16:00:00,99213,103.4,Chennai,CLEAN
CLM-62E33037,1000000021,Dr. Patty Perez,MEM000056,FAC028,2026-03-03T14:00:00,99213,92.6,Chennai,CLEAN
CLM-85842AA3,1000000152,Dr. Denise Jones,MEM000429,FAC011,2026-02-17T09:00:00,71045,80.63,Chennai,CLEAN
CLM-AE739BD6,1000000167,Dr. Alyssa Day,MEM000938,FAC010,2026-03-15T12:00:00,99214,141.95,Chennai,CLEAN
CLM-59972A9A,1000000175,Dr. Alex Hernandez,MEM000964,FAC049,2026-03-03T09:00:00,99214,141.47,Chennai,CLEAN
CLM-C14DF90A,1000000150,Dr. David Wright,MEM000951,FAC014,2026-03-06T13:00:00,71045,72.36,Chennai,CLEAN
CLM-7DC8AD30,1000000102,Dr. Rebecca Valencia,MEM000833,FAC045,2026-01-08T15:00:00,93000,65.82,Chennai,CLEAN
CLM-E58EBF80,1000000066,Dr. Tracy House,MEM000724,FAC014,2026-06-24T09:00:00,71045,81.79,Chennai,CLEAN
CLM-4CDF3C0A,1000000167,Dr. Alyssa Day,MEM000133,FAC012,2026-03-29T16:00:00,93000,64.56,Chennai,CLEAN
CLM-8B35CBD0,1000000082,Dr. Michael Evans,MEM000797,FAC008,2026-06-03T13:00:00,99213,92.73,Chennai,CLEAN
CLM-DDB36076,1000000087,Dr. Christopher Bass,MEM000248,FAC030,2026-01-13T09:00:00,71045,85.78,Chennai,CLEAN
CLM-DC67314C,1000000067,Dr. Carol Tucker,MEM000259,FAC033,2026-05-23T14:00:00,99215,221.4,Chennai,CLEAN
CLM-A04F6F7F,1000000199,Dr. Nathan Freeman,MEM000969,FAC021,2026-03-04T10:00:00,99213,109.24,Chennai,CLEAN
CLM-33D31152,1000000161,Dr. Jennifer Adkins,MEM000771,FAC048,2026-05-14T09:00:00,99215,205.34,Chennai,CLEAN
CLM-E89C020D,1000000089,Dr. Aimee Montoya,MEM000986,FAC019,2026-02-06T17:00:00,99213,96.48,Chennai,CLEAN
CLM-C7B213F3,1000000113,Dr. Crystal Johnson,MEM000420,FAC048,2026-03-19T11:00:00,99215,212.65,Chennai,CLEAN
CLM-7BF87B7A,1000000007,Dr. Gina Moore,MEM000491,FAC035,2026-04-19T17:00:00,93000,61.65,Chennai,CLEAN
CLM-9B08A0F8,1000000114,Dr. Garrett Lin,MEM000557,FAC025,2026-01-08T11:00:00,99213,94.57,Chennai,CLEAN
CLM-287DEED8,1000000151,Dr. Pamela Boyd,MEM000973,FAC008,2026-02-13T10:00:00,99214,161.63,Chennai,CLEAN
CLM-F8046D96,1000000123,Dr. Michelle Harmon,MEM000035,FAC005,2026-06-09T14:00:00,93000,58.82,Chennai,CLEAN
CLM-06BA7F3F,1000000106,Dr. Sharon Cherry,MEM000944,FAC013,2026-06-01T11:00:00,93000,63.73,Chennai,CLEAN
CLM-1F0AD0CD,1000000144,Dr. Amber Wright,MEM000537,FAC049,2026-05-04T11:00:00,93000,59.96,Chennai,CLEAN
CLM-B5838C88,1000000179,Dr. Robert Oconnell,MEM000078,FAC016,2026-02-10T13:00:00,93000,58.35,Chennai,CLEAN
CLM-DFB2AE1E,1000000104,Dr. Richard Henson,MEM000177,FAC036,2026-01-29T16:00:00,93000,58.71,Chennai,CLEAN
CLM-B8248BA8,1000000076,Dr. Angela Lopez,MEM000117,FAC027,2026-01-03T12:00:00,99214,157.81,Chennai,CLEAN
CLM-2BE7EFE8,1000000138,Dr. David Alvarez,MEM000570,FAC032,2026-01-02T16:00:00,99213,90.39,Chennai,CLEAN
CLM-F908C2C0,1000000020,Dr. Margaret Hawkins DDS,MEM000718,FAC002,2026-02-15T17:00:00,71045,77.0,Chennai,CLEAN
CLM-8DFD2B54,1000000175,Dr. Alex Hernandez,MEM000081,FAC009,2026-01-06T11:00:00,99214,156.92,Chennai,CLEAN
CLM-89EBE92B,1000000167,Dr. Alyssa Day,MEM000770,FAC000,2026-01-22T16:00:00,99215,211.09,Chennai,CLEAN
CLM-C3EC80DF,1000000069,Dr. William Baker,MEM000068,FAC025,2026-03-12T17:00:00,71045,81.91,Chennai,CLEAN
CLM-63660FF4,1000000168,Dr. Joel Williams,MEM000885,FAC044,2026-01-18T09:00:00,99215,215.85,Chennai,CLEAN
CLM-B090F5C6,1000000033,Dr. Nathan Maldonado,MEM000895,FAC029,2026-03-23T09:00:00,99213,97.11,Chennai,CLEAN
CLM-8C3971C2,1000000103,Dr. Christine Wright,MEM000697,FAC043,2026-05-27T16:00:00,99215,210.13,Chennai,CLEAN
CLM-BAACD109,1000000013,Dr. Michele Williams,MEM000235,FAC046,2026-04-12T09:00:00,71045,80.55,Chennai,CLEAN
CLM-DF50E5E0,1000000196,Dr. Daniel Salinas,MEM000349,FAC018,2026-05-19T12:00:00,99214,135.4,Chennai,CLEAN
CLM-11239BB9,1000000095,Dr. Anna Henderson,MEM000519,FAC031,2026-02-06T12:00:00,93000,56.59,Chennai,CLEAN
CLM-CAFDD67C,1000000136,Dr. Robert Potter,MEM000724,FAC041,2026-01-03T15:00:00,99213,105.91,Chennai,CLEAN
CLM-A245010D,1000000066,Dr. Tracy House,MEM000343,FAC028,2026-06-02T11:00:00,99214,139.04,Chennai,CLEAN
CLM-A747D05B,1000000124,Dr. Helen Jones,MEM000077,FAC017,2026-06-19T17:00:00,99215,220.01,Chennai,CLEAN
CLM-996E7F55,1000000025,Dr. Judy Baker,MEM000635,FAC040,2026-04-28T09:00:00,99213,97.3,Chennai,CLEAN
CLM-1E2A3702,1000000184,Dr. Lindsay Martinez,MEM000109,FAC036,2026-04-21T16:00:00,93000,65.77,Chennai,CLEAN
CLM-EF9CEA42,1000000123,Dr. Michelle Harmon,MEM000685,FAC008,2026-01-08T11:00:00,99215,201.24,Chennai,CLEAN
CLM-ED05920E,1000000033,Dr. Nathan Maldonado,MEM000047,FAC007,2026-05-24T11:00:00,93000,62.69,Chennai,CLEAN
CLM-9568EF2B,1000000090,Dr. Matthew Mcmillan,MEM000129,FAC015,2026-02-28T11:00:00,93000,59.4,Chennai,CLEAN
CLM-27A704B3,1000000000,Dr. Allison Hill,MEM000851,FAC017,2026-05-28T12:00:00,71045,81.37,Chennai,CLEAN
CLM-B6947ECA,1000000129,Dr. Megan Orr,MEM000165,FAC037,2026-01-27T14:00:00,93000,65.58,Chennai,CLEAN
CLM-D15450E3,1000000161,Dr. Jennifer Adkins,MEM000930,FAC023,2026-03-24T10:00:00,99213,98.59,Chennai,CLEAN
CLM-0751825B,1000000054,Dr. Shannon Jones,MEM000821,FAC038,2026-06-15T16:00:00,99213,95.65,Chennai,CLEAN
CLM-D9D0DE6B,1000000042,Dr. Sherry Decker,MEM000996,FAC001,2026-04-30T14:00:00,71045,76.84,Chennai,CLEAN
CLM-2CFDC6D1,1000000028,Dr. Zachary Hicks,MEM000810,FAC019,2026-02-16T13:00:00,93000,63.73,Chennai,CLEAN
CLM-69EA68F2,1000000060,Dr. Victoria Garcia,MEM000596,FAC026,2026-02-10T15:00:00,99214,145.37,Chennai,CLEAN
CLM-85F9EDB8,1000000020,Dr. Margaret Hawkins DDS,MEM000529,FAC034,2026-03-02T10:00:00,99214,144.01,Chennai,CLEAN
CLM-A3ACFB4F,1000000147,Dr. Stephanie Salazar,MEM000975,FAC030,2026-04-26T12:00:00,71045,83.33,Chennai,CLEAN
CLM-A732B4E0,1000000118,Dr. Victor Baker,MEM000491,FAC010,2026-03-08T13:00:00,99214,154.06,Chennai,CLEAN
CLM-6480E605,1000000050,Dr. Jessica Holmes,MEM000644,FAC021,2026-03-19T16:00:00,93000,59.94,Chennai,CLEAN
CLM-8A04B354,1000000154,Dr. Brenda Hall,MEM000997,FAC024,2026-04-03T16:00:00,99213,96.75,Chennai,CLEAN
CLM-0549DC4B,1000000103,Dr. Christine Wright,MEM000770,FAC045,2026-03-20T12:00:00,93000,64.4,Chennai,CLEAN
CLM-FB7C2B18,1000000165,Dr. John Anderson,MEM000044,FAC010,2026-06-07T09:00:00,99214,143.11,Chennai,CLEAN
CLM-8343B877,1000000136,Dr. Robert Potter,MEM000662,FAC001,2026-06-14T13:00:00,99214,143.79,Chennai,CLEAN
CLM-1E6A4F5D,1000000148,Dr. Kathy Rivas,MEM000884,FAC026,2026-01-13T09:00:00,99213,101.35,Chennai,CLEAN
CLM-2DD346FD,1000000002,Dr. Angie Henderson,MEM000615,FAC004,2026-04-18T14:00:00,71045,75.65,Chennai,CLEAN
CLM-ADCABDCC,1000000106,Dr. Sharon Cherry,MEM000130,FAC018,2026-02-12T15:00:00,71045,83.11,Chennai,CLEAN
CLM-8A5B58B9,1000000177,Dr. Michael Wang,MEM000853,FAC008,2026-02-02T14:00:00,99215,224.13,Chennai,CLEAN
CLM-67939792,1000000008,Dr. Gabrielle Davis,MEM000226,FAC026,2026-06-03T12:00:00,99213,101.91,Chennai,CLEAN
CLM-91F557EA,1000000021,Dr. Patty Perez,MEM000735,FAC017,2026-06-11T09:00:00,99213,103.58,Chennai,CLEAN
CLM-7D32D986,1000000037,Dr. Cassandra Gaines,MEM000477,FAC015,2026-01-28T10:00:00,71045,74.95,Chennai,CLEAN
CLM-7DF8EBFA,1000000046,Dr. John Pierce,MEM000405,FAC019,2026-01-17T13:00:00,71045,87.36,Chennai,CLEAN
CLM-9445EB7B,1000000084,Dr. Zachary Ferrell,MEM000431,FAC036,2026-01-04T09:00:00,99213,100.43,Chennai,CLEAN
CLM-D9383201,1000000032,Dr. Tricia Valencia,MEM000940,FAC039,2026-02-27T12:00:00,99215,224.88,Chennai,CLEAN
CLM-2FDD1832,1000000188,Dr. Madison Poole,MEM000279,FAC028,2026-03-20T11:00:00,99214,152.26,Chennai,CLEAN
CLM-19AC0CE4,1000000163,Dr. Jeffrey Johnson,MEM000248,FAC048,2026-06-15T14:00:00,93000,59.01,Chennai,CLEAN
CLM-21E22A54,1000000106,Dr. Sharon Cherry,MEM000933,FAC044,2026-05-04T16:00:00,99213,109.66,Chennai,CLEAN
CLM-8E905FB8,1000000063,Dr. Donald Wright,MEM000883,FAC038,2026-01-06T11:00:00,99214,147.94,Chennai,CLEAN
CLM-E5BB43B9,1000000041,Dr. Fred Smith,MEM000759,FAC019,2026-04-30T12:00:00,71045,77.19,Chennai,CLEAN
CLM-44974626,1000000010,Dr. Monica Herrera,MEM000736,FAC012,2026-02-06T09:00:00,93000,54.46,Chennai,CLEAN
CLM-1F853B47,1000000162,Dr. Lindsey Walker,MEM000056,FAC027,2026-03-18T16:00:00,71045,73.08,Chennai,CLEAN
CLM-F3C121B2,1000000165,Dr. John Anderson,MEM000319,FAC019,2026-02-07T16:00:00,93000,59.87,Chennai,CLEAN
CLM-46D6B40F,1000000188,Dr. Madison Poole,MEM000722,FAC020,2026-03-23T13:00:00,99213,104.29,Chennai,CLEAN
CLM-157BF049,1000000072,Dr. Brittney Phillips,MEM000180,FAC041,2026-03-05T10:00:00,71045,81.91,Chennai,CLEAN
CLM-DE78A0AF,1000000153,Dr. Devon Flores,MEM000147,FAC046,2026-06-30T09:00:00,71045,79.09,Chennai,CLEAN
CLM-FE7F07DC,1000000093,Dr. Christina Walters,MEM000830,FAC017,2026-05-27T12:00:00,93000,56.36,Chennai,CLEAN
CLM-4D6586F4,1000000059,Dr. John Daniel,MEM000700,FAC036,2026-04-13T09:00:00,99215,212.06,Chennai,CLEAN
CLM-34BCC3A6,1000000054,Dr. Shannon Jones,MEM000757,FAC049,2026-06-21T11:00:00,99215,205.68,Chennai,CLEAN
CLM-013217E9,1000000120,Dr. Larry Dixon,MEM000571,FAC044,2026-02-26T14:00:00,71045,75.17,Chennai,CLEAN
CLM-DADCA35E,1000000130,Dr. Elizabeth Kelley,MEM000100,FAC014,2026-03-05T09:00:00,71045,75.72,Chennai,CLEAN
CLM-D5ABEA10,1000000087,Dr. Christopher Bass,MEM000254,FAC040,2026-06-23T12:00:00,99213,93.62,Chennai,CLEAN
CLM-8F69A249,1000000058,Dr. Brent Jordan,MEM000433,FAC019,2026-01-26T11:00:00,99214,143.79,Chennai,CLEAN
CLM-308F2E59,1000000121,Dr. Kenneth Scott,MEM000955,FAC016,2026-01-06T17:00:00,99215,206.4,Chennai,CLEAN
CLM-7A486E56,1000000117,Dr. Ashley Waller,MEM000161,FAC003,2026-03-03T12:00:00,99215,199.97,Chennai,CLEAN
CLM-BEE25B22,1000000018,Dr. Lisa Jackson,MEM000409,FAC003,2026-02-02T12:00:00,99214,144.8,Chennai,CLEAN
CLM-8972AC14,1000000007,Dr. Gina Moore,MEM000499,FAC045,2026-01-23T14:00:00,99215,212.27,Chennai,CLEAN
CLM-F763DBBC,1000000127,Dr. Jason Powell,MEM000055,FAC037,2026-03-10T09:00:00,99215,204.68,Chennai,CLEAN
CLM-7B52F325,1000000165,Dr. John Anderson,MEM000837,FAC043,2026-06-22T13:00:00,99215,215.3,Chennai,CLEAN
CLM-12D983E0,1000000018,Dr. Lisa Jackson,MEM000080,FAC037,2026-06-08T11:00:00,99215,233.77,Chennai,CLEAN
CLM-8312CC3C,1000000022,Dr. Ethan Adams,MEM000134,FAC020,2026-03-01T17:00:00,99213,108.83,Chennai,CLEAN
CLM-1B10B53B,1000000197,Dr. Spencer Haynes,MEM000529,FAC004,2026-05-31T10:00:00,99214,159.67,Chennai,CLEAN
CLM-7353F559,1000000187,Dr. Samantha Garcia,MEM000997,FAC022,2026-01-06T14:00:00,99214,156.88,Chennai,CLEAN
CLM-B7336E49,1000000079,Dr. Lisa Barnes,MEM000625,FAC016,2026-01-18T16:00:00,99213,96.66,Chennai,CLEAN
CLM-F7AEBAEE,1000000127,Dr. Jason Powell,MEM000878,FAC048,2026-03-22T14:00:00,71045,87.19,Chennai,CLEAN
CLM-529BE279,1000000100,Dr. Sandra Aguilar,MEM000442,FAC014,2026-02-14T17:00:00,99214,164.42,Chennai,CLEAN
CLM-E09A7FFD,1000000104,Dr. Richard Henson,MEM000251,FAC001,2026-04-21T10:00:00,71045,74.15,Chennai,CLEAN
CLM-BFF7E77B,1000000019,Dr. Carla Gray,MEM000687,FAC042,2026-05-18T14:00:00,71045,75.8,Chennai,CLEAN
CLM-A43E507E,1000000033,Dr. Nathan Maldonado,MEM000009,FAC049,2026-01-01T16:00:00,71045,87.03,Chennai,CLEAN
CLM-6CE483D8,1000000080,Dr. Kelly Donovan,MEM000042,FAC018,2026-02-09T09:00:00,99215,224.71,Chennai,CLEAN
CLM-9E237901,1000000168,Dr. Joel Williams,MEM000394,FAC032,2026-04-02T15:00:00,93000,59.34,Chennai,CLEAN
CLM-4D1A9D0D,1000000019,Dr. Carla Gray,MEM000313,FAC012,2026-06-25T12:00:00,71045,72.38,Chennai,CLEAN
CLM-1DB37D27,1000000129,Dr. Megan Orr,MEM000043,FAC047,2026-06-01T09:00:00,99213,90.88,Chennai,CLEAN
CLM-3DF38A3A,1000000072,Dr. Brittney Phillips,MEM000783,FAC048,2026-04-17T10:00:00,99213,104.65,Chennai,CLEAN
CLM-D4A4FD4E,1000000153,Dr. Devon Flores,MEM000152,FAC031,2026-05-12T17:00:00,93000,60.69,Chennai,CLEAN
CLM-02E286C0,1000000137,Dr. Courtney Gonzalez,MEM000608,FAC013,2026-01-10T13:00:00,71045,82.5,Chennai,CLEAN
CLM-963D5E97,1000000098,Dr. Jessica Smith,MEM000960,FAC015,2026-05-23T17:00:00,99213,98.15,Chennai,CLEAN
CLM-5D59F35A,1000000130,Dr. Elizabeth Kelley,MEM000484,FAC045,2026-05-18T14:00:00,99213,100.55,Chennai,CLEAN
CLM-7E276A25,1000000175,Dr. Alex Hernandez,MEM000361,FAC026,2026-06-02T09:00:00,99215,225.62,Chennai,CLEAN
CLM-730AFEE9,1000000169,Dr. Daniel Murphy,MEM000605,FAC024,2026-03-27T15:00:00,93000,60.44,Chennai,CLEAN
CLM-E48EB974,1000000041,Dr. Fred Smith,MEM000389,FAC030,2026-02-15T17:00:00,99213,90.24,Chennai,CLEAN
CLM-EF5C2AAC,1000000039,Dr. Brittany Farmer,MEM000731,FAC031,2026-02-10T09:00:00,93000,55.35,Chennai,CLEAN
CLM-241C4ACD,1000000171,Dr. Darlene Miller,MEM000966,FAC018,2026-04-25T11:00:00,99214,148.74,Chennai,CLEAN
CLM-954E8DD7,1000000090,Dr. Matthew Mcmillan,MEM000430,FAC018,2026-01-05T16:00:00,93000,56.68,Chennai,CLEAN
CLM-07259820,1000000185,Dr. Dr. Hannah Patterson,MEM000729,FAC049,2026-01-08T17:00:00,99214,136.49,Chennai,CLEAN
CLM-64F8F8DE,1000000102,Dr. Rebecca Valencia,MEM000618,FAC028,2026-05-14T14:00:00,99213,102.83,Chennai,CLEAN
CLM-DE763DE8,1000000088,Dr. Lisa Archer,MEM000290,FAC038,2026-05-21T12:00:00,71045,79.38,Chennai,CLEAN
CLM-F6D875D4,1000000020,Dr. Margaret Hawkins DDS,MEM000266,FAC024,2026-05-04T13:00:00,93000,54.42,Chennai,CLEAN
CLM-97E38CC7,1000000111,Dr. Shannon Walker,MEM000388,FAC033,2026-05-12T15:00:00,71045,77.96,Chennai,CLEAN
CLM-BC7458A3,1000000143,Dr. Christopher Rubio,MEM000345,FAC048,2026-05-06T10:00:00,99213,98.5,Chennai,CLEAN
CLM-2855A370,1000000090,Dr. Matthew Mcmillan,MEM000441,FAC002,2026-03-31T14:00:00,71045,75.32,Chennai,CLEAN
CLM-5F052810,1000000077,Dr. Megan Young,MEM000254,FAC048,2026-01-23T17:00:00,99213,108.32,Chennai,CLEAN
CLM-F2BDCC54,1000000167,Dr. Alyssa Day,MEM000449,FAC013,2026-05-31T11:00:00,99213,104.4,Chennai,CLEAN
CLM-33865AA1,1000000034,Dr. Debra Davidson,MEM000357,FAC033,2026-03-30T15:00:00,99215,231.37,Chennai,CLEAN
CLM-DABA2D4F,1000000054,Dr. Shannon Jones,MEM000245,FAC049,2026-05-01T16:00:00,71045,84.71,Chennai,CLEAN
CLM-89A086D8,1000000004,Dr. Cristian Santos,MEM000693,FAC012,2026-01-26T15:00:00,71045,83.0,Chennai,CLEAN
CLM-C09F26CB,1000000123,Dr. Michelle Harmon,MEM000110,FAC037,2026-02-11T15:00:00,99213,97.42,Chennai,CLEAN
CLM-80D2EFE7,1000000140,Dr. Cheyenne Horton,MEM000492,FAC043,2026-02-09T09:00:00,99213,92.87,Chennai,CLEAN
CLM-E78CF9DA,1000000170,Dr. Jamie Walton,MEM000058,FAC008,2026-04-06T13:00:00,99215,212.13,Chennai,CLEAN
CLM-F61F14B0,1000000168,Dr. Joel Williams,MEM000059,FAC021,2026-03-17T09:00:00,93000,65.92,Chennai,CLEAN
CLM-8C0DBAA6,1000000184,Dr. Lindsay Martinez,MEM000037,FAC042,2026-05-25T17:00:00,99214,152.04,Chennai,CLEAN
CLM-4A1D6A11,1000000126,Dr. Michelle Evans,MEM000411,FAC040,2026-04-28T12:00:00,93000,60.12,Chennai,CLEAN
CLM-3D74C766,1000000034,Dr. Debra Davidson,MEM000317,FAC024,2026-01-25T15:00:00,99214,135.4,Chennai,CLEAN
CLM-A59E4328,1000000197,Dr. Spencer Haynes,MEM000288,FAC015,2026-05-15T12:00:00,99213,90.55,Chennai,CLEAN
CLM-7B23EB64,1000000148,Dr. Kathy Rivas,MEM000081,FAC018,2026-02-27T14:00:00,99214,153.45,Chennai,CLEAN
CLM-2DEB6202,1000000158,Dr. Melissa Gates,MEM000959,FAC014,2026-01-05T16:00:00,99215,202.68,Chennai,CLEAN
CLM-F9352AF2,1000000145,Dr. Joyce Solis,MEM000579,FAC041,2026-04-16T14:00:00,99215,216.19,Chennai,CLEAN
CLM-0B2B59C8,1000000099,Dr. Stephen Mckee,MEM000156,FAC032,2026-06-08T16:00:00,99214,145.78,Chennai,CLEAN
CLM-C3983077,1000000133,Dr. Daniel Kennedy,MEM000620,FAC024,2026-02-10T11:00:00,99215,204.83,Chennai,CLEAN
CLM-3A18FA8E,1000000199,Dr. Nathan Freeman,MEM000335,FAC040,2026-04-14T09:00:00,99213,93.32,Chennai,CLEAN
CLM-C935B1B6,1000000063,Dr. Donald Wright,MEM000038,FAC008,2026-02-27T13:00:00,99213,97.45,Chennai,CLEAN
CLM-8C12FD17,1000000190,Dr. Debra Morton,MEM000479,FAC028,2026-01-27T11:00:00,99215,201.47,Chennai,CLEAN
CLM-D72B51C1,1000000094,Dr. John Whitehead,MEM000531,FAC036,2026-01-12T13:00:00,99213,108.46,Chennai,CLEAN
CLM-406F6304,1000000161,Dr. Jennifer Adkins,MEM000169,FAC049,2026-05-10T09:00:00,99215,201.06,Chennai,CLEAN
CLM-B2D870AF,1000000103,Dr. Christine Wright,MEM000441,FAC002,2026-05-19T10:00:00,99214,141.53,Chennai,CLEAN
CLM-3D2C79FF,1000000032,Dr. Tricia Valencia,MEM000499,FAC033,2026-05-22T13:00:00,99215,219.38,Chennai,CLEAN
CLM-7042D99A,1000000157,Dr. Jason Stein,MEM000034,FAC037,2026-05-23T15:00:00,99214,147.49,Chennai,CLEAN
CLM-F5333B0E,1000000083,Dr. Paul Jones,MEM000143,FAC030,2026-04-11T14:00:00,93000,63.72,Chennai,CLEAN
CLM-PHANTOM-8647A2,1999999999,Dr. Synthetic-A (Phantom),GHOST-MEM-9876,FAC018,2026-01-30T09:00:00,99215,450.0,Chennai,PHANTOM_BILLING
CLM-PHANTOM-E68FCD,1999999999,Dr. Synthetic-A (Phantom),GHOST-MEM-9310,FAC009,2026-01-11T09:00:00,99215,450.0,Chennai,PHANTOM_BILLING
CLM-PHANTOM-95F62D,1999999999,Dr. Synthetic-A (Phantom),GHOST-MEM-9148,FAC010,2026-01-27T09:00:00,99215,450.0,Chennai,PHANTOM_BILLING
CLM-PHANTOM-6F993C,1999999999,Dr. Synthetic-A (Phantom),GHOST-MEM-9710,FAC035,2026-01-20T09:00:00,99215,450.0,Chennai,PHANTOM_BILLING
CLM-PHANTOM-5EF9A3,1999999999,Dr. Synthetic-A (Phantom),GHOST-MEM-9257,FAC034,2026-02-14T09:00:00,99215,450.0,Chennai,PHANTOM_BILLING
CLM-PHANTOM-04CFD8,1999999999,Dr. Synthetic-A (Phantom),GHOST-MEM-9856,FAC025,2026-01-23T09:00:00,99215,450.0,Chennai,PHANTOM_BILLING
CLM-PHANTOM-D05464,1999999999,Dr. Synthetic-A (Phantom),GHOST-MEM-9741,FAC004,2026-01-26T09:00:00,99215,450.0,Chennai,PHANTOM_BILLING
CLM-PHANTOM-67FB3B,1999999999,Dr. Synthetic-A (Phantom),GHOST-MEM-9889,FAC029,2026-01-26T09:00:00,99215,450.0,Chennai,PHANTOM_BILLING
CLM-PHANTOM-FF4802,1999999999,Dr. Synthetic-A (Phantom),GHOST-MEM-9473,FAC004,2026-01-30T09:00:00,99215,450.0,Chennai,PHANTOM_BILLING
CLM-PHANTOM-47B021,1999999999,Dr. Synthetic-A (Phantom),GHOST-MEM-9375,FAC002,2026-01-25T09:00:00,99215,450.0,Chennai,PHANTOM_BILLING
CLM-PHANTOM-8447BA,1999999999,Dr. Synthetic-A (Phantom),GHOST-MEM-9965,FAC004,2026-01-18T09:00:00,99215,450.0,Chennai,PHANTOM_BILLING
CLM-PHANTOM-16FFC1,1999999999,Dr. Synthetic-A (Phantom),GHOST-MEM-9935,FAC034,2026-01-13T09:00:00,99215,450.0,Chennai,PHANTOM_BILLING
CLM-PHANTOM-4DA839,1999999999,Dr. Synthetic-A (Phantom),GHOST-MEM-9712,FAC009,2026-02-04T09:00:00,99215,450.0,Chennai,PHANTOM_BILLING
CLM-PHANTOM-D9F1B4,1999999999,Dr. Synthetic-A (Phantom),GHOST-MEM-9695,FAC024,2026-02-20T09:00:00,99215,450.0,Chennai,PHANTOM_BILLING
CLM-PHANTOM-BB6535,1999999999,Dr. Synthetic-A (Phantom),GHOST-MEM-9601,FAC007,2026-01-27T09:00:00,99215,450.0,Chennai,PHANTOM_BILLING
CLM-PHANTOM-0E72ED,1999999999,Dr. Synthetic-A (Phantom),GHOST-MEM-9806,FAC007,2026-02-18T09:00:00,99215,450.0,Chennai,PHANTOM_BILLING
CLM-PHANTOM-0EDA63,1999999999,Dr. Synthetic-A (Phantom),GHOST-MEM-9780,FAC015,2026-02-16T09:00:00,99215,450.0,Chennai,PHANTOM_BILLING
CLM-PHANTOM-A664F4,1999999999,Dr. Synthetic-A (Phantom),GHOST-MEM-9418,FAC000,2026-02-04T09:00:00,99215,450.0,Chennai,PHANTOM_BILLING
CLM-PHANTOM-6E7C3E,1999999999,Dr. Synthetic-A (Phantom),GHOST-MEM-9087,FAC001,2026-01-27T09:00:00,99215,450.0,Chennai,PHANTOM_BILLING
CLM-PHANTOM-7C6024,1999999999,Dr. Synthetic-A (Phantom),GHOST-MEM-9465,FAC005,2026-02-12T09:00:00,99215,450.0,Chennai,PHANTOM_BILLING
CLM-PHANTOM-B4137F,1999999999,Dr. Synthetic-A (Phantom),GHOST-MEM-9581,FAC047,2026-01-18T09:00:00,99215,450.0,Chennai,PHANTOM_BILLING
CLM-PHANTOM-78E153,1999999999,Dr. Synthetic-A (Phantom),GHOST-MEM-9850,FAC006,2026-02-17T09:00:00,99215,450.0,Chennai,PHANTOM_BILLING
CLM-PHANTOM-2006E1,1999999999,Dr. Synthetic-A (Phantom),GHOST-MEM-9823,FAC039,2026-01-19T09:00:00,99215,450.0,Chennai,PHANTOM_BILLING
CLM-PHANTOM-C7F932,1999999999,Dr. Synthetic-A (Phantom),GHOST-MEM-9751,FAC020,2026-02-04T09:00:00,99215,450.0,Chennai,PHANTOM_BILLING
CLM-PHANTOM-06E5A0,1999999999,Dr. Synthetic-A (Phantom),GHOST-MEM-9979,FAC042,2026-02-18T09:00:00,99215,450.0,Chennai,PHANTOM_BILLING
CLM-PHANTOM-5247E4,1999999999,Dr. Synthetic-A (Phantom),GHOST-MEM-9146,FAC019,2026-02-11T09:00:00,99215,450.0,Chennai,PHANTOM_BILLING
CLM-PHANTOM-7AAAA9,1999999999,Dr. Synthetic-A (Phantom),GHOST-MEM-9419,FAC035,2026-02-15T09:00:00,99215,450.0,Chennai,PHANTOM_BILLING
CLM-PHANTOM-8BDAE3,1999999999,Dr. Synthetic-A (Phantom),GHOST-MEM-9685,FAC049,2026-01-24T09:00:00,99215,450.0,Chennai,PHANTOM_BILLING
CLM-PHANTOM-F4547B,1999999999,Dr. Synthetic-A (Phantom),GHOST-MEM-9296,FAC004,2026-01-13T09:00:00,99215,450.0,Chennai,PHANTOM_BILLING
CLM-PHANTOM-16F71A,1999999999,Dr. Synthetic-A (Phantom),GHOST-MEM-9225,FAC016,2026-01-16T09:00:00,99215,450.0,Chennai,PHANTOM_BILLING
CLM-PHANTOM-1E1171,1999999999,Dr. Synthetic-A (Phantom),GHOST-MEM-9287,FAC005,2026-01-23T09:00:00,99215,450.0,Chennai,PHANTOM_BILLING
CLM-PHANTOM-4368AE,1999999999,Dr. Synthetic-A (Phantom),GHOST-MEM-9773,FAC004,2026-02-13T09:00:00,99215,450.0,Chennai,PHANTOM_BILLING
CLM-PHANTOM-D2C429,1999999999,Dr. Synthetic-A (Phantom),GHOST-MEM-9106,FAC007,2026-02-15T09:00:00,99215,450.0,Chennai,PHANTOM_BILLING
CLM-PHANTOM-CDA345,1999999999,Dr. Synthetic-A (Phantom),GHOST-MEM-9648,FAC006,2026-01-30T09:00:00,99215,450.0,Chennai,PHANTOM_BILLING
CLM-PHANTOM-BB382F,1999999999,Dr. Synthetic-A (Phantom),GHOST-MEM-9009,FAC021,2026-01-16T09:00:00,99215,450.0,Chennai,PHANTOM_BILLING
CLM-PHANTOM-BB32FC,1999999999,Dr. Synthetic-A (Phantom),GHOST-MEM-9714,FAC045,2026-01-25T09:00:00,99215,450.0,Chennai,PHANTOM_BILLING
CLM-PHANTOM-AC85D5,1999999999,Dr. Synthetic-A (Phantom),GHOST-MEM-9160,FAC020,2026-02-20T09:00:00,99215,450.0,Chennai,PHANTOM_BILLING
CLM-PHANTOM-E2CCB4,1999999999,Dr. Synthetic-A (Phantom),GHOST-MEM-9118,FAC028,2026-02-17T09:00:00,99215,450.0,Chennai,PHANTOM_BILLING
CLM-PHANTOM-FF802E,1999999999,Dr. Synthetic-A (Phantom),GHOST-MEM-9684,FAC000,2026-01-30T09:00:00,99215,450.0,Chennai,PHANTOM_BILLING
CLM-PHANTOM-A5D7FD,1999999999,Dr. Synthetic-A (Phantom),GHOST-MEM-9319,FAC028,2026-01-13T09:00:00,99215,450.0,Chennai,PHANTOM_BILLING
CLM-PHANTOM-9434FB,1999999999,Dr. Synthetic-A (Phantom),GHOST-MEM-9514,FAC023,2026-02-06T09:00:00,99215,450.0,Chennai,PHANTOM_BILLING
CLM-PHANTOM-F9A527,1999999999,Dr. Synthetic-A (Phantom),GHOST-MEM-9001,FAC036,2026-01-28T09:00:00,99215,450.0,Chennai,PHANTOM_BILLING
CLM-PHANTOM-BCC712,1999999999,Dr. Synthetic-A (Phantom),GHOST-MEM-9811,FAC003,2026-02-04T09:00:00,99215,450.0,Chennai,PHANTOM_BILLING
CLM-PHANTOM-CCAD51,1999999999,Dr. Synthetic-A (Phantom),GHOST-MEM-9464,FAC006,2026-01-29T09:00:00,99215,450.0,Chennai,PHANTOM_BILLING
CLM-PHANTOM-7BC41A,1999999999,Dr. Synthetic-A (Phantom),GHOST-MEM-9676,FAC032,2026-02-09T09:00:00,99215,450.0,Chennai,PHANTOM_BILLING
CLM-PHANTOM-C04A3B,1999999999,Dr. Synthetic-A (Phantom),GHOST-MEM-9539,FAC013,2026-01-15T09:00:00,99215,450.0,Chennai,PHANTOM_BILLING
CLM-PHANTOM-FCEC97,1999999999,Dr. Synthetic-A (Phantom),GHOST-MEM-9022,FAC012,2026-01-17T09:00:00,99215,450.0,Chennai,PHANTOM_BILLING
CLM-PHANTOM-41C453,1999999999,Dr. Synthetic-A (Phantom),GHOST-MEM-9268,FAC022,2026-02-04T09:00:00,99215,450.0,Chennai,PHANTOM_BILLING
CLM-PHANTOM-397AB6,1999999999,Dr. Synthetic-A (Phantom),GHOST-MEM-9278,FAC020,2026-02-10T09:00:00,99215,450.0,Chennai,PHANTOM_BILLING
CLM-PHANTOM-C2D779,1999999999,Dr. Synthetic-A (Phantom),GHOST-MEM-9128,FAC048,2026-01-20T09:00:00,99215,450.0,Chennai,PHANTOM_BILLING
CLM-PHANTOM-941530,1999999999,Dr. Synthetic-A (Phantom),GHOST-MEM-9468,FAC020,2026-02-10T09:00:00,99215,450.0,Chennai,PHANTOM_BILLING
CLM-PHANTOM-E6061C,1999999999,Dr. Synthetic-A (Phantom),GHOST-MEM-9614,FAC017,2026-01-14T09:00:00,99215,450.0,Chennai,PHANTOM_BILLING
CLM-PHANTOM-1D68F1,1999999999,Dr. Synthetic-A (Phantom),GHOST-MEM-9465,FAC046,2026-01-28T09:00:00,99215,450.0,Chennai,PHANTOM_BILLING
CLM-PHANTOM-F0662F,1999999999,Dr. Synthetic-A (Phantom),GHOST-MEM-9027,FAC014,2026-01-24T09:00:00,99215,450.0,Chennai,PHANTOM_BILLING
CLM-PHANTOM-7C7134,1999999999,Dr. Synthetic-A (Phantom),GHOST-MEM-9878,FAC028,2026-01-27T09:00:00,99215,450.0,Chennai,PHANTOM_BILLING
CLM-PHANTOM-8AC9CE,1999999999,Dr. Synthetic-A (Phantom),GHOST-MEM-9264,FAC039,2026-02-20T09:00:00,99215,450.0,Chennai,PHANTOM_BILLING
CLM-PHANTOM-58EA51,1999999999,Dr. Synthetic-A (Phantom),GHOST-MEM-9594,FAC039,2026-02-13T09:00:00,99215,450.0,Chennai,PHANTOM_BILLING
CLM-PHANTOM-C89DE6,1999999999,Dr. Synthetic-A (Phantom),GHOST-MEM-9460,FAC000,2026-02-18T09:00:00,99215,450.0,Chennai,PHANTOM_BILLING
CLM-PHANTOM-ACB1E7,1999999999,Dr. Synthetic-A (Phantom),GHOST-MEM-9965,FAC014,2026-01-26T09:00:00,99215,450.0,Chennai,PHANTOM_BILLING
CLM-PHANTOM-0D05C7,1999999999,Dr. Synthetic-A (Phantom),GHOST-MEM-9623,FAC006,2026-01-25T09:00:00,99215,450.0,Chennai,PHANTOM_BILLING
CLM-UPCODE-667885,1777777777,Dr. Synthetic-C (Upcoder),MEM000402,FAC047,2026-03-31T09:00:00,99215,1800.0,Mumbai,UPCODING
CLM-UPCODE-BDD785,1777777777,Dr. Synthetic-C (Upcoder),MEM000295,FAC005,2026-03-03T09:00:00,99215,1800.0,Mumbai,UPCODING
CLM-UPCODE-CFC424,1777777777,Dr. Synthetic-C (Upcoder),MEM000835,FAC040,2026-03-17T09:00:00,99215,1800.0,Mumbai,UPCODING
CLM-UPCODE-2522B8,1777777777,Dr. Synthetic-C (Upcoder),MEM000986,FAC019,2026-02-24T09:00:00,99215,1800.0,Mumbai,UPCODING
CLM-UPCODE-48311E,1777777777,Dr. Synthetic-C (Upcoder),MEM000004,FAC024,2026-02-21T09:00:00,99215,1800.0,Mumbai,UPCODING
CLM-UPCODE-70F29C,1777777777,Dr. Synthetic-C (Upcoder),MEM000229,FAC010,2026-03-19T09:00:00,99215,1800.0,Mumbai,UPCODING
CLM-UPCODE-E40EDA,1777777777,Dr. Synthetic-C (Upcoder),MEM000777,FAC028,2026-03-14T09:00:00,99215,1800.0,Mumbai,UPCODING
CLM-UPCODE-ACA742,1777777777,Dr. Synthetic-C (Upcoder),MEM000239,FAC004,2026-04-05T09:00:00,99215,1800.0,Mumbai,UPCODING
CLM-UPCODE-38F66D,1777777777,Dr. Synthetic-C (Upcoder),MEM000661,FAC035,2026-02-22T09:00:00,99215,1800.0,Mumbai,UPCODING
CLM-UPCODE-0735C7,1777777777,Dr. Synthetic-C (Upcoder),MEM000356,FAC031,2026-03-17T09:00:00,99215,1800.0,Mumbai,UPCODING
CLM-UPCODE-55F360,1777777777,Dr. Synthetic-C (Upcoder),MEM000247,FAC005,2026-04-04T09:00:00,99215,1800.0,Mumbai,UPCODING
CLM-UPCODE-F42EF5,1777777777,Dr. Synthetic-C (Upcoder),MEM000856,FAC002,2026-02-25T09:00:00,99215,1800.0,Mumbai,UPCODING
CLM-UPCODE-BD14AC,1777777777,Dr. Synthetic-C (Upcoder),MEM000027,FAC034,2026-03-30T09:00:00,99215,1800.0,Mumbai,UPCODING
CLM-UPCODE-9E10F7,1777777777,Dr. Synthetic-C (Upcoder),MEM000415,FAC041,2026-03-13T09:00:00,99215,1800.0,Mumbai,UPCODING
CLM-UPCODE-E04B9A,1777777777,Dr. Synthetic-C (Upcoder),MEM000302,FAC026,2026-04-11T09:00:00,99215,1800.0,Mumbai,UPCODING
CLM-UPCODE-4D2B42,1777777777,Dr. Synthetic-C (Upcoder),MEM000096,FAC010,2026-03-12T09:00:00,99215,1800.0,Mumbai,UPCODING
CLM-UPCODE-3F57F3,1777777777,Dr. Synthetic-C (Upcoder),MEM000231,FAC025,2026-02-22T09:00:00,99215,1800.0,Mumbai,UPCODING
CLM-UPCODE-0BDA89,1777777777,Dr. Synthetic-C (Upcoder),MEM000397,FAC018,2026-02-21T09:00:00,99215,1800.0,Mumbai,UPCODING
CLM-UPCODE-2BD6C0,1777777777,Dr. Synthetic-C (Upcoder),MEM000062,FAC017,2026-03-20T09:00:00,99215,1800.0,Mumbai,UPCODING
CLM-UPCODE-BC889F,1777777777,Dr. Synthetic-C (Upcoder),MEM000297,FAC033,2026-03-17T09:00:00,99215,1800.0,Mumbai,UPCODING
CLM-UPCODE-89DDDD,1777777777,Dr. Synthetic-C (Upcoder),MEM000475,FAC038,2026-03-11T09:00:00,99215,1800.0,Mumbai,UPCODING
CLM-UPCODE-81433B,1777777777,Dr. Synthetic-C (Upcoder),MEM000897,FAC035,2026-03-16T09:00:00,99215,1800.0,Mumbai,UPCODING
CLM-UPCODE-74EEA6,1777777777,Dr. Synthetic-C (Upcoder),MEM000793,FAC040,2026-04-01T09:00:00,99215,1800.0,Mumbai,UPCODING
CLM-UPCODE-0EE9B6,1777777777,Dr. Synthetic-C (Upcoder),MEM000597,FAC033,2026-03-29T09:00:00,99215,1800.0,Mumbai,UPCODING
CLM-UPCODE-A0E020,1777777777,Dr. Synthetic-C (Upcoder),MEM000278,FAC032,2026-03-08T09:00:00,99215,1800.0,Mumbai,UPCODING
CLM-UPCODE-B75736,1777777777,Dr. Synthetic-C (Upcoder),MEM000529,FAC004,2026-03-21T09:00:00,99215,1800.0,Mumbai,UPCODING
CLM-UPCODE-5CD559,1777777777,Dr. Synthetic-C (Upcoder),MEM000012,FAC041,2026-03-07T09:00:00,99215,1800.0,Mumbai,UPCODING
CLM-UPCODE-FF1285,1777777777,Dr. Synthetic-C (Upcoder),MEM000415,FAC006,2026-02-21T09:00:00,99215,1800.0,Mumbai,UPCODING
CLM-UPCODE-B95BB2,1777777777,Dr. Synthetic-C (Upcoder),MEM000054,FAC029,2026-03-21T09:00:00,99215,1800.0,Mumbai,UPCODING
CLM-UPCODE-815D1E,1777777777,Dr. Synthetic-C (Upcoder),MEM000004,FAC048,2026-02-24T09:00:00,99215,1800.0,Mumbai,UPCODING
CLM-UPCODE-68FEAE,1777777777,Dr. Synthetic-C (Upcoder),MEM000455,FAC031,2026-04-09T09:00:00,99215,1800.0,Mumbai,UPCODING
CLM-UPCODE-B9CCCE,1777777777,Dr. Synthetic-C (Upcoder),MEM000882,FAC014,2026-04-02T09:00:00,99215,1800.0,Mumbai,UPCODING
CLM-UPCODE-E67A6A,1777777777,Dr. Synthetic-C (Upcoder),MEM000492,FAC020,2026-03-28T09:00:00,99215,1800.0,Mumbai,UPCODING
CLM-UPCODE-AE6818,1777777777,Dr. Synthetic-C (Upcoder),MEM000929,FAC019,2026-03-30T09:00:00,99215,1800.0,Mumbai,UPCODING
CLM-UPCODE-CEF082,1777777777,Dr. Synthetic-C (Upcoder),MEM000202,FAC012,2026-02-22T09:00:00,99215,1800.0,Mumbai,UPCODING
CLM-UPCODE-EAAE00,1777777777,Dr. Synthetic-C (Upcoder),MEM000454,FAC033,2026-02-26T09:00:00,99215,1800.0,Mumbai,UPCODING
CLM-UPCODE-27828C,1777777777,Dr. Synthetic-C (Upcoder),MEM000113,FAC004,2026-03-20T09:00:00,99215,1800.0,Mumbai,UPCODING
CLM-UPCODE-0E4EE9,1777777777,Dr. Synthetic-C (Upcoder),MEM000109,FAC036,2026-04-06T09:00:00,99215,1800.0,Mumbai,UPCODING
CLM-UPCODE-83A611,1777777777,Dr. Synthetic-C (Upcoder),MEM000777,FAC027,2026-02-23T09:00:00,99215,1800.0,Mumbai,UPCODING
CLM-UPCODE-D37E92,1777777777,Dr. Synthetic-C (Upcoder),MEM000037,FAC017,2026-03-31T09:00:00,99215,1800.0,Mumbai,UPCODING
CLM-UPCODE-744BED,1777777777,Dr. Synthetic-C (Upcoder),MEM000024,FAC010,2026-02-25T09:00:00,99215,1800.0,Mumbai,UPCODING
CLM-UPCODE-FAF793,1777777777,Dr. Synthetic-C (Upcoder),MEM000274,FAC018,2026-03-10T09:00:00,99215,1800.0,Mumbai,UPCODING
CLM-UPCODE-9DCCDC,1777777777,Dr. Synthetic-C (Upcoder),MEM000088,FAC022,2026-03-13T09:00:00,99215,1800.0,Mumbai,UPCODING
CLM-UPCODE-F18347,1777777777,Dr. Synthetic-C (Upcoder),MEM000869,FAC037,2026-03-19T09:00:00,99215,1800.0,Mumbai,UPCODING
CLM-UPCODE-C65E8D,1777777777,Dr. Synthetic-C (Upcoder),MEM000458,FAC017,2026-03-06T09:00:00,99215,1800.0,Mumbai,UPCODING
CLM-UPCODE-5050B2,1777777777,Dr. Synthetic-C (Upcoder),MEM000237,FAC014,2026-04-03T09:00:00,99215,1800.0,Mumbai,UPCODING
CLM-UPCODE-C00F8F,1777777777,Dr. Synthetic-C (Upcoder),MEM000677,FAC033,2026-03-11T09:00:00,99215,1800.0,Mumbai,UPCODING
CLM-UPCODE-B8176A,1777777777,Dr. Synthetic-C (Upcoder),MEM000679,FAC036,2026-04-07T09:00:00,99215,1800.0,Mumbai,UPCODING
CLM-UPCODE-E1CD91,1777777777,Dr. Synthetic-C (Upcoder),MEM000416,FAC044,2026-03-13T09:00:00,99215,1800.0,Mumbai,UPCODING
CLM-UPCODE-02EFBF,1777777777,Dr. Synthetic-C (Upcoder),MEM000383,FAC010,2026-03-06T09:00:00,99215,1800.0,Mumbai,UPCODING
CLM-UPCODE-F4FDA5,1777777777,Dr. Synthetic-C (Upcoder),MEM000581,FAC006,2026-03-22T09:00:00,99215,1800.0,Mumbai,UPCODING
CLM-UPCODE-2921B7,1777777777,Dr. Synthetic-C (Upcoder),MEM000794,FAC043,2026-02-21T09:00:00,99215,1800.0,Mumbai,UPCODING
CLM-UPCODE-7AAFB2,1777777777,Dr. Synthetic-C (Upcoder),MEM000838,FAC013,2026-04-07T09:00:00,99215,1800.0,Mumbai,UPCODING
CLM-UPCODE-7C02C2,1777777777,Dr. Synthetic-C (Upcoder),MEM000239,FAC023,2026-03-07T09:00:00,99215,1800.0,Mumbai,UPCODING
CLM-UPCODE-F4FB86,1777777777,Dr. Synthetic-C (Upcoder),MEM000928,FAC000,2026-04-09T09:00:00,99215,1800.0,Mumbai,UPCODING
CLM-UPCODE-10509B,1777777777,Dr. Synthetic-C (Upcoder),MEM000056,FAC019,2026-03-31T09:00:00,99215,1800.0,Mumbai,UPCODING
CLM-UPCODE-4BD446,1777777777,Dr. Synthetic-C (Upcoder),MEM000711,FAC037,2026-03-29T09:00:00,99215,1800.0,Mumbai,UPCODING
CLM-UPCODE-8A33C4,1777777777,Dr. Synthetic-C (Upcoder),MEM000184,FAC024,2026-04-01T09:00:00,99215,1800.0,Mumbai,UPCODING
CLM-UPCODE-124A33,1777777777,Dr. Synthetic-C (Upcoder),MEM000413,FAC022,2026-03-05T09:00:00,99215,1800.0,Mumbai,UPCODING
CLM-UPCODE-7AB5E8,1777777777,Dr. Synthetic-C (Upcoder),MEM000736,FAC024,2026-04-06T09:00:00,99215,1800.0,Mumbai,UPCODING
CLM-UPCODE-D52AED,1777777777,Dr. Synthetic-C (Upcoder),MEM000114,FAC047,2026-03-31T09:00:00,99215,1800.0,Mumbai,UPCODING
CLM-UPCODE-8651DB,1777777777,Dr. Synthetic-C (Upcoder),MEM000489,FAC041,2026-03-21T09:00:00,99215,1800.0,Mumbai,UPCODING
CLM-UPCODE-5628FE,1777777777,Dr. Synthetic-C (Upcoder),MEM000241,FAC006,2026-03-21T09:00:00,99215,1800.0,Mumbai,UPCODING
CLM-UPCODE-C83441,1777777777,Dr. Synthetic-C (Upcoder),MEM000221,FAC036,2026-03-11T09:00:00,99215,1800.0,Mumbai,UPCODING
CLM-UPCODE-4957C2,1777777777,Dr. Synthetic-C (Upcoder),MEM000781,FAC027,2026-04-05T09:00:00,99215,1800.0,Mumbai,UPCODING
CLM-UPCODE-102D69,1777777777,Dr. Synthetic-C (Upcoder),MEM000934,FAC009,2026-03-09T09:00:00,99215,1800.0,Mumbai,UPCODING
CLM-UPCODE-5F7454,1777777777,Dr. Synthetic-C (Upcoder),MEM000518,FAC031,2026-04-06T09:00:00,99215,1800.0,Mumbai,UPCODING
CLM-UPCODE-DAC786,1777777777,Dr. Synthetic-C (Upcoder),MEM000740,FAC009,2026-03-04T09:00:00,99215,1800.0,Mumbai,UPCODING
CLM-UPCODE-0EC384,1777777777,Dr. Synthetic-C (Upcoder),MEM000811,FAC047,2026-03-27T09:00:00,99215,1800.0,Mumbai,UPCODING
CLM-UPCODE-3AB7CA,1777777777,Dr. Synthetic-C (Upcoder),MEM000842,FAC022,2026-03-25T09:00:00,99215,1800.0,Mumbai,UPCODING
CLM-GEO-CHN-0,1888888888,Dr. Synthetic-B (Teleport),MEM000000,FAC001,2026-03-15T10:00:00,99214,300.0,Chennai,IMPOSSIBLE_GEOGRAPHY
CLM-GEO-DEL-0,1888888888,Dr. Synthetic-B (Teleport),MEM000000,FAC002,2026-03-15T10:30:00,99214,300.0,Delhi,IMPOSSIBLE_GEOGRAPHY
CLM-GEO-CHN-1,1888888888,Dr. Synthetic-B (Teleport),MEM000000,FAC001,2026-03-15T10:02:00,99214,300.0,Chennai,IMPOSSIBLE_GEOGRAPHY
CLM-GEO-DEL-1,1888888888,Dr. Synthetic-B (Teleport),MEM000000,FAC002,2026-03-15T10:32:00,99214,300.0,Delhi,IMPOSSIBLE_GEOGRAPHY
CLM-GEO-CHN-2,1888888888,Dr. Synthetic-B (Teleport),MEM000000,FAC001,2026-03-15T10:04:00,99214,300.0,Chennai,IMPOSSIBLE_GEOGRAPHY
CLM-GEO-DEL-2,1888888888,Dr. Synthetic-B (Teleport),MEM000000,FAC002,2026-03-15T10:34:00,99214,300.0,Delhi,IMPOSSIBLE_GEOGRAPHY
CLM-GEO-CHN-3,1888888888,Dr. Synthetic-B (Teleport),MEM000000,FAC001,2026-03-15T10:06:00,99214,300.0,Chennai,IMPOSSIBLE_GEOGRAPHY
CLM-GEO-DEL-3,1888888888,Dr. Synthetic-B (Teleport),MEM000000,FAC002,2026-03-15T10:36:00,99214,300.0,Delhi,IMPOSSIBLE_GEOGRAPHY
CLM-GEO-CHN-4,1888888888,Dr. Synthetic-B (Teleport),MEM000000,FAC001,2026-03-15T10:08:00,99214,300.0,Chennai,IMPOSSIBLE_GEOGRAPHY
CLM-GEO-DEL-4,1888888888,Dr. Synthetic-B (Teleport),MEM000000,FAC002,2026-03-15T10:38:00,99214,300.0,Delhi,IMPOSSIBLE_GEOGRAPHY
CLM-GEO-CHN-5,1888888888,Dr. Synthetic-B (Teleport),MEM000000,FAC001,2026-03-15T10:10:00,99214,300.0,Chennai,IMPOSSIBLE_GEOGRAPHY
CLM-GEO-DEL-5,1888888888,Dr. Synthetic-B (Teleport),MEM000000,FAC002,2026-03-15T10:40:00,99214,300.0,Delhi,IMPOSSIBLE_GEOGRAPHY
CLM-GEO-CHN-6,1888888888,Dr. Synthetic-B (Teleport),MEM000000,FAC001,2026-03-15T10:12:00,99214,300.0,Chennai,IMPOSSIBLE_GEOGRAPHY
CLM-GEO-DEL-6,1888888888,Dr. Synthetic-B (Teleport),MEM000000,FAC002,2026-03-15T10:42:00,99214,300.0,Delhi,IMPOSSIBLE_GEOGRAPHY
CLM-GEO-CHN-7,1888888888,Dr. Synthetic-B (Teleport),MEM000000,FAC001,2026-03-15T10:14:00,99214,300.0,Chennai,IMPOSSIBLE_GEOGRAPHY
CLM-GEO-DEL-7,1888888888,Dr. Synthetic-B (Teleport),MEM000000,FAC002,2026-03-15T10:44:00,99214,300.0,Delhi,IMPOSSIBLE_GEOGRAPHY
CLM-GEO-CHN-8,1888888888,Dr. Synthetic-B (Teleport),MEM000000,FAC001,2026-03-15T10:16:00,99214,300.0,Chennai,IMPOSSIBLE_GEOGRAPHY
CLM-GEO-DEL-8,1888888888,Dr. Synthetic-B (Teleport),MEM000000,FAC002,2026-03-15T10:46:00,99214,300.0,Delhi,IMPOSSIBLE_GEOGRAPHY
CLM-GEO-CHN-9,1888888888,Dr. Synthetic-B (Teleport),MEM000000,FAC001,2026-03-15T10:18:00,99214,300.0,Chennai,IMPOSSIBLE_GEOGRAPHY
CLM-GEO-DEL-9,1888888888,Dr. Synthetic-B (Teleport),MEM000000,FAC002,2026-03-15T10:48:00,99214,300.0,Delhi,IMPOSSIBLE_GEOGRAPHY
