claim_id,provider_npi,provider_name,member_id,facility_id,claim_timestamp,cpt_code,claim_amount,location_city,fraud_flag
CLM-4A00B33B,1000000081,Dr. Mike Allen,MEM000369,FAC006,2026-01-24T09:00:00,99215,217.57,Chennai,CLEAN
CLM-40BF0422,1000000194,Dr. John Bishop,MEM000276,FAC006,2026-02-03T10:00:00,99214,147.93,Chennai,CLEAN
CLM-A039E61E,1000000142,Dr. Patricia Rodriguez,MEM000568,FAC032,2026-04-15T10:00:00,99213,91.79,Chennai,CLEAN
CLM-355A2B89,1000000141,Dr. David Douglas Jr.,MEM000095,FAC038,2026-06-03T14:00:00,71045,72.2,Chennai,CLEAN
CLM-9F2A3A0A,1000000105,Dr. Marc Moore,MEM000397,FAC049,2026-01-22T17:00:00,99214,152.16,Chennai,CLEAN
CLM-5B037CA1,1000000043,Dr. Anthony Humphrey,MEM000701,FAC024,2026-02-13T11:00:00,99215,211.25,Chennai,CLEAN
CLM-B00104EE,1000000126,Dr. Michelle Evans,MEM000149,FAC004,2026-02-12T15:00:00,99215,216.53,Chennai,CLEAN
CLM-236A30F6,1000000123,Dr. Michelle Harmon,MEM000801,FAC004,2026-04-03T13:00:00,99214,156.63,Chennai,CLEAN
CLM-E3B94C03,1000000126,Dr. Michelle Evans,MEM000608,FAC039,2026-02-20T16:00:00,99213,92.71,Chennai,CLEAN
CLM-140FBC92,1000000001,Dr. Noah Rhodes,MEM000971,FAC025,2026-03-27T15:00:00,99215,217.37,Chennai,CLEAN
CLM-6778F12E,1000000110,Dr. Richard Rodriguez,MEM000835,FAC041,2026-06-02T11:00:00,99215,212.11,Chennai,CLEAN
CLM-ED59B02D,1000000177,Dr. Michael Wang,MEM000205,FAC030,2026-03-22T11:00:00,71045,87.5,Chennai,CLEAN
CLM-56085C84,1000000074,Dr. Amy Silva,MEM000752,FAC044,2026-06-12T16:00:00,93000,63.38,Chennai,CLEAN
CLM-0A3DA045,1000000083,Dr. Paul Jones,MEM000385,FAC017,2026-04-11T14:00:00,99213,108.64,Chennai,CLEAN
CLM-D4AE19CD,1000000051,Dr. Danny Morgan,MEM000606,FAC034,2026-02-16T17:00:00,99213,109.06,Chennai,CLEAN
CLM-34459DE2,1000000118,Dr. Victor Baker,MEM000965,FAC045,2026-02-23T16:00:00,99215,234.58,Chennai,CLEAN
CLM-1FB4CAC1,1000000017,Dr. Derek Zuniga,MEM000838,FAC026,2026-06-22T16:00:00,99214,154.0,Chennai,CLEAN
CLM-B0C3F020,1000000061,Dr. Gerald Hensley,MEM000258,FAC042,2026-02-09T15:00:00,71045,73.18,Chennai,CLEAN
CLM-BD847970,1000000153,Dr. Devon Flores,MEM000490,FAC037,2026-04-13T17:00:00,93000,65.08,Chennai,CLEAN
CLM-C5668024,1000000177,Dr. Michael Wang,MEM000428,FAC034,2026-01-10T14:00:00,93000,61.13,Chennai,CLEAN
CLM-1C4B6FB3,1000000021,Dr. Patty Perez,MEM000111,FAC049,2026-03-05T14:00:00,99214,154.41,Chennai,CLEAN
CLM-91008B7C,1000000011,Dr. Jamie Arnold,MEM000576,FAC041,2026-06-23T15:00:00,99215,240.49,Chennai,CLEAN
CLM-B4C34651,1000000110,Dr. Richard Rodriguez,MEM000108,FAC000,2026-01-26T13:00:00,99214,150.32,Chennai,CLEAN
CLM-55E9594E,1000000132,Dr. Mary Marshall,MEM000571,FAC037,2026-06-26T12:00:00,71045,77.99,Chennai,CLEAN
CLM-CEC916A0,1000000118,Dr. Victor Baker,MEM000790,FAC043,2026-05-31T17:00:00,99214,145.35,Chennai,CLEAN
CLM-DDA5E1B5,1000000006,Dr. Abigail Shaffer,MEM000494,FAC006,2026-03-17T15:00:00,99213,92.32,Chennai,CLEAN
CLM-EBBC9E43,1000000186,Dr. Jonathan Peterson,MEM000145,FAC022,2026-03-21T14:00:00,71045,84.55,Chennai,CLEAN
CLM-111D2589,1000000133,Dr. Daniel Kennedy,MEM000494,FAC022,2026-05-02T10:00:00,71045,83.55,Chennai,CLEAN
CLM-8E3B0173,1000000115,Dr. Diana May,MEM000326,FAC004,2026-03-18T09:00:00,99213,90.45,Chennai,CLEAN
CLM-6139E797,1000000087,Dr. Christopher Bass,MEM000663,FAC006,2026-06-23T11:00:00,99214,150.48,Chennai,CLEAN
CLM-4ADDB62B,1000000141,Dr. David Douglas Jr.,MEM000163,FAC021,2026-05-24T15:00:00,71045,75.71,Chennai,CLEAN
CLM-1ABD5900,1000000103,Dr. Christine Wright,MEM000644,FAC011,2026-02-17T15:00:00,71045,72.47,Chennai,CLEAN
CLM-0AC81737,1000000157,Dr. Jason Stein,MEM000904,FAC012,2026-04-26T15:00:00,71045,72.07,Chennai,CLEAN
CLM-4A8F0652,1000000054,Dr. Shannon Jones,MEM000210,FAC017,2026-06-30T10:00:00,93000,55.22,Chennai,CLEAN
CLM-9DE5E560,1000000137,Dr. Courtney Gonzalez,MEM000191,FAC023,2026-03-25T12:00:00,71045,73.82,Chennai,CLEAN
CLM-FD192DC7,1000000171,Dr. Darlene Miller,MEM000883,FAC031,2026-05-16T14:00:00,93000,58.66,Chennai,CLEAN
CLM-CAED2825,1000000100,Dr. Sandra Aguilar,MEM000601,FAC007,2026-03-31T14:00:00,71045,81.88,Chennai,CLEAN
CLM-F5AD97E8,1000000172,Dr. Joshua Cooke,MEM000722,FAC019,2026-06-07T10:00:00,99214,144.4,Chennai,CLEAN
CLM-6E7DC04F,1000000061,Dr. Gerald Hensley,MEM000312,FAC007,2026-02-16T14:00:00,99214,150.32,Chennai,CLEAN
CLM-59E0A980,1000000107,Dr. Sierra Johnson,MEM000610,FAC008,2026-05-28T15:00:00,71045,74.97,Chennai,CLEAN
CLM-B0BB2DC0,1000000162,Dr. Lindsey Walker,MEM000550,FAC044,2026-06-15T11:00:00,93000,56.0,Chennai,CLEAN
CLM-B85FB5E0,1000000073,Dr. Lauren Daniels,MEM000143,FAC011,2026-03-22T16:00:00,93000,54.64,Chennai,CLEAN
CLM-3956C266,1000000091,Dr. Brian Rodriguez,MEM000974,FAC000,2026-05-05T11:00:00,99214,159.46,Chennai,CLEAN
CLM-82338E0F,1000000143,Dr. Christopher Rubio,MEM000517,FAC041,2026-05-07T15:00:00,71045,78.65,Chennai,CLEAN
CLM-FDCC8CD0,1000000113,Dr. Crystal Johnson,MEM000500,FAC010,2026-01-22T09:00:00,99214,143.76,Chennai,CLEAN
CLM-7DFE3EF9,1000000070,Dr. Jordan Henderson,MEM000230,FAC034,2026-03-15T11:00:00,71045,81.05,Chennai,CLEAN
CLM-60857CA5,1000000197,Dr. Spencer Haynes,MEM000784,FAC031,2026-05-21T17:00:00,99213,101.45,Chennai,CLEAN
CLM-BEBB4AB0,1000000068,Dr. James Brown,MEM000793,FAC034,2026-04-04T17:00:00,99213,105.2,Chennai,CLEAN
CLM-B3BB5C2E,1000000112,Dr. Julia Torres,MEM000559,FAC013,2026-04-19T10:00:00,99214,143.93,Chennai,CLEAN
CLM-4C210C99,1000000008,Dr. Gabrielle Davis,MEM000460,FAC016,2026-03-31T10:00:00,71045,85.84,Chennai,CLEAN
CLM-DF5257BA,1000000030,Dr. Rebecca Henderson,MEM000794,FAC015,2026-02-23T14:00:00,93000,61.59,Chennai,CLEAN
CLM-94A03EFE,1000000042,Dr. Sherry Decker,MEM000630,FAC008,2026-02-22T12:00:00,99213,101.4,Chennai,CLEAN
CLM-CB9FAFE4,1000000136,Dr. Robert Potter,MEM000287,FAC038,2026-05-18T11:00:00,99215,241.08,Chennai,CLEAN
CLM-B8EDE66E,1000000074,Dr. Amy Silva,MEM000296,FAC036,2026-03-10T17:00:00,99213,92.71,Chennai,CLEAN
CLM-F297C167,1000000192,Dr. Debra Christian,MEM000804,FAC026,2026-01-16T13:00:00,99214,156.04,Chennai,CLEAN
CLM-04336DD4,1000000033,Dr. Nathan Maldonado,MEM000255,FAC009,2026-03-24T12:00:00,71045,79.83,Chennai,CLEAN
CLM-E18F07EE,1000000147,Dr. Stephanie Salazar,MEM000647,FAC017,2026-06-10T15:00:00,71045,79.23,Chennai,CLEAN
CLM-ABF64ADB,1000000162,Dr. Lindsey Walker,MEM000813,FAC049,2026-01-24T15:00:00,93000,63.0,Chennai,CLEAN
CLM-60CA76DA,1000000177,Dr. Michael Wang,MEM000958,FAC023,2026-04-27T16:00:00,99215,223.61,Chennai,CLEAN
CLM-171582BD,1000000198,Dr. Adam Vaughan,MEM000867,FAC046,2026-01-24T16:00:00,99215,235.4,Chennai,CLEAN
CLM-C6614ADF,1000000136,Dr. Robert Potter,MEM000407,FAC013,2026-04-20T12:00:00,71045,76.3,Chennai,CLEAN
CLM-508DBD70,1000000072,Dr. Brittney Phillips,MEM000345,FAC035,2026-05-28T11:00:00,93000,64.23,Chennai,CLEAN
CLM-806CEBFD,1888888888,Dr. Synthetic-B (Teleport),MEM000351,FAC043,2026-01-13T09:00:00,99213,102.52,Chennai,CLEAN
CLM-86CF68A8,1000000117,Dr. Ashley Waller,MEM000016,FAC007,2026-02-10T16:00:00,71045,72.01,Chennai,CLEAN
CLM-B6CBBE73,1000000109,Dr. Sharon Cochran,MEM000207,FAC044,2026-02-03T13:00:00,99214,161.23,Chennai,CLEAN
CLM-B8656D47,1000000070,Dr. Jordan Henderson,MEM000095,FAC041,2026-04-03T13:00:00,99213,97.44,Chennai,CLEAN
CLM-161C9FFB,1000000166,Dr. Alyssa Long,MEM000169,FAC003,2026-04-12T13:00:00,99214,147.88,Chennai,CLEAN
CLM-D058EFC8,1000000023,Dr. Tommy Walter,MEM000720,FAC006,2026-01-01T12:00:00,71045,73.25,Chennai,CLEAN
CLM-C7A8073B,1000000151,Dr. Pamela Boyd,MEM000231,FAC033,2026-06-24T16:00:00,99213,90.16,Chennai,CLEAN
CLM-9062436A,1000000087,Dr. Christopher Bass,MEM000836,FAC007,2026-04-19T11:00:00,71045,73.13,Chennai,CLEAN
CLM-907E9AA9,1000000098,Dr. Jessica Smith,MEM000091,FAC046,2026-01-27T10:00:00,99215,214.17,Chennai,CLEAN
CLM-59E03A7F,1000000076,Dr. Angela Lopez,MEM000140,FAC024,2026-02-04T11:00:00,99213,100.61,Chennai,CLEAN
CLM-F706A7BE,1000000002,Dr. Angie Henderson,MEM000624,FAC041,2026-02-12T16:00:00,99215,229.79,Chennai,CLEAN
CLM-A4DCEBD8,1000000160,Dr. Paul Castaneda,MEM000766,FAC009,2026-04-16T16:00:00,99214,137.6,Chennai,CLEAN
CLM-E75ADF1E,1000000025,Dr. Judy Baker,MEM000143,FAC048,2026-02-01T15:00:00,99215,240.38,Chennai,CLEAN
CLM-EC19CF72,1000000080,Dr. Kelly Donovan,MEM000810,FAC008,2026-03-05T13:00:00,99213,94.96,Chennai,CLEAN
CLM-D2B684B1,1000000153,Dr. Devon Flores,MEM000614,FAC046,2026-06-05T13:00:00,99213,106.96,Chennai,CLEAN
CLM-9C4A4996,1000000168,Dr. Joel Williams,MEM000896,FAC019,2026-02-22T17:00:00,93000,60.11,Chennai,CLEAN
CLM-4443E9D3,1000000191,Dr. Karen Graham,MEM000401,FAC018,2026-06-15T09:00:00,99214,149.85,Chennai,CLEAN
CLM-C799516D,1000000028,Dr. Zachary Hicks,MEM000246,FAC031,2026-06-13T10:00:00,93000,64.66,Chennai,CLEAN
CLM-4F058F8B,1000000003,Dr. Daniel Wagner,MEM000369,FAC020,2026-02-03T15:00:00,93000,59.05,Chennai,CLEAN
CLM-5F78D569,1000000139,Dr. Angel Perry,MEM000699,FAC011,2026-05-01T10:00:00,99213,101.75,Chennai,CLEAN
CLM-1EBE85D3,1000000003,Dr. Daniel Wagner,MEM000268,FAC013,2026-01-11T09:00:00,71045,80.11,Chennai,CLEAN
CLM-791AACEE,1000000160,Dr. Paul Castaneda,MEM000729,FAC032,2026-04-17T15:00:00,71045,73.32,Chennai,CLEAN
CLM-C0F3B111,1000000137,Dr. Courtney Gonzalez,MEM000550,FAC039,2026-02-09T13:00:00,99213,96.2,Chennai,CLEAN
CLM-69563581,1000000130,Dr. Elizabeth Kelley,MEM000943,FAC013,2026-02-09T17:00:00,99215,215.19,Chennai,CLEAN
CLM-38D0AD2D,1000000162,Dr. Lindsey Walker,MEM000781,FAC041,2026-06-24T10:00:00,99215,228.74,Chennai,CLEAN
CLM-06795C9B,1000000186,Dr. Jonathan Peterson,MEM000976,FAC015,2026-01-15T12:00:00,99213,108.49,Chennai,CLEAN
CLM-89BA3932,1000000029,Dr. Anthony Rodriguez,MEM000464,FAC039,2026-06-05T09:00:00,99215,227.31,Chennai,CLEAN
CLM-D87866CF,1000000168,Dr. Joel Williams,MEM000758,FAC011,2026-01-31T09:00:00,99214,156.04,Chennai,CLEAN
CLM-5D54F114,1000000041,Dr. Fred Smith,MEM000508,FAC022,2026-05-14T17:00:00,99215,205.35,Chennai,CLEAN
CLM-6A96D058,1000000032,Dr. Tricia Valencia,MEM000767,FAC049,2026-03-10T10:00:00,99213,96.7,Chennai,CLEAN
CLM-D6BBE76C,1000000109,Dr. Sharon Cochran,MEM000278,FAC033,2026-01-17T13:00:00,93000,61.53,Chennai,CLEAN
CLM-7EA04CDC,1000000127,Dr. Jason Powell,MEM000466,FAC032,2026-04-03T09:00:00,71045,85.75,Chennai,CLEAN
CLM-50A36814,1000000042,Dr. Sherry Decker,MEM000376,FAC010,2026-03-07T10:00:00,93000,62.09,Chennai,CLEAN
CLM-A64F41DB,1000000029,Dr. Anthony Rodriguez,MEM000233,FAC047,2026-05-11T09:00:00,99213,107.17,Chennai,CLEAN
CLM-D8FA532E,1000000003,Dr. Daniel Wagner,MEM000250,FAC002,2026-05-01T14:00:00,71045,86.72,Chennai,CLEAN
CLM-ACC730E3,1000000045,Dr. Philip Cannon,MEM000953,FAC002,2026-05-22T15:00:00,99214,144.65,Chennai,CLEAN
CLM-0922F104,1000000106,Dr. Sharon Cherry,MEM000937,FAC046,2026-03-23T13:00:00,99213,101.43,Chennai,CLEAN
CLM-C5C51464,1000000030,Dr. Rebecca Henderson,MEM000514,FAC043,2026-01-14T11:00:00,99214,159.13,Chennai,CLEAN
CLM-2FA68806,1000000011,Dr. Jamie Arnold,MEM000976,FAC025,2026-01-18T16:00:00,99215,232.04,Chennai,CLEAN
CLM-A7671570,1000000079,Dr. Lisa Barnes,MEM000335,FAC005,2026-05-22T16:00:00,99213,97.38,Chennai,CLEAN
CLM-33289286,1000000074,Dr. Amy Silva,MEM000577,FAC019,2026-06-09T12:00:00,71045,77.89,Chennai,CLEAN
CLM-78148370,1000000126,Dr. Michelle Evans,MEM000791,FAC049,2026-02-20T17:00:00,99214,139.52,Chennai,CLEAN
CLM-F007BD33,1000000104,Dr. Richard Henson,MEM000024,FAC014,2026-05-19T14:00:00,99213,109.02,Chennai,CLEAN
CLM-8286AA5C,1000000000,Dr. Allison Hill,MEM000777,FAC042,2026-04-07T13:00:00,99213,94.1,Chennai,CLEAN
CLM-72ABBCBF,1000000060,Dr. Victoria Garcia,MEM000429,FAC031,2026-01-16T11:00:00,99215,202.09,Chennai,CLEAN
CLM-EDCF3352,1000000059,Dr. John Daniel,MEM000918,FAC033,2026-04-16T14:00:00,71045,87.59,Chennai,CLEAN
CLM-F43CE941,1000000021,Dr. Patty Perez,MEM000594,FAC006,2026-05-10T11:00:00,71045,73.2,Chennai,CLEAN
CLM-13517C32,1000000145,Dr. Joyce Solis,MEM000063,FAC027,2026-06-19T11:00:00,99214,143.75,Chennai,CLEAN
CLM-29B289D1,1000000080,Dr. Kelly Donovan,MEM000948,FAC025,2026-06-29T14:00:00,99215,217.92,Chennai,CLEAN
CLM-1C32DCBE,1000000059,Dr. John Daniel,MEM000076,FAC012,2026-02-04T10:00:00,99214,138.17,Chennai,CLEAN
CLM-B86CDCFE,1000000115,Dr. Diana May,MEM000477,FAC020,2026-04-15T10:00:00,93000,58.3,Chennai,CLEAN
CLM-972B7EEA,1000000197,Dr. Spencer Haynes,MEM000212,FAC028,2026-03-20T16:00:00,99215,235.51,Chennai,CLEAN
CLM-44469A1D,1000000023,Dr. Tommy Walter,MEM000161,FAC043,2026-03-19T09:00:00,99214,160.08,Chennai,CLEAN
CLM-22E27B83,1000000083,Dr. Paul Jones,MEM000151,FAC005,2026-03-05T14:00:00,71045,80.22,Chennai,CLEAN
CLM-0902EA17,1000000173,Dr. Matthew Harrington,MEM000306,FAC016,2026-02-14T09:00:00,71045,85.67,Chennai,CLEAN
CLM-21911BD2,1000000142,Dr. Patricia Rodriguez,MEM000766,FAC035,2026-03-05T10:00:00,71045,73.63,Chennai,CLEAN
CLM-2166B331,1000000035,Dr. Jeffrey Chavez,MEM000124,FAC000,2026-01-16T12:00:00,99214,140.94,Chennai,CLEAN
CLM-EA0EE820,1000000102,Dr. Rebecca Valencia,MEM000381,FAC043,2026-06-11T10:00:00,93000,61.03,Chennai,CLEAN
CLM-75CF159B,1000000019,Dr. Carla Gray,MEM000022,FAC004,2026-02-20T16:00:00,99214,137.76,Chennai,CLEAN
CLM-02249A4E,1000000084,Dr. Zachary Ferrell,MEM000125,FAC002,2026-04-29T09:00:00,99214,162.72,Chennai,CLEAN
CLM-AF47785B,1000000110,Dr. Richard Rodriguez,MEM000841,FAC046,2026-04-12T16:00:00,99213,97.65,Chennai,CLEAN
CLM-0B6FD154,1000000109,Dr. Sharon Cochran,MEM000176,FAC022,2026-02-24T11:00:00,99215,210.31,Chennai,CLEAN
CLM-6FB8A273,1000000038,Dr. Elizabeth Fowler,MEM000035,FAC039,2026-06-08T12:00:00,99215,219.95,Chennai,CLEAN
CLM-D5B10F7F,1000000140,Dr. Cheyenne Horton,MEM000490,FAC003,2026-01-23T13:00:00,71045,74.2,Chennai,CLEAN
CLM-2791FA59,1000000051,Dr. Danny Morgan,MEM000658,FAC033,2026-03-05T17:00:00,99213,109.79,Chennai,CLEAN
CLM-D4F48025,1999999999,Dr. Synthetic-A (Phantom),MEM000730,FAC022,2026-05-03T17:00:00,71045,77.5,Chennai,CLEAN
CLM-83F8EAF1,1000000144,Dr. Amber Wright,MEM000514,FAC020,2026-04-10T13:00:00,99214,135.78,Chennai,CLEAN
CLM-E416C503,1000000152,Dr. Denise Jones,MEM000224,FAC001,2026-03-13T09:00:00,71045,80.47,Chennai,CLEAN
CLM-589BAD88,1000000196,Dr. Daniel Salinas,MEM000598,FAC014,2026-02-10T10:00:00,99214,154.71,Chennai,CLEAN
CLM-6158A463,1000000068,Dr. James Brown,MEM000546,FAC047,2026-01-15T12:00:00,93000,64.16,Chennai,CLEAN
CLM-37293110,1000000099,Dr. Stephen Mckee,MEM000363,FAC011,2026-02-15T12:00:00,93000,57.82,Chennai,CLEAN
CLM-F1CC715D,1000000188,Dr. Madison Poole,MEM000714,FAC022,2026-06-01T09:00:00,99215,239.69,Chennai,CLEAN
CLM-48AED3E3,1000000144,Dr. Amber Wright,MEM000145,FAC036,2026-02-18T16:00:00,93000,57.71,Chennai,CLEAN
CLM-D0CEDCAC,1000000125,Dr. Erin Edwards,MEM000038,FAC005,2026-01-15T12:00:00,93000,56.63,Chennai,CLEAN
CLM-DE8FF18D,1000000134,Dr. Rebecca Jackson,MEM000489,FAC000,2026-03-26T12:00:00,99214,145.22,Chennai,CLEAN
CLM-50B4C556,1000000045,Dr. Philip Cannon,MEM000940,FAC020,2026-01-16T09:00:00,99214,152.6,Chennai,CLEAN
CLM-1D6AA537,1000000036,Dr. Sherri Baker,MEM000792,FAC007,2026-05-15T14:00:00,99213,97.47,Chennai,CLEAN
CLM-D90B38D7,1000000169,Dr. Daniel Murphy,MEM000405,FAC037,2026-01-26T14:00:00,99215,212.19,Chennai,CLEAN
CLM-6A2B41AF,1000000040,Dr. Paula Moreno,MEM000749,FAC027,2026-06-13T16:00:00,99215,205.66,Chennai,CLEAN
CLM-53464288,1000000143,Dr. Christopher Rubio,MEM000710,FAC039,2026-04-02T12:00:00,93000,63.77,Chennai,CLEAN
CLM-D19B6450,1000000096,Dr. Aaron Wise,MEM000314,FAC046,2026-06-26T13:00:00,99214,140.33,Chennai,CLEAN
CLM-0E78E344,1000000000,Dr. Allison Hill,MEM000971,FAC044,2026-05-27T15:00:00,93000,54.39,Chennai,CLEAN
CLM-86F1CBA9,1000000154,Dr. Brenda Hall,MEM000325,FAC039,2026-02-26T10:00:00,71045,74.25,Chennai,CLEAN
CLM-196BD995,1000000190,Dr. Debra Morton,MEM000079,FAC015,2026-03-30T14:00:00,99214,154.09,Chennai,CLEAN
CLM-DE5697DB,1000000022,Dr. Ethan Adams,MEM000841,FAC045,2026-06-21T14:00:00,71045,72.18,Chennai,CLEAN
CLM-818E3C1C,1000000053,Dr. Mark Perez,MEM000255,FAC044,2026-01-18T14:00:00,99215,232.63,Chennai,CLEAN
CLM-8F270C30,1000000184,Dr. Lindsay Martinez,MEM000001,FAC003,2026-04-09T16:00:00,71045,87.51,Chennai,CLEAN
CLM-A9B6E3A9,1000000105,Dr. Marc Moore,MEM000504,FAC024,2026-03-31T17:00:00,71045,73.62,Chennai,CLEAN
CLM-70A5564B,1000000122,Dr. April Frost,MEM000807,FAC036,2026-06-16T12:00:00,99214,148.54,Chennai,CLEAN
CLM-2F9A3AE1,1000000008,Dr. Gabrielle Davis,MEM000301,FAC001,2026-03-23T13:00:00,99213,91.48,Chennai,CLEAN
CLM-C38A83A9,1000000043,Dr. Anthony Humphrey,MEM000909,FAC024,2026-02-11T10:00:00,93000,65.3,Chennai,CLEAN
CLM-DE95D6E5,1000000023,Dr. Tommy Walter,MEM000346,FAC038,2026-06-07T16:00:00,99213,98.63,Chennai,CLEAN
CLM-588EC462,1000000167,Dr. Alyssa Day,MEM000168,FAC038,2026-04-22T11:00:00,99213,92.03,Chennai,CLEAN
CLM-0D899C65,1000000052,Dr. Crystal Robinson,MEM000997,FAC012,2026-04-15T17:00:00,93000,57.18,Chennai,CLEAN
CLM-A5CB4754,1000000072,Dr. Brittney Phillips,MEM000304,FAC015,2026-01-25T09:00:00,71045,81.15,Chennai,CLEAN
CLM-B55F2045,1000000125,Dr. Erin Edwards,MEM000157,FAC003,2026-04-03T09:00:00,71045,73.4,Chennai,CLEAN
CLM-8D4A4A02,1000000169,Dr. Daniel Murphy,MEM000640,FAC038,2026-05-03T12:00:00,99213,90.51,Chennai,CLEAN
CLM-F5A3C7D7,1000000043,Dr. Anthony Humphrey,MEM000653,FAC018,2026-01-21T16:00:00,99213,96.17,Chennai,CLEAN
CLM-3688FF49,1000000101,Dr. Cameron Parker,MEM000482,FAC031,2026-06-19T13:00:00,99213,102.84,Chennai,CLEAN
CLM-496D58FD,1000000099,Dr. Stephen Mckee,MEM000189,FAC023,2026-04-08T14:00:00,99214,148.37,Chennai,CLEAN
CLM-4A523FEA,1000000067,Dr. Carol Tucker,MEM000450,FAC029,2026-03-09T12:00:00,99215,222.83,Chennai,CLEAN
CLM-B26816F8,1000000038,Dr. Elizabeth Fowler,MEM000770,FAC044,2026-06-20T10:00:00,99213,103.36,Chennai,CLEAN
CLM-ABB8E35E,1000000138,Dr. David Alvarez,MEM000423,FAC048,2026-05-31T12:00:00,93000,54.73,Chennai,CLEAN
CLM-4C5F1DF0,1000000099,Dr. Stephen Mckee,MEM000838,FAC033,2026-04-18T17:00:00,71045,81.16,Chennai,CLEAN
CLM-F2925B0B,1000000060,Dr. Victoria Garcia,MEM000487,FAC019,2026-01-21T15:00:00,99213,100.04,Chennai,CLEAN
CLM-C95A9C37,1000000132,Dr. Mary Marshall,MEM000819,FAC036,2026-06-23T11:00:00,99213,108.99,Chennai,CLEAN
CLM-71F140D3,1000000114,Dr. Garrett Lin,MEM000177,FAC010,2026-02-24T12:00:00,99214,136.28,Chennai,CLEAN
CLM-C81FD83E,1000000020,Dr. Margaret Hawkins DDS,MEM000699,FAC027,2026-02-21T11:00:00,93000,57.09,Chennai,CLEAN
CLM-17686D64,1000000186,Dr. Jonathan Peterson,MEM000936,FAC004,2026-01-23T15:00:00,93000,58.77,Chennai,CLEAN
CLM-C569FAF9,1000000083,Dr. Paul Jones,MEM000877,FAC017,2026-05-14T16:00:00,99213,105.73,Chennai,CLEAN
CLM-3ADDEF73,1000000159,Dr. Jamie Smith,MEM000601,FAC033,2026-04-18T10:00:00,71045,74.39,Chennai,CLEAN
CLM-839FDE6B,1000000145,Dr. Joyce Solis,MEM000602,FAC037,2026-01-26T10:00:00,93000,63.35,Chennai,CLEAN
CLM-FC1959C2,1888888888,Dr. Synthetic-B (Teleport),MEM000292,FAC034,2026-03-30T15:00:00,99215,214.85,Chennai,CLEAN
CLM-90DC6774,1000000124,Dr. Helen Jones,MEM000585,FAC038,2026-05-02T09:00:00,99214,143.26,Chennai,CLEAN
CLM-72A33780,1000000036,Dr. Sherri Baker,MEM000633,FAC038,2026-06-24T15:00:00,99213,97.92,Chennai,CLEAN
CLM-37EF6C21,1000000084,Dr. Zachary Ferrell,MEM000707,FAC015,2026-01-13T16:00:00,99215,237.47,Chennai,CLEAN
CLM-C88D3AFD,1000000005,Dr. Connie Lawrence,MEM000345,FAC019,2026-03-21T13:00:00,71045,85.73,Chennai,CLEAN
CLM-B5651F1C,1000000175,Dr. Alex Hernandez,MEM000100,FAC014,2026-02-04T13:00:00,71045,84.38,Chennai,CLEAN
CLM-B81F882B,1000000082,Dr. Michael Evans,MEM000275,FAC046,2026-04-17T10:00:00,99214,148.25,Chennai,CLEAN
CLM-C47571A3,1000000104,Dr. Richard Henson,MEM000758,FAC031,2026-05-13T14:00:00,99213,100.31,Chennai,CLEAN
CLM-8A2F1D01,1000000040,Dr. Paula Moreno,MEM000067,FAC019,2026-05-10T15:00:00,99214,158.42,Chennai,CLEAN
CLM-1A0E1F43,1000000134,Dr. Rebecca Jackson,MEM000900,FAC036,2026-01-08T11:00:00,99214,161.26,Chennai,CLEAN
CLM-67AA370F,1000000051,Dr. Danny Morgan,MEM000857,FAC003,2026-03-05T09:00:00,71045,72.81,Chennai,CLEAN
CLM-6B46E650,1000000092,Dr. Denise Jacobs,MEM000721,FAC012,2026-03-12T14:00:00,71045,80.08,Chennai,CLEAN
CLM-738871BC,1000000162,Dr. Lindsey Walker,MEM000945,FAC007,2026-06-24T09:00:00,99214,146.17,Chennai,CLEAN
CLM-763AB66D,1000000152,Dr. Denise Jones,MEM000456,FAC011,2026-05-02T17:00:00,99215,213.15,Chennai,CLEAN
CLM-7BF1A6C5,1000000066,Dr. Tracy House,MEM000766,FAC044,2026-01-24T13:00:00,99213,97.73,Chennai,CLEAN
CLM-2BDEE79E,1000000041,Dr. Fred Smith,MEM000874,FAC036,2026-02-24T12:00:00,99214,155.33,Chennai,CLEAN
CLM-463EEDEB,1000000068,Dr. James Brown,MEM000667,FAC026,2026-05-12T09:00:00,99213,99.48,Chennai,CLEAN
CLM-7355545D,1000000033,Dr. Nathan Maldonado,MEM000662,FAC011,2026-06-03T09:00:00,99214,142.57,Chennai,CLEAN
CLM-655E9594,1000000078,Dr. Steve Sanchez,MEM000729,FAC045,2026-06-14T13:00:00,71045,86.33,Chennai,CLEAN
CLM-A4EAF3B3,1000000089,Dr. Aimee Montoya,MEM000470,FAC016,2026-02-25T16:00:00,99215,227.8,Chennai,CLEAN
CLM-1D11A9A0,1000000159,Dr. Jamie Smith,MEM000406,FAC037,2026-01-27T09:00:00,93000,65.99,Chennai,CLEAN
CLM-310D4D98,1000000095,Dr. Anna Henderson,MEM000574,FAC041,2026-06-02T13:00:00,99215,228.11,Chennai,CLEAN
CLM-235E3619,1000000123,Dr. Michelle Harmon,MEM000065,FAC021,2026-03-12T14:00:00,99215,209.49,Chennai,CLEAN
CLM-7D0A6043,1000000182,Dr. Angela Vaughn,MEM000975,FAC041,2026-03-18T12:00:00,99214,150.52,Chennai,CLEAN
CLM-4865BDC6,1000000061,Dr. Gerald Hensley,MEM000921,FAC003,2026-06-03T15:00:00,99215,227.95,Chennai,CLEAN
CLM-A66266C7,1000000184,Dr. Lindsay Martinez,MEM000026,FAC041,2026-05-08T13:00:00,99215,237.9,Chennai,CLEAN
CLM-248355DE,1000000103,Dr. Christine Wright,MEM000397,FAC047,2026-01-10T12:00:00,99215,229.97,Chennai,CLEAN
CLM-2C62A3D6,1000000056,Dr. Timothy Duncan,MEM000702,FAC034,2026-06-13T16:00:00,99215,220.32,Chennai,CLEAN
CLM-E9622191,1000000043,Dr. Anthony Humphrey,MEM000860,FAC042,2026-05-23T11:00:00,99215,202.29,Chennai,CLEAN
CLM-43CE4A15,1000000032,Dr. Tricia Valencia,MEM000758,FAC016,2026-05-24T11:00:00,99215,226.8,Chennai,CLEAN
CLM-BED68CF3,1000000056,Dr. Timothy Duncan,MEM000363,FAC014,2026-03-20T15:00:00,99215,214.35,Chennai,CLEAN
CLM-0BE85887,1000000149,Dr. Stephanie Manning,MEM000301,FAC029,2026-01-31T16:00:00,99213,107.33,Chennai,CLEAN
CLM-E7CB8216,1000000149,Dr. Stephanie Manning,MEM000594,FAC039,2026-01-19T16:00:00,99214,150.01,Chennai,CLEAN
CLM-2398321F,1000000174,Dr. Nicole Herring,MEM000390,FAC033,2026-03-18T15:00:00,99213,107.42,Chennai,CLEAN
CLM-A8201BD7,1000000038,Dr. Elizabeth Fowler,MEM000140,FAC012,2026-03-29T15:00:00,93000,64.71,Chennai,CLEAN
CLM-44F54C83,1000000117,Dr. Ashley Waller,MEM000146,FAC020,2026-02-16T10:00:00,71045,77.32,Chennai,CLEAN
CLM-0F3B4FA6,1000000045,Dr. Philip Cannon,MEM000320,FAC040,2026-01-15T09:00:00,71045,76.38,Chennai,CLEAN
CLM-C82C7753,1000000194,Dr. John Bishop,MEM000792,FAC010,2026-05-28T11:00:00,71045,84.56,Chennai,CLEAN
CLM-1A475278,1000000199,Dr. Nathan Freeman,MEM000090,FAC008,2026-06-07T15:00:00,71045,78.45,Chennai,CLEAN
CLM-7862260D,1000000122,Dr. April Frost,MEM000392,FAC000,2026-01-10T17:00:00,99214,156.92,Chennai,CLEAN
CLM-8367EED2,1000000003,Dr. Daniel Wagner,MEM000913,FAC020,2026-05-16T12:00:00,99213,103.53,Chennai,CLEAN
CLM-74993FCD,1000000160,Dr. Paul Castaneda,MEM000751,FAC015,2026-02-27T14:00:00,99215,203.67,Chennai,CLEAN
CLM-656159C2,1000000098,Dr. Jessica Smith,MEM000515,FAC037,2026-03-20T11:00:00,99213,106.48,Chennai,CLEAN
CLM-30FBE856,1000000076,Dr. Angela Lopez,MEM000971,FAC018,2026-04-27T17:00:00,93000,60.29,Chennai,CLEAN
CLM-B5A2709C,1000000111,Dr. Shannon Walker,MEM000909,FAC043,2026-02-04T14:00:00,71045,77.75,Chennai,CLEAN
CLM-00A14CEE,1000000048,Dr. Joshua Blair,MEM000168,FAC025,2026-01-05T12:00:00,99214,156.82,Chennai,CLEAN
CLM-CEEDD4F6,1000000033,Dr. Nathan Maldonado,MEM000216,FAC046,2026-01-06T17:00:00,99214,138.69,Chennai,CLEAN
CLM-437E6622,1000000182,Dr. Angela Vaughn,MEM000666,FAC002,2026-04-07T13:00:00,93000,61.48,Chennai,CLEAN
CLM-1CF3647D,1000000152,Dr. Denise Jones,MEM000049,FAC042,2026-01-28T09:00:00,99213,103.79,Chennai,CLEAN
CLM-A97398A9,1000000106,Dr. Sharon Cherry,MEM000454,FAC024,2026-02-01T17:00:00,99215,218.87,Chennai,CLEAN
CLM-2C46A134,1000000039,Dr. Brittany Farmer,MEM000210,FAC044,2026-06-25T09:00:00,99215,216.52,Chennai,CLEAN
CLM-83B44DEC,1000000025,Dr. Judy Baker,MEM000678,FAC033,2026-03-11T11:00:00,71045,85.29,Chennai,CLEAN
CLM-9432DDDB,1000000026,Dr. Justin Baker,MEM000523,FAC046,2026-06-08T10:00:00,99215,203.02,Chennai,CLEAN
CLM-DDED1094,1000000027,Dr. Stephanie Ross,MEM000509,FAC012,2026-06-05T12:00:00,99215,234.59,Chennai,CLEAN
CLM-91CE4E86,1000000051,Dr. Danny Morgan,MEM000366,FAC045,2026-04-15T13:00:00,99214,136.18,Chennai,CLEAN
CLM-37E1A8C1,1000000127,Dr. Jason Powell,MEM000932,FAC013,2026-06-26T16:00:00,99215,208.32,Chennai,CLEAN
CLM-D18D778D,1000000003,Dr. Daniel Wagner,MEM000687,FAC005,2026-01-29T16:00:00,99214,163.48,Chennai,CLEAN
CLM-6D200F8D,1000000199,Dr. Nathan Freeman,MEM000523,FAC004,2026-01-26T13:00:00,99214,148.7,Chennai,CLEAN
CLM-D9CAFCDF,1000000075,Dr. Sarah Moore,MEM000270,FAC029,2026-01-13T10:00:00,99214,161.22,Chennai,CLEAN
CLM-51D77845,1000000074,Dr. Amy Silva,MEM000368,FAC043,2026-03-22T15:00:00,99213,91.9,Chennai,CLEAN
CLM-A6D91F02,1000000194,Dr. John Bishop,MEM000911,FAC002,2026-01-03T11:00:00,99214,144.86,Chennai,CLEAN
CLM-A59356AE,1000000112,Dr. Julia Torres,MEM000978,FAC039,2026-03-10T10:00:00,99215,233.86,Chennai,CLEAN
CLM-8E2B34D3,1000000046,Dr. John Pierce,MEM000116,FAC025,2026-04-13T16:00:00,99215,234.77,Chennai,CLEAN
CLM-60529BE1,1000000176,Dr. Michael Elliott,MEM000871,FAC030,2026-04-18T11:00:00,99213,92.65,Chennai,CLEAN
CLM-B6DFB8A9,1000000185,Dr. Dr. Hannah Patterson,MEM000060,FAC010,2026-01-27T15:00:00,93000,59.79,Chennai,CLEAN
CLM-CE1C63F4,1000000145,Dr. Joyce Solis,MEM000694,FAC028,2026-02-16T15:00:00,99215,224.9,Chennai,CLEAN
CLM-A65FEE82,1000000175,Dr. Alex Hernandez,MEM000901,FAC046,2026-02-03T16:00:00,71045,73.81,Chennai,CLEAN
CLM-0A1F7123,1000000105,Dr. Marc Moore,MEM000451,FAC002,2026-01-17T13:00:00,99215,198.54,Chennai,CLEAN
CLM-CB6BEC93,1000000173,Dr. Matthew Harrington,MEM000537,FAC049,2026-05-28T12:00:00,99215,220.84,Chennai,CLEAN
CLM-9A3556A0,1000000176,Dr. Michael Elliott,MEM000717,FAC039,2026-01-25T15:00:00,99214,149.46,Chennai,CLEAN
CLM-39C190D3,1000000169,Dr. Daniel Murphy,MEM000692,FAC041,2026-04-09T11:00:00,93000,64.7,Chennai,CLEAN
CLM-50E2DCA7,1000000156,Dr. Joshua Perry,MEM000055,FAC000,2026-06-14T11:00:00,93000,64.19,Chennai,CLEAN
CLM-8200BBC7,1000000126,Dr. Michelle Evans,MEM000890,FAC010,2026-01-20T16:00:00,99215,208.6,Chennai,CLEAN
CLM-EE8116B0,1000000071,Dr. Whitney Peters,MEM000051,FAC032,2026-02-27T17:00:00,71045,78.45,Chennai,CLEAN
CLM-04FDEFA3,1000000060,Dr. Victoria Garcia,MEM000080,FAC029,2026-04-24T16:00:00,99213,107.13,Chennai,CLEAN
CLM-0156451A,1000000114,Dr. Garrett Lin,MEM000323,FAC007,2026-05-08T09:00:00,99213,98.07,Chennai,CLEAN
CLM-341BC665,1000000009,Dr. Ryan Munoz,MEM000570,FAC035,2026-01-01T10:00:00,93000,65.56,Chennai,CLEAN
CLM-D84BDBD2,1000000163,Dr. Jeffrey Johnson,MEM000311,FAC032,2026-05-24T12:00:00,71045,87.21,Chennai,CLEAN
CLM-F879A4B1,1000000093,Dr. Christina Walters,MEM000845,FAC003,2026-02-27T16:00:00,99215,222.65,Chennai,CLEAN
CLM-5D36C8F5,1000000158,Dr. Melissa Gates,MEM000614,FAC030,2026-06-18T14:00:00,71045,73.82,Chennai,CLEAN
CLM-4C07373D,1000000194,Dr. John Bishop,MEM000674,FAC014,2026-01-01T14:00:00,99215,234.51,Chennai,CLEAN
CLM-D9A447A6,1000000074,Dr. Amy Silva,MEM000560,FAC033,2026-04-06T10:00:00,99213,107.94,Chennai,CLEAN
CLM-3C326635,1000000126,Dr. Michelle Evans,MEM000143,FAC045,2026-04-15T10:00:00,99215,224.88,Chennai,CLEAN
CLM-B6AE498F,1000000048,Dr. Joshua Blair,MEM000123,FAC025,2026-02-25T16:00:00,99214,156.5,Chennai,CLEAN
CLM-AE527007,1000000027,Dr. Stephanie Ross,MEM000775,FAC026,2026-01-12T10:00:00,71045,79.32,Chennai,CLEAN
CLM-C67E6AE8,1000000150,Dr. David Wright,MEM000979,FAC032,2026-02-04T16:00:00,99213,100.61,Chennai,CLEAN
CLM-FB7BB94D,1000000012,Dr. Lisa Hensley,MEM000566,FAC027,2026-05-30T16:00:00,93000,63.37,Chennai,CLEAN
CLM-2997B95D,1000000045,Dr. Philip Cannon,MEM000708,FAC037,2026-02-14T11:00:00,99213,97.75,Chennai,CLEAN
CLM-373F4E31,1000000153,Dr. Devon Flores,MEM000620,FAC020,2026-05-10T15:00:00,71045,87.67,Chennai,CLEAN
CLM-32DF0FA5,1000000177,Dr. Michael Wang,MEM000780,FAC015,2026-03-12T15:00:00,99215,240.7,Chennai,CLEAN
CLM-57D660F3,1000000115,Dr. Diana May,MEM000824,FAC008,2026-02-05T15:00:00,93000,62.4,Chennai,CLEAN
CLM-42B424F0,1000000191,Dr. Karen Graham,MEM000524,FAC019,2026-06-29T17:00:00,99215,229.32,Chennai,CLEAN
CLM-E7F766EB,1000000141,Dr. David Douglas Jr.,MEM000647,FAC013,2026-02-21T12:00:00,93000,62.57,Chennai,CLEAN
CLM-F870961E,1000000175,Dr. Alex Hernandez,MEM000353,FAC043,2026-02-03T11:00:00,93000,60.51,Chennai,CLEAN
CLM-F7E80ADD,1000000163,Dr. Jeffrey Johnson,MEM000330,FAC045,2026-01-30T14:00:00,93000,59.76,Chennai,CLEAN
CLM-E5D6E45D,1000000146,Dr. Victoria Larson,MEM000965,FAC042,2026-04-17T17:00:00,99215,236.61,Chennai,CLEAN
CLM-72513F8A,1000000108,Dr. Evelyn Galvan,MEM000827,FAC000,2026-05-14T10:00:00,99213,97.62,Chennai,CLEAN
CLM-0A74A441,1000000013,Dr. Michele Williams,MEM000686,FAC003,2026-02-21T13:00:00,99214,164.51,Chennai,CLEAN
CLM-BD085677,1000000174,Dr. Nicole Herring,MEM000256,FAC009,2026-01-16T13:00:00,99214,157.61,Chennai,CLEAN
CLM-B385EC93,1000000008,Dr. Gabrielle Davis,MEM000367,FAC028,2026-01-27T17:00:00,99214,157.27,Chennai,CLEAN
CLM-1BC533AD,1000000143,Dr. Christopher Rubio,MEM000398,FAC015,2026-05-11T13:00:00,99213,108.53,Chennai,CLEAN
CLM-9B5CA001,1000000099,Dr. Stephen Mckee,MEM000426,FAC043,2026-03-22T17:00:00,99213,90.26,Chennai,CLEAN
CLM-5B98C75E,1000000064,Dr. Jessica Callahan,MEM000207,FAC039,2026-04-24T12:00:00,99215,231.22,Chennai,CLEAN
CLM-0D5D7AA9,1000000139,Dr. Angel Perry,MEM000756,FAC038,2026-02-20T12:00:00,99215,217.75,Chennai,CLEAN
CLM-8BEEBA93,1000000174,Dr. Nicole Herring,MEM000076,FAC011,2026-02-14T17:00:00,99213,97.54,Chennai,CLEAN
CLM-87260A39,1000000109,Dr. Sharon Cochran,MEM000285,FAC035,2026-03-09T11:00:00,99214,152.52,Chennai,CLEAN
CLM-D8786531,1000000065,Dr. Amber Kidd,MEM000005,FAC021,2026-04-30T11:00:00,99213,93.07,Chennai,CLEAN
CLM-E41F56F3,1000000082,Dr. Michael Evans,MEM000611,FAC003,2026-06-10T13:00:00,71045,84.64,Chennai,CLEAN
CLM-46C16C4F,1000000140,Dr. Cheyenne Horton,MEM000366,FAC004,2026-03-23T17:00:00,99214,163.71,Chennai,CLEAN
CLM-1B9EFE75,1000000133,Dr. Daniel Kennedy,MEM000069,FAC032,2026-02-10T15:00:00,93000,60.44,Chennai,CLEAN
CLM-13E7DE69,1000000023,Dr. Tommy Walter,MEM000357,FAC014,2026-02-24T14:00:00,99215,213.88,Chennai,CLEAN
CLM-8676E8D3,1000000055,Dr. Michael Lewis,MEM000973,FAC048,2026-06-08T17:00:00,71045,87.95,Chennai,CLEAN
CLM-8ED2CF00,1000000192,Dr. Debra Christian,MEM000664,FAC000,2026-01-30T14:00:00,71045,75.85,Chennai,CLEAN
CLM-1CAC5F01,1000000164,Dr. Michael Powell,MEM000628,FAC039,2026-03-04T09:00:00,99215,214.78,Chennai,CLEAN
CLM-0F0C8C44,1000000029,Dr. Anthony Rodriguez,MEM000395,FAC016,2026-05-19T13:00:00,99213,108.23,Chennai,CLEAN
CLM-A9B6C98C,1000000197,Dr. Spencer Haynes,MEM000383,FAC032,2026-05-11T16:00:00,71045,72.7,Chennai,CLEAN
CLM-8500295D,1000000166,Dr. Alyssa Long,MEM000197,FAC020,2026-05-12T10:00:00,99213,93.35,Chennai,CLEAN
CLM-D395E0B7,1000000197,Dr. Spencer Haynes,MEM000550,FAC034,2026-01-02T10:00:00,99214,155.11,Chennai,CLEAN
CLM-B8E7BF45,1000000198,Dr. Adam Vaughan,MEM000218,FAC043,2026-04-19T10:00:00,99214,151.13,Chennai,CLEAN
CLM-EEF8398D,1000000179,Dr. Robert Oconnell,MEM000899,FAC047,2026-04-22T10:00:00,99214,135.71,Chennai,CLEAN
CLM-C85E9C24,1000000183,Dr. Ashley Barton,MEM000339,FAC002,2026-01-23T10:00:00,99213,93.56,Chennai,CLEAN
CLM-63C64375,1000000064,Dr. Jessica Callahan,MEM000571,FAC004,2026-05-28T12:00:00,99215,215.94,Chennai,CLEAN
CLM-5323FABB,1000000115,Dr. Diana May,MEM000645,FAC025,2026-04-21T14:00:00,99213,97.79,Chennai,CLEAN
CLM-D698071A,1000000030,Dr. Rebecca Henderson,MEM000547,FAC000,2026-06-14T10:00:00,93000,54.55,Chennai,CLEAN
CLM-2C3AF75F,1000000018,Dr. Lisa Jackson,MEM000366,FAC032,2026-01-28T13:00:00,99215,224.69,Chennai,CLEAN
CLM-F2C98A47,1000000072,Dr. Brittney Phillips,MEM000783,FAC028,2026-04-08T15:00:00,99213,99.48,Chennai,CLEAN
CLM-0CA2EB11,1000000136,Dr. Robert Potter,MEM000225,FAC008,2026-04-11T17:00:00,99215,240.25,Chennai,CLEAN
CLM-EA0380DF,1000000036,Dr. Sherri Baker,MEM000305,FAC043,2026-06-15T14:00:00,99213,101.07,Chennai,CLEAN
CLM-1AB038A7,1000000142,Dr. Patricia Rodriguez,MEM000144,FAC007,2026-01-11T09:00:00,93000,61.16,Chennai,CLEAN
CLM-11C83E5F,1000000137,Dr. Courtney Gonzalez,MEM000560,FAC005,2026-03-20T12:00:00,99215,207.32,Chennai,CLEAN
CLM-590FEFD7,1000000165,Dr. John Anderson,MEM000871,FAC032,2026-02-06T11:00:00,99214,141.62,Chennai,CLEAN
CLM-70AF6E17,1000000064,Dr. Jessica Callahan,MEM000198,FAC007,2026-02-16T09:00:00,93000,59.54,Chennai,CLEAN
CLM-D6A930E9,1000000140,Dr. Cheyenne Horton,MEM000074,FAC018,2026-06-21T10:00:00,99215,202.32,Chennai,CLEAN
CLM-994D273A,1000000185,Dr. Dr. Hannah Patterson,MEM000594,FAC031,2026-03-26T14:00:00,99214,155.14,Chennai,CLEAN
CLM-1ACF599E,1000000060,Dr. Victoria Garcia,MEM000102,FAC018,2026-06-08T10:00:00,99214,144.53,Chennai,CLEAN
CLM-5A939F86,1000000115,Dr. Diana May,MEM000336,FAC039,2026-06-18T13:00:00,93000,55.83,Chennai,CLEAN
CLM-43756D42,1000000145,Dr. Joyce Solis,MEM000373,FAC020,2026-04-20T11:00:00,99213,96.26,Chennai,CLEAN
CLM-DFC2ECCA,1888888888,Dr. Synthetic-B (Teleport),MEM000226,FAC045,2026-06-14T15:00:00,99215,234.96,Chennai,CLEAN
CLM-DD20723D,1000000034,Dr. Debra Davidson,MEM000695,FAC046,2026-03-26T16:00:00,71045,79.13,Chennai,CLEAN
CLM-D8097A41,1000000198,Dr. Adam Vaughan,MEM000312,FAC031,2026-05-22T10:00:00,99214,154.37,Chennai,CLEAN
CLM-130A4971,1000000020,Dr. Margaret Hawkins DDS,MEM000861,FAC017,2026-02-05T17:00:00,99214,142.9,Chennai,CLEAN
CLM-6B330215,1000000160,Dr. Paul Castaneda,MEM000078,FAC046,2026-01-20T09:00:00,93000,61.58,Chennai,CLEAN
CLM-A29AD85A,1000000148,Dr. Kathy Rivas,MEM000592,FAC025,2026-06-01T12:00:00,99213,101.03,Chennai,CLEAN
CLM-8D75384A,1000000139,Dr. Angel Perry,MEM000915,FAC034,2026-05-01T11:00:00,99215,215.27,Chennai,CLEAN
CLM-36804F50,1000000197,Dr. Spencer Haynes,MEM000603,FAC046,2026-03-16T11:00:00,71045,80.02,Chennai,CLEAN
CLM-D4F938F2,1000000023,Dr. Tommy Walter,MEM000406,FAC023,2026-05-09T09:00:00,99214,160.44,Chennai,CLEAN
CLM-F6215109,1000000157,Dr. Jason Stein,MEM000700,FAC010,2026-05-12T11:00:00,71045,74.55,Chennai,CLEAN
CLM-20B98812,1000000144,Dr. Amber Wright,MEM000971,FAC036,2026-06-18T11:00:00,71045,87.03,Chennai,CLEAN
CLM-E951D3C3,1000000010,Dr. Monica Herrera,MEM000224,FAC048,2026-05-05T12:00:00,99213,95.29,Chennai,CLEAN
CLM-0755839D,1000000059,Dr. John Daniel,MEM000043,FAC042,2026-02-22T17:00:00,99215,215.08,Chennai,CLEAN
CLM-54214E92,1000000116,Dr. William Herrera,MEM000902,FAC002,2026-01-11T14:00:00,99213,104.07,Chennai,CLEAN
CLM-34CEBDA8,1000000133,Dr. Daniel Kennedy,MEM000648,FAC017,2026-03-09T17:00:00,93000,56.09,Chennai,CLEAN
CLM-5CC58BAC,1000000167,Dr. Alyssa Day,MEM000387,FAC023,2026-05-31T10:00:00,93000,57.02,Chennai,CLEAN
CLM-98309264,1000000057,Dr. Richard Aguirre,MEM000528,FAC025,2026-04-01T14:00:00,71045,84.68,Chennai,CLEAN
CLM-B113B5B4,1000000154,Dr. Brenda Hall,MEM000006,FAC032,2026-02-05T16:00:00,99214,141.9,Chennai,CLEAN
CLM-19034EC0,1000000131,Dr. Dustin Jordan,MEM000658,FAC017,2026-02-24T11:00:00,99214,139.72,Chennai,CLEAN
CLM-EDFAC04C,1000000154,Dr. Brenda Hall,MEM000734,FAC007,2026-06-19T12:00:00,71045,84.98,Chennai,CLEAN
CLM-3EF996B8,1000000184,Dr. Lindsay Martinez,MEM000116,FAC030,2026-06-22T16:00:00,71045,75.37,Chennai,CLEAN
CLM-D836CFCA,1000000041,Dr. Fred Smith,MEM000662,FAC026,2026-01-06T12:00:00,99213,92.56,Chennai,CLEAN
CLM-571E61DC,1000000151,Dr. Pamela Boyd,MEM000164,FAC008,2026-06-11T17:00:00,99213,107.82,Chennai,CLEAN
CLM-6D5004C2,1000000037,Dr. Cassandra Gaines,MEM000057,FAC010,2026-03-08T11:00:00,93000,65.5,Chennai,CLEAN
CLM-6474CC9A,1000000153,Dr. Devon Flores,MEM000992,FAC036,2026-06-13T09:00:00,99215,239.68,Chennai,CLEAN
CLM-99616B05,1000000055,Dr. Michael Lewis,MEM000459,FAC038,2026-05-01T16:00:00,99214,141.58,Chennai,CLEAN
CLM-D7CE2BA0,1000000105,Dr. Marc Moore,MEM000615,FAC009,2026-05-30T11:00:00,93000,61.92,Chennai,CLEAN
CLM-6841198F,1000000067,Dr. Carol Tucker,MEM000171,FAC046,2026-06-25T14:00:00,71045,81.54,Chennai,CLEAN
CLM-906650A0,1000000017,Dr. Derek Zuniga,MEM000235,FAC024,2026-04-09T11:00:00,99213,90.33,Chennai,CLEAN
CLM-C49078FE,1000000133,Dr. Daniel Kennedy,MEM000880,FAC032,2026-06-25T15:00:00,99214,153.17,Chennai,CLEAN
CLM-87BB3B63,1000000045,Dr. Philip Cannon,MEM000487,FAC039,2026-06-03T09:00:00,93000,60.04,Chennai,CLEAN
CLM-0FAC3D41,1000000030,Dr. Rebecca Henderson,MEM000095,FAC030,2026-06-18T11:00:00,93000,60.47,Chennai,CLEAN
CLM-0B4A8193,1000000000,Dr. Allison Hill,MEM000918,FAC049,2026-06-23T15:00:00,93000,59.05,Chennai,CLEAN
CLM-C714DE09,1000000011,Dr. Jamie Arnold,MEM000714,FAC033,2026-04-20T12:00:00,71045,84.63,Chennai,CLEAN
CLM-E74212AB,1000000097,Dr. Deborah Figueroa,MEM000358,FAC037,2026-06-28T10:00:00,71045,74.14,Chennai,CLEAN
CLM-7EA10E0E,1000000122,Dr. April Frost,MEM000784,FAC014,2026-01-22T13:00:00,93000,64.52,Chennai,CLEAN
CLM-8261439F,1000000104,Dr. Richard Henson,MEM000263,FAC012,2026-01-02T09:00:00,93000,60.27,Chennai,CLEAN
CLM-D8A1FB8A,1000000133,Dr. Daniel Kennedy,MEM000007,FAC024,2026-06-17T12:00:00,99215,215.99,Chennai,CLEAN
CLM-CE961AA9,1000000027,Dr. Stephanie Ross,MEM000158,FAC027,2026-06-16T13:00:00,99215,235.62,Chennai,CLEAN
CLM-40E749BE,1000000108,Dr. Evelyn Galvan,MEM000578,FAC023,2026-06-06T13:00:00,71045,84.08,Chennai,CLEAN
CLM-8172DB60,1000000105,Dr. Marc Moore,MEM000565,FAC035,2026-05-04T11:00:00,99215,222.6,Chennai,CLEAN
CLM-10CE44EE,1000000123,Dr. Michelle Harmon,MEM000259,FAC019,2026-05-28T14:00:00,71045,83.77,Chennai,CLEAN
CLM-A18E25C1,1000000168,Dr. Joel Williams,MEM000121,FAC047,2026-02-28T16:00:00,99214,138.01,Chennai,CLEAN
CLM-4A322283,1000000130,Dr. Elizabeth Kelley,MEM000410,FAC021,2026-05-21T09:00:00,99214,146.67,Chennai,CLEAN
CLM-36288182,1000000162,Dr. Lindsey Walker,MEM000005,FAC005,2026-02-07T16:00:00,93000,59.22,Chennai,CLEAN
CLM-629955EA,1000000016,Dr. Holly Wood,MEM000269,FAC014,2026-04-05T10:00:00,93000,54.45,Chennai,CLEAN
CLM-0A37FCD8,1000000098,Dr. Jessica Smith,MEM000953,FAC025,2026-06-07T17:00:00,99215,229.31,Chennai,CLEAN
CLM-8561B454,1000000152,Dr. Denise Jones,MEM000058,FAC049,2026-02-14T16:00:00,71045,72.17,Chennai,CLEAN
CLM-D1B2FC34,1000000168,Dr. Joel Williams,MEM000953,FAC033,2026-03-15T12:00:00,99213,105.68,Chennai,CLEAN
CLM-A8819447,1000000130,Dr. Elizabeth Kelley,MEM000528,FAC044,2026-03-01T11:00:00,99213,97.19,Chennai,CLEAN
CLM-A1B51D0F,1000000167,Dr. Alyssa Day,MEM000000,FAC010,2026-01-23T13:00:00,71045,77.65,Chennai,CLEAN
CLM-AD15E53B,1000000101,Dr. Cameron Parker,MEM000415,FAC037,2026-02-21T17:00:00,99213,104.74,Chennai,CLEAN
CLM-A9048FF2,1000000017,Dr. Derek Zuniga,MEM000941,FAC005,2026-05-21T13:00:00,93000,64.98,Chennai,CLEAN
CLM-4603050A,1000000089,Dr. Aimee Montoya,MEM000355,FAC017,2026-02-27T12:00:00,71045,86.88,Chennai,CLEAN
CLM-D40C3054,1000000147,Dr. Stephanie Salazar,MEM000004,FAC016,2026-02-14T15:00:00,93000,55.28,Chennai,CLEAN
CLM-04479A13,1000000018,Dr. Lisa Jackson,MEM000515,FAC018,2026-03-29T10:00:00,93000,65.48,Chennai,CLEAN
CLM-F7AAE824,1000000137,Dr. Courtney Gonzalez,MEM000832,FAC036,2026-03-06T16:00:00,71045,81.01,Chennai,CLEAN
CLM-7F696438,1000000197,Dr. Spencer Haynes,MEM000249,FAC048,2026-03-28T16:00:00,71045,86.34,Chennai,CLEAN
CLM-D317D43F,1000000007,Dr. Gina Moore,MEM000493,FAC007,2026-03-08T10:00:00,71045,82.14,Chennai,CLEAN
CLM-DB52AB2D,1000000056,Dr. Timothy Duncan,MEM000693,FAC044,2026-02-28T14:00:00,71045,87.29,Chennai,CLEAN
CLM-1E313E54,1000000132,Dr. Mary Marshall,MEM000548,FAC000,2026-06-29T13:00:00,99214,143.62,Chennai,CLEAN
CLM-0224F52C,1000000102,Dr. Rebecca Valencia,MEM000689,FAC047,2026-03-29T10:00:00,93000,65.18,Chennai,CLEAN
CLM-4006939E,1000000121,Dr. Kenneth Scott,MEM000321,FAC022,2026-02-25T13:00:00,99214,163.41,Chennai,CLEAN
CLM-1F4CF3D0,1000000174,Dr. Nicole Herring,MEM000952,FAC012,2026-05-08T12:00:00,99214,157.06,Chennai,CLEAN
CLM-4C9DD16E,1000000067,Dr. Carol Tucker,MEM000211,FAC014,2026-02-21T12:00:00,93000,58.27,Chennai,CLEAN
CLM-5906EABE,1000000199,Dr. Nathan Freeman,MEM000109,FAC007,2026-01-21T16:00:00,93000,54.08,Chennai,CLEAN
CLM-8A1BFF5D,1000000138,Dr. David Alvarez,MEM000980,FAC002,2026-05-04T14:00:00,93000,57.79,Chennai,CLEAN
CLM-C383B7AC,1000000147,Dr. Stephanie Salazar,MEM000889,FAC017,2026-05-06T11:00:00,93000,57.36,Chennai,CLEAN
CLM-31BC1797,1000000056,Dr. Timothy Duncan,MEM000768,FAC036,2026-02-02T09:00:00,93000,63.59,Chennai,CLEAN
CLM-5E5CDBB9,1000000122,Dr. April Frost,MEM000962,FAC034,2026-01-09T17:00:00,99215,215.32,Chennai,CLEAN
CLM-F32A9E63,1000000175,Dr. Alex Hernandez,MEM000794,FAC011,2026-04-28T10:00:00,93000,59.52,Chennai,CLEAN
CLM-BAA7D506,1000000176,Dr. Michael Elliott,MEM000008,FAC000,2026-06-22T12:00:00,71045,81.3,Chennai,CLEAN
CLM-4DBBAA5C,1000000083,Dr. Paul Jones,MEM000370,FAC039,2026-03-08T11:00:00,93000,57.15,Chennai,CLEAN
CLM-2E577825,1000000068,Dr. James Brown,MEM000482,FAC039,2026-03-29T14:00:00,99214,149.96,Chennai,CLEAN
CLM-694711BC,1000000053,Dr. Mark Perez,MEM000429,FAC044,2026-04-06T14:00:00,71045,76.47,Chennai,CLEAN
CLM-BF7942CC,1000000046,Dr. John Pierce,MEM000585,FAC008,2026-05-28T12:00:00,99213,104.42,Chennai,CLEAN
CLM-43C47F19,1000000060,Dr. Victoria Garcia,MEM000568,FAC027,2026-04-08T12:00:00,99214,159.0,Chennai,CLEAN
CLM-0F7D9A27,1000000189,Dr. Jessica Gross,MEM000153,FAC030,2026-01-03T11:00:00,71045,79.99,Chennai,CLEAN
CLM-62C6F40B,1000000161,Dr. Jennifer Adkins,MEM000529,FAC034,2026-03-22T16:00:00,99215,209.04,Chennai,CLEAN
CLM-08FB1C7D,1000000145,Dr. Joyce Solis,MEM000048,FAC025,2026-01-26T11:00:00,99213,94.31,Chennai,CLEAN
CLM-8BF7F8B9,1000000065,Dr. Amber Kidd,MEM000487,FAC040,2026-01-25T16:00:00,99215,209.43,Chennai,CLEAN
CLM-FFC0F2F5,1000000092,Dr. Denise Jacobs,MEM000573,FAC035,2026-03-07T14:00:00,99213,98.24,Chennai,CLEAN
CLM-2C60D7BE,1000000089,Dr. Aimee Montoya,MEM000888,FAC043,2026-06-05T12:00:00,93000,60.91,Chennai,CLEAN
CLM-6028E43F,1000000166,Dr. Alyssa Long,MEM000551,FAC011,2026-03-14T14:00:00,99215,227.62,Chennai,CLEAN
CLM-5BB5D882,1000000124,Dr. Helen Jones,MEM000793,FAC047,2026-04-25T10:00:00,71045,81.82,Chennai,CLEAN
CLM-EDF7E63E,1000000118,Dr. Victor Baker,MEM000646,FAC009,2026-02-12T14:00:00,71045,82.1,Chennai,CLEAN
CLM-B6D06CF5,1000000146,Dr. Victoria Larson,MEM000414,FAC004,2026-01-21T11:00:00,99215,208.04,Chennai,CLEAN
CLM-C3C9053C,1000000081,Dr. Mike Allen,MEM000668,FAC018,2026-03-10T15:00:00,99215,237.06,Chennai,CLEAN
CLM-80926F9A,1000000199,Dr. Nathan Freeman,MEM000883,FAC023,2026-05-31T17:00:00,71045,78.62,Chennai,CLEAN
CLM-848C4E4F,1000000047,Dr. Shane Henderson,MEM000874,FAC001,2026-02-02T12:00:00,99215,239.38,Chennai,CLEAN
CLM-176E6D37,1000000179,Dr. Robert Oconnell,MEM000767,FAC005,2026-02-23T11:00:00,71045,73.65,Chennai,CLEAN
CLM-083E511C,1000000016,Dr. Holly Wood,MEM000959,FAC030,2026-05-21T09:00:00,99213,105.42,Chennai,CLEAN
CLM-F2A28393,1000000134,Dr. Rebecca Jackson,MEM000783,FAC005,2026-01-27T13:00:00,93000,55.86,Chennai,CLEAN
CLM-F3B087B7,1000000167,Dr. Alyssa Day,MEM000953,FAC024,2026-03-21T12:00:00,99214,157.13,Chennai,CLEAN
CLM-E81C70CC,1000000113,Dr. Crystal Johnson,MEM000641,FAC008,2026-02-03T17:00:00,99214,135.86,Chennai,CLEAN
CLM-1233DC1D,1000000169,Dr. Daniel Murphy,MEM000365,FAC020,2026-05-02T16:00:00,93000,65.22,Chennai,CLEAN
CLM-E3ED2F3F,1000000140,Dr. Cheyenne Horton,MEM000455,FAC008,2026-06-28T17:00:00,99214,152.72,Chennai,CLEAN
CLM-B9070CDE,1000000116,Dr. William Herrera,MEM000646,FAC047,2026-06-12T15:00:00,93000,61.68,Chennai,CLEAN
CLM-23C3D52A,1000000136,Dr. Robert Potter,MEM000317,FAC022,2026-05-04T17:00:00,99214,159.14,Chennai,CLEAN
CLM-B238B525,1000000113,Dr. Crystal Johnson,MEM000315,FAC023,2026-04-16T13:00:00,99214,144.11,Chennai,CLEAN
CLM-3768A9AC,1000000000,Dr. Allison Hill,MEM000535,FAC048,2026-02-04T14:00:00,99215,218.64,Chennai,CLEAN
CLM-C759CBD7,1000000002,Dr. Angie Henderson,MEM000704,FAC031,2026-05-03T13:00:00,99213,105.32,Chennai,CLEAN
CLM-25678445,1000000074,Dr. Amy Silva,MEM000611,FAC014,2026-01-02T17:00:00,99215,206.3,Chennai,CLEAN
CLM-83DBC1C5,1000000143,Dr. Christopher Rubio,MEM000447,FAC025,2026-03-05T11:00:00,71045,85.25,Chennai,CLEAN
CLM-77F44A26,1000000056,Dr. Timothy Duncan,MEM000269,FAC005,2026-04-19T12:00:00,93000,63.17,Chennai,CLEAN
CLM-F0909B70,1000000156,Dr. Joshua Perry,MEM000826,FAC044,2026-06-25T13:00:00,99215,226.53,Chennai,CLEAN
CLM-030644C9,1000000136,Dr. Robert Potter,MEM000828,FAC017,2026-04-16T12:00:00,99213,93.65,Chennai,CLEAN
CLM-7B64027A,1000000074,Dr. Amy Silva,MEM000113,FAC040,2026-04-27T16:00:00,99215,228.82,Chennai,CLEAN
CLM-838B8E9B,1000000125,Dr. Erin Edwards,MEM000192,FAC020,2026-01-05T11:00:00,99213,109.39,Chennai,CLEAN
CLM-4DDFB006,1000000005,Dr. Connie Lawrence,MEM000190,FAC006,2026-03-14T13:00:00,99214,156.46,Chennai,CLEAN
CLM-3174789D,1000000186,Dr. Jonathan Peterson,MEM000008,FAC014,2026-01-24T11:00:00,99213,99.87,Chennai,CLEAN
CLM-E765EC7D,1000000087,Dr. Christopher Bass,MEM000430,FAC019,2026-05-08T14:00:00,71045,83.15,Chennai,CLEAN
CLM-DE7D583D,1000000008,Dr. Gabrielle Davis,MEM000338,FAC005,2026-02-07T09:00:00,99215,232.13,Chennai,CLEAN
CLM-93CDC19E,1000000018,Dr. Lisa Jackson,MEM000556,FAC030,2026-02-16T12:00:00,99215,233.96,Chennai,CLEAN
CLM-EC5C397A,1000000003,Dr. Daniel Wagner,MEM000124,FAC049,2026-03-05T15:00:00,71045,75.95,Chennai,CLEAN
CLM-E894EEDA,1000000008,Dr. Gabrielle Davis,MEM000203,FAC029,2026-01-25T17:00:00,99214,149.18,Chennai,CLEAN
CLM-78186CE5,1000000174,Dr. Nicole Herring,MEM000984,FAC019,2026-03-24T11:00:00,99213,104.89,Chennai,CLEAN
CLM-EA3D36F0,1000000140,Dr. Cheyenne Horton,MEM000533,FAC007,2026-03-06T16:00:00,99215,206.74,Chennai,CLEAN
CLM-F829D3B9,1000000013,Dr. Michele Williams,MEM000884,FAC042,2026-02-25T10:00:00,99214,153.99,Chennai,CLEAN
CLM-51FD8C0F,1000000083,Dr. Paul Jones,MEM000015,FAC010,2026-03-12T10:00:00,71045,84.63,Chennai,CLEAN
CLM-73712459,1000000002,Dr. Angie Henderson,MEM000992,FAC002,2026-05-29T16:00:00,93000,55.86,Chennai,CLEAN
CLM-49DB10A3,1000000197,Dr. Spencer Haynes,MEM000091,FAC015,2026-02-10T16:00:00,99213,103.72,Chennai,CLEAN
CLM-3117C7ED,1000000086,Dr. Shirley Suarez,MEM000953,FAC048,2026-06-10T09:00:00,99213,97.11,Chennai,CLEAN
CLM-2251D1FA,1000000039,Dr. Brittany Farmer,MEM000718,FAC034,2026-01-28T11:00:00,71045,75.72,Chennai,CLEAN
CLM-69CEC615,1000000142,Dr. Patricia Rodriguez,MEM000807,FAC041,2026-03-30T16:00:00,99214,135.64,Chennai,CLEAN
CLM-1204C2AA,1000000096,Dr. Aaron Wise,MEM000366,FAC046,2026-02-04T13:00:00,99213,99.71,Chennai,CLEAN
CLM-9D4210C5,1000000112,Dr. Julia Torres,MEM000572,FAC018,2026-05-19T16:00:00,99214,152.0,Chennai,CLEAN
CLM-FFF47718,1000000139,Dr. Angel Perry,MEM000356,FAC020,2026-04-30T13:00:00,93000,64.97,Chennai,CLEAN
CLM-94C13A3D,1000000141,Dr. David Douglas Jr.,MEM000164,FAC004,2026-05-16T11:00:00,71045,76.73,Chennai,CLEAN
CLM-EEDC2B90,1000000067,Dr. Carol Tucker,MEM000554,FAC023,2026-04-27T09:00:00,93000,58.55,Chennai,CLEAN
CLM-8B9D0ACC,1000000047,Dr. Shane Henderson,MEM000904,FAC001,2026-06-08T14:00:00,93000,56.87,Chennai,CLEAN
CLM-3E65FEEE,1000000184,Dr. Lindsay Martinez,MEM000064,FAC042,2026-05-18T15:00:00,99214,150.72,Chennai,CLEAN
CLM-E4CC1674,1000000127,Dr. Jason Powell,MEM000784,FAC035,2026-02-09T13:00:00,99215,216.03,Chennai,CLEAN
CLM-A1ED369B,1000000082,Dr. Michael Evans,MEM000113,FAC006,2026-05-14T10:00:00,99213,106.7,Chennai,CLEAN
CLM-07C133E9,1000000033,Dr. Nathan Maldonado,MEM000182,FAC002,2026-02-21T10:00:00,71045,75.07,Chennai,CLEAN
CLM-AFCA04C2,1000000008,Dr. Gabrielle Davis,MEM000584,FAC041,2026-04-10T16:00:00,93000,61.49,Chennai,CLEAN
CLM-914BCDDB,1000000151,Dr. Pamela Boyd,MEM000262,FAC003,2026-04-04T12:00:00,93000,62.61,Chennai,CLEAN
CLM-59BDB853,1000000003,Dr. Daniel Wagner,MEM000952,FAC013,2026-06-17T16:00:00,99213,99.36,Chennai,CLEAN
CLM-F8A5BB67,1000000163,Dr. Jeffrey Johnson,MEM000062,FAC023,2026-05-23T15:00:00,99215,232.95,Chennai,CLEAN
CLM-0612C1AF,1000000014,Dr. Dylan Miller,MEM000843,FAC039,2026-03-10T17:00:00,99213,104.69,Chennai,CLEAN
CLM-FD029CFA,1000000077,Dr. Megan Young,MEM000079,FAC013,2026-05-13T10:00:00,99213,104.5,Chennai,CLEAN
CLM-117FD299,1000000136,Dr. Robert Potter,MEM000394,FAC012,2026-02-19T17:00:00,99214,152.1,Chennai,CLEAN
CLM-6807D61B,1000000045,Dr. Philip Cannon,MEM000571,FAC047,2026-05-23T15:00:00,99213,105.33,Chennai,CLEAN
CLM-43F46029,1000000147,Dr. Stephanie Salazar,MEM000366,FAC043,2026-04-28T15:00:00,99213,93.34,Chennai,CLEAN
CLM-5CC53C56,1000000046,Dr. John Pierce,MEM000563,FAC025,2026-05-10T14:00:00,99214,151.02,Chennai,CLEAN
CLM-B2478B08,1000000153,Dr. Devon Flores,MEM000453,FAC022,2026-03-22T17:00:00,99215,235.17,Chennai,CLEAN
CLM-831DA782,1000000105,Dr. Marc Moore,MEM000782,FAC040,2026-04-21T14:00:00,93000,56.89,Chennai,CLEAN
CLM-18C71996,1000000139,Dr. Angel Perry,MEM000219,FAC024,2026-05-21T13:00:00,99215,240.31,Chennai,CLEAN
CLM-50769019,1000000114,Dr. Garrett Lin,MEM000982,FAC025,2026-01-01T09:00:00,99215,224.21,Chennai,CLEAN
CLM-24C7D6D1,1000000132,Dr. Mary Marshall,MEM000138,FAC019,2026-01-02T13:00:00,99214,141.44,Chennai,CLEAN
CLM-5032E4ED,1000000080,Dr. Kelly Donovan,MEM000022,FAC049,2026-06-26T13:00:00,93000,60.14,Chennai,CLEAN
CLM-91E5702B,1000000146,Dr. Victoria Larson,MEM000948,FAC036,2026-02-09T10:00:00,99213,99.21,Chennai,CLEAN
CLM-2AB7534F,1000000039,Dr. Brittany Farmer,MEM000141,FAC016,2026-04-04T12:00:00,99214,142.69,Chennai,CLEAN
CLM-5BFF81D0,1000000076,Dr. Angela Lopez,MEM000094,FAC036,2026-04-13T12:00:00,99213,104.47,Chennai,CLEAN
CLM-CCE3516F,1777777777,Dr. Synthetic-C (Upcoder),MEM000494,FAC011,2026-05-05T10:00:00,93000,61.71,Mumbai,CLEAN
CLM-BA4D6C9D,1000000009,Dr. Ryan Munoz,MEM000748,FAC036,2026-04-08T10:00:00,99213,108.44,Chennai,CLEAN
CLM-167F0B59,1000000085,Dr. Daniel Baker,MEM000356,FAC027,2026-04-17T10:00:00,99214,157.43,Chennai,CLEAN
CLM-C600C6A4,1000000154,Dr. Brenda Hall,MEM000950,FAC000,2026-06-12T15:00:00,99213,96.1,Chennai,CLEAN
CLM-EABAA7D1,1000000010,Dr. Monica Herrera,MEM000326,FAC034,2026-05-25T11:00:00,99215,220.11,Chennai,CLEAN
CLM-55659F27,1000000056,Dr. Timothy Duncan,MEM000156,FAC003,2026-06-22T15:00:00,71045,84.05,Chennai,CLEAN
CLM-E55A4699,1000000147,Dr. Stephanie Salazar,MEM000516,FAC005,2026-02-26T15:00:00,99215,232.6,Chennai,CLEAN
CLM-E6A3EDEC,1000000037,Dr. Cassandra Gaines,MEM000135,FAC021,2026-01-22T16:00:00,93000,62.94,Chennai,CLEAN
CLM-C7080E03,1000000140,Dr. Cheyenne Horton,MEM000408,FAC016,2026-01-22T15:00:00,93000,59.21,Chennai,CLEAN
CLM-0C3D4138,1000000178,Dr. Lawrence Adkins,MEM000133,FAC048,2026-02-04T16:00:00,93000,56.38,Chennai,CLEAN
CLM-4196A825,1000000101,Dr. Cameron Parker,MEM000667,FAC036,2026-02-20T17:00:00,93000,65.96,Chennai,CLEAN
CLM-C4E47998,1000000134,Dr. Rebecca Jackson,MEM000252,FAC015,2026-01-19T13:00:00,71045,77.17,Chennai,CLEAN
CLM-3D432E9D,1000000147,Dr. Stephanie Salazar,MEM000091,FAC007,2026-06-21T15:00:00,71045,77.84,Chennai,CLEAN
CLM-69F06B1E,1000000048,Dr. Joshua Blair,MEM000328,FAC022,2026-06-02T09:00:00,99215,205.45,Chennai,CLEAN
CLM-2A9F435A,1000000089,Dr. Aimee Montoya,MEM000631,FAC028,2026-06-09T11:00:00,71045,72.72,Chennai,CLEAN
CLM-0B6B0FC3,1000000059,Dr. John Daniel,MEM000204,FAC043,2026-04-06T11:00:00,99213,92.25,Chennai,CLEAN
CLM-A6A3904D,1000000013,Dr. Michele Williams,MEM000248,FAC039,2026-02-07T13:00:00,99213,96.87,Chennai,CLEAN
CLM-8DFF5B25,1000000028,Dr. Zachary Hicks,MEM000312,FAC028,2026-05-01T09:00:00,99215,207.2,Chennai,CLEAN
CLM-3FB9CC82,1000000137,Dr. Courtney Gonzalez,MEM000216,FAC013,2026-05-20T17:00:00,99215,222.15,Chennai,CLEAN
CLM-555C688A,1000000159,Dr. Jamie Smith,MEM000747,FAC009,2026-06-27T09:00:00,71045,81.33,Chennai,CLEAN
CLM-DE490066,1000000169,Dr. Daniel Murphy,MEM000539,FAC002,2026-03-07T11:00:00,99213,95.68,Chennai,CLEAN
CLM-4531A8A8,1777777777,Dr. Synthetic-C (Upcoder),MEM000713,FAC039,2026-03-11T09:00:00,71045,82.48,Mumbai,CLEAN
CLM-66864E3D,1000000002,Dr. Angie Henderson,MEM000068,FAC024,2026-06-19T13:00:00,99215,236.03,Chennai,CLEAN
CLM-0E3E7779,1000000004,Dr. Cristian Santos,MEM000299,FAC041,2026-04-09T12:00:00,71045,80.14,Chennai,CLEAN
CLM-43EB3D27,1000000181,Dr. Tina Sanders,MEM000101,FAC020,2026-05-05T17:00:00,99213,93.73,Chennai,CLEAN
CLM-A4F7E39D,1000000128,Dr. Cameron Fisher,MEM000989,FAC029,2026-05-24T09:00:00,99213,94.95,Chennai,CLEAN
CLM-0EBEA06A,1000000135,Dr. Jose Schultz,MEM000312,FAC021,2026-05-06T15:00:00,99214,135.55,Chennai,CLEAN
CLM-C694CA8F,1000000175,Dr. Alex Hernandez,MEM000360,FAC022,2026-06-10T13:00:00,99214,164.88,Chennai,CLEAN
CLM-E6AA6CBF,1000000128,Dr. Cameron Fisher,MEM000282,FAC003,2026-06-10T13:00:00,71045,86.25,Chennai,CLEAN
CLM-17802426,1000000007,Dr. Gina Moore,MEM000966,FAC035,2026-03-13T12:00:00,99214,145.25,Chennai,CLEAN
CLM-955912C0,1000000100,Dr. Sandra Aguilar,MEM000672,FAC008,2026-01-23T15:00:00,93000,65.53,Chennai,CLEAN
CLM-45A11A14,1000000156,Dr. Joshua Perry,MEM000893,FAC040,2026-06-25T12:00:00,71045,75.85,Chennai,CLEAN
CLM-1004D2A1,1000000039,Dr. Brittany Farmer,MEM000436,FAC019,2026-06-04T14:00:00,71045,80.68,Chennai,CLEAN
CLM-5E82A498,1000000052,Dr. Crystal Robinson,MEM000668,FAC008,2026-05-29T17:00:00,99214,160.88,Chennai,CLEAN
CLM-A4FBCC5D,1000000079,Dr. Lisa Barnes,MEM000705,FAC045,2026-05-15T11:00:00,71045,87.93,Chennai,CLEAN
CLM-F31A6682,1000000197,Dr. Spencer Haynes,MEM000148,FAC041,2026-05-25T11:00:00,99215,200.98,Chennai,CLEAN
CLM-316A5B48,1000000136,Dr. Robert Potter,MEM000971,FAC046,2026-01-31T11:00:00,99215,234.94,Chennai,CLEAN
CLM-A21F0DC3,1000000037,Dr. Cassandra Gaines,MEM000744,FAC001,2026-03-23T15:00:00,71045,76.85,Chennai,CLEAN
CLM-CE254671,1000000190,Dr. Debra Morton,MEM000956,FAC040,2026-03-12T11:00:00,99214,138.2,Chennai,CLEAN
CLM-A48D5DBB,1000000047,Dr. Shane Henderson,MEM000026,FAC048,2026-06-06T13:00:00,93000,60.8,Chennai,CLEAN
CLM-399A4565,1000000059,Dr. John Daniel,MEM000610,FAC014,2026-03-01T09:00:00,99215,201.5,Chennai,CLEAN
CLM-F4492A5B,1000000199,Dr. Nathan Freeman,MEM000488,FAC008,2026-05-09T16:00:00,99215,206.09,Chennai,CLEAN
CLM-C6D2B072,1000000099,Dr. Stephen Mckee,MEM000503,FAC030,2026-02-05T11:00:00,99214,141.79,Chennai,CLEAN
CLM-1F6F0BA7,1000000104,Dr. Richard Henson,MEM000782,FAC000,2026-03-11T15:00:00,99214,157.27,Chennai,CLEAN
CLM-EDB8C59A,1000000051,Dr. Danny Morgan,MEM000775,FAC013,2026-01-17T11:00:00,71045,85.87,Chennai,CLEAN
CLM-30C702EE,1000000125,Dr. Erin Edwards,MEM000704,FAC020,2026-04-28T12:00:00,71045,78.48,Chennai,CLEAN
CLM-77F2857F,1000000010,Dr. Monica Herrera,MEM000622,FAC047,2026-04-08T14:00:00,71045,81.78,Chennai,CLEAN
CLM-56162F19,1000000190,Dr. Debra Morton,MEM000585,FAC038,2026-05-18T17:00:00,99213,100.41,Chennai,CLEAN
CLM-3B7351AB,1000000115,Dr. Diana May,MEM000467,FAC002,2026-03-04T17:00:00,93000,58.75,Chennai,CLEAN
CLM-513858B2,1000000188,Dr. Madison Poole,MEM000040,FAC035,2026-04-10T17:00:00,99213,93.8,Chennai,CLEAN
CLM-42FCD9A0,1000000112,Dr. Julia Torres,MEM000407,FAC019,2026-03-15T16:00:00,99214,147.67,Chennai,CLEAN
CLM-03AB4484,1000000156,Dr. Joshua Perry,MEM000941,FAC003,2026-06-26T17:00:00,99214,148.91,Chennai,CLEAN
CLM-0E65488F,1000000165,Dr. John Anderson,MEM000462,FAC005,2026-05-09T10:00:00,99214,158.36,Chennai,CLEAN
CLM-80A8E621,1000000178,Dr. Lawrence Adkins,MEM000559,FAC008,2026-04-11T15:00:00,99215,217.84,Chennai,CLEAN
CLM-C2FCEC39,1000000045,Dr. Philip Cannon,MEM000464,FAC037,2026-02-21T16:00:00,99213,95.0,Chennai,CLEAN
CLM-771D2D2E,1000000177,Dr. Michael Wang,MEM000664,FAC045,2026-02-11T10:00:00,99213,92.28,Chennai,CLEAN
CLM-8EF8DF86,1000000115,Dr. Diana May,MEM000649,FAC023,2026-01-22T17:00:00,71045,83.63,Chennai,CLEAN
CLM-06ABA65D,1000000130,Dr. Elizabeth Kelley,MEM000626,FAC010,2026-04-07T17:00:00,71045,72.7,Chennai,CLEAN
CLM-0E1759B8,1000000043,Dr. Anthony Humphrey,MEM000934,FAC021,2026-05-25T11:00:00,99214,161.06,Chennai,CLEAN
CLM-4DDE2557,1000000045,Dr. Philip Cannon,MEM000787,FAC045,2026-01-14T15:00:00,99215,211.62,Chennai,CLEAN
CLM-7713C730,1000000196,Dr. Daniel Salinas,MEM000984,FAC028,2026-03-15T11:00:00,99213,107.97,Chennai,CLEAN
CLM-6B7D4BB3,1000000051,Dr. Danny Morgan,MEM000003,FAC039,2026-03-06T09:00:00,71045,79.96,Chennai,CLEAN
CLM-6D675C98,1000000127,Dr. Jason Powell,MEM000556,FAC000,2026-06-05T16:00:00,99214,141.51,Chennai,CLEAN
CLM-84254D0F,1000000168,Dr. Joel Williams,MEM000487,FAC029,2026-04-15T16:00:00,99213,102.02,Chennai,CLEAN
CLM-616583AE,1000000001,Dr. Noah Rhodes,MEM000250,FAC035,2026-03-13T17:00:00,99214,136.47,Chennai,CLEAN
CLM-79CB030F,1000000037,Dr. Cassandra Gaines,MEM000056,FAC041,2026-03-31T09:00:00,99214,160.61,Chennai,CLEAN
CLM-89C7C66B,1000000170,Dr. Jamie Walton,MEM000591,FAC038,2026-03-18T14:00:00,99213,90.98,Chennai,CLEAN
CLM-8A2DDFE6,1000000106,Dr. Sharon Cherry,MEM000182,FAC010,2026-06-22T13:00:00,93000,61.93,Chennai,CLEAN
CLM-97330810,1000000179,Dr. Robert Oconnell,MEM000609,FAC036,2026-05-24T11:00:00,71045,83.99,Chennai,CLEAN
CLM-24448B2D,1000000092,Dr. Denise Jacobs,MEM000953,FAC002,2026-01-24T13:00:00,99215,214.22,Chennai,CLEAN
CLM-FD345BEA,1000000097,Dr. Deborah Figueroa,MEM000839,FAC004,2026-04-20T17:00:00,99213,95.86,Chennai,CLEAN
CLM-49ADF807,1000000034,Dr. Debra Davidson,MEM000124,FAC044,2026-03-12T14:00:00,93000,58.97,Chennai,CLEAN
CLM-DA8528AF,1000000053,Dr. Mark Perez,MEM000712,FAC013,2026-06-06T09:00:00,99213,101.43,Chennai,CLEAN
CLM-044659BE,1000000161,Dr. Jennifer Adkins,MEM000541,FAC005,2026-05-04T13:00:00,71045,81.74,Chennai,CLEAN
CLM-BEBB7AC4,1000000081,Dr. Mike Allen,MEM000265,FAC033,2026-05-28T14:00:00,99214,153.43,Chennai,CLEAN
CLM-E42DE2B1,1000000127,Dr. Jason Powell,MEM000532,FAC046,2026-06-11T16:00:00,71045,84.93,Chennai,CLEAN
CLM-A4B0D5BA,1000000156,Dr. Joshua Perry,MEM000238,FAC045,2026-03-16T12:00:00,99213,92.36,Chennai,CLEAN
CLM-AD411045,1000000119,Dr. Jeffrey Chandler,MEM000640,FAC007,2026-02-23T15:00:00,71045,72.73,Chennai,CLEAN
CLM-549BCC10,1000000089,Dr. Aimee Montoya,MEM000573,FAC040,2026-02-24T09:00:00,99214,155.7,Chennai,CLEAN
CLM-52E1CDDE,1000000065,Dr. Amber Kidd,MEM000809,FAC004,2026-03-20T13:00:00,93000,60.6,Chennai,CLEAN
CLM-E036A829,1000000196,Dr. Daniel Salinas,MEM000006,FAC007,2026-06-25T14:00:00,99215,215.43,Chennai,CLEAN
CLM-D3A2DE11,1000000145,Dr. Joyce Solis,MEM000630,FAC001,2026-02-14T12:00:00,99215,234.69,Chennai,CLEAN
CLM-1AC35182,1000000172,Dr. Joshua Cooke,MEM000490,FAC030,2026-01-10T11:00:00,71045,74.49,Chennai,CLEAN
CLM-8F343D65,1000000117,Dr. Ashley Waller,MEM000913,FAC034,2026-03-27T16:00:00,71045,86.84,Chennai,CLEAN
CLM-54B35B87,1000000014,Dr. Dylan Miller,MEM000855,FAC033,2026-03-18T14:00:00,93000,60.43,Chennai,CLEAN
CLM-9C172F2A,1000000053,Dr. Mark Perez,MEM000591,FAC043,2026-03-26T14:00:00,99213,109.39,Chennai,CLEAN
CLM-E8192927,1000000071,Dr. Whitney Peters,MEM000860,FAC001,2026-03-28T15:00:00,93000,64.11,Chennai,CLEAN
CLM-9E448C64,1000000146,Dr. Victoria Larson,MEM000620,FAC024,2026-02-17T10:00:00,99215,229.03,Chennai,CLEAN
CLM-95A565B6,1000000080,Dr. Kelly Donovan,MEM000726,FAC002,2026-03-11T15:00:00,99213,99.94,Chennai,CLEAN
CLM-38B2FAAB,1000000060,Dr. Victoria Garcia,MEM000380,FAC028,2026-03-19T12:00:00,93000,57.63,Chennai,CLEAN
CLM-B924EEB9,1000000028,Dr. Zachary Hicks,MEM000383,FAC002,2026-02-21T10:00:00,71045,80.1,Chennai,CLEAN
CLM-7515800B,1000000123,Dr. Michelle Harmon,MEM000926,FAC032,2026-02-09T12:00:00,99215,238.64,Chennai,CLEAN
CLM-A89BD11D,1000000187,Dr. Samantha Garcia,MEM000894,FAC033,2026-03-21T14:00:00,99214,158.08,Chennai,CLEAN
CLM-02657160,1000000025,Dr. Judy Baker,MEM000841,FAC033,2026-06-23T11:00:00,99214,156.74,Chennai,CLEAN
CLM-01003D82,1000000117,Dr. Ashley Waller,MEM000396,FAC045,2026-05-14T10:00:00,99213,96.22,Chennai,CLEAN
CLM-A9423856,1000000011,Dr. Jamie Arnold,MEM000703,FAC038,2026-01-23T14:00:00,71045,86.23,Chennai,CLEAN
CLM-D6AAA6F1,1000000026,Dr. Justin Baker,MEM000533,FAC049,2026-06-18T13:00:00,99213,101.55,Chennai,CLEAN
CLM-3E922367,1000000079,Dr. Lisa Barnes,MEM000654,FAC013,2026-03-24T12:00:00,99214,143.6,Chennai,CLEAN
CLM-0E10F638,1000000136,Dr. Robert Potter,MEM000326,FAC049,2026-04-23T10:00:00,99215,204.57,Chennai,CLEAN
CLM-F085AFAB,1000000070,Dr. Jordan Henderson,MEM000117,FAC000,2026-06-09T17:00:00,93000,55.23,Chennai,CLEAN
CLM-45719307,1000000138,Dr. David Alvarez,MEM000358,FAC035,2026-03-23T13:00:00,99214,163.3,Chennai,CLEAN
CLM-C10C6136,1000000072,Dr. Brittney Phillips,MEM000587,FAC015,2026-02-13T10:00:00,99215,224.98,Chennai,CLEAN
CLM-781B9E27,1000000086,Dr. Shirley Suarez,MEM000553,FAC028,2026-01-13T11:00:00,99213,99.41,Chennai,CLEAN
CLM-501827F7,1000000172,Dr. Joshua Cooke,MEM000051,FAC006,2026-04-09T09:00:00,99213,98.53,Chennai,CLEAN
CLM-57E9BA95,1000000045,Dr. Philip Cannon,MEM000721,FAC038,2026-06-01T16:00:00,93000,58.27,Chennai,CLEAN
CLM-1481EEBB,1000000085,Dr. Daniel Baker,MEM000837,FAC012,2026-06-21T17:00:00,99213,109.47,Chennai,CLEAN
CLM-8925C1B3,1000000193,Dr. Angelica Keith,MEM000782,FAC029,2026-05-26T11:00:00,99213,106.26,Chennai,CLEAN
CLM-D6D17F3E,1000000178,Dr. Lawrence Adkins,MEM000479,FAC006,2026-04-27T13:00:00,71045,79.53,Chennai,CLEAN
CLM-78DFC707,1000000057,Dr. Richard Aguirre,MEM000147,FAC039,2026-03-08T14:00:00,71045,74.93,Chennai,CLEAN
CLM-BD3A9DBE,1000000170,Dr. Jamie Walton,MEM000338,FAC020,2026-04-27T16:00:00,99213,91.31,Chennai,CLEAN
CLM-5AF1F40C,1000000028,Dr. Zachary Hicks,MEM000359,FAC030,2026-04-29T11:00:00,99215,231.79,Chennai,CLEAN
CLM-98597861,1000000154,Dr. Brenda Hall,MEM000588,FAC008,2026-05-11T10:00:00,71045,85.08,Chennai,CLEAN
CLM-FAA7ED3D,1000000027,Dr. Stephanie Ross,MEM000333,FAC035,2026-06-16T10:00:00,99215,221.44,Chennai,CLEAN
CLM-FAD6C58C,1000000102,Dr. Rebecca Valencia,MEM000604,FAC026,2026-03-03T12:00:00,93000,55.91,Chennai,CLEAN
CLM-C1E3619A,1000000123,Dr. Michelle Harmon,MEM000393,FAC004,2026-03-29T12:00:00,93000,59.17,Chennai,CLEAN
CLM-D27B9E7C,1000000111,Dr. Shannon Walker,MEM000580,FAC021,2026-05-20T12:00:00,99214,154.88,Chennai,CLEAN
CLM-C3F91D3E,1000000019,Dr. Carla Gray,MEM000757,FAC045,2026-05-27T16:00:00,99213,101.84,Chennai,CLEAN
CLM-1F082DC5,1000000118,Dr. Victor Baker,MEM000333,FAC035,2026-01-25T16:00:00,99214,144.24,Chennai,CLEAN
CLM-334575BA,1000000103,Dr. Christine Wright,MEM000071,FAC038,2026-01-28T15:00:00,99215,219.75,Chennai,CLEAN
CLM-60F001BD,1000000169,Dr. Daniel Murphy,MEM000062,FAC005,2026-02-25T11:00:00,93000,64.84,Chennai,CLEAN
CLM-0F0DBBCB,1000000162,Dr. Lindsey Walker,MEM000829,FAC000,2026-02-07T11:00:00,71045,80.5,Chennai,CLEAN
CLM-892F38E5,1000000099,Dr. Stephen Mckee,MEM000630,FAC036,2026-04-25T12:00:00,99214,155.45,Chennai,CLEAN
CLM-41E6C5A9,1000000081,Dr. Mike Allen,MEM000306,FAC036,2026-06-23T13:00:00,71045,83.48,Chennai,CLEAN
CLM-9C4E6FC2,1000000088,Dr. Lisa Archer,MEM000091,FAC037,2026-01-03T17:00:00,71045,85.56,Chennai,CLEAN
CLM-D699B435,1000000075,Dr. Sarah Moore,MEM000063,FAC023,2026-05-21T09:00:00,99213,104.07,Chennai,CLEAN
CLM-D405AB9D,1000000091,Dr. Brian Rodriguez,MEM000112,FAC018,2026-01-08T12:00:00,71045,83.24,Chennai,CLEAN
CLM-17F99BAF,1000000100,Dr. Sandra Aguilar,MEM000640,FAC020,2026-04-08T15:00:00,71045,78.96,Chennai,CLEAN
CLM-D53C4171,1000000054,Dr. Shannon Jones,MEM000678,FAC011,2026-05-02T11:00:00,99214,151.66,Chennai,CLEAN
CLM-8ACE9659,1000000092,Dr. Denise Jacobs,MEM000860,FAC026,2026-02-09T13:00:00,99214,139.03,Chennai,CLEAN
CLM-879992A3,1000000018,Dr. Lisa Jackson,MEM000663,FAC001,2026-02-06T16:00:00,71045,87.6,Chennai,CLEAN
CLM-172765AC,1000000034,Dr. Debra Davidson,MEM000086,FAC008,2026-06-14T15:00:00,71045,86.3,Chennai,CLEAN
CLM-9EC9C4DA,1000000178,Dr. Lawrence Adkins,MEM000618,FAC027,2026-06-09T11:00:00,71045,80.15,Chennai,CLEAN
CLM-C7CDBCE4,1000000141,Dr. David Douglas Jr.,MEM000839,FAC028,2026-04-09T14:00:00,99214,140.57,Chennai,CLEAN
CLM-F2B4CAC9,1000000154,Dr. Brenda Hall,MEM000007,FAC036,2026-05-08T12:00:00,93000,57.23,Chennai,CLEAN
CLM-3FFD5CE7,1000000139,Dr. Angel Perry,MEM000590,FAC023,2026-01-09T09:00:00,93000,59.8,Chennai,CLEAN
CLM-85E8A920,1000000094,Dr. John Whitehead,MEM000115,FAC037,2026-05-04T10:00:00,99214,156.91,Chennai,CLEAN
CLM-1E35DD6E,1000000134,Dr. Rebecca Jackson,MEM000879,FAC048,2026-03-13T16:00:00,93000,54.94,Chennai,CLEAN
CLM-6F65A60E,1000000156,Dr. Joshua Perry,MEM000090,FAC015,2026-05-01T10:00:00,93000,63.58,Chennai,CLEAN
CLM-9ED04C26,1000000079,Dr. Lisa Barnes,MEM000627,FAC003,2026-03-29T17:00:00,99213,99.38,Chennai,CLEAN
CLM-49D9522E,1000000131,Dr. Dustin Jordan,MEM000927,FAC030,2026-05-27T14:00:00,71045,77.65,Chennai,CLEAN
CLM-784FF923,1000000075,Dr. Sarah Moore,MEM000296,FAC010,2026-01-10T13:00:00,93000,57.13,Chennai,CLEAN
CLM-3F83E631,1000000161,Dr. Jennifer Adkins,MEM000484,FAC037,2026-02-13T09:00:00,99215,233.59,Chennai,CLEAN
CLM-2A0174AB,1000000159,Dr. Jamie Smith,MEM000027,FAC018,2026-05-05T10:00:00,99214,150.17,Chennai,CLEAN
CLM-4EAA8E2E,1999999999,Dr. Synthetic-A (Phantom),MEM000284,FAC016,2026-02-03T13:00:00,99215,235.75,Chennai,CLEAN
CLM-FDBD2D77,1000000003,Dr. Daniel Wagner,MEM000759,FAC007,2026-06-04T11:00:00,93000,62.87,Chennai,CLEAN
CLM-7CE5F030,1000000168,Dr. Joel Williams,MEM000457,FAC023,2026-02-14T13:00:00,99214,149.55,Chennai,CLEAN
CLM-99EB4441,1000000135,Dr. Jose Schultz,MEM000882,FAC002,2026-03-29T10:00:00,99214,152.87,Chennai,CLEAN
CLM-E4A09C4B,1000000039,Dr. Brittany Farmer,MEM000857,FAC031,2026-04-16T15:00:00,99214,154.82,Chennai,CLEAN
CLM-B5B8880A,1000000185,Dr. Dr. Hannah Patterson,MEM000652,FAC010,2026-02-23T14:00:00,99213,102.85,Chennai,CLEAN
CLM-C7A06AAE,1000000193,Dr. Angelica Keith,MEM000839,FAC007,2026-01-14T11:00:00,71045,78.38,Chennai,CLEAN
CLM-D26A4296,1000000077,Dr. Megan Young,MEM000487,FAC047,2026-05-17T12:00:00,71045,82.94,Chennai,CLEAN
CLM-1EE147F2,1000000099,Dr. Stephen Mckee,MEM000485,FAC016,2026-02-07T17:00:00,71045,72.19,Chennai,CLEAN
CLM-F311975C,1000000114,Dr. Garrett Lin,MEM000391,FAC043,2026-03-22T17:00:00,99213,91.95,Chennai,CLEAN
CLM-C8C14753,1000000136,Dr. Robert Potter,MEM000652,FAC022,2026-04-21T13:00:00,99215,209.89,Chennai,CLEAN
CLM-3A580495,1000000025,Dr. Judy Baker,MEM000261,FAC041,2026-05-30T15:00:00,71045,84.37,Chennai,CLEAN
CLM-2BD0247E,1000000191,Dr. Karen Graham,MEM000247,FAC046,2026-06-22T12:00:00,93000,58.05,Chennai,CLEAN
CLM-B8F8DFC3,1000000176,Dr. Michael Elliott,MEM000184,FAC020,2026-05-21T09:00:00,99213,106.63,Chennai,CLEAN
CLM-FA3860F3,1000000003,Dr. Daniel Wagner,MEM000421,FAC006,2026-05-15T10:00:00,71045,77.62,Chennai,CLEAN
CLM-83C688E6,1000000185,Dr. Dr. Hannah Patterson,MEM000290,FAC016,2026-02-19T09:00:00,99213,102.39,Chennai,CLEAN
CLM-CD4730C9,1000000014,Dr. Dylan Miller,MEM000961,FAC038,2026-06-18T12:00:00,93000,61.66,Chennai,CLEAN
CLM-BFE9CF49,1000000181,Dr. Tina Sanders,MEM000980,FAC007,2026-01-23T11:00:00,71045,82.5,Chennai,CLEAN
CLM-7CF07B24,1000000165,Dr. John Anderson,MEM000579,FAC011,2026-01-29T11:00:00,99215,210.96,Chennai,CLEAN
CLM-D9253556,1000000169,Dr. Daniel Murphy,MEM000958,FAC004,2026-06-13T16:00:00,99215,231.85,Chennai,CLEAN
CLM-06962547,1000000177,Dr. Michael Wang,MEM000925,FAC042,2026-03-24T13:00:00,99214,158.42,Chennai,CLEAN
CLM-493685B6,1000000070,Dr. Jordan Henderson,MEM000795,FAC003,2026-04-08T15:00:00,99215,241.82,Chennai,CLEAN
CLM-8D048B5E,1000000066,Dr. Tracy House,MEM000978,FAC016,2026-02-15T16:00:00,99213,99.83,Chennai,CLEAN
CLM-C5B23C21,1000000051,Dr. Danny Morgan,MEM000624,FAC025,2026-02-15T16:00:00,99213,92.88,Chennai,CLEAN
CLM-EAFB2CA1,1000000196,Dr. Daniel Salinas,MEM000441,FAC013,2026-06-07T10:00:00,71045,83.45,Chennai,CLEAN
CLM-CEDEB4EC,1000000026,Dr. Justin Baker,MEM000035,FAC004,2026-01-19T13:00:00,71045,72.3,Chennai,CLEAN
CLM-8C1493CE,1000000127,Dr. Jason Powell,MEM000152,FAC041,2026-06-13T09:00:00,99213,103.29,Chennai,CLEAN
CLM-2754AF2C,1000000068,Dr. James Brown,MEM000155,FAC044,2026-03-26T15:00:00,93000,54.04,Chennai,CLEAN
CLM-4EB3AD04,1000000181,Dr. Tina Sanders,MEM000962,FAC049,2026-05-06T16:00:00,71045,78.46,Chennai,CLEAN
CLM-B00D7136,1000000186,Dr. Jonathan Peterson,MEM000799,FAC004,2026-05-19T12:00:00,99213,97.69,Chennai,CLEAN
CLM-3717F6E0,1000000176,Dr. Michael Elliott,MEM000837,FAC049,2026-05-04T10:00:00,93000,60.42,Chennai,CLEAN
CLM-2156649C,1000000091,Dr. Brian Rodriguez,MEM000341,FAC043,2026-03-19T15:00:00,99213,102.65,Chennai,CLEAN
CLM-41E150FC,1000000165,Dr. John Anderson,MEM000092,FAC023,2026-05-17T14:00:00,99213,106.82,Chennai,CLEAN
CLM-B5AA3C6B,1000000194,Dr. John Bishop,MEM000784,FAC018,2026-06-15T12:00:00,99214,151.63,Chennai,CLEAN
CLM-C605817E,1000000098,Dr. Jessica Smith,MEM000676,FAC012,2026-03-18T15:00:00,99213,102.61,Chennai,CLEAN
CLM-9581DEB0,1000000091,Dr. Brian Rodriguez,MEM000498,FAC005,2026-06-11T16:00:00,99214,139.2,Chennai,CLEAN
CLM-29CB815D,1000000049,Dr. Eric Carney,MEM000025,FAC046,2026-06-01T12:00:00,71045,78.22,Chennai,CLEAN
CLM-DC412757,1777777777,Dr. Synthetic-C (Upcoder),MEM000553,FAC041,2026-03-20T16:00:00,93000,65.58,Mumbai,CLEAN
CLM-55B2A5A8,1000000115,Dr. Diana May,MEM000989,FAC001,2026-01-10T14:00:00,99213,96.75,Chennai,CLEAN
CLM-56134213,1000000184,Dr. Lindsay Martinez,MEM000043,FAC025,2026-01-31T12:00:00,93000,59.5,Chennai,CLEAN
CLM-E7AFD344,1000000173,Dr. Matthew Harrington,MEM000891,FAC034,2026-02-08T12:00:00,99213,90.74,Chennai,CLEAN
CLM-A960B1D2,1000000036,Dr. Sherri Baker,MEM000500,FAC041,2026-01-05T16:00:00,93000,54.55,Chennai,CLEAN
CLM-415DEFA5,1000000179,Dr. Robert Oconnell,MEM000664,FAC008,2026-01-04T11:00:00,99213,108.09,Chennai,CLEAN
CLM-A196703E,1000000024,Dr. Matthew Foster,MEM000467,FAC039,2026-02-13T10:00:00,99213,92.28,Chennai,CLEAN
CLM-2275BE16,1000000152,Dr. Denise Jones,MEM000818,FAC039,2026-02-26T10:00:00,99214,147.79,Chennai,CLEAN
CLM-D3BD9B37,1000000188,Dr. Madison Poole,MEM000694,FAC025,2026-03-25T10:00:00,93000,60.55,Chennai,CLEAN
CLM-9111C687,1000000082,Dr. Michael Evans,MEM000856,FAC013,2026-01-12T11:00:00,99215,200.78,Chennai,CLEAN
CLM-DBB36E7F,1000000070,Dr. Jordan Henderson,MEM000144,FAC048,2026-04-17T11:00:00,99215,222.35,Chennai,CLEAN
CLM-623E009C,1000000112,Dr. Julia Torres,MEM000249,FAC037,2026-01-11T11:00:00,99213,105.82,Chennai,CLEAN
CLM-11BD2D31,1000000161,Dr. Jennifer Adkins,MEM000627,FAC024,2026-02-10T09:00:00,71045,73.29,Chennai,CLEAN
CLM-9124A816,1000000001,Dr. Noah Rhodes,MEM000183,FAC005,2026-06-30T13:00:00,71045,83.1,Chennai,CLEAN
CLM-9D7C8C57,1777777777,Dr. Synthetic-C (Upcoder),MEM000791,FAC030,2026-06-27T11:00:00,99214,139.29,Mumbai,CLEAN
CLM-4C576C06,1000000069,Dr. William Baker,MEM000535,FAC028,2026-04-16T12:00:00,99214,153.32,Chennai,CLEAN
CLM-359DFB54,1000000009,Dr. Ryan Munoz,MEM000610,FAC011,2026-05-08T10:00:00,99215,213.31,Chennai,CLEAN
CLM-C27AA2BB,1000000001,Dr. Noah Rhodes,MEM000571,FAC015,2026-02-19T10:00:00,93000,65.72,Chennai,CLEAN
CLM-F51E87A3,1000000158,Dr. Melissa Gates,MEM000370,FAC048,2026-05-19T17:00:00,99214,148.93,Chennai,CLEAN
CLM-B792D109,1000000160,Dr. Paul Castaneda,MEM000675,FAC013,2026-03-12T09:00:00,99214,138.38,Chennai,CLEAN
CLM-C78B1FAF,1000000038,Dr. Elizabeth Fowler,MEM000701,FAC030,2026-05-08T11:00:00,99214,155.1,Chennai,CLEAN
CLM-FEE0671D,1000000011,Dr. Jamie Arnold,MEM000055,FAC041,2026-04-04T13:00:00,99214,148.04,Chennai,CLEAN
CLM-B030EAB1,1000000085,Dr. Daniel Baker,MEM000631,FAC048,2026-04-27T09:00:00,99213,104.81,Chennai,CLEAN
CLM-5AE4DFC4,1000000137,Dr. Courtney Gonzalez,MEM000180,FAC010,2026-01-08T16:00:00,93000,55.39,Chennai,CLEAN
CLM-7072B7D7,1000000060,Dr. Victoria Garcia,MEM000738,FAC028,2026-06-01T14:00:00,71045,75.18,Chennai,CLEAN
CLM-0E9D6094,1000000173,Dr. Matthew Harrington,MEM000919,FAC020,2026-02-28T10:00:00,99215,208.02,Chennai,CLEAN
CLM-D1B3A7A0,1000000060,Dr. Victoria Garcia,MEM000755,FAC026,2026-02-21T15:00:00,99214,137.21,Chennai,CLEAN
CLM-3B150939,1000000149,Dr. Stephanie Manning,MEM000496,FAC003,2026-04-22T11:00:00,99214,162.84,Chennai,CLEAN
CLM-B899C8EC,1000000116,Dr. William Herrera,MEM000182,FAC024,2026-04-06T11:00:00,71045,83.52,Chennai,CLEAN
CLM-E6D887C8,1000000161,Dr. Jennifer Adkins,MEM000367,FAC017,2026-02-21T14:00:00,99214,135.96,Chennai,CLEAN
CLM-B251DF5E,1000000145,Dr. Joyce Solis,MEM000061,FAC017,2026-02-04T10:00:00,71045,79.34,Chennai,CLEAN
CLM-E9F266D4,1000000043,Dr. Anthony Humphrey,MEM000778,FAC021,2026-02-26T13:00:00,93000,55.88,Chennai,CLEAN
CLM-9245CB1B,1000000163,Dr. Jeffrey Johnson,MEM000975,FAC039,2026-02-13T17:00:00,99214,137.59,Chennai,CLEAN
CLM-E0886F56,1000000133,Dr. Daniel Kennedy,MEM000500,FAC013,2026-06-01T16:00:00,71045,76.47,Chennai,CLEAN
CLM-96ACBA9F,1000000186,Dr. Jonathan Peterson,MEM000438,FAC047,2026-03-05T12:00:00,99215,217.11,Chennai,CLEAN
CLM-CAA7B879,1000000056,Dr. Timothy Duncan,MEM000913,FAC037,2026-02-08T09:00:00,71045,87.68,Chennai,CLEAN
CLM-43CC2C84,1000000010,Dr. Monica Herrera,MEM000481,FAC046,2026-05-10T09:00:00,71045,80.5,Chennai,CLEAN
CLM-0C05B3EF,1000000122,Dr. April Frost,MEM000829,FAC044,2026-01-26T16:00:00,71045,75.85,Chennai,CLEAN
CLM-513969B7,1000000142,Dr. Patricia Rodriguez,MEM000771,FAC000,2026-06-27T15:00:00,99214,138.98,Chennai,CLEAN
CLM-077283A8,1000000075,Dr. Sarah Moore,MEM000244,FAC041,2026-01-24T09:00:00,71045,82.7,Chennai,CLEAN
CLM-A024EC0E,1000000041,Dr. Fred Smith,MEM000720,FAC029,2026-05-27T09:00:00,71045,79.42,Chennai,CLEAN
CLM-9B794158,1000000035,Dr. Jeffrey Chavez,MEM000895,FAC045,2026-04-14T11:00:00,99215,225.58,Chennai,CLEAN
CLM-D5DCF6D4,1000000180,Dr. Alexander Collins,MEM000648,FAC000,2026-06-10T10:00:00,71045,86.29,Chennai,CLEAN
CLM-8F5CB442,1000000085,Dr. Daniel Baker,MEM000543,FAC002,2026-03-17T15:00:00,99215,228.71,Chennai,CLEAN
CLM-D858FBF6,1000000156,Dr. Joshua Perry,MEM000555,FAC036,2026-02-23T10:00:00,93000,64.57,Chennai,CLEAN
CLM-12833E4A,1000000188,Dr. Madison Poole,MEM000954,FAC003,2026-05-12T14:00:00,99213,92.22,Chennai,CLEAN
CLM-1F63EF79,1000000093,Dr. Christina Walters,MEM000476,FAC039,2026-01-11T14:00:00,99215,205.71,Chennai,CLEAN
CLM-006ECEEC,1000000143,Dr. Christopher Rubio,MEM000721,FAC004,2026-05-24T12:00:00,99214,164.44,Chennai,CLEAN
CLM-AB582215,1000000061,Dr. Gerald Hensley,MEM000552,FAC007,2026-06-16T16:00:00,93000,64.45,Chennai,CLEAN
CLM-52CB6409,1000000179,Dr. Robert Oconnell,MEM000214,FAC048,2026-02-27T14:00:00,99215,237.51,Chennai,CLEAN
CLM-158FA650,1000000128,Dr. Cameron Fisher,MEM000696,FAC027,2026-03-12T09:00:00,99213,97.46,Chennai,CLEAN
CLM-D2346304,1000000115,Dr. Diana May,MEM000497,FAC032,2026-05-15T10:00:00,71045,83.36,Chennai,CLEAN
CLM-738689B8,1000000173,Dr. Matthew Harrington,MEM000845,FAC034,2026-03-16T16:00:00,93000,58.42,Chennai,CLEAN
CLM-9B24E1D3,1000000172,Dr. Joshua Cooke,MEM000968,FAC044,2026-01-17T12:00:00,71045,73.4,Chennai,CLEAN
CLM-877F6B4C,1000000100,Dr. Sandra Aguilar,MEM000919,FAC011,2026-03-15T10:00:00,99213,93.3,Chennai,CLEAN
CLM-4EE9DCD1,1000000028,Dr. Zachary Hicks,MEM000713,FAC009,2026-05-08T11:00:00,99214,150.62,Chennai,CLEAN
CLM-D761A722,1000000160,Dr. Paul Castaneda,MEM000023,FAC018,2026-04-17T17:00:00,99214,149.22,Chennai,CLEAN
CLM-FD850E71,1000000107,Dr. Sierra Johnson,MEM000454,FAC047,2026-06-15T09:00:00,99215,206.32,Chennai,CLEAN
CLM-43488509,1000000005,Dr. Connie Lawrence,MEM000892,FAC014,2026-05-14T14:00:00,71045,81.26,Chennai,CLEAN
CLM-34B6B831,1000000167,Dr. Alyssa Day,MEM000661,FAC020,2026-05-05T17:00:00,93000,59.34,Chennai,CLEAN
CLM-D5BD6651,1000000077,Dr. Megan Young,MEM000580,FAC008,2026-03-20T11:00:00,99215,207.98,Chennai,CLEAN
CLM-BF4DB960,1000000095,Dr. Anna Henderson,MEM000994,FAC018,2026-01-13T11:00:00,99215,210.51,Chennai,CLEAN
CLM-E8F6D45A,1000000042,Dr. Sherry Decker,MEM000633,FAC010,2026-05-18T13:00:00,99214,164.2,Chennai,CLEAN
CLM-424F2E7C,1000000181,Dr. Tina Sanders,MEM000709,FAC042,2026-02-09T11:00:00,99214,138.51,Chennai,CLEAN
CLM-534E1BFA,1000000081,Dr. Mike Allen,MEM000588,FAC008,2026-04-23T13:00:00,99215,206.12,Chennai,CLEAN
CLM-4956889A,1000000143,Dr. Christopher Rubio,MEM000724,FAC002,2026-06-20T14:00:00,99215,204.51,Chennai,CLEAN
CLM-14D4E105,1000000114,Dr. Garrett Lin,MEM000552,FAC010,2026-05-17T13:00:00,99213,108.41,Chennai,CLEAN
CLM-84558465,1000000103,Dr. Christine Wright,MEM000953,FAC031,2026-02-07T16:00:00,99215,204.87,Chennai,CLEAN
CLM-4285FE4C,1000000189,Dr. Jessica Gross,MEM000559,FAC032,2026-03-26T13:00:00,71045,86.34,Chennai,CLEAN
CLM-8ADF67D2,1000000193,Dr. Angelica Keith,MEM000587,FAC042,2026-02-07T16:00:00,99215,228.32,Chennai,CLEAN
CLM-CEBD40A7,1000000187,Dr. Samantha Garcia,MEM000490,FAC002,2026-02-05T17:00:00,99213,96.16,Chennai,CLEAN
CLM-66C75B30,1000000102,Dr. Rebecca Valencia,MEM000632,FAC014,2026-04-25T14:00:00,99213,96.53,Chennai,CLEAN
CLM-A20C05E7,1000000155,Dr. Michelle Brown,MEM000656,FAC012,2026-05-30T17:00:00,99214,158.44,Chennai,CLEAN
CLM-2167398F,1000000196,Dr. Daniel Salinas,MEM000284,FAC012,2026-01-06T10:00:00,93000,64.19,Chennai,CLEAN
CLM-2B636F67,1000000173,Dr. Matthew Harrington,MEM000687,FAC005,2026-05-12T15:00:00,99214,149.71,Chennai,CLEAN
CLM-A4B8E1FD,1000000154,Dr. Brenda Hall,MEM000619,FAC032,2026-01-15T14:00:00,71045,74.37,Chennai,CLEAN
CLM-FA40200F,1000000109,Dr. Sharon Cochran,MEM000378,FAC024,2026-04-06T09:00:00,99215,213.18,Chennai,CLEAN
CLM-7C8368F5,1000000078,Dr. Steve Sanchez,MEM000456,FAC035,2026-01-23T12:00:00,71045,83.86,Chennai,CLEAN
CLM-49506261,1000000106,Dr. Sharon Cherry,MEM000822,FAC028,2026-03-15T11:00:00,71045,83.66,Chennai,CLEAN
CLM-6F7E50A6,1000000106,Dr. Sharon Cherry,MEM000142,FAC037,2026-06-03T10:00:00,99214,141.23,Chennai,CLEAN
CLM-2B3CD15C,1000000121,Dr. Kenneth Scott,MEM000888,FAC033,2026-03-27T10:00:00,93000,63.07,Chennai,CLEAN
CLM-DAB59A8D,1000000022,Dr. Ethan Adams,MEM000006,FAC026,2026-06-13T13:00:00,71045,74.8,Chennai,CLEAN
CLM-077A908E,1000000118,Dr. Victor Baker,MEM000727,FAC036,2026-02-05T12:00:00,99214,159.97,Chennai,CLEAN
CLM-301FFD47,1000000074,Dr. Amy Silva,MEM000567,FAC031,2026-01-11T13:00:00,93000,57.65,Chennai,CLEAN
CLM-509456B6,1000000143,Dr. Christopher Rubio,MEM000757,FAC029,2026-02-27T09:00:00,99213,93.08,Chennai,CLEAN
CLM-FCB306B0,1000000076,Dr. Angela Lopez,MEM000978,FAC040,2026-06-12T16:00:00,99213,103.08,Chennai,CLEAN
CLM-13404F29,1000000073,Dr. Lauren Daniels,MEM000427,FAC011,2026-05-06T12:00:00,99213,92.39,Chennai,CLEAN
CLM-8C38215F,1000000070,Dr. Jordan Henderson,MEM000504,FAC004,2026-06-03T14:00:00,93000,59.77,Chennai,CLEAN
CLM-5BA0A3AC,1000000111,Dr. Shannon Walker,MEM000889,FAC016,2026-06-10T16:00:00,99213,97.46,Chennai,CLEAN
CLM-AFC89013,1000000187,Dr. Samantha Garcia,MEM000589,FAC001,2026-03-08T11:00:00,93000,54.7,Chennai,CLEAN
CLM-EA8C10E7,1000000081,Dr. Mike Allen,MEM000472,FAC044,2026-02-04T14:00:00,99214,136.59,Chennai,CLEAN
CLM-67F2361D,1000000092,Dr. Denise Jacobs,MEM000429,FAC040,2026-04-02T09:00:00,99215,210.83,Chennai,CLEAN
CLM-D49EBDAD,1000000163,Dr. Jeffrey Johnson,MEM000958,FAC004,2026-05-12T12:00:00,99214,157.94,Chennai,CLEAN
CLM-984EDD4F,1000000153,Dr. Devon Flores,MEM000770,FAC010,2026-05-20T14:00:00,99215,234.38,Chennai,CLEAN
CLM-0A051F9B,1000000175,Dr. Alex Hernandez,MEM000819,FAC019,2026-03-11T14:00:00,99213,100.69,Chennai,CLEAN
CLM-38FA5FF6,1000000090,Dr. Matthew Mcmillan,MEM000843,FAC009,2026-01-04T11:00:00,93000,57.38,Chennai,CLEAN
CLM-F0544827,1000000199,Dr. Nathan Freeman,MEM000496,FAC026,2026-03-29T11:00:00,99213,94.36,Chennai,CLEAN
CLM-7833546B,1000000128,Dr. Cameron Fisher,MEM000226,FAC012,2026-05-24T17:00:00,93000,62.55,Chennai,CLEAN
CLM-D7A2314C,1000000179,Dr. Robert Oconnell,MEM000774,FAC007,2026-04-17T16:00:00,99213,92.33,Chennai,CLEAN
CLM-32001240,1000000033,Dr. Nathan Maldonado,MEM000945,FAC001,2026-05-03T14:00:00,99215,228.41,Chennai,CLEAN
CLM-0A555BC8,1000000035,Dr. Jeffrey Chavez,MEM000836,FAC028,2026-06-02T17:00:00,99215,205.58,Chennai,CLEAN
CLM-75A06D8B,1000000077,Dr. Megan Young,MEM000029,FAC047,2026-01-31T12:00:00,99214,160.7,Chennai,CLEAN
CLM-227DB433,1000000036,Dr. Sherri Baker,MEM000704,FAC014,2026-03-20T11:00:00,99214,138.91,Chennai,CLEAN
CLM-5358F6C3,1000000020,Dr. Margaret Hawkins DDS,MEM000435,FAC044,2026-01-29T10:00:00,99213,105.49,Chennai,CLEAN
CLM-CB91268D,1000000193,Dr. Angelica Keith,MEM000441,FAC002,2026-02-20T10:00:00,99213,105.86,Chennai,CLEAN
CLM-AFF25132,1000000131,Dr. Dustin Jordan,MEM000607,FAC003,2026-05-01T10:00:00,99215,199.9,Chennai,CLEAN
CLM-EAB6B407,1000000077,Dr. Megan Young,MEM000683,FAC000,2026-01-25T10:00:00,93000,56.46,Chennai,CLEAN
CLM-604BD759,1000000051,Dr. Danny Morgan,MEM000189,FAC042,2026-03-31T09:00:00,99213,92.91,Chennai,CLEAN
CLM-6DFF1FAF,1000000191,Dr. Karen Graham,MEM000964,FAC017,2026-05-29T14:00:00,99215,205.06,Chennai,CLEAN
CLM-FF70B532,1000000128,Dr. Cameron Fisher,MEM000799,FAC046,2026-06-06T12:00:00,93000,60.84,Chennai,CLEAN
CLM-7209492C,1000000025,Dr. Judy Baker,MEM000839,FAC037,2026-01-04T17:00:00,99214,156.47,Chennai,CLEAN
CLM-32C92058,1000000072,Dr. Brittney Phillips,MEM000175,FAC048,2026-05-18T09:00:00,99213,108.48,Chennai,CLEAN
CLM-10392E10,1000000129,Dr. Megan Orr,MEM000871,FAC045,2026-05-02T14:00:00,93000,56.22,Chennai,CLEAN
CLM-5911612A,1000000172,Dr. Joshua Cooke,MEM000980,FAC006,2026-02-16T14:00:00,71045,78.79,Chennai,CLEAN
CLM-C61D55C0,1000000131,Dr. Dustin Jordan,MEM000233,FAC026,2026-01-29T14:00:00,99213,99.32,Chennai,CLEAN
CLM-C3F136AD,1000000133,Dr. Daniel Kennedy,MEM000139,FAC031,2026-04-03T13:00:00,93000,62.67,Chennai,CLEAN
CLM-A043EF84,1000000021,Dr. Patty Perez,MEM000335,FAC031,2026-01-30T15:00:00,99215,218.11,Chennai,CLEAN
CLM-BB20D5CC,1000000188,Dr. Madison Poole,MEM000319,FAC043,2026-04-24T12:00:00,93000,58.89,Chennai,CLEAN
CLM-B753AD41,1000000109,Dr. Sharon Cochran,MEM000193,FAC004,2026-05-02T14:00:00,99214,135.38,Chennai,CLEAN
CLM-B54BCAE8,1000000172,Dr. Joshua Cooke,MEM000503,FAC043,2026-01-27T15:00:00,71045,80.36,Chennai,CLEAN
CLM-28B927E3,1000000173,Dr. Matthew Harrington,MEM000087,FAC007,2026-02-06T15:00:00,71045,83.12,Chennai,CLEAN
CLM-48293CE3,1000000026,Dr. Justin Baker,MEM000759,FAC010,2026-01-17T14:00:00,99214,145.16,Chennai,CLEAN
CLM-0335BC06,1000000152,Dr. Denise Jones,MEM000864,FAC025,2026-02-01T12:00:00,71045,83.6,Chennai,CLEAN
CLM-A6FB83EA,1000000071,Dr. Whitney Peters,MEM000783,FAC045,2026-05-29T13:00:00,71045,77.7,Chennai,CLEAN
CLM-F0A0C3A7,1000000170,Dr. Jamie Walton,MEM000617,FAC025,2026-05-05T17:00:00,99215,204.48,Chennai,CLEAN
CLM-AE65A19C,1000000116,Dr. William Herrera,MEM000110,FAC007,2026-03-06T16:00:00,71045,75.69,Chennai,CLEAN
CLM-E85C03A3,1000000034,Dr. Debra Davidson,MEM000030,FAC006,2026-01-14T10:00:00,71045,82.85,Chennai,CLEAN
CLM-0C6C6DC1,1000000045,Dr. Philip Cannon,MEM000391,FAC038,2026-06-23T14:00:00,99214,144.08,Chennai,CLEAN
CLM-F08F7389,1000000159,Dr. Jamie Smith,MEM000098,FAC048,2026-01-20T17:00:00,71045,84.68,Chennai,CLEAN
CLM-58952954,1000000051,Dr. Danny Morgan,MEM000300,FAC042,2026-05-08T16:00:00,93000,57.14,Chennai,CLEAN
CLM-6ED3E133,1000000087,Dr. Christopher Bass,MEM000828,FAC034,2026-05-20T09:00:00,99213,109.81,Chennai,CLEAN
CLM-DE597677,1000000030,Dr. Rebecca Henderson,MEM000392,FAC028,2026-03-22T15:00:00,71045,79.35,Chennai,CLEAN
CLM-2462335E,1000000008,Dr. Gabrielle Davis,MEM000181,FAC035,2026-06-18T13:00:00,99214,149.74,Chennai,CLEAN
CLM-27BC588C,1000000034,Dr. Debra Davidson,MEM000319,FAC045,2026-04-10T16:00:00,99213,101.38,Chennai,CLEAN
CLM-153A84F6,1000000125,Dr. Erin Edwards,MEM000675,FAC035,2026-06-25T17:00:00,93000,59.64,Chennai,CLEAN
CLM-74931A9D,1000000143,Dr. Christopher Rubio,MEM000874,FAC010,2026-05-10T09:00:00,71045,76.21,Chennai,CLEAN
CLM-5C818EA9,1000000151,Dr. Pamela Boyd,MEM000994,FAC024,2026-06-07T14:00:00,99215,212.1,Chennai,CLEAN
CLM-50F540E7,1000000007,Dr. Gina Moore,MEM000604,FAC002,2026-02-02T14:00:00,99215,233.62,Chennai,CLEAN
CLM-172CC934,1000000149,Dr. Stephanie Manning,MEM000027,FAC048,2026-06-10T14:00:00,71045,73.56,Chennai,CLEAN
CLM-443B9F4A,1000000088,Dr. Lisa Archer,MEM000365,FAC026,2026-03-31T09:00:00,99214,142.43,Chennai,CLEAN
CLM-6ED1A3D4,1000000165,Dr. John Anderson,MEM000319,FAC037,2026-01-22T10:00:00,99215,203.04,Chennai,CLEAN
CLM-52A0EA8B,1000000043,Dr. Anthony Humphrey,MEM000020,FAC034,2026-03-25T09:00:00,71045,82.52,Chennai,CLEAN
CLM-87B043C1,1000000108,Dr. Evelyn Galvan,MEM000581,FAC032,2026-04-18T13:00:00,99213,103.92,Chennai,CLEAN
CLM-78AFF00A,1000000150,Dr. David Wright,MEM000022,FAC020,2026-04-07T15:00:00,99215,223.19,Chennai,CLEAN
CLM-19558010,1000000125,Dr. Erin Edwards,MEM000102,FAC044,2026-06-22T12:00:00,99215,219.86,Chennai,CLEAN
CLM-31C62006,1000000195,Dr. Allen Rosales,MEM000683,FAC021,2026-02-12T13:00:00,99215,240.65,Chennai,CLEAN
CLM-170E138F,1000000051,Dr. Danny Morgan,MEM000508,FAC040,2026-01-20T17:00:00,99214,143.62,Chennai,CLEAN
CLM-8E82F2DE,1000000012,Dr. Lisa Hensley,MEM000304,FAC036,2026-04-13T12:00:00,93000,62.91,Chennai,CLEAN
CLM-914F0CB3,1000000023,Dr. Tommy Walter,MEM000734,FAC037,2026-01-25T14:00:00,99215,200.96,Chennai,CLEAN
CLM-8484D28A,1000000135,Dr. Jose Schultz,MEM000486,FAC027,2026-02-23T14:00:00,99213,103.03,Chennai,CLEAN
CLM-6E1DCAF6,1000000077,Dr. Megan Young,MEM000516,FAC019,2026-04-21T17:00:00,99215,206.8,Chennai,CLEAN
CLM-96A41B77,1000000102,Dr. Rebecca Valencia,MEM000257,FAC039,2026-05-12T16:00:00,93000,56.17,Chennai,CLEAN
CLM-B558C94D,1000000004,Dr. Cristian Santos,MEM000642,FAC045,2026-05-13T11:00:00,93000,59.99,Chennai,CLEAN
CLM-0EAB1674,1000000169,Dr. Daniel Murphy,MEM000985,FAC047,2026-04-30T13:00:00,93000,63.71,Chennai,CLEAN
CLM-3B8A3E82,1000000196,Dr. Daniel Salinas,MEM000928,FAC027,2026-05-25T09:00:00,93000,56.41,Chennai,CLEAN
CLM-5BE9B6FC,1000000118,Dr. Victor Baker,MEM000151,FAC015,2026-02-08T13:00:00,71045,78.56,Chennai,CLEAN
CLM-536F8CFE,1000000016,Dr. Holly Wood,MEM000649,FAC013,2026-04-16T13:00:00,99215,226.43,Chennai,CLEAN
CLM-16B2C7DF,1000000065,Dr. Amber Kidd,MEM000703,FAC038,2026-03-02T15:00:00,99214,138.41,Chennai,CLEAN
CLM-9728C9A1,1000000049,Dr. Eric Carney,MEM000028,FAC015,2026-03-21T16:00:00,71045,80.96,Chennai,CLEAN
CLM-FBB62E85,1000000111,Dr. Shannon Walker,MEM000432,FAC041,2026-01-10T12:00:00,99214,143.18,Chennai,CLEAN
CLM-4773AC42,1000000007,Dr. Gina Moore,MEM000264,FAC017,2026-06-18T17:00:00,99214,154.33,Chennai,CLEAN
CLM-EA6FAB22,1000000010,Dr. Monica Herrera,MEM000986,FAC046,2026-05-05T09:00:00,99213,107.19,Chennai,CLEAN
CLM-FA11D6D3,1000000021,Dr. Patty Perez,MEM000321,FAC038,2026-03-18T10:00:00,71045,86.35,Chennai,CLEAN
CLM-C7D1E003,1000000171,Dr. Darlene Miller,MEM000673,FAC005,2026-04-12T11:00:00,99214,138.36,Chennai,CLEAN
CLM-1939A8B7,1000000188,Dr. Madison Poole,MEM000512,FAC007,2026-05-14T17:00:00,99215,219.84,Chennai,CLEAN
CLM-51CBA74F,1000000023,Dr. Tommy Walter,MEM000243,FAC038,2026-02-01T14:00:00,99215,234.62,Chennai,CLEAN
CLM-7223EA08,1000000188,Dr. Madison Poole,MEM000399,FAC047,2026-03-02T15:00:00,99214,139.33,Chennai,CLEAN
CLM-D996F769,1000000044,Dr. Angelica Tucker,MEM000219,FAC017,2026-04-23T15:00:00,99215,235.97,Chennai,CLEAN
CLM-18A056CF,1000000014,Dr. Dylan Miller,MEM000502,FAC034,2026-04-06T10:00:00,99215,222.01,Chennai,CLEAN
CLM-F0EC5E6B,1000000121,Dr. Kenneth Scott,MEM000699,FAC015,2026-03-13T11:00:00,99215,218.91,Chennai,CLEAN
CLM-F1E2FA05,1000000094,Dr. John Whitehead,MEM000841,FAC019,2026-01-06T09:00:00,99213,103.81,Chennai,CLEAN
CLM-4BC54F6C,1888888888,Dr. Synthetic-B (Teleport),MEM000687,FAC015,2026-03-06T17:00:00,71045,76.95,Chennai,CLEAN
CLM-0B22836A,1000000179,Dr. Robert Oconnell,MEM000371,FAC043,2026-02-01T17:00:00,99214,160.73,Chennai,CLEAN
CLM-3D902DE1,1000000099,Dr. Stephen Mckee,MEM000008,FAC025,2026-03-07T13:00:00,99213,108.73,Chennai,CLEAN
CLM-575B689E,1000000193,Dr. Angelica Keith,MEM000241,FAC019,2026-02-23T11:00:00,71045,82.1,Chennai,CLEAN
CLM-CC66630A,1000000196,Dr. Daniel Salinas,MEM000659,FAC026,2026-01-09T13:00:00,99213,106.46,Chennai,CLEAN
CLM-C0738B13,1000000125,Dr. Erin Edwards,MEM000482,FAC047,2026-04-16T14:00:00,71045,86.03,Chennai,CLEAN
CLM-A972DAB8,1000000025,Dr. Judy Baker,MEM000844,FAC010,2026-06-28T13:00:00,93000,54.8,Chennai,CLEAN
CLM-666EB94E,1000000107,Dr. Sierra Johnson,MEM000616,FAC046,2026-05-21T14:00:00,71045,83.12,Chennai,CLEAN
CLM-47F9A4C1,1000000195,Dr. Allen Rosales,MEM000053,FAC041,2026-06-14T11:00:00,71045,84.66,Chennai,CLEAN
CLM-CA022AAD,1000000034,Dr. Debra Davidson,MEM000003,FAC025,2026-02-21T13:00:00,99215,223.34,Chennai,CLEAN
CLM-CE42C866,1000000028,Dr. Zachary Hicks,MEM000161,FAC015,2026-05-13T11:00:00,93000,62.23,Chennai,CLEAN
CLM-691E08F4,1777777777,Dr. Synthetic-C (Upcoder),MEM000961,FAC020,2026-04-26T16:00:00,99214,142.82,Mumbai,CLEAN
CLM-33EF7189,1000000175,Dr. Alex Hernandez,MEM000607,FAC020,2026-03-14T12:00:00,99213,98.29,Chennai,CLEAN
CLM-7677E570,1000000046,Dr. John Pierce,MEM000402,FAC024,2026-05-27T12:00:00,99213,108.96,Chennai,CLEAN
CLM-A2F978EA,1000000142,Dr. Patricia Rodriguez,MEM000662,FAC039,2026-06-10T12:00:00,99213,109.48,Chennai,CLEAN
CLM-CC629BC4,1000000050,Dr. Jessica Holmes,MEM000268,FAC044,2026-02-13T09:00:00,71045,81.89,Chennai,CLEAN
CLM-53F00700,1000000153,Dr. Devon Flores,MEM000266,FAC009,2026-01-23T14:00:00,99214,163.42,Chennai,CLEAN
CLM-20D1F9D6,1000000030,Dr. Rebecca Henderson,MEM000014,FAC045,2026-05-15T15:00:00,71045,85.24,Chennai,CLEAN
CLM-D1856296,1000000126,Dr. Michelle Evans,MEM000121,FAC014,2026-02-22T12:00:00,99215,210.67,Chennai,CLEAN
CLM-A54306AE,1000000126,Dr. Michelle Evans,MEM000391,FAC008,2026-04-21T12:00:00,93000,56.59,Chennai,CLEAN
CLM-7B305D47,1000000072,Dr. Brittney Phillips,MEM000744,FAC043,2026-02-18T15:00:00,99214,147.26,Chennai,CLEAN
CLM-24181A52,1000000037,Dr. Cassandra Gaines,MEM000029,FAC018,2026-03-09T12:00:00,93000,59.41,Chennai,CLEAN
CLM-5B544488,1000000063,Dr. Donald Wright,MEM000378,FAC037,2026-06-25T16:00:00,99213,90.21,Chennai,CLEAN
CLM-87176624,1000000034,Dr. Debra Davidson,MEM000892,FAC020,2026-06-27T15:00:00,99214,156.4,Chennai,CLEAN
CLM-9269865C,1000000181,Dr. Tina Sanders,MEM000433,FAC047,2026-06-02T13:00:00,99213,91.91,Chennai,CLEAN
CLM-9E07787C,1000000015,Dr. Brian Ramirez,MEM000053,FAC021,2026-03-02T16:00:00,99215,241.86,Chennai,CLEAN
CLM-A3444110,1000000171,Dr. Darlene Miller,MEM000990,FAC038,2026-01-12T09:00:00,99215,220.2,Chennai,CLEAN
CLM-BB30E6D3,1000000097,Dr. Deborah Figueroa,MEM000309,FAC025,2026-06-21T14:00:00,99214,164.04,Chennai,CLEAN
CLM-124159B6,1000000143,Dr. Christopher Rubio,MEM000042,FAC037,2026-02-15T13:00:00,99214,150.11,Chennai,CLEAN
CLM-87FF4F96,1000000086,Dr. Shirley Suarez,MEM000898,FAC029,2026-02-03T10:00:00,99215,229.25,Chennai,CLEAN
CLM-7D3768C8,1000000110,Dr. Richard Rodriguez,MEM000145,FAC016,2026-01-30T14:00:00,99213,109.57,Chennai,CLEAN
CLM-0B33EAE1,1000000127,Dr. Jason Powell,MEM000892,FAC017,2026-04-03T15:00:00,99215,237.72,Chennai,CLEAN
CLM-48A6F219,1000000067,Dr. Carol Tucker,MEM000627,FAC048,2026-03-09T17:00:00,99215,217.17,Chennai,CLEAN
CLM-E1AB2F25,1000000042,Dr. Sherry Decker,MEM000323,FAC047,2026-05-06T11:00:00,93000,64.24,Chennai,CLEAN
CLM-22D92917,1000000168,Dr. Joel Williams,MEM000651,FAC028,2026-01-14T12:00:00,99214,136.64,Chennai,CLEAN
CLM-B2C81FF5,1000000046,Dr. John Pierce,MEM000036,FAC030,2026-03-08T11:00:00,71045,78.98,Chennai,CLEAN
CLM-8D73CCB5,1000000126,Dr. Michelle Evans,MEM000041,FAC028,2026-04-02T17:00:00,71045,79.32,Chennai,CLEAN
CLM-863B9402,1000000028,Dr. Zachary Hicks,MEM000866,FAC046,2026-02-07T10:00:00,99215,202.12,Chennai,CLEAN
CLM-316E8BEC,1000000072,Dr. Brittney Phillips,MEM000184,FAC010,2026-05-11T13:00:00,93000,64.69,Chennai,CLEAN
CLM-88B267F9,1000000149,Dr. Stephanie Manning,MEM000217,FAC037,2026-01-02T17:00:00,93000,56.17,Chennai,CLEAN
CLM-AE0481BB,1000000019,Dr. Carla Gray,MEM000252,FAC049,2026-05-08T10:00:00,99215,199.14,Chennai,CLEAN
CLM-E28404F7,1000000174,Dr. Nicole Herring,MEM000696,FAC007,2026-04-11T14:00:00,93000,65.15,Chennai,CLEAN
CLM-96652DE0,1000000027,Dr. Stephanie Ross,MEM000857,FAC020,2026-02-09T09:00:00,99213,99.2,Chennai,CLEAN
CLM-C44E2E5F,1000000181,Dr. Tina Sanders,MEM000675,FAC030,2026-04-27T13:00:00,93000,61.9,Chennai,CLEAN
CLM-40F76BF4,1000000084,Dr. Zachary Ferrell,MEM000993,FAC002,2026-06-17T16:00:00,99215,239.69,Chennai,CLEAN
CLM-FB455CDB,1000000187,Dr. Samantha Garcia,MEM000928,FAC036,2026-02-03T12:00:00,99213,106.03,Chennai,CLEAN
CLM-41494154,1000000072,Dr. Brittney Phillips,MEM000330,FAC003,2026-01-19T17:00:00,93000,58.58,Chennai,CLEAN
CLM-407B88CA,1000000102,Dr. Rebecca Valencia,MEM000261,FAC011,2026-03-03T15:00:00,99213,90.41,Chennai,CLEAN
CLM-4850F889,1000000053,Dr. Mark Perez,MEM000166,FAC024,2026-04-14T13:00:00,99214,138.62,Chennai,CLEAN
CLM-097AC43B,1000000125,Dr. Erin Edwards,MEM000820,FAC027,2026-03-21T11:00:00,99215,227.28,Chennai,CLEAN
CLM-4FCD2715,1000000094,Dr. John Whitehead,MEM000524,FAC012,2026-05-06T16:00:00,71045,79.62,Chennai,CLEAN
CLM-88B5EBB2,1000000144,Dr. Amber Wright,MEM000614,FAC027,2026-01-24T15:00:00,99215,225.01,Chennai,CLEAN
CLM-230E601E,1000000111,Dr. Shannon Walker,MEM000645,FAC027,2026-01-24T09:00:00,93000,58.1,Chennai,CLEAN
CLM-4F2FD058,1000000118,Dr. Victor Baker,MEM000692,FAC014,2026-06-15T11:00:00,71045,80.44,Chennai,CLEAN
CLM-81141A48,1000000165,Dr. John Anderson,MEM000537,FAC005,2026-03-16T16:00:00,71045,73.27,Chennai,CLEAN
CLM-CA55EFC1,1000000122,Dr. April Frost,MEM000307,FAC009,2026-02-02T13:00:00,99214,150.69,Chennai,CLEAN
CLM-E1580D09,1000000075,Dr. Sarah Moore,MEM000582,FAC003,2026-05-22T10:00:00,99213,100.27,Chennai,CLEAN
CLM-C6E03D2D,1000000130,Dr. Elizabeth Kelley,MEM000435,FAC026,2026-01-25T16:00:00,93000,63.75,Chennai,CLEAN
CLM-2C6CE750,1000000090,Dr. Matthew Mcmillan,MEM000260,FAC037,2026-01-21T17:00:00,99213,92.28,Chennai,CLEAN
CLM-20C0CBCE,1000000169,Dr. Daniel Murphy,MEM000473,FAC011,2026-02-16T15:00:00,99213,91.67,Chennai,CLEAN
CLM-2194BEF1,1000000180,Dr. Alexander Collins,MEM000304,FAC020,2026-05-31T16:00:00,71045,81.98,Chennai,CLEAN
CLM-9078410F,1000000067,Dr. Carol Tucker,MEM000349,FAC011,2026-02-24T11:00:00,99213,104.94,Chennai,CLEAN
CLM-682F389F,1000000154,Dr. Brenda Hall,MEM000265,FAC043,2026-01-28T15:00:00,93000,54.21,Chennai,CLEAN
CLM-1385273C,1000000101,Dr. Cameron Parker,MEM000119,FAC000,2026-02-13T16:00:00,71045,83.07,Chennai,CLEAN
CLM-43661079,1000000168,Dr. Joel Williams,MEM000988,FAC047,2026-06-04T16:00:00,99215,225.21,Chennai,CLEAN
CLM-0F94B960,1000000157,Dr. Jason Stein,MEM000369,FAC044,2026-06-22T15:00:00,99215,201.86,Chennai,CLEAN
CLM-6ED997AB,1000000034,Dr. Debra Davidson,MEM000014,FAC012,2026-01-29T09:00:00,99214,160.77,Chennai,CLEAN
CLM-656A0858,1000000053,Dr. Mark Perez,MEM000492,FAC041,2026-02-07T12:00:00,71045,85.47,Chennai,CLEAN
CLM-CB7532E7,1777777777,Dr. Synthetic-C (Upcoder),MEM000551,FAC012,2026-01-23T13:00:00,71045,74.37,Mumbai,CLEAN
CLM-09682680,1000000108,Dr. Evelyn Galvan,MEM000022,FAC007,2026-02-12T11:00:00,71045,87.42,Chennai,CLEAN
CLM-2E3EC188,1000000120,Dr. Larry Dixon,MEM000020,FAC028,2026-05-30T12:00:00,99214,143.84,Chennai,CLEAN
CLM-9CA74F4D,1000000100,Dr. Sandra Aguilar,MEM000052,FAC021,2026-01-03T10:00:00,71045,87.67,Chennai,CLEAN
CLM-B2C26CDE,1000000126,Dr. Michelle Evans,MEM000754,FAC037,2026-06-02T17:00:00,99215,199.63,Chennai,CLEAN
CLM-0E636DAB,1000000102,Dr. Rebecca Valencia,MEM000497,FAC032,2026-06-01T16:00:00,99214,156.43,Chennai,CLEAN
CLM-0365764E,1000000135,Dr. Jose Schultz,MEM000019,FAC027,2026-05-28T14:00:00,93000,54.76,Chennai,CLEAN
CLM-650EBD7A,1000000165,Dr. John Anderson,MEM000427,FAC030,2026-01-30T16:00:00,93000,65.27,Chennai,CLEAN
CLM-2FC034DB,1000000088,Dr. Lisa Archer,MEM000459,FAC044,2026-04-22T09:00:00,99214,143.64,Chennai,CLEAN
CLM-F3E13CA5,1000000049,Dr. Eric Carney,MEM000480,FAC022,2026-04-23T12:00:00,93000,56.64,Chennai,CLEAN
CLM-93141221,1000000175,Dr. Alex Hernandez,MEM000347,FAC038,2026-06-18T16:00:00,99214,161.5,Chennai,CLEAN
CLM-6D547263,1000000185,Dr. Dr. Hannah Patterson,MEM000728,FAC024,2026-04-17T14:00:00,71045,84.8,Chennai,CLEAN
CLM-9739D8C2,1000000041,Dr. Fred Smith,MEM000636,FAC013,2026-03-14T10:00:00,71045,74.07,Chennai,CLEAN
CLM-99E1EAD1,1000000051,Dr. Danny Morgan,MEM000160,FAC038,2026-05-06T10:00:00,71045,87.09,Chennai,CLEAN
CLM-7DE7C4CA,1000000126,Dr. Michelle Evans,MEM000310,FAC015,2026-02-23T17:00:00,99213,109.99,Chennai,CLEAN
CLM-BF90E058,1000000091,Dr. Brian Rodriguez,MEM000902,FAC016,2026-04-02T11:00:00,99214,159.84,Chennai,CLEAN
CLM-08C47537,1000000128,Dr. Cameron Fisher,MEM000032,FAC004,2026-03-28T15:00:00,99213,102.35,Chennai,CLEAN
CLM-034F0B92,1000000030,Dr. Rebecca Henderson,MEM000575,FAC014,2026-05-05T13:00:00,99215,232.53,Chennai,CLEAN
CLM-07677CB6,1000000196,Dr. Daniel Salinas,MEM000047,FAC049,2026-05-23T13:00:00,99214,160.6,Chennai,CLEAN
CLM-0B841E7A,1000000131,Dr. Dustin Jordan,MEM000618,FAC042,2026-01-27T09:00:00,71045,84.78,Chennai,CLEAN
CLM-ECBEDDEA,1000000193,Dr. Angelica Keith,MEM000113,FAC006,2026-06-06T10:00:00,93000,54.5,Chennai,CLEAN
CLM-778C57BC,1000000026,Dr. Justin Baker,MEM000171,FAC040,2026-01-31T12:00:00,99215,204.91,Chennai,CLEAN
CLM-C17DA797,1000000074,Dr. Amy Silva,MEM000725,FAC028,2026-05-10T16:00:00,99213,93.09,Chennai,CLEAN
CLM-0D5E9EB3,1000000093,Dr. Christina Walters,MEM000342,FAC008,2026-02-01T12:00:00,71045,87.51,Chennai,CLEAN
CLM-D76AAF44,1000000196,Dr. Daniel Salinas,MEM000787,FAC000,2026-03-04T16:00:00,99215,210.62,Chennai,CLEAN
CLM-072737C7,1000000043,Dr. Anthony Humphrey,MEM000087,FAC017,2026-04-06T15:00:00,99215,225.7,Chennai,CLEAN
CLM-35D8D6C0,1000000062,Dr. Connor West,MEM000155,FAC048,2026-05-16T15:00:00,99214,139.14,Chennai,CLEAN
CLM-B7074F5F,1000000109,Dr. Sharon Cochran,MEM000423,FAC026,2026-04-28T17:00:00,99215,239.52,Chennai,CLEAN
CLM-BDE2A758,1000000113,Dr. Crystal Johnson,MEM000149,FAC049,2026-01-03T17:00:00,99213,91.7,Chennai,CLEAN
CLM-B0A4BCB6,1000000080,Dr. Kelly Donovan,MEM000411,FAC049,2026-02-12T15:00:00,99213,97.87,Chennai,CLEAN
CLM-7CF82CB8,1000000009,Dr. Ryan Munoz,MEM000676,FAC041,2026-02-08T09:00:00,93000,65.67,Chennai,CLEAN
CLM-2887631E,1000000107,Dr. Sierra Johnson,MEM000411,FAC043,2026-06-29T17:00:00,99215,229.75,Chennai,CLEAN
CLM-540B3159,1000000080,Dr. Kelly Donovan,MEM000931,FAC022,2026-01-03T13:00:00,93000,61.32,Chennai,CLEAN
CLM-19073656,1000000037,Dr. Cassandra Gaines,MEM000717,FAC025,2026-04-25T12:00:00,93000,61.49,Chennai,CLEAN
CLM-DE39704D,1000000158,Dr. Melissa Gates,MEM000667,FAC028,2026-06-28T14:00:00,71045,84.41,Chennai,CLEAN
CLM-FB07970E,1000000077,Dr. Megan Young,MEM000086,FAC002,2026-05-18T14:00:00,71045,83.6,Chennai,CLEAN
CLM-7D9A3E56,1000000189,Dr. Jessica Gross,MEM000900,FAC008,2026-05-14T17:00:00,99215,207.4,Chennai,CLEAN
CLM-6F0F39BD,1000000130,Dr. Elizabeth Kelley,MEM000565,FAC019,2026-05-14T14:00:00,99214,135.7,Chennai,CLEAN
CLM-2455A2CE,1000000138,Dr. David Alvarez,MEM000606,FAC016,2026-03-03T13:00:00,71045,87.79,Chennai,CLEAN
CLM-EE28E90F,1000000028,Dr. Zachary Hicks,MEM000749,FAC003,2026-04-06T13:00:00,93000,58.25,Chennai,CLEAN
CLM-32A6934D,1000000012,Dr. Lisa Hensley,MEM000774,FAC041,2026-02-01T16:00:00,99215,223.19,Chennai,CLEAN
CLM-41860A0A,1000000001,Dr. Noah Rhodes,MEM000464,FAC021,2026-03-02T17:00:00,93000,56.81,Chennai,CLEAN
CLM-538D660A,1000000076,Dr. Angela Lopez,MEM000291,FAC042,2026-05-27T11:00:00,71045,80.31,Chennai,CLEAN
CLM-A5F4D948,1000000063,Dr. Donald Wright,MEM000107,FAC020,2026-05-13T12:00:00,99215,217.99,Chennai,CLEAN
CLM-007FD97A,1000000037,Dr. Cassandra Gaines,MEM000728,FAC027,2026-04-16T10:00:00,99213,91.24,Chennai,CLEAN
CLM-531FF325,1000000033,Dr. Nathan Maldonado,MEM000487,FAC013,2026-04-25T10:00:00,99215,227.78,Chennai,CLEAN
CLM-B33BE683,1000000103,Dr. Christine Wright,MEM000602,FAC035,2026-05-13T15:00:00,99215,223.71,Chennai,CLEAN
CLM-53ABF6BC,1000000162,Dr. Lindsey Walker,MEM000433,FAC028,2026-06-26T16:00:00,71045,85.18,Chennai,CLEAN
CLM-C72EAB3B,1000000036,Dr. Sherri Baker,MEM000517,FAC008,2026-05-05T16:00:00,99214,164.04,Chennai,CLEAN
CLM-99FD17C0,1000000131,Dr. Dustin Jordan,MEM000883,FAC033,2026-01-31T12:00:00,71045,79.57,Chennai,CLEAN
CLM-ECAF6A86,1000000191,Dr. Karen Graham,MEM000160,FAC035,2026-04-05T10:00:00,93000,64.23,Chennai,CLEAN
CLM-C241C103,1000000028,Dr. Zachary Hicks,MEM000123,FAC023,2026-05-27T13:00:00,99213,100.46,Chennai,CLEAN
CLM-5AD78D8F,1000000030,Dr. Rebecca Henderson,MEM000380,FAC019,2026-04-06T13:00:00,99215,219.38,Chennai,CLEAN
CLM-5DD89916,1777777777,Dr. Synthetic-C (Upcoder),MEM000146,FAC009,2026-05-31T15:00:00,99213,108.74,Mumbai,CLEAN
CLM-403E6C6E,1000000078,Dr. Steve Sanchez,MEM000910,FAC018,2026-02-25T11:00:00,71045,72.03,Chennai,CLEAN
CLM-E087B3E4,1000000140,Dr. Cheyenne Horton,MEM000357,FAC004,2026-01-12T15:00:00,71045,81.17,Chennai,CLEAN
CLM-4CE325A0,1000000144,Dr. Amber Wright,MEM000463,FAC021,2026-04-07T16:00:00,93000,55.59,Chennai,CLEAN
CLM-209ACEB4,1000000035,Dr. Jeffrey Chavez,MEM000516,FAC040,2026-04-28T16:00:00,71045,74.38,Chennai,CLEAN
CLM-71A25945,1000000186,Dr. Jonathan Peterson,MEM000333,FAC005,2026-06-09T15:00:00,71045,75.73,Chennai,CLEAN
CLM-530A23D6,1000000101,Dr. Cameron Parker,MEM000347,FAC034,2026-01-12T16:00:00,99215,226.42,Chennai,CLEAN
CLM-F078AEAB,1000000042,Dr. Sherry Decker,MEM000724,FAC001,2026-05-27T13:00:00,93000,61.74,Chennai,CLEAN
CLM-DC144302,1000000164,Dr. Michael Powell,MEM000572,FAC005,2026-02-19T17:00:00,93000,63.09,Chennai,CLEAN
CLM-5119B056,1000000145,Dr. Joyce Solis,MEM000534,FAC012,2026-05-02T17:00:00,99213,92.41,Chennai,CLEAN
CLM-EB597C26,1000000136,Dr. Robert Potter,MEM000184,FAC001,2026-03-12T12:00:00,99214,159.89,Chennai,CLEAN
CLM-5368316E,1000000148,Dr. Kathy Rivas,MEM000454,FAC005,2026-05-17T14:00:00,71045,81.42,Chennai,CLEAN
CLM-B1DE9747,1000000125,Dr. Erin Edwards,MEM000882,FAC001,2026-03-29T15:00:00,99214,147.45,Chennai,CLEAN
CLM-7634C656,1000000135,Dr. Jose Schultz,MEM000324,FAC024,2026-03-07T10:00:00,99213,109.6,Chennai,CLEAN
CLM-6BCE975A,1000000138,Dr. David Alvarez,MEM000172,FAC018,2026-02-06T11:00:00,99215,231.81,Chennai,CLEAN
CLM-67B60B6D,1000000039,Dr. Brittany Farmer,MEM000314,FAC026,2026-06-23T11:00:00,99213,102.29,Chennai,CLEAN
CLM-645C0DF4,1000000083,Dr. Paul Jones,MEM000185,FAC001,2026-01-15T13:00:00,71045,73.58,Chennai,CLEAN
CLM-83C9A131,1000000036,Dr. Sherri Baker,MEM000422,FAC020,2026-03-08T15:00:00,99213,91.04,Chennai,CLEAN
CLM-5CD40EB1,1000000061,Dr. Gerald Hensley,MEM000770,FAC038,2026-05-31T12:00:00,71045,80.14,Chennai,CLEAN
CLM-43343E62,1000000129,Dr. Megan Orr,MEM000394,FAC007,2026-03-10T09:00:00,99215,218.45,Chennai,CLEAN
CLM-7DFB1F42,1000000104,Dr. Richard Henson,MEM000067,FAC030,2026-01-08T15:00:00,99214,162.41,Chennai,CLEAN
CLM-EC4C2FB7,1000000004,Dr. Cristian Santos,MEM000275,FAC035,2026-05-31T10:00:00,99214,157.89,Chennai,CLEAN
CLM-61A8F1A6,1000000166,Dr. Alyssa Long,MEM000804,FAC008,2026-03-19T15:00:00,71045,73.34,Chennai,CLEAN
CLM-A4937542,1000000162,Dr. Lindsey Walker,MEM000512,FAC013,2026-02-06T14:00:00,93000,65.82,Chennai,CLEAN
CLM-AAA92B0B,1999999999,Dr. Synthetic-A (Phantom),MEM000251,FAC034,2026-04-19T17:00:00,71045,72.67,Chennai,CLEAN
CLM-CF8A78DD,1000000118,Dr. Victor Baker,MEM000984,FAC039,2026-03-16T11:00:00,99213,91.2,Chennai,CLEAN
CLM-2028F1DF,1000000123,Dr. Michelle Harmon,MEM000279,FAC038,2026-03-06T15:00:00,99215,235.07,Chennai,CLEAN
CLM-33B04C3B,1000000054,Dr. Shannon Jones,MEM000599,FAC032,2026-03-14T09:00:00,99214,157.18,Chennai,CLEAN
CLM-0286FBC2,1000000144,Dr. Amber Wright,MEM000071,FAC019,2026-01-23T15:00:00,99213,106.61,Chennai,CLEAN
CLM-B2B9254D,1000000185,Dr. Dr. Hannah Patterson,MEM000569,FAC017,2026-04-21T12:00:00,93000,60.06,Chennai,CLEAN
CLM-6F788F17,1000000081,Dr. Mike Allen,MEM000905,FAC043,2026-03-29T13:00:00,71045,76.37,Chennai,CLEAN
CLM-5442E2F5,1000000169,Dr. Daniel Murphy,MEM000329,FAC021,2026-02-23T16:00:00,93000,57.94,Chennai,CLEAN
CLM-7A0B6508,1000000177,Dr. Michael Wang,MEM000136,FAC041,2026-01-01T16:00:00,99213,108.03,Chennai,CLEAN
CLM-FB957B41,1000000172,Dr. Joshua Cooke,MEM000177,FAC026,2026-05-23T16:00:00,71045,80.61,Chennai,CLEAN
CLM-F818E8E9,1888888888,Dr. Synthetic-B (Teleport),MEM000897,FAC041,2026-06-16T10:00:00,93000,54.37,Chennai,CLEAN
CLM-665B9C2E,1000000171,Dr. Darlene Miller,MEM000455,FAC043,2026-02-01T14:00:00,71045,85.24,Chennai,CLEAN
CLM-64DD75D1,1000000091,Dr. Brian Rodriguez,MEM000396,FAC011,2026-06-28T09:00:00,99213,99.25,Chennai,CLEAN
CLM-FBEFAC6C,1000000049,Dr. Eric Carney,MEM000455,FAC000,2026-02-26T09:00:00,99215,227.94,Chennai,CLEAN
CLM-3FB9B0E5,1000000181,Dr. Tina Sanders,MEM000366,FAC012,2026-01-24T13:00:00,99214,142.03,Chennai,CLEAN
CLM-B6253892,1000000126,Dr. Michelle Evans,MEM000990,FAC023,2026-01-10T13:00:00,71045,86.47,Chennai,CLEAN
CLM-A9D1D24F,1000000180,Dr. Alexander Collins,MEM000620,FAC013,2026-01-02T12:00:00,71045,73.78,Chennai,CLEAN
CLM-4CF6B96C,1000000071,Dr. Whitney Peters,MEM000582,FAC032,2026-05-07T11:00:00,93000,56.33,Chennai,CLEAN
CLM-C41AD832,1000000189,Dr. Jessica Gross,MEM000579,FAC043,2026-06-24T11:00:00,99213,101.76,Chennai,CLEAN
CLM-1F9AF479,1000000190,Dr. Debra Morton,MEM000066,FAC008,2026-03-08T12:00:00,93000,62.75,Chennai,CLEAN
CLM-619F2E01,1000000070,Dr. Jordan Henderson,MEM000196,FAC043,2026-01-06T17:00:00,93000,57.04,Chennai,CLEAN
CLM-236F4190,1000000143,Dr. Christopher Rubio,MEM000904,FAC029,2026-01-01T15:00:00,99213,107.08,Chennai,CLEAN
CLM-379E0B63,1000000082,Dr. Michael Evans,MEM000442,FAC026,2026-03-12T10:00:00,93000,59.6,Chennai,CLEAN
CLM-B226CB90,1000000092,Dr. Denise Jacobs,MEM000529,FAC048,2026-01-12T12:00:00,99213,95.56,Chennai,CLEAN
CLM-F791C270,1000000107,Dr. Sierra Johnson,MEM000545,FAC028,2026-03-22T09:00:00,71045,75.11,Chennai,CLEAN
CLM-EFFD9D16,1000000020,Dr. Margaret Hawkins DDS,MEM000901,FAC036,2026-01-07T12:00:00,71045,87.32,Chennai,CLEAN
CLM-D23CD4D3,1000000063,Dr. Donald Wright,MEM000201,FAC010,2026-03-26T13:00:00,99213,102.52,Chennai,CLEAN
CLM-E4A2B4F9,1000000024,Dr. Matthew Foster,MEM000028,FAC030,2026-04-21T09:00:00,93000,63.57,Chennai,CLEAN
CLM-B47E26B1,1000000085,Dr. Daniel Baker,MEM000860,FAC016,2026-03-05T10:00:00,71045,75.81,Chennai,CLEAN
CLM-6EB5B31A,1000000087,Dr. Christopher Bass,MEM000852,FAC003,2026-03-27T17:00:00,99214,163.31,Chennai,CLEAN
CLM-44EC97B7,1000000198,Dr. Adam Vaughan,MEM000614,FAC039,2026-04-23T10:00:00,71045,81.26,Chennai,CLEAN
CLM-5B4E0963,1000000021,Dr. Patty Perez,MEM000997,FAC003,2026-01-09T15:00:00,99215,237.16,Chennai,CLEAN
CLM-00B6FD3F,1000000177,Dr. Michael Wang,MEM000066,FAC008,2026-01-16T16:00:00,99213,96.03,Chennai,CLEAN
CLM-1DA254D9,1000000160,Dr. Paul Castaneda,MEM000442,FAC004,2026-01-27T09:00:00,93000,54.63,Chennai,CLEAN
CLM-15D80509,1000000097,Dr. Deborah Figueroa,MEM000411,FAC006,2026-06-08T15:00:00,99214,160.94,Chennai,CLEAN
CLM-B86F3737,1888888888,Dr. Synthetic-B (Teleport),MEM000675,FAC039,2026-01-03T16:00:00,71045,79.43,Chennai,CLEAN
CLM-A80308FE,1000000109,Dr. Sharon Cochran,MEM000901,FAC039,2026-06-08T10:00:00,99215,226.64,Chennai,CLEAN
CLM-36531749,1000000172,Dr. Joshua Cooke,MEM000801,FAC001,2026-04-27T17:00:00,99215,223.86,Chennai,CLEAN
CLM-B96C89EC,1000000027,Dr. Stephanie Ross,MEM000105,FAC000,2026-06-02T10:00:00,93000,63.47,Chennai,CLEAN
CLM-C1FCC92D,1000000049,Dr. Eric Carney,MEM000926,FAC036,2026-02-02T17:00:00,99215,213.64,Chennai,CLEAN
CLM-23C5EE7B,1000000123,Dr. Michelle Harmon,MEM000742,FAC039,2026-04-24T11:00:00,99214,139.13,Chennai,CLEAN
CLM-BC96F3D6,1000000011,Dr. Jamie Arnold,MEM000061,FAC008,2026-03-21T15:00:00,93000,65.52,Chennai,CLEAN
CLM-D126949C,1000000193,Dr. Angelica Keith,MEM000366,FAC019,2026-05-30T17:00:00,99214,139.42,Chennai,CLEAN
CLM-EF99E43D,1000000079,Dr. Lisa Barnes,MEM000617,FAC021,2026-03-16T14:00:00,99213,100.35,Chennai,CLEAN
CLM-94D71732,1000000168,Dr. Joel Williams,MEM000694,FAC009,2026-01-15T12:00:00,93000,63.83,Chennai,CLEAN
CLM-54E89744,1000000143,Dr. Christopher Rubio,MEM000879,FAC003,2026-04-19T14:00:00,99214,164.3,Chennai,CLEAN
CLM-DABD1012,1000000163,Dr. Jeffrey Johnson,MEM000930,FAC012,2026-01-18T14:00:00,99214,155.04,Chennai,CLEAN
CLM-AC887ED4,1000000177,Dr. Michael Wang,MEM000708,FAC029,2026-06-03T14:00:00,93000,60.79,Chennai,CLEAN
CLM-BFF0861D,1000000085,Dr. Daniel Baker,MEM000630,FAC019,2026-04-18T14:00:00,99214,138.15,Chennai,CLEAN
CLM-557689D8,1777777777,Dr. Synthetic-C (Upcoder),MEM000932,FAC002,2026-05-07T12:00:00,99213,102.78,Mumbai,CLEAN
CLM-D9599EA5,1000000177,Dr. Michael Wang,MEM000235,FAC029,2026-06-09T12:00:00,99214,149.42,Chennai,CLEAN
CLM-1FF92155,1000000196,Dr. Daniel Salinas,MEM000975,FAC021,2026-04-07T12:00:00,71045,74.95,Chennai,CLEAN
CLM-93574079,1000000001,Dr. Noah Rhodes,MEM000371,FAC000,2026-01-19T14:00:00,99213,101.09,Chennai,CLEAN
CLM-D3D07A21,1000000036,Dr. Sherri Baker,MEM000297,FAC028,2026-02-19T14:00:00,99213,109.51,Chennai,CLEAN
CLM-DBB1FDF8,1000000050,Dr. Jessica Holmes,MEM000202,FAC018,2026-02-14T12:00:00,99215,229.63,Chennai,CLEAN
CLM-4107B33B,1000000086,Dr. Shirley Suarez,MEM000867,FAC035,2026-03-04T11:00:00,99214,135.64,Chennai,CLEAN
CLM-64FE502D,1000000067,Dr. Carol Tucker,MEM000932,FAC006,2026-01-06T11:00:00,71045,82.48,Chennai,CLEAN
CLM-9E19C257,1000000028,Dr. Zachary Hicks,MEM000346,FAC013,2026-03-20T16:00:00,99214,146.09,Chennai,CLEAN
CLM-BC01B9C3,1000000095,Dr. Anna Henderson,MEM000676,FAC010,2026-05-15T15:00:00,99213,92.37,Chennai,CLEAN
CLM-948CFAF7,1000000033,Dr. Nathan Maldonado,MEM000813,FAC012,2026-02-19T17:00:00,71045,83.11,Chennai,CLEAN
CLM-61255ECA,1000000081,Dr. Mike Allen,MEM000613,FAC027,2026-06-12T12:00:00,99213,105.26,Chennai,CLEAN
CLM-41475812,1000000150,Dr. David Wright,MEM000193,FAC034,2026-03-17T11:00:00,99215,208.88,Chennai,CLEAN
CLM-6355A3CA,1000000161,Dr. Jennifer Adkins,MEM000814,FAC017,2026-02-02T17:00:00,93000,64.63,Chennai,CLEAN
CLM-95CF606C,1000000053,Dr. Mark Perez,MEM000744,FAC005,2026-05-01T10:00:00,99214,150.26,Chennai,CLEAN
CLM-4F5BDBBF,1000000192,Dr. Debra Christian,MEM000903,FAC041,2026-05-11T14:00:00,71045,80.3,Chennai,CLEAN
CLM-4958D812,1000000045,Dr. Philip Cannon,MEM000329,FAC045,2026-04-06T17:00:00,71045,83.45,Chennai,CLEAN
CLM-AC07DDC8,1000000126,Dr. Michelle Evans,MEM000485,FAC017,2026-05-29T15:00:00,93000,61.8,Chennai,CLEAN
CLM-6AC6095A,1000000053,Dr. Mark Perez,MEM000224,FAC012,2026-04-26T12:00:00,71045,75.5,Chennai,CLEAN
CLM-55E06E32,1000000108,Dr. Evelyn Galvan,MEM000910,FAC024,2026-05-27T11:00:00,99215,209.2,Chennai,CLEAN
CLM-97D4C31E,1000000021,Dr. Patty Perez,MEM000137,FAC048,2026-01-22T13:00:00,71045,80.3,Chennai,CLEAN
CLM-C7C6095E,1000000058,Dr. Brent Jordan,MEM000597,FAC002,2026-04-30T17:00:00,93000,58.04,Chennai,CLEAN
CLM-4AD53685,1000000115,Dr. Diana May,MEM000478,FAC027,2026-04-15T14:00:00,71045,77.07,Chennai,CLEAN
CLM-F2A1448B,1000000097,Dr. Deborah Figueroa,MEM000025,FAC011,2026-04-24T12:00:00,99215,226.4,Chennai,CLEAN
CLM-F8FBF239,1000000091,Dr. Brian Rodriguez,MEM000923,FAC005,2026-03-17T17:00:00,93000,60.56,Chennai,CLEAN
CLM-3E49EE36,1000000020,Dr. Margaret Hawkins DDS,MEM000804,FAC017,2026-02-28T10:00:00,99213,91.43,Chennai,CLEAN
CLM-D42916A4,1000000009,Dr. Ryan Munoz,MEM000559,FAC012,2026-03-27T12:00:00,99215,209.0,Chennai,CLEAN
CLM-BC71FD50,1000000190,Dr. Debra Morton,MEM000835,FAC049,2026-06-24T13:00:00,99214,156.17,Chennai,CLEAN
CLM-41C71969,1000000035,Dr. Jeffrey Chavez,MEM000875,FAC048,2026-05-20T13:00:00,99213,105.4,Chennai,CLEAN
CLM-98BB6EE1,1000000072,Dr. Brittney Phillips,MEM000842,FAC022,2026-04-14T15:00:00,93000,63.09,Chennai,CLEAN
CLM-23E4A8F1,1000000003,Dr. Daniel Wagner,MEM000483,FAC041,2026-05-12T11:00:00,71045,75.64,Chennai,CLEAN
CLM-F4A34E4D,1000000185,Dr. Dr. Hannah Patterson,MEM000767,FAC013,2026-05-02T12:00:00,93000,61.04,Chennai,CLEAN
CLM-A211097E,1000000141,Dr. David Douglas Jr.,MEM000775,FAC029,2026-04-29T14:00:00,99213,96.26,Chennai,CLEAN
CLM-9BBD02B8,1000000048,Dr. Joshua Blair,MEM000439,FAC049,2026-06-28T15:00:00,99214,148.16,Chennai,CLEAN
CLM-40B3F60E,1000000142,Dr. Patricia Rodriguez,MEM000030,FAC023,2026-02-05T11:00:00,99215,239.51,Chennai,CLEAN
CLM-2B783080,1000000002,Dr. Angie Henderson,MEM000511,FAC042,2026-04-01T14:00:00,99214,147.57,Chennai,CLEAN
CLM-AD8B69AF,1000000175,Dr. Alex Hernandez,MEM000770,FAC025,2026-06-26T17:00:00,99215,212.35,Chennai,CLEAN
CLM-E1F04B94,1000000005,Dr. Connie Lawrence,MEM000581,FAC002,2026-02-05T11:00:00,99215,223.0,Chennai,CLEAN
CLM-A63B09E6,1000000154,Dr. Brenda Hall,MEM000935,FAC038,2026-05-27T15:00:00,71045,75.27,Chennai,CLEAN
CLM-32C82407,1000000100,Dr. Sandra Aguilar,MEM000065,FAC034,2026-04-09T12:00:00,71045,73.74,Chennai,CLEAN
CLM-AF65A21B,1000000145,Dr. Joyce Solis,MEM000985,FAC028,2026-06-13T13:00:00,99213,93.43,Chennai,CLEAN
CLM-B785A273,1000000172,Dr. Joshua Cooke,MEM000566,FAC011,2026-01-09T16:00:00,99213,93.73,Chennai,CLEAN
CLM-81179EE9,1000000017,Dr. Derek Zuniga,MEM000933,FAC024,2026-03-14T12:00:00,99214,143.73,Chennai,CLEAN
CLM-AC952D92,1000000134,Dr. Rebecca Jackson,MEM000071,FAC029,2026-01-15T14:00:00,93000,54.13,Chennai,CLEAN
CLM-27F8ED62,1000000083,Dr. Paul Jones,MEM000880,FAC026,2026-04-11T11:00:00,99213,92.58,Chennai,CLEAN
CLM-86257A62,1000000107,Dr. Sierra Johnson,MEM000489,FAC047,2026-01-18T15:00:00,99214,138.9,Chennai,CLEAN
CLM-D8F48F8C,1000000052,Dr. Crystal Robinson,MEM000317,FAC027,2026-06-20T16:00:00,99214,153.11,Chennai,CLEAN
CLM-1F5A4701,1000000079,Dr. Lisa Barnes,MEM000601,FAC012,2026-05-09T16:00:00,99215,206.87,Chennai,CLEAN
CLM-5F7CAE27,1000000036,Dr. Sherri Baker,MEM000456,FAC004,2026-04-13T12:00:00,93000,57.95,Chennai,CLEAN
CLM-27814782,1000000145,Dr. Joyce Solis,MEM000900,FAC031,2026-04-28T16:00:00,93000,54.47,Chennai,CLEAN
CLM-DE7711F6,1000000023,Dr. Tommy Walter,MEM000294,FAC041,2026-04-27T14:00:00,99215,215.21,Chennai,CLEAN
CLM-159D8A0A,1000000044,Dr. Angelica Tucker,MEM000425,FAC015,2026-02-15T15:00:00,71045,78.15,Chennai,CLEAN
CLM-80A44C20,1000000168,Dr. Joel Williams,MEM000187,FAC044,2026-05-26T10:00:00,71045,83.18,Chennai,CLEAN
CLM-E0CE6B68,1000000011,Dr. Jamie Arnold,MEM000245,FAC010,2026-03-12T17:00:00,99215,227.33,Chennai,CLEAN
CLM-04144734,1000000017,Dr. Derek Zuniga,MEM000714,FAC046,2026-02-25T16:00:00,71045,87.88,Chennai,CLEAN
CLM-FCCB0D38,1000000141,Dr. David Douglas Jr.,MEM000124,FAC023,2026-01-20T10:00:00,93000,63.2,Chennai,CLEAN
CLM-30A30956,1000000083,Dr. Paul Jones,MEM000419,FAC028,2026-02-12T13:00:00,99214,150.18,Chennai,CLEAN
CLM-15674326,1000000118,Dr. Victor Baker,MEM000027,FAC004,2026-06-13T16:00:00,71045,77.5,Chennai,CLEAN
CLM-B04423E9,1000000102,Dr. Rebecca Valencia,MEM000876,FAC012,2026-04-12T09:00:00,99213,95.01,Chennai,CLEAN
CLM-ED2526F7,1000000181,Dr. Tina Sanders,MEM000939,FAC008,2026-03-25T16:00:00,71045,79.38,Chennai,CLEAN
CLM-9FC1B9F0,1000000021,Dr. Patty Perez,MEM000561,FAC042,2026-03-04T16:00:00,99214,149.12,Chennai,CLEAN
CLM-D148C8DF,1000000071,Dr. Whitney Peters,MEM000861,FAC010,2026-02-13T09:00:00,93000,55.21,Chennai,CLEAN
CLM-8FF5CA98,1000000075,Dr. Sarah Moore,MEM000127,FAC034,2026-04-11T11:00:00,99213,103.43,Chennai,CLEAN
CLM-79B09855,1000000002,Dr. Angie Henderson,MEM000693,FAC017,2026-02-09T16:00:00,99215,205.83,Chennai,CLEAN
CLM-AA2DC060,1000000182,Dr. Angela Vaughn,MEM000035,FAC043,2026-05-17T12:00:00,71045,83.15,Chennai,CLEAN
CLM-0FCB8EE9,1000000162,Dr. Lindsey Walker,MEM000830,FAC033,2026-06-14T10:00:00,71045,83.05,Chennai,CLEAN
CLM-B05869E2,1000000113,Dr. Crystal Johnson,MEM000053,FAC038,2026-01-02T09:00:00,71045,84.27,Chennai,CLEAN
CLM-0E21C831,1000000063,Dr. Donald Wright,MEM000383,FAC015,2026-02-21T10:00:00,99213,98.43,Chennai,CLEAN
CLM-49CEDBF7,1000000003,Dr. Daniel Wagner,MEM000345,FAC012,2026-06-24T10:00:00,99214,163.76,Chennai,CLEAN
CLM-D19DF2A7,1000000024,Dr. Matthew Foster,MEM000816,FAC042,2026-02-12T11:00:00,99213,98.31,Chennai,CLEAN
CLM-FFA20940,1000000027,Dr. Stephanie Ross,MEM000835,FAC020,2026-03-24T17:00:00,99214,153.74,Chennai,CLEAN
CLM-B2855897,1000000138,Dr. David Alvarez,MEM000404,FAC027,2026-01-31T12:00:00,99214,138.18,Chennai,CLEAN
CLM-0754977F,1000000082,Dr. Michael Evans,MEM000177,FAC000,2026-04-13T14:00:00,99213,97.78,Chennai,CLEAN
CLM-3D04305B,1000000117,Dr. Ashley Waller,MEM000225,FAC004,2026-06-18T13:00:00,93000,58.43,Chennai,CLEAN
CLM-3E37A26F,1000000017,Dr. Derek Zuniga,MEM000906,FAC013,2026-04-16T13:00:00,93000,59.99,Chennai,CLEAN
CLM-2EBB92AA,1000000026,Dr. Justin Baker,MEM000729,FAC034,2026-05-26T11:00:00,99215,240.2,Chennai,CLEAN
CLM-62C82C74,1000000153,Dr. Devon Flores,MEM000332,FAC040,2026-06-28T15:00:00,99214,144.96,Chennai,CLEAN
CLM-60511A56,1000000162,Dr. Lindsey Walker,MEM000779,FAC044,2026-03-23T16:00:00,99213,96.7,Chennai,CLEAN
CLM-DC275C00,1000000155,Dr. Michelle Brown,MEM000933,FAC037,2026-04-25T15:00:00,93000,61.69,Chennai,CLEAN
CLM-69C44D87,1000000059,Dr. John Daniel,MEM000515,FAC037,2026-06-30T09:00:00,99214,135.64,Chennai,CLEAN
CLM-4E7833B1,1000000194,Dr. John Bishop,MEM000918,FAC007,2026-03-21T12:00:00,71045,84.12,Chennai,CLEAN
CLM-4B284FF9,1000000158,Dr. Melissa Gates,MEM000081,FAC003,2026-02-05T14:00:00,71045,76.75,Chennai,CLEAN
CLM-D8275509,1000000038,Dr. Elizabeth Fowler,MEM000384,FAC013,2026-06-14T09:00:00,99214,162.7,Chennai,CLEAN
CLM-E6136BCD,1000000153,Dr. Devon Flores,MEM000968,FAC028,2026-03-26T11:00:00,99215,211.97,Chennai,CLEAN
CLM-5B712F76,1888888888,Dr. Synthetic-B (Teleport),MEM000778,FAC002,2026-05-14T15:00:00,99215,231.02,Chennai,CLEAN
CLM-BB9950AA,1000000058,Dr. Brent Jordan,MEM000867,FAC046,2026-03-26T14:00:00,99214,141.17,Chennai,CLEAN
CLM-ACADF316,1000000013,Dr. Michele Williams,MEM000928,FAC042,2026-03-05T12:00:00,93000,64.47,Chennai,CLEAN
CLM-5C11895D,1000000133,Dr. Daniel Kennedy,MEM000329,FAC011,2026-04-24T09:00:00,99213,107.4,Chennai,CLEAN
CLM-377466E4,1000000017,Dr. Derek Zuniga,MEM000976,FAC012,2026-01-14T11:00:00,99214,138.77,Chennai,CLEAN
CLM-E733629C,1000000044,Dr. Angelica Tucker,MEM000606,FAC035,2026-02-22T12:00:00,93000,54.94,Chennai,CLEAN
CLM-93AC229C,1000000185,Dr. Dr. Hannah Patterson,MEM000478,FAC019,2026-02-12T12:00:00,99214,147.72,Chennai,CLEAN
CLM-0459A252,1000000155,Dr. Michelle Brown,MEM000254,FAC019,2026-03-15T16:00:00,99214,143.16,Chennai,CLEAN
CLM-4F981C8C,1999999999,Dr. Synthetic-A (Phantom),MEM000492,FAC005,2026-04-03T15:00:00,71045,74.68,Chennai,CLEAN
CLM-D5E66472,1000000112,Dr. Julia Torres,MEM000432,FAC032,2026-06-06T15:00:00,99214,159.59,Chennai,CLEAN
CLM-53CF3BF9,1000000123,Dr. Michelle Harmon,MEM000020,FAC048,2026-04-08T15:00:00,99213,105.18,Chennai,CLEAN
CLM-5BF94E9A,1000000076,Dr. Angela Lopez,MEM000609,FAC034,2026-02-09T17:00:00,99214,142.72,Chennai,CLEAN
CLM-876D6126,1000000118,Dr. Victor Baker,MEM000313,FAC029,2026-03-14T15:00:00,93000,61.27,Chennai,CLEAN
CLM-D53188DF,1000000018,Dr. Lisa Jackson,MEM000341,FAC008,2026-05-01T12:00:00,99214,162.48,Chennai,CLEAN
CLM-6B0D69F3,1000000001,Dr. Noah Rhodes,MEM000013,FAC032,2026-04-06T16:00:00,71045,86.81,Chennai,CLEAN
CLM-EE159E8B,1000000101,Dr. Cameron Parker,MEM000993,FAC047,2026-04-06T15:00:00,71045,76.92,Chennai,CLEAN
CLM-4757D194,1000000150,Dr. David Wright,MEM000072,FAC026,2026-01-10T10:00:00,71045,86.91,Chennai,CLEAN
CLM-D944ECB7,1000000041,Dr. Fred Smith,MEM000198,FAC048,2026-04-22T13:00:00,99215,220.42,Chennai,CLEAN
CLM-3669CE51,1000000125,Dr. Erin Edwards,MEM000650,FAC044,2026-04-05T09:00:00,71045,86.82,Chennai,CLEAN
CLM-EDE87A1E,1000000188,Dr. Madison Poole,MEM000252,FAC015,2026-05-03T09:00:00,99215,225.76,Chennai,CLEAN
CLM-BC038BB7,1000000173,Dr. Matthew Harrington,MEM000028,FAC044,2026-06-20T11:00:00,99215,224.64,Chennai,CLEAN
CLM-FE05F6F0,1000000174,Dr. Nicole Herring,MEM000150,FAC016,2026-03-05T11:00:00,99213,92.33,Chennai,CLEAN
CLM-6DBFA381,1000000023,Dr. Tommy Walter,MEM000659,FAC045,2026-04-09T15:00:00,93000,65.69,Chennai,CLEAN
CLM-A78956E4,1000000020,Dr. Margaret Hawkins DDS,MEM000530,FAC012,2026-04-19T11:00:00,71045,76.05,Chennai,CLEAN
CLM-CCB2A8D3,1000000077,Dr. Megan Young,MEM000512,FAC034,2026-06-18T15:00:00,93000,57.7,Chennai,CLEAN
CLM-0C581CCC,1000000105,Dr. Marc Moore,MEM000770,FAC046,2026-01-23T10:00:00,93000,63.32,Chennai,CLEAN
CLM-1D0E924D,1000000088,Dr. Lisa Archer,MEM000833,FAC009,2026-03-10T12:00:00,71045,83.18,Chennai,CLEAN
CLM-67E406D7,1000000001,Dr. Noah Rhodes,MEM000172,FAC031,2026-01-01T10:00:00,99213,105.47,Chennai,CLEAN
CLM-B13979B1,1000000106,Dr. Sharon Cherry,MEM000537,FAC026,2026-06-17T13:00:00,71045,74.73,Chennai,CLEAN
CLM-E6586D43,1000000095,Dr. Anna Henderson,MEM000190,FAC045,2026-02-04T12:00:00,71045,74.91,Chennai,CLEAN
CLM-923F4A0B,1000000028,Dr. Zachary Hicks,MEM000461,FAC036,2026-02-24T11:00:00,99214,136.77,Chennai,CLEAN
CLM-D90B7F6A,1000000046,Dr. John Pierce,MEM000828,FAC048,2026-02-19T13:00:00,71045,79.05,Chennai,CLEAN
CLM-84FE856A,1000000159,Dr. Jamie Smith,MEM000111,FAC040,2026-02-12T10:00:00,99215,201.77,Chennai,CLEAN
CLM-12A7D15A,1000000031,Dr. James Ferrell,MEM000283,FAC004,2026-03-29T09:00:00,93000,56.82,Chennai,CLEAN
CLM-5A1803C0,1000000124,Dr. Helen Jones,MEM000688,FAC048,2026-01-26T09:00:00,99213,95.32,Chennai,CLEAN
CLM-21FA7745,1000000001,Dr. Noah Rhodes,MEM000681,FAC037,2026-01-11T10:00:00,99214,150.67,Chennai,CLEAN
CLM-763B8BFD,1000000001,Dr. Noah Rhodes,MEM000384,FAC038,2026-05-14T13:00:00,71045,79.57,Chennai,CLEAN
CLM-2D462218,1000000086,Dr. Shirley Suarez,MEM000618,FAC027,2026-03-28T14:00:00,99215,241.98,Chennai,CLEAN
CLM-0A23DF97,1000000061,Dr. Gerald Hensley,MEM000963,FAC023,2026-06-20T15:00:00,71045,81.77,Chennai,CLEAN
CLM-AE905A8C,1000000091,Dr. Brian Rodriguez,MEM000894,FAC021,2026-01-26T09:00:00,71045,85.93,Chennai,CLEAN
CLM-68FC751F,1000000102,Dr. Rebecca Valencia,MEM000742,FAC008,2026-01-07T10:00:00,93000,57.35,Chennai,CLEAN
CLM-E9FE9C7F,1000000179,Dr. Robert Oconnell,MEM000769,FAC015,2026-04-05T16:00:00,93000,62.23,Chennai,CLEAN
CLM-3944D7E4,1000000121,Dr. Kenneth Scott,MEM000527,FAC026,2026-06-19T12:00:00,99213,109.72,Chennai,CLEAN
CLM-05DDDFA8,1000000082,Dr. Michael Evans,MEM000017,FAC040,2026-04-03T09:00:00,99215,227.83,Chennai,CLEAN
CLM-0F09C764,1000000059,Dr. John Daniel,MEM000621,FAC031,2026-04-13T10:00:00,99215,216.83,Chennai,CLEAN
CLM-D23EA044,1000000121,Dr. Kenneth Scott,MEM000674,FAC044,2026-01-26T15:00:00,99215,224.72,Chennai,CLEAN
CLM-AED769D6,1000000182,Dr. Angela Vaughn,MEM000146,FAC033,2026-05-27T17:00:00,99213,92.56,Chennai,CLEAN
CLM-E0BE32E9,1000000022,Dr. Ethan Adams,MEM000308,FAC043,2026-05-21T16:00:00,99214,161.89,Chennai,CLEAN
CLM-943C2BAF,1000000029,Dr. Anthony Rodriguez,MEM000493,FAC042,2026-05-19T12:00:00,99214,141.35,Chennai,CLEAN
CLM-E91DA0B9,1000000192,Dr. Debra Christian,MEM000966,FAC042,2026-06-29T10:00:00,99213,98.7,Chennai,CLEAN
CLM-C4A6C851,1000000183,Dr. Ashley Barton,MEM000029,FAC010,2026-03-25T15:00:00,99215,207.7,Chennai,CLEAN
CLM-B87369C7,1000000065,Dr. Amber Kidd,MEM000681,FAC030,2026-06-21T10:00:00,99214,162.68,Chennai,CLEAN
CLM-B27614FD,1000000162,Dr. Lindsey Walker,MEM000742,FAC031,2026-01-24T14:00:00,99214,162.95,Chennai,CLEAN
CLM-CFE5265F,1000000196,Dr. Daniel Salinas,MEM000946,FAC038,2026-01-17T14:00:00,71045,86.56,Chennai,CLEAN
CLM-A0401588,1000000190,Dr. Debra Morton,MEM000753,FAC046,2026-04-08T17:00:00,71045,84.94,Chennai,CLEAN
CLM-60556A18,1000000057,Dr. Richard Aguirre,MEM000265,FAC007,2026-03-16T10:00:00,99213,91.78,Chennai,CLEAN
CLM-D0AB057F,1000000189,Dr. Jessica Gross,MEM000606,FAC012,2026-01-30T14:00:00,99214,160.6,Chennai,CLEAN
CLM-BC89B751,1000000097,Dr. Deborah Figueroa,MEM000590,FAC047,2026-01-01T13:00:00,99213,101.8,Chennai,CLEAN
CLM-1C3D5684,1000000048,Dr. Joshua Blair,MEM000867,FAC024,2026-04-19T14:00:00,99215,233.09,Chennai,CLEAN
CLM-1EE5AF2B,1000000032,Dr. Tricia Valencia,MEM000532,FAC042,2026-06-04T12:00:00,99213,97.91,Chennai,CLEAN
CLM-F00C55C6,1000000137,Dr. Courtney Gonzalez,MEM000872,FAC029,2026-03-22T11:00:00,99215,234.84,Chennai,CLEAN
CLM-0FDAD87E,1000000127,Dr. Jason Powell,MEM000696,FAC029,2026-02-07T13:00:00,99214,157.41,Chennai,CLEAN
CLM-4C7F4BCB,1000000179,Dr. Robert Oconnell,MEM000035,FAC038,2026-03-23T13:00:00,93000,65.88,Chennai,CLEAN
CLM-86A94744,1000000031,Dr. James Ferrell,MEM000280,FAC045,2026-05-27T16:00:00,99214,149.85,Chennai,CLEAN
CLM-22681E0A,1000000180,Dr. Alexander Collins,MEM000989,FAC024,2026-01-16T14:00:00,99214,159.84,Chennai,CLEAN
CLM-9C8987A2,1000000053,Dr. Mark Perez,MEM000868,FAC046,2026-02-27T09:00:00,99214,160.7,Chennai,CLEAN
CLM-8C632D3E,1000000186,Dr. Jonathan Peterson,MEM000401,FAC019,2026-06-18T11:00:00,99213,100.96,Chennai,CLEAN
CLM-085CFEDD,1000000086,Dr. Shirley Suarez,MEM000432,FAC043,2026-05-02T14:00:00,71045,78.26,Chennai,CLEAN
CLM-1EB2E34E,1000000135,Dr. Jose Schultz,MEM000744,FAC018,2026-03-14T12:00:00,93000,58.73,Chennai,CLEAN
CLM-C2C1C0EB,1000000033,Dr. Nathan Maldonado,MEM000331,FAC048,2026-05-29T09:00:00,99215,218.13,Chennai,CLEAN
CLM-769A4901,1000000041,Dr. Fred Smith,MEM000591,FAC008,2026-04-24T16:00:00,99215,237.48,Chennai,CLEAN
CLM-7237883B,1000000053,Dr. Mark Perez,MEM000223,FAC047,2026-02-20T09:00:00,99215,229.94,Chennai,CLEAN
CLM-506F6143,1000000147,Dr. Stephanie Salazar,MEM000104,FAC043,2026-02-07T15:00:00,71045,82.87,Chennai,CLEAN
CLM-3D39FB0E,1000000043,Dr. Anthony Humphrey,MEM000948,FAC003,2026-01-25T14:00:00,71045,74.87,Chennai,CLEAN
CLM-4FFD8CF8,1000000013,Dr. Michele Williams,MEM000120,FAC032,2026-06-16T14:00:00,93000,59.21,Chennai,CLEAN
CLM-11E1BD35,1000000038,Dr. Elizabeth Fowler,MEM000642,FAC046,2026-04-14T12:00:00,99213,92.38,Chennai,CLEAN
CLM-64C83FFD,1000000101,Dr. Cameron Parker,MEM000500,FAC019,2026-06-26T11:00:00,71045,84.41,Chennai,CLEAN
CLM-39E3BC42,1000000171,Dr. Darlene Miller,MEM000674,FAC005,2026-04-29T15:00:00,99215,225.82,Chennai,CLEAN
CLM-A70E9D51,1000000113,Dr. Crystal Johnson,MEM000376,FAC000,2026-01-31T10:00:00,99213,92.44,Chennai,CLEAN
CLM-C0958488,1000000164,Dr. Michael Powell,MEM000684,FAC032,2026-02-27T09:00:00,93000,60.88,Chennai,CLEAN
CLM-3534A2CF,1000000146,Dr. Victoria Larson,MEM000491,FAC017,2026-06-27T10:00:00,93000,56.17,Chennai,CLEAN
CLM-B371FF9F,1000000123,Dr. Michelle Harmon,MEM000660,FAC044,2026-04-22T13:00:00,93000,55.5,Chennai,CLEAN
CLM-A1711039,1000000083,Dr. Paul Jones,MEM000065,FAC045,2026-05-18T11:00:00,71045,85.01,Chennai,CLEAN
CLM-13892058,1000000005,Dr. Connie Lawrence,MEM000403,FAC035,2026-05-18T17:00:00,71045,73.02,Chennai,CLEAN
CLM-941BB05C,1000000149,Dr. Stephanie Manning,MEM000551,FAC045,2026-06-16T10:00:00,99214,163.97,Chennai,CLEAN
CLM-B4424228,1000000030,Dr. Rebecca Henderson,MEM000185,FAC038,2026-06-27T11:00:00,99213,101.09,Chennai,CLEAN
CLM-EFA096FB,1000000080,Dr. Kelly Donovan,MEM000125,FAC002,2026-02-02T12:00:00,99214,137.63,Chennai,CLEAN
CLM-934AA2AD,1000000065,Dr. Amber Kidd,MEM000871,FAC048,2026-01-09T10:00:00,99213,100.12,Chennai,CLEAN
CLM-2420F2A4,1000000093,Dr. Christina Walters,MEM000989,FAC034,2026-02-13T15:00:00,99213,94.97,Chennai,CLEAN
CLM-64B31FF9,1000000011,Dr. Jamie Arnold,MEM000968,FAC033,2026-03-17T17:00:00,71045,74.24,Chennai,CLEAN
CLM-9CDAF112,1000000125,Dr. Erin Edwards,MEM000711,FAC020,2026-05-14T14:00:00,93000,60.46,Chennai,CLEAN
CLM-34085342,1000000053,Dr. Mark Perez,MEM000704,FAC006,2026-06-19T09:00:00,99214,136.1,Chennai,CLEAN
CLM-39BF06F2,1000000036,Dr. Sherri Baker,MEM000306,FAC013,2026-02-04T17:00:00,99214,152.75,Chennai,CLEAN
CLM-576A547C,1000000071,Dr. Whitney Peters,MEM000131,FAC046,2026-06-09T15:00:00,99213,101.0,Chennai,CLEAN
CLM-27B947E7,1000000066,Dr. Tracy House,MEM000390,FAC041,2026-02-11T15:00:00,71045,73.33,Chennai,CLEAN
CLM-75543923,1000000065,Dr. Amber Kidd,MEM000692,FAC027,2026-06-27T11:00:00,93000,56.45,Chennai,CLEAN
CLM-CC852422,1000000161,Dr. Jennifer Adkins,MEM000750,FAC017,2026-06-12T12:00:00,99215,222.8,Chennai,CLEAN
CLM-46E76540,1000000165,Dr. John Anderson,MEM000840,FAC032,2026-06-04T11:00:00,71045,85.15,Chennai,CLEAN
CLM-131DF346,1000000080,Dr. Kelly Donovan,MEM000806,FAC027,2026-04-08T09:00:00,93000,56.97,Chennai,CLEAN
CLM-22E54F06,1000000069,Dr. William Baker,MEM000127,FAC034,2026-01-29T17:00:00,71045,73.06,Chennai,CLEAN
CLM-21DC1246,1000000163,Dr. Jeffrey Johnson,MEM000091,FAC023,2026-03-27T13:00:00,99214,161.07,Chennai,CLEAN
CLM-5C758193,1000000057,Dr. Richard Aguirre,MEM000280,FAC000,2026-01-26T15:00:00,99214,146.36,Chennai,CLEAN
CLM-F2063FCB,1000000026,Dr. Justin Baker,MEM000801,FAC007,2026-02-14T17:00:00,99215,223.91,Chennai,CLEAN
CLM-60D09007,1000000125,Dr. Erin Edwards,MEM000097,FAC033,2026-03-31T13:00:00,93000,57.25,Chennai,CLEAN
CLM-E11D2A80,1000000025,Dr. Judy Baker,MEM000918,FAC003,2026-02-13T14:00:00,71045,74.89,Chennai,CLEAN
CLM-0BDC787D,1000000189,Dr. Jessica Gross,MEM000694,FAC034,2026-05-22T15:00:00,71045,81.48,Chennai,CLEAN
CLM-815E4020,1000000066,Dr. Tracy House,MEM000009,FAC043,2026-05-12T11:00:00,99214,139.28,Chennai,CLEAN
CLM-9226B8B6,1000000145,Dr. Joyce Solis,MEM000753,FAC017,2026-01-14T14:00:00,99214,155.35,Chennai,CLEAN
CLM-1F1AFF70,1000000107,Dr. Sierra Johnson,MEM000723,FAC029,2026-02-16T16:00:00,99215,233.13,Chennai,CLEAN
CLM-1A9AAB8E,1000000128,Dr. Cameron Fisher,MEM000293,FAC017,2026-04-20T17:00:00,99214,144.16,Chennai,CLEAN
CLM-85AD8853,1000000022,Dr. Ethan Adams,MEM000970,FAC019,2026-04-15T14:00:00,99213,102.69,Chennai,CLEAN
CLM-70484C2B,1000000019,Dr. Carla Gray,MEM000747,FAC015,2026-01-24T11:00:00,93000,54.69,Chennai,CLEAN
CLM-BBDBFBA6,1000000190,Dr. Debra Morton,MEM000292,FAC035,2026-05-07T09:00:00,71045,82.83,Chennai,CLEAN
CLM-0A631628,1000000187,Dr. Samantha Garcia,MEM000139,FAC030,2026-05-08T17:00:00,93000,62.37,Chennai,CLEAN
CLM-08126B0A,1000000103,Dr. Christine Wright,MEM000014,FAC039,2026-02-18T09:00:00,71045,83.24,Chennai,CLEAN
CLM-EE80197A,1000000191,Dr. Karen Graham,MEM000353,FAC015,2026-06-19T17:00:00,93000,54.51,Chennai,CLEAN
CLM-B7C1F827,1000000114,Dr. Garrett Lin,MEM000987,FAC010,2026-06-22T17:00:00,99214,140.24,Chennai,CLEAN
CLM-E5337F13,1000000093,Dr. Christina Walters,MEM000859,FAC008,2026-05-12T14:00:00,99213,98.45,Chennai,CLEAN
CLM-7A3EE16E,1000000097,Dr. Deborah Figueroa,MEM000174,FAC023,2026-01-29T14:00:00,99214,159.95,Chennai,CLEAN
CLM-1E9DD665,1000000196,Dr. Daniel Salinas,MEM000878,FAC007,2026-03-16T13:00:00,71045,76.7,Chennai,CLEAN
CLM-4FB4CFA2,1000000054,Dr. Shannon Jones,MEM000002,FAC047,2026-06-11T15:00:00,99214,162.69,Chennai,CLEAN
CLM-6F8C6891,1000000164,Dr. Michael Powell,MEM000527,FAC002,2026-04-29T16:00:00,99213,97.11,Chennai,CLEAN
CLM-80310F0B,1000000157,Dr. Jason Stein,MEM000471,FAC021,2026-03-18T14:00:00,99213,90.1,Chennai,CLEAN
CLM-13276D8A,1000000184,Dr. Lindsay Martinez,MEM000190,FAC025,2026-04-01T09:00:00,99213,98.62,Chennai,CLEAN
CLM-425B5A2C,1000000050,Dr. Jessica Holmes,MEM000086,FAC033,2026-05-12T11:00:00,71045,73.98,Chennai,CLEAN
CLM-E825CA53,1000000124,Dr. Helen Jones,MEM000007,FAC009,2026-06-18T13:00:00,99214,149.12,Chennai,CLEAN
CLM-7CDA65CA,1000000095,Dr. Anna Henderson,MEM000306,FAC023,2026-04-20T11:00:00,93000,63.74,Chennai,CLEAN
CLM-8E9C6826,1000000027,Dr. Stephanie Ross,MEM000449,FAC042,2026-04-23T11:00:00,99214,145.61,Chennai,CLEAN
CLM-02A39DF2,1000000111,Dr. Shannon Walker,MEM000005,FAC022,2026-02-20T10:00:00,99214,143.55,Chennai,CLEAN
CLM-BAE17E33,1000000034,Dr. Debra Davidson,MEM000404,FAC026,2026-03-26T09:00:00,99214,154.99,Chennai,CLEAN
CLM-46F1B8F4,1000000122,Dr. April Frost,MEM000982,FAC042,2026-03-10T10:00:00,71045,79.83,Chennai,CLEAN
CLM-0A631D6B,1000000126,Dr. Michelle Evans,MEM000819,FAC043,2026-02-02T14:00:00,71045,80.03,Chennai,CLEAN
CLM-94DF968A,1000000189,Dr. Jessica Gross,MEM000863,FAC024,2026-02-03T10:00:00,99213,105.85,Chennai,CLEAN
CLM-D926707C,1000000032,Dr. Tricia Valencia,MEM000159,FAC022,2026-05-09T09:00:00,99214,136.56,Chennai,CLEAN
CLM-95F290D3,1000000087,Dr. Christopher Bass,MEM000439,FAC038,2026-01-03T15:00:00,71045,76.63,Chennai,CLEAN
CLM-9CC68229,1000000124,Dr. Helen Jones,MEM000084,FAC048,2026-04-20T12:00:00,93000,55.83,Chennai,CLEAN
CLM-09AD2163,1000000130,Dr. Elizabeth Kelley,MEM000191,FAC015,2026-03-13T10:00:00,99215,241.75,Chennai,CLEAN
CLM-4EA17E20,1000000063,Dr. Donald Wright,MEM000682,FAC027,2026-02-20T16:00:00,99213,104.02,Chennai,CLEAN
CLM-51D88F43,1000000128,Dr. Cameron Fisher,MEM000625,FAC011,2026-02-18T11:00:00,99214,138.61,Chennai,CLEAN
CLM-87D43F83,1000000102,Dr. Rebecca Valencia,MEM000039,FAC017,2026-02-19T11:00:00,71045,72.28,Chennai,CLEAN
CLM-1F41BBBA,1000000051,Dr. Danny Morgan,MEM000093,FAC003,2026-04-08T15:00:00,93000,57.68,Chennai,CLEAN
CLM-3A1FE7AA,1000000162,Dr. Lindsey Walker,MEM000236,FAC014,2026-03-28T15:00:00,71045,72.98,Chennai,CLEAN
CLM-FE96A82E,1000000109,Dr. Sharon Cochran,MEM000659,FAC003,2026-03-19T10:00:00,99215,214.0,Chennai,CLEAN
CLM-A952CA19,1000000089,Dr. Aimee Montoya,MEM000728,FAC026,2026-03-05T14:00:00,99213,93.64,Chennai,CLEAN
CLM-F6D3BA8A,1000000000,Dr. Allison Hill,MEM000053,FAC042,2026-03-24T12:00:00,99215,218.77,Chennai,CLEAN
CLM-3DFB305A,1000000155,Dr. Michelle Brown,MEM000103,FAC027,2026-02-17T13:00:00,71045,77.82,Chennai,CLEAN
CLM-847E84A4,1000000077,Dr. Megan Young,MEM000114,FAC006,2026-06-21T09:00:00,93000,63.25,Chennai,CLEAN
CLM-3CC9F8B5,1000000033,Dr. Nathan Maldonado,MEM000339,FAC023,2026-04-03T17:00:00,93000,58.46,Chennai,CLEAN
CLM-B2C64A18,1000000166,Dr. Alyssa Long,MEM000282,FAC013,2026-05-30T15:00:00,99213,107.74,Chennai,CLEAN
CLM-95D14BE7,1000000033,Dr. Nathan Maldonado,MEM000644,FAC047,2026-06-04T10:00:00,99213,101.73,Chennai,CLEAN
CLM-561EC590,1000000167,Dr. Alyssa Day,MEM000837,FAC012,2026-02-19T16:00:00,99213,91.5,Chennai,CLEAN
CLM-0302848C,1000000139,Dr. Angel Perry,MEM000633,FAC021,2026-03-19T16:00:00,99214,151.01,Chennai,CLEAN
CLM-E3CA3831,1000000039,Dr. Brittany Farmer,MEM000044,FAC008,2026-02-19T15:00:00,93000,62.54,Chennai,CLEAN
CLM-900C484C,1000000194,Dr. John Bishop,MEM000873,FAC035,2026-03-30T14:00:00,71045,82.08,Chennai,CLEAN
CLM-FA94FD6A,1000000030,Dr. Rebecca Henderson,MEM000932,FAC027,2026-01-18T16:00:00,71045,80.38,Chennai,CLEAN
CLM-3E6581F0,1000000128,Dr. Cameron Fisher,MEM000809,FAC001,2026-02-12T13:00:00,99214,143.69,Chennai,CLEAN
CLM-58DACE8E,1000000144,Dr. Amber Wright,MEM000062,FAC044,2026-02-18T15:00:00,71045,82.96,Chennai,CLEAN
CLM-D6A24848,1000000131,Dr. Dustin Jordan,MEM000994,FAC004,2026-02-12T16:00:00,93000,58.61,Chennai,CLEAN
CLM-7A618FA9,1000000199,Dr. Nathan Freeman,MEM000399,FAC025,2026-06-05T13:00:00,99214,140.52,Chennai,CLEAN
CLM-E5A053A1,1000000040,Dr. Paula Moreno,MEM000585,FAC013,2026-06-01T09:00:00,93000,59.47,Chennai,CLEAN
CLM-4F5EA776,1000000181,Dr. Tina Sanders,MEM000737,FAC033,2026-03-08T13:00:00,99214,143.89,Chennai,CLEAN
CLM-DFDEDF9C,1000000068,Dr. James Brown,MEM000565,FAC007,2026-02-13T12:00:00,99213,100.67,Chennai,CLEAN
CLM-C7CA60CC,1000000074,Dr. Amy Silva,MEM000040,FAC040,2026-02-07T13:00:00,99214,143.11,Chennai,CLEAN
CLM-389A836F,1777777777,Dr. Synthetic-C (Upcoder),MEM000052,FAC041,2026-03-05T12:00:00,93000,55.39,Mumbai,CLEAN
CLM-C5530298,1000000166,Dr. Alyssa Long,MEM000355,FAC040,2026-06-04T14:00:00,99215,201.66,Chennai,CLEAN
CLM-DDE40939,1000000180,Dr. Alexander Collins,MEM000905,FAC035,2026-03-09T11:00:00,71045,86.37,Chennai,CLEAN
CLM-A7A710F4,1000000075,Dr. Sarah Moore,MEM000332,FAC003,2026-06-10T09:00:00,99215,207.65,Chennai,CLEAN
CLM-E0B89DBD,1000000071,Dr. Whitney Peters,MEM000180,FAC016,2026-01-05T17:00:00,93000,55.28,Chennai,CLEAN
CLM-B8988F6F,1000000190,Dr. Debra Morton,MEM000704,FAC024,2026-06-17T13:00:00,93000,60.61,Chennai,CLEAN
CLM-C8947134,1000000113,Dr. Crystal Johnson,MEM000225,FAC020,2026-03-10T12:00:00,93000,61.56,Chennai,CLEAN
CLM-1E9AF8FF,1000000192,Dr. Debra Christian,MEM000404,FAC009,2026-04-25T12:00:00,71045,77.9,Chennai,CLEAN
CLM-1756B313,1000000122,Dr. April Frost,MEM000095,FAC031,2026-02-16T16:00:00,99214,159.47,Chennai,CLEAN
CLM-BAF89E05,1000000045,Dr. Philip Cannon,MEM000193,FAC036,2026-05-06T11:00:00,99215,198.93,Chennai,CLEAN
CLM-09E5D840,1000000041,Dr. Fred Smith,MEM000906,FAC011,2026-04-11T12:00:00,99213,92.87,Chennai,CLEAN
CLM-CB1887B6,1000000109,Dr. Sharon Cochran,MEM000251,FAC029,2026-06-15T15:00:00,99213,104.49,Chennai,CLEAN
CLM-254578D9,1000000035,Dr. Jeffrey Chavez,MEM000744,FAC048,2026-01-04T10:00:00,71045,78.14,Chennai,CLEAN
CLM-6EF88B44,1000000028,Dr. Zachary Hicks,MEM000846,FAC000,2026-06-14T09:00:00,99214,142.45,Chennai,CLEAN
CLM-1EC8563F,1000000021,Dr. Patty Perez,MEM000274,FAC009,2026-06-10T09:00:00,99213,109.15,Chennai,CLEAN
CLM-E6D64FEE,1000000027,Dr. Stephanie Ross,MEM000555,FAC047,2026-03-28T10:00:00,99214,139.18,Chennai,CLEAN
CLM-A2B65B61,1000000194,Dr. John Bishop,MEM000576,FAC028,2026-02-11T13:00:00,99215,219.07,Chennai,CLEAN
CLM-E46324DE,1000000062,Dr. Connor West,MEM000057,FAC034,2026-06-27T13:00:00,93000,55.48,Chennai,CLEAN
CLM-A4BB7F03,1000000011,Dr. Jamie Arnold,MEM000105,FAC034,2026-03-17T10:00:00,93000,64.64,Chennai,CLEAN
CLM-D3841259,1000000106,Dr. Sharon Cherry,MEM000145,FAC000,2026-02-27T09:00:00,99214,147.81,Chennai,CLEAN
CLM-828D6E86,1000000037,Dr. Cassandra Gaines,MEM000361,FAC041,2026-03-15T12:00:00,71045,82.99,Chennai,CLEAN
CLM-1554EA26,1000000183,Dr. Ashley Barton,MEM000842,FAC007,2026-05-06T11:00:00,99213,94.49,Chennai,CLEAN
CLM-A3036365,1000000072,Dr. Brittney Phillips,MEM000365,FAC004,2026-06-07T14:00:00,99213,97.21,Chennai,CLEAN
CLM-91D25E1A,1000000021,Dr. Patty Perez,MEM000917,FAC002,2026-06-04T11:00:00,99214,147.86,Chennai,CLEAN
CLM-1B9FD160,1000000085,Dr. Daniel Baker,MEM000614,FAC011,2026-06-23T15:00:00,99214,161.79,Chennai,CLEAN
CLM-94161F88,1000000175,Dr. Alex Hernandez,MEM000308,FAC039,2026-03-15T14:00:00,99213,95.42,Chennai,CLEAN
CLM-9BD15CF0,1000000127,Dr. Jason Powell,MEM000677,FAC023,2026-03-09T10:00:00,99213,107.23,Chennai,CLEAN
CLM-8C7AFFA9,1000000038,Dr. Elizabeth Fowler,MEM000796,FAC041,2026-02-07T14:00:00,99214,146.72,Chennai,CLEAN
CLM-F8AEBEE2,1000000184,Dr. Lindsay Martinez,MEM000815,FAC030,2026-01-18T10:00:00,93000,59.13,Chennai,CLEAN
CLM-3E650AA0,1000000186,Dr. Jonathan Peterson,MEM000285,FAC009,2026-01-24T14:00:00,99214,140.46,Chennai,CLEAN
CLM-41C312B0,1000000098,Dr. Jessica Smith,MEM000361,FAC020,2026-05-07T15:00:00,71045,83.09,Chennai,CLEAN
CLM-92D2D6AB,1000000105,Dr. Marc Moore,MEM000616,FAC040,2026-03-27T11:00:00,99214,146.5,Chennai,CLEAN
CLM-ED22B606,1000000140,Dr. Cheyenne Horton,MEM000509,FAC034,2026-05-17T16:00:00,93000,60.43,Chennai,CLEAN
CLM-174454BA,1000000058,Dr. Brent Jordan,MEM000393,FAC005,2026-05-29T15:00:00,93000,60.93,Chennai,CLEAN
CLM-562C352C,1000000177,Dr. Michael Wang,MEM000830,FAC047,2026-02-26T10:00:00,99214,145.85,Chennai,CLEAN
CLM-F082114E,1000000052,Dr. Crystal Robinson,MEM000871,FAC001,2026-04-03T17:00:00,71045,87.32,Chennai,CLEAN
CLM-32219725,1000000028,Dr. Zachary Hicks,MEM000061,FAC022,2026-04-03T11:00:00,99215,218.26,Chennai,CLEAN
CLM-439755F3,1000000141,Dr. David Douglas Jr.,MEM000995,FAC026,2026-03-04T12:00:00,99214,136.68,Chennai,CLEAN
CLM-9F7B167A,1000000035,Dr. Jeffrey Chavez,MEM000120,FAC044,2026-06-30T11:00:00,71045,83.73,Chennai,CLEAN
CLM-CB8953F3,1000000178,Dr. Lawrence Adkins,MEM000988,FAC027,2026-04-06T09:00:00,99213,103.25,Chennai,CLEAN
CLM-6B99039A,1000000018,Dr. Lisa Jackson,MEM000488,FAC038,2026-02-10T09:00:00,99214,145.96,Chennai,CLEAN
CLM-910A9BE9,1000000020,Dr. Margaret Hawkins DDS,MEM000250,FAC004,2026-01-04T15:00:00,99214,157.96,Chennai,CLEAN
CLM-2C1EC2D6,1000000120,Dr. Larry Dixon,MEM000761,FAC008,2026-05-16T13:00:00,71045,78.58,Chennai,CLEAN
CLM-B0346264,1000000086,Dr. Shirley Suarez,MEM000454,FAC041,2026-06-27T09:00:00,99215,202.9,Chennai,CLEAN
CLM-8208BE24,1000000015,Dr. Brian Ramirez,MEM000902,FAC041,2026-01-09T11:00:00,93000,55.92,Chennai,CLEAN
CLM-B714B955,1000000101,Dr. Cameron Parker,MEM000852,FAC027,2026-06-24T16:00:00,93000,62.54,Chennai,CLEAN
CLM-D95853FE,1000000066,Dr. Tracy House,MEM000941,FAC036,2026-05-09T13:00:00,99214,147.71,Chennai,CLEAN
CLM-28B9023F,1000000040,Dr. Paula Moreno,MEM000278,FAC005,2026-05-14T15:00:00,99214,157.29,Chennai,CLEAN
CLM-9F2011BE,1000000102,Dr. Rebecca Valencia,MEM000633,FAC003,2026-02-26T15:00:00,99214,159.68,Chennai,CLEAN
CLM-99722BA0,1000000143,Dr. Christopher Rubio,MEM000619,FAC004,2026-06-27T16:00:00,71045,77.01,Chennai,CLEAN
CLM-55DD5CBD,1000000164,Dr. Michael Powell,MEM000414,FAC024,2026-02-12T09:00:00,99215,226.45,Chennai,CLEAN
CLM-98EE0456,1000000049,Dr. Eric Carney,MEM000276,FAC006,2026-01-27T10:00:00,99215,224.54,Chennai,CLEAN
CLM-632EB88D,1000000085,Dr. Daniel Baker,MEM000028,FAC015,2026-03-14T11:00:00,93000,55.28,Chennai,CLEAN
CLM-EF229363,1000000054,Dr. Shannon Jones,MEM000611,FAC000,2026-03-21T12:00:00,93000,56.42,Chennai,CLEAN
CLM-4143FD46,1000000008,Dr. Gabrielle Davis,MEM000246,FAC017,2026-01-22T09:00:00,93000,65.84,Chennai,CLEAN
CLM-D11E6F7D,1000000123,Dr. Michelle Harmon,MEM000046,FAC003,2026-03-22T10:00:00,99215,198.37,Chennai,CLEAN
CLM-03A111AF,1000000091,Dr. Brian Rodriguez,MEM000769,FAC018,2026-04-12T17:00:00,99214,144.43,Chennai,CLEAN
CLM-9C2EFD8A,1000000100,Dr. Sandra Aguilar,MEM000743,FAC022,2026-02-03T10:00:00,99215,215.92,Chennai,CLEAN
CLM-5F5738EE,1000000189,Dr. Jessica Gross,MEM000515,FAC006,2026-05-09T11:00:00,99213,101.74,Chennai,CLEAN
CLM-609D7AA8,1000000097,Dr. Deborah Figueroa,MEM000488,FAC037,2026-01-10T13:00:00,99214,139.55,Chennai,CLEAN
CLM-2924B26B,1000000118,Dr. Victor Baker,MEM000080,FAC040,2026-01-24T12:00:00,99214,159.22,Chennai,CLEAN
CLM-8E39BD5A,1000000167,Dr. Alyssa Day,MEM000144,FAC049,2026-02-11T17:00:00,93000,65.91,Chennai,CLEAN
CLM-FD105CBB,1000000155,Dr. Michelle Brown,MEM000667,FAC033,2026-03-29T16:00:00,99214,145.17,Chennai,CLEAN
CLM-63147FD6,1000000092,Dr. Denise Jacobs,MEM000638,FAC027,2026-01-11T15:00:00,99214,141.26,Chennai,CLEAN
CLM-CB7EFC93,1000000156,Dr. Joshua Perry,MEM000621,FAC004,2026-02-09T16:00:00,99213,106.09,Chennai,CLEAN
CLM-FE8795A8,1000000036,Dr. Sherri Baker,MEM000784,FAC019,2026-05-21T10:00:00,71045,73.51,Chennai,CLEAN
CLM-4C24E028,1000000080,Dr. Kelly Donovan,MEM000173,FAC018,2026-02-11T10:00:00,99215,223.37,Chennai,CLEAN
CLM-BD807B9B,1000000090,Dr. Matthew Mcmillan,MEM000091,FAC004,2026-02-15T16:00:00,99215,241.39,Chennai,CLEAN
CLM-15BA00D7,1000000065,Dr. Amber Kidd,MEM000781,FAC028,2026-06-16T11:00:00,99213,109.43,Chennai,CLEAN
CLM-DF45DE62,1000000124,Dr. Helen Jones,MEM000040,FAC023,2026-03-15T15:00:00,71045,85.71,Chennai,CLEAN
CLM-FAED705E,1000000174,Dr. Nicole Herring,MEM000132,FAC028,2026-04-04T17:00:00,93000,65.42,Chennai,CLEAN
CLM-AFC2ABA6,1000000095,Dr. Anna Henderson,MEM000085,FAC043,2026-04-16T17:00:00,71045,76.21,Chennai,CLEAN
CLM-4C3F3D0C,1000000174,Dr. Nicole Herring,MEM000043,FAC039,2026-06-14T09:00:00,99214,155.99,Chennai,CLEAN
CLM-C401C1E1,1000000143,Dr. Christopher Rubio,MEM000008,FAC009,2026-01-27T13:00:00,71045,74.53,Chennai,CLEAN
CLM-48F617BD,1000000102,Dr. Rebecca Valencia,MEM000874,FAC004,2026-02-27T15:00:00,71045,82.71,Chennai,CLEAN
CLM-1E25B395,1000000089,Dr. Aimee Montoya,MEM000477,FAC029,2026-06-14T17:00:00,71045,73.75,Chennai,CLEAN
CLM-7686AD59,1000000046,Dr. John Pierce,MEM000749,FAC006,2026-04-12T15:00:00,99214,147.05,Chennai,CLEAN
CLM-ABF8A5FF,1000000016,Dr. Holly Wood,MEM000324,FAC021,2026-06-04T16:00:00,99214,156.07,Chennai,CLEAN
CLM-59B53750,1000000121,Dr. Kenneth Scott,MEM000117,FAC017,2026-04-27T09:00:00,93000,55.87,Chennai,CLEAN
CLM-98151B05,1000000120,Dr. Larry Dixon,MEM000149,FAC040,2026-02-24T14:00:00,93000,54.38,Chennai,CLEAN
CLM-4AF9F3B9,1000000153,Dr. Devon Flores,MEM000792,FAC024,2026-01-16T14:00:00,71045,87.66,Chennai,CLEAN
CLM-AEA43166,1000000054,Dr. Shannon Jones,MEM000055,FAC013,2026-01-06T15:00:00,99215,209.09,Chennai,CLEAN
CLM-243ED866,1000000045,Dr. Philip Cannon,MEM000085,FAC009,2026-01-18T13:00:00,71045,73.31,Chennai,CLEAN
CLM-11C22138,1000000182,Dr. Angela Vaughn,MEM000462,FAC026,2026-05-15T12:00:00,99215,206.1,Chennai,CLEAN
CLM-6B062928,1000000013,Dr. Michele Williams,MEM000094,FAC027,2026-03-29T13:00:00,99214,140.96,Chennai,CLEAN
CLM-A1645F16,1000000107,Dr. Sierra Johnson,MEM000493,FAC030,2026-05-18T11:00:00,71045,77.68,Chennai,CLEAN
CLM-BB8133F0,1000000177,Dr. Michael Wang,MEM000584,FAC024,2026-01-03T17:00:00,93000,56.38,Chennai,CLEAN
CLM-3AEB5ED6,1000000185,Dr. Dr. Hannah Patterson,MEM000683,FAC037,2026-06-07T11:00:00,99215,227.22,Chennai,CLEAN
CLM-D54A2213,1000000187,Dr. Samantha Garcia,MEM000760,FAC047,2026-03-23T09:00:00,99214,161.9,Chennai,CLEAN
CLM-84A61AFC,1000000037,Dr. Cassandra Gaines,MEM000511,FAC020,2026-01-30T15:00:00,99215,220.91,Chennai,CLEAN
CLM-E9C43399,1000000000,Dr. Allison Hill,MEM000461,FAC008,2026-06-12T16:00:00,93000,55.17,Chennai,CLEAN
CLM-E16D9A8B,1000000055,Dr. Michael Lewis,MEM000763,FAC012,2026-04-18T17:00:00,99214,153.03,Chennai,CLEAN
CLM-4291AEDB,1000000055,Dr. Michael Lewis,MEM000356,FAC013,2026-02-18T09:00:00,99215,233.81,Chennai,CLEAN
CLM-2E22E35E,1000000004,Dr. Cristian Santos,MEM000309,FAC019,2026-05-09T10:00:00,71045,82.38,Chennai,CLEAN
CLM-2FEF870F,1000000116,Dr. William Herrera,MEM000423,FAC026,2026-04-01T14:00:00,93000,59.11,Chennai,CLEAN
CLM-DB364A43,1000000195,Dr. Allen Rosales,MEM000343,FAC007,2026-02-15T16:00:00,71045,77.97,Chennai,CLEAN
CLM-86200833,1000000141,Dr. David Douglas Jr.,MEM000609,FAC010,2026-05-19T15:00:00,71045,76.56,Chennai,CLEAN
CLM-1F8ABEE2,1000000168,Dr. Joel Williams,MEM000705,FAC043,2026-04-22T13:00:00,93000,65.25,Chennai,CLEAN
CLM-6D8AA61A,1000000025,Dr. Judy Baker,MEM000089,FAC006,2026-01-23T09:00:00,93000,65.19,Chennai,CLEAN
CLM-32C5D242,1000000026,Dr. Justin Baker,MEM000508,FAC047,2026-06-09T17:00:00,99213,102.67,Chennai,CLEAN
CLM-BD30A30E,1000000128,Dr. Cameron Fisher,MEM000595,FAC002,2026-06-20T13:00:00,71045,75.39,Chennai,CLEAN
CLM-55817BD1,1000000198,Dr. Adam Vaughan,MEM000465,FAC035,2026-04-08T10:00:00,99214,160.69,Chennai,CLEAN
CLM-A901174D,1000000031,Dr. James Ferrell,MEM000359,FAC029,2026-04-16T15:00:00,99213,108.79,Chennai,CLEAN
CLM-44A03091,1999999999,Dr. Synthetic-A (Phantom),MEM000229,FAC032,2026-03-14T13:00:00,99215,211.53,Chennai,CLEAN
CLM-0453DCF0,1000000106,Dr. Sharon Cherry,MEM000689,FAC015,2026-01-02T15:00:00,99213,90.31,Chennai,CLEAN
CLM-B359BB90,1000000039,Dr. Brittany Farmer,MEM000809,FAC023,2026-05-13T14:00:00,99215,205.5,Chennai,CLEAN
CLM-404A1C56,1000000146,Dr. Victoria Larson,MEM000440,FAC015,2026-05-23T15:00:00,99214,153.49,Chennai,CLEAN
CLM-63746A5C,1000000100,Dr. Sandra Aguilar,MEM000848,FAC003,2026-05-28T15:00:00,99214,163.18,Chennai,CLEAN
CLM-43D93BAF,1000000099,Dr. Stephen Mckee,MEM000745,FAC011,2026-04-14T14:00:00,93000,55.9,Chennai,CLEAN
CLM-4BEA8460,1000000059,Dr. John Daniel,MEM000101,FAC045,2026-02-02T17:00:00,99213,102.63,Chennai,CLEAN
CLM-3A4DA136,1999999999,Dr. Synthetic-A (Phantom),MEM000401,FAC048,2026-06-10T13:00:00,93000,55.91,Chennai,CLEAN
CLM-2FDE09BE,1000000082,Dr. Michael Evans,MEM000208,FAC005,2026-01-24T09:00:00,71045,72.18,Chennai,CLEAN
CLM-FAEAABD6,1000000197,Dr. Spencer Haynes,MEM000607,FAC009,2026-01-08T17:00:00,99213,101.44,Chennai,CLEAN
CLM-ADFE0176,1000000006,Dr. Abigail Shaffer,MEM000760,FAC046,2026-02-03T16:00:00,99215,206.21,Chennai,CLEAN
CLM-894E9905,1000000167,Dr. Alyssa Day,MEM000919,FAC014,2026-03-18T12:00:00,93000,64.09,Chennai,CLEAN
CLM-50C08902,1000000185,Dr. Dr. Hannah Patterson,MEM000798,FAC024,2026-03-08T09:00:00,99215,201.65,Chennai,CLEAN
CLM-2B8BA74B,1000000036,Dr. Sherri Baker,MEM000642,FAC001,2026-06-13T10:00:00,99213,99.18,Chennai,CLEAN
CLM-22F8C07A,1000000152,Dr. Denise Jones,MEM000125,FAC006,2026-02-06T13:00:00,99215,237.36,Chennai,CLEAN
CLM-1C70AAC0,1000000023,Dr. Tommy Walter,MEM000079,FAC031,2026-04-03T12:00:00,71045,73.61,Chennai,CLEAN
CLM-A5567359,1000000005,Dr. Connie Lawrence,MEM000423,FAC004,2026-05-05T10:00:00,99214,155.62,Chennai,CLEAN
CLM-C175B55F,1000000096,Dr. Aaron Wise,MEM000911,FAC020,2026-06-12T16:00:00,99214,140.39,Chennai,CLEAN
CLM-56512E23,1000000002,Dr. Angie Henderson,MEM000925,FAC011,2026-06-18T09:00:00,99213,109.52,Chennai,CLEAN
CLM-176567EB,1000000088,Dr. Lisa Archer,MEM000495,FAC039,2026-06-03T17:00:00,99213,93.17,Chennai,CLEAN
CLM-7E37BCD4,1000000189,Dr. Jessica Gross,MEM000260,FAC007,2026-02-19T09:00:00,93000,54.28,Chennai,CLEAN
CLM-39680E9D,1000000131,Dr. Dustin Jordan,MEM000779,FAC009,2026-02-25T14:00:00,99213,107.97,Chennai,CLEAN
CLM-FB89208F,1000000007,Dr. Gina Moore,MEM000335,FAC008,2026-02-26T10:00:00,99214,143.03,Chennai,CLEAN
CLM-0B90C35D,1000000123,Dr. Michelle Harmon,MEM000204,FAC005,2026-03-31T17:00:00,99215,218.55,Chennai,CLEAN
CLM-10A58AAE,1000000126,Dr. Michelle Evans,MEM000446,FAC032,2026-04-13T12:00:00,99215,205.61,Chennai,CLEAN
CLM-89DFCCFB,1000000175,Dr. Alex Hernandez,MEM000866,FAC045,2026-03-13T15:00:00,99213,101.67,Chennai,CLEAN
CLM-BD75FC48,1000000196,Dr. Daniel Salinas,MEM000601,FAC019,2026-02-12T12:00:00,71045,78.94,Chennai,CLEAN
CLM-7A71464F,1000000114,Dr. Garrett Lin,MEM000433,FAC038,2026-03-11T14:00:00,93000,55.29,Chennai,CLEAN
CLM-02CB5B42,1000000098,Dr. Jessica Smith,MEM000439,FAC012,2026-05-26T14:00:00,99215,237.51,Chennai,CLEAN
CLM-D6625FC6,1000000016,Dr. Holly Wood,MEM000460,FAC010,2026-01-09T17:00:00,99215,223.82,Chennai,CLEAN
CLM-F3AE4C22,1000000075,Dr. Sarah Moore,MEM000618,FAC041,2026-05-16T14:00:00,71045,72.48,Chennai,CLEAN
CLM-8E27AF86,1000000046,Dr. John Pierce,MEM000828,FAC020,2026-04-20T11:00:00,99215,208.79,Chennai,CLEAN
CLM-0854D94E,1000000055,Dr. Michael Lewis,MEM000672,FAC023,2026-04-06T11:00:00,99215,203.38,Chennai,CLEAN
CLM-BC393174,1000000081,Dr. Mike Allen,MEM000704,FAC000,2026-03-26T12:00:00,71045,81.08,Chennai,CLEAN
CLM-E2F241BB,1000000082,Dr. Michael Evans,MEM000920,FAC014,2026-05-24T10:00:00,71045,76.54,Chennai,CLEAN
CLM-5FAFA9DE,1000000054,Dr. Shannon Jones,MEM000539,FAC013,2026-01-27T17:00:00,99215,229.52,Chennai,CLEAN
CLM-46A36A4B,1000000171,Dr. Darlene Miller,MEM000076,FAC036,2026-06-15T15:00:00,71045,77.08,Chennai,CLEAN
CLM-9D33F54B,1000000081,Dr. Mike Allen,MEM000202,FAC012,2026-01-13T16:00:00,71045,72.75,Chennai,CLEAN
CLM-4A5A236E,1000000070,Dr. Jordan Henderson,MEM000431,FAC007,2026-02-01T16:00:00,99214,153.04,Chennai,CLEAN
CLM-F59085D5,1000000151,Dr. Pamela Boyd,MEM000392,FAC015,2026-05-28T09:00:00,99215,198.78,Chennai,CLEAN
CLM-8DDF85C3,1999999999,Dr. Synthetic-A (Phantom),MEM000876,FAC036,2026-01-02T16:00:00,99215,203.77,Chennai,CLEAN
CLM-F91FED90,1000000103,Dr. Christine Wright,MEM000037,FAC034,2026-05-16T09:00:00,99215,226.37,Chennai,CLEAN
CLM-01EE2C90,1000000017,Dr. Derek Zuniga,MEM000481,FAC006,2026-04-17T13:00:00,99215,211.96,Chennai,CLEAN
CLM-D93C2EAA,1000000088,Dr. Lisa Archer,MEM000409,FAC005,2026-05-23T14:00:00,71045,81.8,Chennai,CLEAN
CLM-E9813743,1000000100,Dr. Sandra Aguilar,MEM000305,FAC044,2026-04-27T16:00:00,99213,106.86,Chennai,CLEAN
CLM-543C9C7D,1000000158,Dr. Melissa Gates,MEM000105,FAC001,2026-02-27T09:00:00,99213,92.77,Chennai,CLEAN
CLM-493AA26D,1000000082,Dr. Michael Evans,MEM000882,FAC044,2026-04-22T12:00:00,99214,137.64,Chennai,CLEAN
CLM-9CC25E30,1000000185,Dr. Dr. Hannah Patterson,MEM000923,FAC023,2026-05-18T09:00:00,99213,95.19,Chennai,CLEAN
CLM-342FC9BD,1999999999,Dr. Synthetic-A (Phantom),MEM000044,FAC007,2026-01-13T13:00:00,99213,95.27,Chennai,CLEAN
CLM-13E306A7,1000000176,Dr. Michael Elliott,MEM000627,FAC024,2026-03-11T11:00:00,99214,152.5,Chennai,CLEAN
CLM-1C0180B3,1000000030,Dr. Rebecca Henderson,MEM000129,FAC020,2026-02-07T15:00:00,71045,82.69,Chennai,CLEAN
CLM-27451ED7,1000000133,Dr. Daniel Kennedy,MEM000540,FAC015,2026-05-28T16:00:00,71045,87.62,Chennai,CLEAN
CLM-495E6367,1000000082,Dr. Michael Evans,MEM000791,FAC046,2026-05-04T12:00:00,99213,95.28,Chennai,CLEAN
CLM-1618DAF2,1000000075,Dr. Sarah Moore,MEM000728,FAC005,2026-04-01T17:00:00,99214,154.78,Chennai,CLEAN
CLM-B8F00050,1000000188,Dr. Madison Poole,MEM000876,FAC013,2026-06-27T10:00:00,99213,109.44,Chennai,CLEAN
CLM-81CDEF45,1000000015,Dr. Brian Ramirez,MEM000217,FAC000,2026-06-21T12:00:00,71045,85.1,Chennai,CLEAN
CLM-7AD0EC1E,1000000048,Dr. Joshua Blair,MEM000499,FAC006,2026-03-29T12:00:00,93000,63.14,Chennai,CLEAN
CLM-8FBDBF97,1000000131,Dr. Dustin Jordan,MEM000879,FAC020,2026-03-21T16:00:00,99214,160.43,Chennai,CLEAN
CLM-E11616B0,1000000027,Dr. Stephanie Ross,MEM000936,FAC008,2026-02-26T14:00:00,71045,87.6,Chennai,CLEAN
CLM-36B1D53D,1000000158,Dr. Melissa Gates,MEM000525,FAC012,2026-04-13T12:00:00,99213,95.56,Chennai,CLEAN
CLM-41E052FD,1000000042,Dr. Sherry Decker,MEM000702,FAC019,2026-05-28T10:00:00,99214,148.83,Chennai,CLEAN
CLM-C86E2690,1000000027,Dr. Stephanie Ross,MEM000762,FAC007,2026-03-03T09:00:00,71045,74.99,Chennai,CLEAN
CLM-779B747A,1000000007,Dr. Gina Moore,MEM000487,FAC042,2026-05-16T16:00:00,99215,209.69,Chennai,CLEAN
CLM-EE1548C7,1000000140,Dr. Cheyenne Horton,MEM000086,FAC022,2026-04-21T12:00:00,99214,146.91,Chennai,CLEAN
CLM-41CDDB95,1000000110,Dr. Richard Rodriguez,MEM000520,FAC021,2026-01-14T16:00:00,99215,214.27,Chennai,CLEAN
CLM-DCFA1D0B,1000000012,Dr. Lisa Hensley,MEM000664,FAC024,2026-04-19T12:00:00,99215,206.34,Chennai,CLEAN
CLM-A5FD14CB,1000000045,Dr. Philip Cannon,MEM000608,FAC017,2026-05-16T16:00:00,93000,59.2,Chennai,CLEAN
CLM-F9807084,1000000174,Dr. Nicole Herring,MEM000051,FAC041,2026-03-05T10:00:00,99214,138.46,Chennai,CLEAN
CLM-AEB05FA1,1000000009,Dr. Ryan Munoz,MEM000589,FAC017,2026-03-03T10:00:00,93000,55.21,Chennai,CLEAN
CLM-7BC70CD0,1000000057,Dr. Richard Aguirre,MEM000903,FAC039,2026-06-29T15:00:00,71045,78.29,Chennai,CLEAN
CLM-1AA343F4,1000000056,Dr. Timothy Duncan,MEM000751,FAC044,2026-03-10T16:00:00,99214,140.13,Chennai,CLEAN
CLM-DD165F42,1000000052,Dr. Crystal Robinson,MEM000355,FAC040,2026-03-15T13:00:00,99213,91.88,Chennai,CLEAN
CLM-27E03B75,1000000128,Dr. Cameron Fisher,MEM000929,FAC044,2026-06-09T16:00:00,99215,235.51,Chennai,CLEAN
CLM-3ED23A9C,1000000176,Dr. Michael Elliott,MEM000244,FAC010,2026-03-22T10:00:00,99214,140.62,Chennai,CLEAN
CLM-701320A5,1000000116,Dr. William Herrera,MEM000145,FAC000,2026-06-20T16:00:00,71045,77.34,Chennai,CLEAN
CLM-FF112FFE,1000000045,Dr. Philip Cannon,MEM000997,FAC016,2026-01-20T11:00:00,99213,101.88,Chennai,CLEAN
CLM-C2536CA2,1000000121,Dr. Kenneth Scott,MEM000597,FAC000,2026-05-06T12:00:00,71045,73.75,Chennai,CLEAN
CLM-D93D4C56,1000000004,Dr. Cristian Santos,MEM000580,FAC043,2026-03-16T12:00:00,93000,60.04,Chennai,CLEAN
CLM-CA0CA98F,1000000193,Dr. Angelica Keith,MEM000150,FAC049,2026-01-25T10:00:00,99215,233.37,Chennai,CLEAN
CLM-354F6CCE,1000000085,Dr. Daniel Baker,MEM000463,FAC031,2026-03-31T17:00:00,99215,227.19,Chennai,CLEAN
CLM-B45E6EA4,1000000064,Dr. Jessica Callahan,MEM000373,FAC029,2026-01-04T14:00:00,99215,229.25,Chennai,CLEAN
CLM-DD30D863,1000000132,Dr. Mary Marshall,MEM000793,FAC042,2026-06-02T16:00:00,99213,95.4,Chennai,CLEAN
CLM-1AAF1B96,1000000132,Dr. Mary Marshall,MEM000745,FAC040,2026-01-06T11:00:00,71045,85.7,Chennai,CLEAN
CLM-9618DB38,1000000168,Dr. Joel Williams,MEM000145,FAC022,2026-05-08T09:00:00,99214,152.33,Chennai,CLEAN
CLM-4054AFAC,1000000178,Dr. Lawrence Adkins,MEM000996,FAC027,2026-04-03T12:00:00,99213,93.88,Chennai,CLEAN
CLM-38106CAE,1000000096,Dr. Aaron Wise,MEM000654,FAC006,2026-03-12T17:00:00,71045,87.8,Chennai,CLEAN
CLM-AF33D4B6,1000000134,Dr. Rebecca Jackson,MEM000179,FAC016,2026-06-23T14:00:00,99215,215.21,Chennai,CLEAN
CLM-DC00573D,1000000106,Dr. Sharon Cherry,MEM000967,FAC017,2026-03-21T12:00:00,99213,101.59,Chennai,CLEAN
CLM-839FE6F0,1000000179,Dr. Robert Oconnell,MEM000351,FAC039,2026-02-01T15:00:00,71045,81.07,Chennai,CLEAN
CLM-5A5EB618,1777777777,Dr. Synthetic-C (Upcoder),MEM000811,FAC022,2026-03-15T10:00:00,99213,99.98,Mumbai,CLEAN
CLM-63C8C6EF,1000000175,Dr. Alex Hernandez,MEM000150,FAC029,2026-06-24T11:00:00,93000,65.6,Chennai,CLEAN
CLM-B9EF4F1D,1000000159,Dr. Jamie Smith,MEM000571,FAC042,2026-02-11T13:00:00,71045,76.61,Chennai,CLEAN
CLM-AC935800,1000000075,Dr. Sarah Moore,MEM000015,FAC029,2026-01-11T12:00:00,99215,234.32,Chennai,CLEAN
CLM-D5ECC525,1000000031,Dr. James Ferrell,MEM000054,FAC031,2026-03-20T09:00:00,71045,77.64,Chennai,CLEAN
CLM-336572A8,1000000000,Dr. Allison Hill,MEM000051,FAC016,2026-02-05T14:00:00,99215,232.55,Chennai,CLEAN
CLM-C7B09415,1000000128,Dr. Cameron Fisher,MEM000681,FAC049,2026-05-24T11:00:00,99213,104.26,Chennai,CLEAN
CLM-8954A8D2,1000000036,Dr. Sherri Baker,MEM000750,FAC012,2026-04-21T10:00:00,99215,207.63,Chennai,CLEAN
CLM-339C2DE0,1000000121,Dr. Kenneth Scott,MEM000955,FAC022,2026-03-05T15:00:00,71045,78.39,Chennai,CLEAN
CLM-5968D94F,1000000025,Dr. Judy Baker,MEM000914,FAC016,2026-03-19T13:00:00,99214,151.92,Chennai,CLEAN
CLM-AF95BF6E,1000000173,Dr. Matthew Harrington,MEM000896,FAC020,2026-05-29T11:00:00,99214,142.5,Chennai,CLEAN
CLM-11448986,1000000106,Dr. Sharon Cherry,MEM000567,FAC012,2026-03-19T13:00:00,99213,95.95,Chennai,CLEAN
CLM-6C04BBE1,1000000160,Dr. Paul Castaneda,MEM000472,FAC034,2026-02-16T15:00:00,71045,73.54,Chennai,CLEAN
CLM-37E7179F,1000000134,Dr. Rebecca Jackson,MEM000452,FAC044,2026-03-22T17:00:00,99215,218.61,Chennai,CLEAN
CLM-7A2B7171,1000000109,Dr. Sharon Cochran,MEM000477,FAC026,2026-04-16T16:00:00,99213,108.25,Chennai,CLEAN
CLM-732BD11D,1000000006,Dr. Abigail Shaffer,MEM000980,FAC049,2026-04-18T10:00:00,99214,153.46,Chennai,CLEAN
CLM-4515F81A,1000000077,Dr. Megan Young,MEM000805,FAC015,2026-05-29T17:00:00,99215,203.6,Chennai,CLEAN
CLM-080FC0E2,1000000139,Dr. Angel Perry,MEM000921,FAC036,2026-03-17T09:00:00,71045,74.01,Chennai,CLEAN
CLM-9B830490,1000000171,Dr. Darlene Miller,MEM000006,FAC029,2026-05-13T16:00:00,99213,91.69,Chennai,CLEAN
CLM-286E315F,1000000069,Dr. William Baker,MEM000849,FAC041,2026-01-28T14:00:00,93000,55.17,Chennai,CLEAN
CLM-22DC5DD3,1000000074,Dr. Amy Silva,MEM000579,FAC030,2026-06-26T14:00:00,99213,92.43,Chennai,CLEAN
CLM-B5D1523B,1000000149,Dr. Stephanie Manning,MEM000690,FAC032,2026-01-14T12:00:00,93000,55.73,Chennai,CLEAN
CLM-9DB46491,1000000189,Dr. Jessica Gross,MEM000990,FAC031,2026-02-04T12:00:00,99214,144.03,Chennai,CLEAN
CLM-44E5BEDB,1000000079,Dr. Lisa Barnes,MEM000736,FAC000,2026-05-05T12:00:00,99213,91.34,Chennai,CLEAN
CLM-220F73BF,1000000039,Dr. Brittany Farmer,MEM000618,FAC007,2026-05-14T10:00:00,99214,141.13,Chennai,CLEAN
CLM-06FC408F,1000000121,Dr. Kenneth Scott,MEM000025,FAC032,2026-04-24T15:00:00,99213,108.52,Chennai,CLEAN
CLM-10EBA62B,1000000076,Dr. Angela Lopez,MEM000414,FAC030,2026-02-17T12:00:00,93000,57.12,Chennai,CLEAN
CLM-45BE386E,1000000156,Dr. Joshua Perry,MEM000697,FAC028,2026-06-18T10:00:00,71045,74.34,Chennai,CLEAN
CLM-63358667,1000000005,Dr. Connie Lawrence,MEM000189,FAC009,2026-06-18T12:00:00,99214,150.35,Chennai,CLEAN
CLM-9FD57A49,1000000179,Dr. Robert Oconnell,MEM000559,FAC012,2026-05-02T16:00:00,99215,210.74,Chennai,CLEAN
CLM-1247C803,1000000025,Dr. Judy Baker,MEM000982,FAC037,2026-05-07T14:00:00,99215,215.21,Chennai,CLEAN
CLM-A3E06675,1000000178,Dr. Lawrence Adkins,MEM000819,FAC006,2026-04-29T15:00:00,71045,74.37,Chennai,CLEAN
CLM-95756EA5,1000000072,Dr. Brittney Phillips,MEM000468,FAC007,2026-05-25T15:00:00,99213,101.61,Chennai,CLEAN
CLM-710204F3,1000000008,Dr. Gabrielle Davis,MEM000660,FAC041,2026-06-18T16:00:00,99213,108.16,Chennai,CLEAN
CLM-A235B6C4,1000000090,Dr. Matthew Mcmillan,MEM000985,FAC008,2026-04-30T16:00:00,99215,198.4,Chennai,CLEAN
CLM-6C302330,1000000040,Dr. Paula Moreno,MEM000366,FAC032,2026-05-09T12:00:00,99215,237.71,Chennai,CLEAN
CLM-0C6320B6,1000000134,Dr. Rebecca Jackson,MEM000399,FAC032,2026-01-17T11:00:00,99214,145.56,Chennai,CLEAN
CLM-7F358B65,1000000184,Dr. Lindsay Martinez,MEM000576,FAC021,2026-04-28T11:00:00,99215,232.54,Chennai,CLEAN
CLM-92999693,1000000168,Dr. Joel Williams,MEM000310,FAC025,2026-01-18T16:00:00,71045,87.4,Chennai,CLEAN
CLM-93946E66,1000000155,Dr. Michelle Brown,MEM000674,FAC011,2026-05-28T17:00:00,93000,57.11,Chennai,CLEAN
CLM-B83DF238,1000000178,Dr. Lawrence Adkins,MEM000331,FAC037,2026-05-29T14:00:00,93000,61.41,Chennai,CLEAN
CLM-61533D0D,1000000103,Dr. Christine Wright,MEM000069,FAC002,2026-01-08T11:00:00,99214,137.9,Chennai,CLEAN
CLM-A4AEE28F,1000000027,Dr. Stephanie Ross,MEM000511,FAC043,2026-05-02T14:00:00,99214,164.44,Chennai,CLEAN
CLM-3F75519C,1000000187,Dr. Samantha Garcia,MEM000814,FAC015,2026-01-27T11:00:00,71045,84.09,Chennai,CLEAN
CLM-FD62126A,1000000107,Dr. Sierra Johnson,MEM000944,FAC004,2026-01-16T13:00:00,99213,90.75,Chennai,CLEAN
CLM-C5A3CB02,1000000191,Dr. Karen Graham,MEM000074,FAC028,2026-04-06T09:00:00,99214,144.63,Chennai,CLEAN
CLM-BEE24339,1000000178,Dr. Lawrence Adkins,MEM000460,FAC024,2026-02-04T17:00:00,99214,140.87,Chennai,CLEAN
CLM-C489126F,1000000125,Dr. Erin Edwards,MEM000448,FAC043,2026-03-15T12:00:00,99214,157.26,Chennai,CLEAN
CLM-DBEAC9D7,1000000111,Dr. Shannon Walker,MEM000833,FAC033,2026-02-19T10:00:00,93000,54.29,Chennai,CLEAN
CLM-C65847D4,1000000171,Dr. Darlene Miller,MEM000098,FAC013,2026-01-09T11:00:00,99213,97.19,Chennai,CLEAN
CLM-497203EC,1000000104,Dr. Richard Henson,MEM000581,FAC034,2026-01-19T14:00:00,99214,155.47,Chennai,CLEAN
CLM-C385F219,1000000186,Dr. Jonathan Peterson,MEM000657,FAC033,2026-05-08T12:00:00,99214,152.11,Chennai,CLEAN
CLM-E1BD01E7,1000000121,Dr. Kenneth Scott,MEM000512,FAC022,2026-04-02T17:00:00,99214,159.05,Chennai,CLEAN
CLM-06717501,1000000112,Dr. Julia Torres,MEM000437,FAC040,2026-04-07T10:00:00,93000,54.94,Chennai,CLEAN
CLM-A019E6B1,1999999999,Dr. Synthetic-A (Phantom),MEM000529,FAC019,2026-01-26T10:00:00,71045,75.69,Chennai,CLEAN
CLM-9410C932,1000000153,Dr. Devon Flores,MEM000553,FAC021,2026-01-06T12:00:00,99215,238.58,Chennai,CLEAN
CLM-923569D6,1000000064,Dr. Jessica Callahan,MEM000399,FAC045,2026-04-02T10:00:00,99214,164.04,Chennai,CLEAN
CLM-B0CE8665,1000000019,Dr. Carla Gray,MEM000547,FAC036,2026-03-03T17:00:00,93000,60.0,Chennai,CLEAN
CLM-78AA641E,1000000102,Dr. Rebecca Valencia,MEM000633,FAC003,2026-05-20T10:00:00,93000,59.65,Chennai,CLEAN
CLM-91263325,1000000067,Dr. Carol Tucker,MEM000668,FAC001,2026-01-09T14:00:00,71045,76.17,Chennai,CLEAN
CLM-4D295EF7,1000000085,Dr. Daniel Baker,MEM000909,FAC048,2026-01-16T11:00:00,99214,151.41,Chennai,CLEAN
CLM-E842D855,1000000187,Dr. Samantha Garcia,MEM000337,FAC048,2026-06-19T09:00:00,99214,149.81,Chennai,CLEAN
CLM-D7A8E822,1000000144,Dr. Amber Wright,MEM000926,FAC039,2026-06-29T09:00:00,99215,241.17,Chennai,CLEAN
CLM-0B739D0D,1000000106,Dr. Sharon Cherry,MEM000612,FAC047,2026-06-06T10:00:00,93000,59.75,Chennai,CLEAN
CLM-A09FCD3A,1000000033,Dr. Nathan Maldonado,MEM000277,FAC046,2026-01-11T10:00:00,99213,99.93,Chennai,CLEAN
CLM-8171B2B6,1000000057,Dr. Richard Aguirre,MEM000665,FAC022,2026-04-21T16:00:00,99215,232.39,Chennai,CLEAN
CLM-EC5DAD32,1000000058,Dr. Brent Jordan,MEM000021,FAC003,2026-01-07T12:00:00,93000,61.3,Chennai,CLEAN
CLM-055747EB,1000000097,Dr. Deborah Figueroa,MEM000698,FAC043,2026-01-05T17:00:00,71045,72.83,Chennai,CLEAN
CLM-44062DEA,1000000196,Dr. Daniel Salinas,MEM000386,FAC044,2026-02-02T15:00:00,71045,80.79,Chennai,CLEAN
CLM-DD7B91B5,1000000029,Dr. Anthony Rodriguez,MEM000448,FAC007,2026-06-07T14:00:00,99215,206.52,Chennai,CLEAN
CLM-D4C6761F,1000000111,Dr. Shannon Walker,MEM000940,FAC003,2026-03-02T12:00:00,99213,101.77,Chennai,CLEAN
CLM-BB9F40D6,1000000058,Dr. Brent Jordan,MEM000422,FAC047,2026-05-18T09:00:00,99213,107.47,Chennai,CLEAN
CLM-F082FC14,1000000063,Dr. Donald Wright,MEM000832,FAC003,2026-01-20T09:00:00,99214,148.16,Chennai,CLEAN
CLM-AEE6F3BD,1000000072,Dr. Brittney Phillips,MEM000044,FAC020,2026-03-31T12:00:00,99215,203.71,Chennai,CLEAN
CLM-7414363B,1000000101,Dr. Cameron Parker,MEM000490,FAC042,2026-02-01T10:00:00,99213,95.0,Chennai,CLEAN
CLM-71C876CA,1000000139,Dr. Angel Perry,MEM000210,FAC031,2026-06-30T14:00:00,99214,148.31,Chennai,CLEAN
CLM-36AF407F,1000000077,Dr. Megan Young,MEM000964,FAC023,2026-05-22T13:00:00,99214,150.81,Chennai,CLEAN
CLM-C897CE65,1000000068,Dr. James Brown,MEM000326,FAC044,2026-05-19T17:00:00,99213,91.08,Chennai,CLEAN
CLM-5D0FE5FC,1000000105,Dr. Marc Moore,MEM000722,FAC039,2026-05-05T13:00:00,99213,94.07,Chennai,CLEAN
CLM-0F3778BC,1000000035,Dr. Jeffrey Chavez,MEM000861,FAC033,2026-03-01T13:00:00,93000,56.53,Chennai,CLEAN
CLM-2046200C,1000000095,Dr. Anna Henderson,MEM000742,FAC009,2026-01-10T12:00:00,71045,82.4,Chennai,CLEAN
CLM-9F5C0DB0,1000000116,Dr. William Herrera,MEM000975,FAC007,2026-01-06T16:00:00,99213,95.41,Chennai,CLEAN
CLM-466DD605,1000000150,Dr. David Wright,MEM000393,FAC019,2026-01-22T09:00:00,99215,235.6,Chennai,CLEAN
CLM-05E774B3,1000000098,Dr. Jessica Smith,MEM000507,FAC001,2026-04-08T15:00:00,71045,72.71,Chennai,CLEAN
CLM-1F3C966E,1000000052,Dr. Crystal Robinson,MEM000388,FAC011,2026-06-18T15:00:00,93000,54.63,Chennai,CLEAN
CLM-01FE6AE9,1000000078,Dr. Steve Sanchez,MEM000032,FAC034,2026-03-31T09:00:00,93000,63.05,Chennai,CLEAN
CLM-90616273,1000000086,Dr. Shirley Suarez,MEM000944,FAC016,2026-06-01T12:00:00,99213,96.82,Chennai,CLEAN
CLM-0261850A,1000000159,Dr. Jamie Smith,MEM000444,FAC027,2026-01-15T10:00:00,93000,58.66,Chennai,CLEAN
CLM-D3AD97EC,1000000184,Dr. Lindsay Martinez,MEM000954,FAC043,2026-03-15T17:00:00,71045,78.78,Chennai,CLEAN
CLM-85CB2A11,1000000184,Dr. Lindsay Martinez,MEM000581,FAC049,2026-05-13T13:00:00,99214,163.81,Chennai,CLEAN
CLM-50A8981B,1000000119,Dr. Jeffrey Chandler,MEM000763,FAC015,2026-02-03T09:00:00,99215,233.18,Chennai,CLEAN
CLM-7BAF8CF6,1000000070,Dr. Jordan Henderson,MEM000087,FAC015,2026-05-19T13:00:00,99215,223.13,Chennai,CLEAN
CLM-DE11344B,1000000009,Dr. Ryan Munoz,MEM000630,FAC017,2026-04-03T13:00:00,99215,232.43,Chennai,CLEAN
CLM-F85ACE6F,1000000197,Dr. Spencer Haynes,MEM000622,FAC000,2026-02-01T13:00:00,93000,61.93,Chennai,CLEAN
CLM-1B25E14C,1000000067,Dr. Carol Tucker,MEM000867,FAC011,2026-04-24T16:00:00,99213,98.8,Chennai,CLEAN
CLM-71DBC118,1000000119,Dr. Jeffrey Chandler,MEM000037,FAC022,2026-05-03T17:00:00,99214,147.26,Chennai,CLEAN
CLM-87D7DD83,1000000148,Dr. Kathy Rivas,MEM000961,FAC005,2026-03-12T17:00:00,99215,239.94,Chennai,CLEAN
CLM-44AF3EF6,1000000112,Dr. Julia Torres,MEM000184,FAC016,2026-03-12T13:00:00,71045,74.04,Chennai,CLEAN
CLM-457FE5FC,1000000161,Dr. Jennifer Adkins,MEM000178,FAC009,2026-06-08T09:00:00,99214,138.43,Chennai,CLEAN
CLM-F0898661,1000000009,Dr. Ryan Munoz,MEM000188,FAC043,2026-05-10T16:00:00,93000,57.81,Chennai,CLEAN
CLM-8B7A355E,1000000141,Dr. David Douglas Jr.,MEM000734,FAC014,2026-01-16T13:00:00,99215,198.71,Chennai,CLEAN
CLM-945566D9,1000000090,Dr. Matthew Mcmillan,MEM000553,FAC045,2026-01-12T12:00:00,99215,202.8,Chennai,CLEAN
CLM-483BCC84,1000000129,Dr. Megan Orr,MEM000454,FAC007,2026-05-11T10:00:00,99214,141.12,Chennai,CLEAN
CLM-7CBC2B76,1000000146,Dr. Victoria Larson,MEM000380,FAC043,2026-04-17T10:00:00,71045,86.01,Chennai,CLEAN
CLM-FE52B237,1000000036,Dr. Sherri Baker,MEM000025,FAC020,2026-06-05T14:00:00,99215,240.9,Chennai,CLEAN
CLM-6C58779D,1000000166,Dr. Alyssa Long,MEM000383,FAC030,2026-03-17T09:00:00,99214,146.05,Chennai,CLEAN
CLM-0925CD41,1000000074,Dr. Amy Silva,MEM000952,FAC009,2026-06-01T09:00:00,99213,102.18,Chennai,CLEAN
CLM-2342D9C2,1000000080,Dr. Kelly Donovan,MEM000523,FAC045,2026-05-11T14:00:00,99214,146.37,Chennai,CLEAN
CLM-93B7C013,1000000149,Dr. Stephanie Manning,MEM000033,FAC042,2026-02-08T15:00:00,99213,109.1,Chennai,CLEAN
CLM-12CA4AA3,1000000057,Dr. Richard Aguirre,MEM000578,FAC032,2026-05-28T17:00:00,71045,80.62,Chennai,CLEAN
CLM-6DA04235,1000000031,Dr. James Ferrell,MEM000867,FAC033,2026-01-14T16:00:00,93000,60.24,Chennai,CLEAN
CLM-5F01E6B3,1000000081,Dr. Mike Allen,MEM000275,FAC012,2026-05-28T13:00:00,99214,144.86,Chennai,CLEAN
CLM-2103931B,1000000196,Dr. Daniel Salinas,MEM000370,FAC014,2026-04-27T14:00:00,99213,103.86,Chennai,CLEAN
CLM-5A24A6B5,1000000113,Dr. Crystal Johnson,MEM000750,FAC026,2026-04-03T10:00:00,99215,222.66,Chennai,CLEAN
CLM-B6BDEFDD,1000000019,Dr. Carla Gray,MEM000936,FAC023,2026-06-17T16:00:00,93000,56.76,Chennai,CLEAN
CLM-F0499A04,1888888888,Dr. Synthetic-B (Teleport),MEM000428,FAC014,2026-05-26T11:00:00,93000,56.94,Chennai,CLEAN
CLM-C6C5AFB3,1000000104,Dr. Richard Henson,MEM000690,FAC037,2026-06-20T11:00:00,93000,57.12,Chennai,CLEAN
CLM-4091A72A,1000000073,Dr. Lauren Daniels,MEM000349,FAC020,2026-01-31T10:00:00,71045,78.74,Chennai,CLEAN
CLM-89A3975E,1000000037,Dr. Cassandra Gaines,MEM000589,FAC031,2026-06-11T12:00:00,99214,161.29,Chennai,CLEAN
CLM-3E742489,1000000003,Dr. Daniel Wagner,MEM000170,FAC007,2026-04-18T13:00:00,93000,62.54,Chennai,CLEAN
CLM-B4B31C08,1000000120,Dr. Larry Dixon,MEM000760,FAC006,2026-02-02T09:00:00,71045,72.38,Chennai,CLEAN
CLM-C9AEB3B2,1000000042,Dr. Sherry Decker,MEM000074,FAC008,2026-05-12T17:00:00,71045,86.47,Chennai,CLEAN
CLM-FC15E173,1000000090,Dr. Matthew Mcmillan,MEM000130,FAC025,2026-06-28T17:00:00,99214,156.36,Chennai,CLEAN
CLM-FDA80D30,1000000030,Dr. Rebecca Henderson,MEM000344,FAC021,2026-06-01T10:00:00,99213,91.48,Chennai,CLEAN
CLM-45B99D42,1000000090,Dr. Matthew Mcmillan,MEM000972,FAC028,2026-04-15T16:00:00,71045,76.63,Chennai,CLEAN
CLM-649ADF4F,1000000122,Dr. April Frost,MEM000716,FAC008,2026-02-16T17:00:00,99213,93.05,Chennai,CLEAN
CLM-6D876B99,1000000001,Dr. Noah Rhodes,MEM000607,FAC037,2026-04-05T16:00:00,71045,77.13,Chennai,CLEAN
CLM-55A9D249,1000000045,Dr. Philip Cannon,MEM000520,FAC046,2026-05-31T13:00:00,99213,94.65,Chennai,CLEAN
CLM-F66CF8D8,1000000126,Dr. Michelle Evans,MEM000349,FAC003,2026-05-25T17:00:00,93000,60.96,Chennai,CLEAN
CLM-D1242C02,1000000109,Dr. Sharon Cochran,MEM000292,FAC020,2026-04-09T14:00:00,99214,163.61,Chennai,CLEAN
CLM-52CE1F58,1000000010,Dr. Monica Herrera,MEM000833,FAC047,2026-02-23T15:00:00,93000,57.34,Chennai,CLEAN
CLM-69D312FF,1000000157,Dr. Jason Stein,MEM000321,FAC006,2026-03-30T13:00:00,99214,138.56,Chennai,CLEAN
CLM-6082A24A,1000000070,Dr. Jordan Henderson,MEM000498,FAC028,2026-02-27T11:00:00,99215,239.33,Chennai,CLEAN
CLM-9E6C3B43,1000000066,Dr. Tracy House,MEM000620,FAC048,2026-01-28T12:00:00,99215,204.2,Chennai,CLEAN
CLM-535EF058,1000000052,Dr. Crystal Robinson,MEM000565,FAC032,2026-02-13T09:00:00,93000,64.83,Chennai,CLEAN
CLM-C624E034,1000000138,Dr. David Alvarez,MEM000550,FAC012,2026-01-02T16:00:00,99213,97.39,Chennai,CLEAN
CLM-F6564679,1000000072,Dr. Brittney Phillips,MEM000964,FAC036,2026-04-20T16:00:00,93000,55.51,Chennai,CLEAN
CLM-EDF5FB59,1000000116,Dr. William Herrera,MEM000302,FAC007,2026-06-30T10:00:00,71045,86.22,Chennai,CLEAN
CLM-7B5233B9,1000000126,Dr. Michelle Evans,MEM000269,FAC005,2026-02-05T13:00:00,99213,109.37,Chennai,CLEAN
CLM-B1DB9C34,1000000020,Dr. Margaret Hawkins DDS,MEM000762,FAC014,2026-01-20T14:00:00,99214,150.21,Chennai,CLEAN
CLM-1D189C28,1000000070,Dr. Jordan Henderson,MEM000464,FAC040,2026-05-12T10:00:00,99215,237.26,Chennai,CLEAN
CLM-4F38BC9C,1000000009,Dr. Ryan Munoz,MEM000443,FAC006,2026-06-30T17:00:00,99215,206.38,Chennai,CLEAN
CLM-5BD22E47,1000000142,Dr. Patricia Rodriguez,MEM000676,FAC040,2026-01-10T09:00:00,99214,139.11,Chennai,CLEAN
CLM-941EA886,1000000096,Dr. Aaron Wise,MEM000893,FAC014,2026-06-22T12:00:00,99215,218.69,Chennai,CLEAN
CLM-78AA64EA,1000000124,Dr. Helen Jones,MEM000833,FAC011,2026-05-08T13:00:00,99214,140.96,Chennai,CLEAN
CLM-4974A89F,1000000022,Dr. Ethan Adams,MEM000973,FAC033,2026-02-24T09:00:00,71045,73.08,Chennai,CLEAN
CLM-0CC54C23,1000000142,Dr. Patricia Rodriguez,MEM000625,FAC013,2026-02-15T09:00:00,71045,83.01,Chennai,CLEAN
CLM-CD48B2AC,1000000157,Dr. Jason Stein,MEM000389,FAC040,2026-05-30T12:00:00,99215,219.31,Chennai,CLEAN
CLM-5E0029DB,1000000168,Dr. Joel Williams,MEM000977,FAC011,2026-03-18T12:00:00,99215,227.39,Chennai,CLEAN
CLM-A892F385,1000000125,Dr. Erin Edwards,MEM000815,FAC040,2026-04-11T14:00:00,93000,59.77,Chennai,CLEAN
CLM-994EEB6A,1000000024,Dr. Matthew Foster,MEM000224,FAC007,2026-03-15T15:00:00,71045,77.21,Chennai,CLEAN
CLM-BF00D1F4,1000000169,Dr. Daniel Murphy,MEM000435,FAC007,2026-02-15T16:00:00,99215,227.07,Chennai,CLEAN
CLM-D9BC3693,1000000088,Dr. Lisa Archer,MEM000713,FAC025,2026-06-30T11:00:00,71045,85.44,Chennai,CLEAN
CLM-49279D52,1000000125,Dr. Erin Edwards,MEM000615,FAC026,2026-06-25T12:00:00,99213,95.82,Chennai,CLEAN
CLM-08F8A2B3,1000000129,Dr. Megan Orr,MEM000220,FAC026,2026-01-16T17:00:00,99215,209.51,Chennai,CLEAN
CLM-C3A596AB,1000000081,Dr. Mike Allen,MEM000421,FAC025,2026-04-24T15:00:00,71045,76.17,Chennai,CLEAN
CLM-3C1BC8AD,1000000013,Dr. Michele Williams,MEM000274,FAC031,2026-02-26T14:00:00,99213,96.17,Chennai,CLEAN
CLM-061D35C8,1000000104,Dr. Richard Henson,MEM000226,FAC036,2026-02-12T17:00:00,99214,158.39,Chennai,CLEAN
CLM-70CFF2E5,1000000028,Dr. Zachary Hicks,MEM000970,FAC039,2026-06-06T14:00:00,99214,153.15,Chennai,CLEAN
CLM-A5B919EC,1000000005,Dr. Connie Lawrence,MEM000973,FAC046,2026-01-06T15:00:00,99213,105.61,Chennai,CLEAN
CLM-4ABC3441,1000000085,Dr. Daniel Baker,MEM000934,FAC022,2026-05-22T10:00:00,99213,100.37,Chennai,CLEAN
CLM-87FB45A2,1000000092,Dr. Denise Jacobs,MEM000548,FAC012,2026-02-10T17:00:00,71045,85.76,Chennai,CLEAN
CLM-D4D7E504,1000000058,Dr. Brent Jordan,MEM000297,FAC010,2026-04-06T14:00:00,71045,75.45,Chennai,CLEAN
CLM-15B00109,1000000187,Dr. Samantha Garcia,MEM000254,FAC000,2026-01-10T09:00:00,93000,55.23,Chennai,CLEAN
CLM-04537563,1000000101,Dr. Cameron Parker,MEM000810,FAC031,2026-01-11T11:00:00,99215,211.26,Chennai,CLEAN
CLM-D31A46AD,1000000058,Dr. Brent Jordan,MEM000646,FAC049,2026-06-26T12:00:00,99213,95.45,Chennai,CLEAN
CLM-EB1A69C2,1000000031,Dr. James Ferrell,MEM000832,FAC024,2026-06-17T15:00:00,99214,159.55,Chennai,CLEAN
CLM-A1E33ACD,1000000069,Dr. William Baker,MEM000882,FAC005,2026-01-20T10:00:00,93000,62.67,Chennai,CLEAN
CLM-F932F1EC,1000000195,Dr. Allen Rosales,MEM000750,FAC026,2026-01-06T09:00:00,93000,61.26,Chennai,CLEAN
CLM-97BDAF22,1000000038,Dr. Elizabeth Fowler,MEM000097,FAC047,2026-05-31T15:00:00,99214,159.94,Chennai,CLEAN
CLM-82C64A10,1000000079,Dr. Lisa Barnes,MEM000803,FAC020,2026-04-19T17:00:00,99213,96.04,Chennai,CLEAN
CLM-DF4A1F59,1000000117,Dr. Ashley Waller,MEM000207,FAC006,2026-03-09T16:00:00,71045,76.66,Chennai,CLEAN
CLM-2021E87E,1000000023,Dr. Tommy Walter,MEM000227,FAC026,2026-05-24T13:00:00,71045,76.55,Chennai,CLEAN
CLM-75F5FA26,1000000179,Dr. Robert Oconnell,MEM000546,FAC032,2026-03-04T15:00:00,99213,109.86,Chennai,CLEAN
CLM-EFF65414,1000000186,Dr. Jonathan Peterson,MEM000403,FAC023,2026-05-20T10:00:00,71045,75.58,Chennai,CLEAN
CLM-FF5A635A,1000000006,Dr. Abigail Shaffer,MEM000406,FAC049,2026-03-01T16:00:00,99215,218.98,Chennai,CLEAN
CLM-85B5516A,1000000027,Dr. Stephanie Ross,MEM000658,FAC019,2026-03-27T11:00:00,99213,91.91,Chennai,CLEAN
CLM-515A02D2,1000000043,Dr. Anthony Humphrey,MEM000212,FAC031,2026-06-01T12:00:00,99213,92.83,Chennai,CLEAN
CLM-8B5B2DAC,1000000157,Dr. Jason Stein,MEM000858,FAC030,2026-05-14T12:00:00,99213,105.35,Chennai,CLEAN
CLM-91461114,1000000064,Dr. Jessica Callahan,MEM000421,FAC019,2026-03-28T11:00:00,99213,96.43,Chennai,CLEAN
CLM-397AAABB,1000000144,Dr. Amber Wright,MEM000613,FAC026,2026-01-02T13:00:00,99214,157.65,Chennai,CLEAN
CLM-D65239A8,1000000125,Dr. Erin Edwards,MEM000558,FAC031,2026-03-22T12:00:00,99215,218.3,Chennai,CLEAN
CLM-5366F39C,1000000123,Dr. Michelle Harmon,MEM000526,FAC035,2026-01-21T10:00:00,71045,83.19,Chennai,CLEAN
CLM-857E2AAF,1000000096,Dr. Aaron Wise,MEM000130,FAC048,2026-01-04T11:00:00,93000,62.98,Chennai,CLEAN
CLM-4F5C98C1,1000000042,Dr. Sherry Decker,MEM000202,FAC028,2026-01-30T09:00:00,71045,79.92,Chennai,CLEAN
CLM-31C57B93,1000000160,Dr. Paul Castaneda,MEM000822,FAC033,2026-05-05T11:00:00,93000,59.02,Chennai,CLEAN
CLM-4951A3C5,1000000002,Dr. Angie Henderson,MEM000303,FAC007,2026-04-22T13:00:00,99215,220.99,Chennai,CLEAN
CLM-EE60CB85,1000000157,Dr. Jason Stein,MEM000910,FAC023,2026-05-25T11:00:00,99214,143.71,Chennai,CLEAN
CLM-0F608B31,1000000175,Dr. Alex Hernandez,MEM000209,FAC039,2026-04-06T17:00:00,93000,57.01,Chennai,CLEAN
CLM-5985964A,1000000118,Dr. Victor Baker,MEM000215,FAC021,2026-02-04T11:00:00,93000,62.58,Chennai,CLEAN
CLM-964538B9,1000000121,Dr. Kenneth Scott,MEM000010,FAC020,2026-04-17T11:00:00,99214,149.11,Chennai,CLEAN
CLM-06285509,1000000001,Dr. Noah Rhodes,MEM000319,FAC044,2026-02-18T12:00:00,99213,100.75,Chennai,CLEAN
CLM-43FA1C74,1000000084,Dr. Zachary Ferrell,MEM000096,FAC003,2026-06-09T16:00:00,93000,55.88,Chennai,CLEAN
CLM-5AE5B2F5,1000000089,Dr. Aimee Montoya,MEM000651,FAC035,2026-02-27T14:00:00,99213,108.56,Chennai,CLEAN
CLM-149C37BC,1000000070,Dr. Jordan Henderson,MEM000291,FAC027,2026-05-30T13:00:00,99215,225.48,Chennai,CLEAN
CLM-FDFD01EC,1000000103,Dr. Christine Wright,MEM000956,FAC016,2026-05-24T17:00:00,99214,137.32,Chennai,CLEAN
CLM-D8D33248,1000000039,Dr. Brittany Farmer,MEM000105,FAC046,2026-02-25T13:00:00,99214,142.89,Chennai,CLEAN
CLM-EB285210,1000000026,Dr. Justin Baker,MEM000129,FAC033,2026-05-31T15:00:00,99215,223.33,Chennai,CLEAN
CLM-3AFC00A7,1000000151,Dr. Pamela Boyd,MEM000619,FAC017,2026-06-07T16:00:00,99214,140.04,Chennai,CLEAN
CLM-749DDDBC,1999999999,Dr. Synthetic-A (Phantom),MEM000237,FAC013,2026-01-24T11:00:00,99214,139.94,Chennai,CLEAN
CLM-93EB3C1F,1000000000,Dr. Allison Hill,MEM000331,FAC004,2026-01-14T11:00:00,93000,63.69,Chennai,CLEAN
CLM-7F5FEC0E,1000000108,Dr. Evelyn Galvan,MEM000680,FAC030,2026-03-25T13:00:00,93000,63.12,Chennai,CLEAN
CLM-8A0AEFCC,1000000061,Dr. Gerald Hensley,MEM000573,FAC025,2026-04-07T15:00:00,71045,77.68,Chennai,CLEAN
CLM-2E3CF9CD,1000000133,Dr. Daniel Kennedy,MEM000324,FAC033,2026-01-21T12:00:00,99214,163.36,Chennai,CLEAN
CLM-61486B7D,1000000071,Dr. Whitney Peters,MEM000728,FAC009,2026-04-22T17:00:00,71045,79.84,Chennai,CLEAN
CLM-2D38609D,1888888888,Dr. Synthetic-B (Teleport),MEM000256,FAC043,2026-01-31T17:00:00,71045,82.43,Chennai,CLEAN
CLM-A487D579,1000000045,Dr. Philip Cannon,MEM000025,FAC023,2026-04-30T14:00:00,71045,75.42,Chennai,CLEAN
CLM-0BB16843,1000000143,Dr. Christopher Rubio,MEM000897,FAC012,2026-04-08T14:00:00,99214,163.0,Chennai,CLEAN
CLM-10D900A9,1000000002,Dr. Angie Henderson,MEM000200,FAC028,2026-04-03T17:00:00,99214,135.17,Chennai,CLEAN
CLM-17196FC0,1000000079,Dr. Lisa Barnes,MEM000336,FAC006,2026-04-05T13:00:00,93000,65.06,Chennai,CLEAN
CLM-DC3A11C9,1000000155,Dr. Michelle Brown,MEM000279,FAC002,2026-06-15T13:00:00,71045,78.37,Chennai,CLEAN
CLM-FE457931,1000000178,Dr. Lawrence Adkins,MEM000721,FAC016,2026-03-12T09:00:00,93000,63.88,Chennai,CLEAN
CLM-EF11645B,1000000183,Dr. Ashley Barton,MEM000949,FAC030,2026-06-05T16:00:00,71045,74.78,Chennai,CLEAN
CLM-9EAD398B,1000000191,Dr. Karen Graham,MEM000895,FAC041,2026-05-20T10:00:00,99213,97.39,Chennai,CLEAN
CLM-E7627333,1000000156,Dr. Joshua Perry,MEM000915,FAC045,2026-02-09T11:00:00,99214,137.48,Chennai,CLEAN
CLM-C66B843B,1000000030,Dr. Rebecca Henderson,MEM000057,FAC028,2026-06-13T09:00:00,99215,202.29,Chennai,CLEAN
CLM-CAC4C0F3,1000000139,Dr. Angel Perry,MEM000284,FAC012,2026-06-17T09:00:00,99215,234.84,Chennai,CLEAN
CLM-D9BEFEC9,1000000081,Dr. Mike Allen,MEM000919,FAC045,2026-02-13T14:00:00,93000,54.17,Chennai,CLEAN
CLM-AB591DBA,1000000170,Dr. Jamie Walton,MEM000412,FAC026,2026-06-20T09:00:00,99213,93.86,Chennai,CLEAN
CLM-396E672D,1000000194,Dr. John Bishop,MEM000513,FAC009,2026-03-10T10:00:00,99214,148.3,Chennai,CLEAN
CLM-5C709D1C,1000000070,Dr. Jordan Henderson,MEM000623,FAC012,2026-06-26T17:00:00,71045,74.77,Chennai,CLEAN
CLM-C10499C6,1000000191,Dr. Karen Graham,MEM000862,FAC000,2026-03-21T13:00:00,93000,58.21,Chennai,CLEAN
CLM-098F7926,1000000087,Dr. Christopher Bass,MEM000477,FAC036,2026-06-28T10:00:00,93000,65.16,Chennai,CLEAN
CLM-42644A33,1000000022,Dr. Ethan Adams,MEM000119,FAC005,2026-02-16T10:00:00,99214,144.53,Chennai,CLEAN
CLM-988A840D,1000000160,Dr. Paul Castaneda,MEM000988,FAC001,2026-02-13T09:00:00,99214,154.14,Chennai,CLEAN
CLM-73676390,1000000117,Dr. Ashley Waller,MEM000083,FAC046,2026-03-05T13:00:00,99214,157.42,Chennai,CLEAN
CLM-CAF2F596,1000000188,Dr. Madison Poole,MEM000135,FAC019,2026-01-14T15:00:00,99215,205.83,Chennai,CLEAN
CLM-0EE8228E,1000000035,Dr. Jeffrey Chavez,MEM000578,FAC020,2026-04-16T12:00:00,99214,143.18,Chennai,CLEAN
CLM-495C71ED,1000000051,Dr. Danny Morgan,MEM000181,FAC018,2026-03-08T16:00:00,99215,202.07,Chennai,CLEAN
CLM-EB31F62D,1000000090,Dr. Matthew Mcmillan,MEM000592,FAC023,2026-03-31T17:00:00,71045,85.27,Chennai,CLEAN
CLM-0DE94B95,1000000175,Dr. Alex Hernandez,MEM000851,FAC010,2026-01-10T15:00:00,99214,151.14,Chennai,CLEAN
CLM-8CDA5CDB,1000000053,Dr. Mark Perez,MEM000719,FAC027,2026-03-30T13:00:00,99214,145.27,Chennai,CLEAN
CLM-FC25B229,1000000128,Dr. Cameron Fisher,MEM000564,FAC047,2026-03-10T10:00:00,93000,63.28,Chennai,CLEAN
CLM-13E3DEED,1000000066,Dr. Tracy House,MEM000223,FAC029,2026-03-08T09:00:00,99213,100.34,Chennai,CLEAN
CLM-78BA3F1B,1000000161,Dr. Jennifer Adkins,MEM000190,FAC030,2026-02-05T16:00:00,93000,57.88,Chennai,CLEAN
CLM-A62A575B,1000000144,Dr. Amber Wright,MEM000386,FAC042,2026-05-31T09:00:00,99215,228.86,Chennai,CLEAN
CLM-91BE5BCA,1000000161,Dr. Jennifer Adkins,MEM000367,FAC000,2026-02-10T15:00:00,71045,77.36,Chennai,CLEAN
CLM-026E04FF,1000000165,Dr. John Anderson,MEM000924,FAC006,2026-02-17T14:00:00,99215,205.16,Chennai,CLEAN
CLM-BD1BE4B2,1000000139,Dr. Angel Perry,MEM000190,FAC048,2026-01-06T16:00:00,93000,59.48,Chennai,CLEAN
CLM-B5877137,1000000147,Dr. Stephanie Salazar,MEM000711,FAC027,2026-04-13T16:00:00,99214,142.58,Chennai,CLEAN
CLM-E1D3C9F0,1000000095,Dr. Anna Henderson,MEM000615,FAC021,2026-05-04T15:00:00,99215,199.77,Chennai,CLEAN
CLM-F28A3E78,1000000059,Dr. John Daniel,MEM000781,FAC032,2026-01-28T15:00:00,71045,84.39,Chennai,CLEAN
CLM-A919DA75,1000000147,Dr. Stephanie Salazar,MEM000410,FAC037,2026-01-08T11:00:00,93000,56.0,Chennai,CLEAN
CLM-AE86B06C,1000000076,Dr. Angela Lopez,MEM000907,FAC038,2026-06-28T17:00:00,99214,163.54,Chennai,CLEAN
CLM-A4A60169,1000000145,Dr. Joyce Solis,MEM000769,FAC008,2026-02-03T14:00:00,99213,109.41,Chennai,CLEAN
CLM-75BDB358,1000000079,Dr. Lisa Barnes,MEM000811,FAC049,2026-02-06T14:00:00,71045,78.34,Chennai,CLEAN
CLM-75E02ADF,1000000117,Dr. Ashley Waller,MEM000000,FAC042,2026-02-07T12:00:00,99214,144.04,Chennai,CLEAN
CLM-E1F58592,1000000020,Dr. Margaret Hawkins DDS,MEM000189,FAC015,2026-02-22T15:00:00,99213,104.48,Chennai,CLEAN
CLM-D2662C7B,1000000039,Dr. Brittany Farmer,MEM000701,FAC035,2026-04-06T09:00:00,71045,74.55,Chennai,CLEAN
CLM-08126A61,1000000025,Dr. Judy Baker,MEM000482,FAC035,2026-06-25T15:00:00,99214,162.38,Chennai,CLEAN
CLM-E4250387,1000000171,Dr. Darlene Miller,MEM000385,FAC029,2026-06-30T12:00:00,99213,97.75,Chennai,CLEAN
CLM-306B96CD,1000000081,Dr. Mike Allen,MEM000781,FAC008,2026-04-13T14:00:00,99215,234.07,Chennai,CLEAN
CLM-5189659E,1000000186,Dr. Jonathan Peterson,MEM000893,FAC027,2026-06-02T15:00:00,93000,54.86,Chennai,CLEAN
CLM-518A0834,1000000125,Dr. Erin Edwards,MEM000685,FAC047,2026-05-31T09:00:00,99214,161.57,Chennai,CLEAN
CLM-E8C07C80,1000000045,Dr. Philip Cannon,MEM000786,FAC015,2026-04-05T14:00:00,99215,220.06,Chennai,CLEAN
CLM-D44150C9,1000000000,Dr. Allison Hill,MEM000625,FAC038,2026-04-12T10:00:00,99214,139.14,Chennai,CLEAN
CLM-1750625B,1000000048,Dr. Joshua Blair,MEM000045,FAC013,2026-03-19T15:00:00,99213,96.79,Chennai,CLEAN
CLM-F96F6B1C,1000000167,Dr. Alyssa Day,MEM000184,FAC027,2026-02-08T13:00:00,99215,215.02,Chennai,CLEAN
CLM-BF7F4B61,1000000123,Dr. Michelle Harmon,MEM000035,FAC016,2026-04-18T11:00:00,99214,146.95,Chennai,CLEAN
CLM-84E1A807,1000000132,Dr. Mary Marshall,MEM000854,FAC006,2026-04-30T10:00:00,99215,228.19,Chennai,CLEAN
CLM-457C4575,1000000025,Dr. Judy Baker,MEM000671,FAC025,2026-01-04T11:00:00,99215,203.66,Chennai,CLEAN
CLM-CF99FDDC,1000000129,Dr. Megan Orr,MEM000393,FAC043,2026-04-27T09:00:00,71045,82.46,Chennai,CLEAN
CLM-12B79E8D,1000000171,Dr. Darlene Miller,MEM000411,FAC027,2026-01-14T13:00:00,71045,76.14,Chennai,CLEAN
CLM-D22BABE1,1000000162,Dr. Lindsey Walker,MEM000118,FAC038,2026-04-26T17:00:00,99215,232.36,Chennai,CLEAN
CLM-547643C3,1000000182,Dr. Angela Vaughn,MEM000343,FAC034,2026-04-04T10:00:00,99214,164.42,Chennai,CLEAN
CLM-3B29A97E,1000000136,Dr. Robert Potter,MEM000777,FAC024,2026-06-22T10:00:00,99214,135.21,Chennai,CLEAN
CLM-99D7CD84,1000000181,Dr. Tina Sanders,MEM000604,FAC016,2026-02-20T17:00:00,93000,62.73,Chennai,CLEAN
CLM-D5993D99,1000000116,Dr. William Herrera,MEM000445,FAC003,2026-04-29T13:00:00,99213,92.43,Chennai,CLEAN
CLM-84B896E9,1000000125,Dr. Erin Edwards,MEM000471,FAC023,2026-01-13T14:00:00,99215,216.73,Chennai,CLEAN
CLM-C2D14D45,1000000172,Dr. Joshua Cooke,MEM000303,FAC049,2026-01-07T17:00:00,99215,205.86,Chennai,CLEAN
CLM-F0435701,1000000091,Dr. Brian Rodriguez,MEM000427,FAC001,2026-04-25T14:00:00,99215,225.98,Chennai,CLEAN
CLM-1F0D3A55,1000000152,Dr. Denise Jones,MEM000114,FAC022,2026-01-10T17:00:00,71045,75.98,Chennai,CLEAN
CLM-99DF9A8D,1000000021,Dr. Patty Perez,MEM000547,FAC006,2026-02-02T11:00:00,71045,78.9,Chennai,CLEAN
CLM-60F1DA48,1000000070,Dr. Jordan Henderson,MEM000353,FAC029,2026-06-26T12:00:00,93000,60.83,Chennai,CLEAN
CLM-73000849,1000000010,Dr. Monica Herrera,MEM000078,FAC020,2026-04-06T09:00:00,99214,153.28,Chennai,CLEAN
CLM-970727E0,1000000185,Dr. Dr. Hannah Patterson,MEM000653,FAC006,2026-04-08T17:00:00,99213,96.76,Chennai,CLEAN
CLM-C7F90D0E,1000000163,Dr. Jeffrey Johnson,MEM000767,FAC019,2026-04-19T15:00:00,99213,93.68,Chennai,CLEAN
CLM-0C0C16F6,1000000191,Dr. Karen Graham,MEM000263,FAC046,2026-06-17T10:00:00,71045,87.44,Chennai,CLEAN
CLM-7C23EADD,1000000049,Dr. Eric Carney,MEM000584,FAC016,2026-03-19T17:00:00,93000,64.25,Chennai,CLEAN
CLM-7D9A675B,1000000062,Dr. Connor West,MEM000710,FAC003,2026-04-06T16:00:00,99214,157.82,Chennai,CLEAN
CLM-1EBE93D0,1000000111,Dr. Shannon Walker,MEM000281,FAC047,2026-06-26T11:00:00,99215,220.07,Chennai,CLEAN
CLM-EC30C0FA,1000000011,Dr. Jamie Arnold,MEM000619,FAC025,2026-02-16T13:00:00,99215,198.22,Chennai,CLEAN
CLM-F63BBA3D,1000000053,Dr. Mark Perez,MEM000019,FAC026,2026-06-18T11:00:00,99215,209.75,Chennai,CLEAN
CLM-8742EB3E,1000000153,Dr. Devon Flores,MEM000809,FAC040,2026-03-23T10:00:00,99214,141.74,Chennai,CLEAN
CLM-5B80DF08,1000000181,Dr. Tina Sanders,MEM000332,FAC014,2026-01-17T13:00:00,93000,63.92,Chennai,CLEAN
CLM-E12A8077,1000000150,Dr. David Wright,MEM000430,FAC040,2026-06-02T14:00:00,93000,58.67,Chennai,CLEAN
CLM-70C3F4B3,1000000142,Dr. Patricia Rodriguez,MEM000012,FAC021,2026-03-29T14:00:00,99215,234.2,Chennai,CLEAN
CLM-8EB21E12,1000000038,Dr. Elizabeth Fowler,MEM000473,FAC047,2026-05-08T12:00:00,93000,62.37,Chennai,CLEAN
CLM-0CDD3BA2,1000000172,Dr. Joshua Cooke,MEM000399,FAC016,2026-04-14T09:00:00,93000,65.61,Chennai,CLEAN
CLM-1C69B59B,1000000161,Dr. Jennifer Adkins,MEM000498,FAC035,2026-03-30T10:00:00,99214,157.44,Chennai,CLEAN
CLM-A54FB8A4,1000000135,Dr. Jose Schultz,MEM000378,FAC019,2026-03-16T14:00:00,71045,82.79,Chennai,CLEAN
CLM-AFD83705,1000000007,Dr. Gina Moore,MEM000159,FAC039,2026-05-30T11:00:00,93000,58.22,Chennai,CLEAN
CLM-BC408B9F,1000000110,Dr. Richard Rodriguez,MEM000425,FAC048,2026-01-06T13:00:00,93000,62.93,Chennai,CLEAN
CLM-3E375451,1000000060,Dr. Victoria Garcia,MEM000384,FAC034,2026-02-03T15:00:00,93000,65.39,Chennai,CLEAN
CLM-46B79A4C,1000000031,Dr. James Ferrell,MEM000099,FAC025,2026-02-25T12:00:00,99213,101.41,Chennai,CLEAN
CLM-93564EBD,1000000045,Dr. Philip Cannon,MEM000885,FAC010,2026-04-13T17:00:00,71045,77.63,Chennai,CLEAN
CLM-B6E2C698,1000000055,Dr. Michael Lewis,MEM000428,FAC038,2026-03-13T14:00:00,99215,225.73,Chennai,CLEAN
CLM-F532E393,1000000170,Dr. Jamie Walton,MEM000905,FAC043,2026-06-12T14:00:00,93000,60.43,Chennai,CLEAN
CLM-263B124D,1000000100,Dr. Sandra Aguilar,MEM000230,FAC025,2026-05-07T16:00:00,99215,234.35,Chennai,CLEAN
CLM-266A6D81,1000000115,Dr. Diana May,MEM000160,FAC011,2026-04-13T13:00:00,99213,100.65,Chennai,CLEAN
CLM-31484D4B,1000000085,Dr. Daniel Baker,MEM000781,FAC029,2026-06-17T11:00:00,99213,97.67,Chennai,CLEAN
CLM-24275C42,1000000167,Dr. Alyssa Day,MEM000428,FAC026,2026-04-16T12:00:00,99213,102.38,Chennai,CLEAN
CLM-97B5758D,1000000035,Dr. Jeffrey Chavez,MEM000624,FAC039,2026-05-09T10:00:00,93000,60.85,Chennai,CLEAN
CLM-E03C8BBE,1000000104,Dr. Richard Henson,MEM000968,FAC001,2026-03-25T12:00:00,99214,152.08,Chennai,CLEAN
CLM-076EC063,1000000120,Dr. Larry Dixon,MEM000700,FAC005,2026-04-05T09:00:00,93000,64.6,Chennai,CLEAN
CLM-AAB7F752,1000000167,Dr. Alyssa Day,MEM000398,FAC035,2026-05-11T12:00:00,99214,148.73,Chennai,CLEAN
CLM-F8CCB2CA,1000000185,Dr. Dr. Hannah Patterson,MEM000895,FAC015,2026-02-14T16:00:00,99214,144.68,Chennai,CLEAN
CLM-3CB93F08,1000000075,Dr. Sarah Moore,MEM000066,FAC001,2026-02-22T16:00:00,71045,75.92,Chennai,CLEAN
CLM-C26AF8E6,1000000154,Dr. Brenda Hall,MEM000454,FAC015,2026-02-15T16:00:00,93000,61.7,Chennai,CLEAN
CLM-6540C142,1000000154,Dr. Brenda Hall,MEM000857,FAC021,2026-02-10T12:00:00,71045,83.55,Chennai,CLEAN
CLM-0CDA14C4,1000000017,Dr. Derek Zuniga,MEM000007,FAC047,2026-01-09T15:00:00,93000,65.95,Chennai,CLEAN
CLM-85B38919,1000000098,Dr. Jessica Smith,MEM000072,FAC026,2026-03-08T17:00:00,99213,104.32,Chennai,CLEAN
CLM-24B18E04,1000000155,Dr. Michelle Brown,MEM000662,FAC034,2026-01-07T16:00:00,71045,85.24,Chennai,CLEAN
CLM-1997E795,1000000015,Dr. Brian Ramirez,MEM000299,FAC025,2026-01-11T14:00:00,71045,83.47,Chennai,CLEAN
CLM-01E76284,1000000130,Dr. Elizabeth Kelley,MEM000644,FAC041,2026-04-23T15:00:00,99213,92.07,Chennai,CLEAN
CLM-1EF12B09,1000000067,Dr. Carol Tucker,MEM000776,FAC037,2026-01-29T11:00:00,99215,216.17,Chennai,CLEAN
CLM-B9F6A1A7,1000000086,Dr. Shirley Suarez,MEM000145,FAC015,2026-05-04T12:00:00,99215,202.27,Chennai,CLEAN
CLM-B0A0795A,1000000164,Dr. Michael Powell,MEM000710,FAC004,2026-04-28T16:00:00,99214,157.71,Chennai,CLEAN
CLM-FC110FAC,1000000087,Dr. Christopher Bass,MEM000302,FAC044,2026-04-24T14:00:00,71045,83.19,Chennai,CLEAN
CLM-D6BC6B47,1000000145,Dr. Joyce Solis,MEM000281,FAC038,2026-01-10T11:00:00,99214,150.65,Chennai,CLEAN
CLM-4E47EB4D,1000000006,Dr. Abigail Shaffer,MEM000226,FAC023,2026-05-25T14:00:00,99215,211.49,Chennai,CLEAN
CLM-10D5B4B0,1000000183,Dr. Ashley Barton,MEM000162,FAC036,2026-06-12T13:00:00,71045,83.41,Chennai,CLEAN
CLM-57258BAE,1000000172,Dr. Joshua Cooke,MEM000301,FAC009,2026-06-27T11:00:00,99214,153.22,Chennai,CLEAN
CLM-9DA95746,1000000098,Dr. Jessica Smith,MEM000263,FAC040,2026-02-28T09:00:00,99214,152.5,Chennai,CLEAN
CLM-B99FE1DA,1000000037,Dr. Cassandra Gaines,MEM000598,FAC000,2026-03-08T14:00:00,93000,62.95,Chennai,CLEAN
CLM-E75D5DBC,1000000132,Dr. Mary Marshall,MEM000415,FAC030,2026-06-08T11:00:00,99215,226.33,Chennai,CLEAN
CLM-A94959A6,1000000150,Dr. David Wright,MEM000873,FAC032,2026-03-22T17:00:00,99215,214.63,Chennai,CLEAN
CLM-9CAEB722,1000000124,Dr. Helen Jones,MEM000663,FAC010,2026-05-15T16:00:00,99214,149.52,Chennai,CLEAN
CLM-18AB3416,1000000097,Dr. Deborah Figueroa,MEM000014,FAC042,2026-01-17T14:00:00,99214,144.28,Chennai,CLEAN
CLM-08D2B28E,1000000057,Dr. Richard Aguirre,MEM000153,FAC017,2026-06-05T10:00:00,99214,145.7,Chennai,CLEAN
CLM-6EDC51E2,1000000117,Dr. Ashley Waller,MEM000583,FAC040,2026-01-04T17:00:00,99214,157.24,Chennai,CLEAN
CLM-99CF5DD1,1000000093,Dr. Christina Walters,MEM000680,FAC002,2026-04-13T10:00:00,99215,220.33,Chennai,CLEAN
CLM-6AEA8097,1000000069,Dr. William Baker,MEM000566,FAC034,2026-05-18T10:00:00,99213,98.93,Chennai,CLEAN
CLM-A2B53C9E,1000000133,Dr. Daniel Kennedy,MEM000253,FAC015,2026-03-07T11:00:00,99214,141.85,Chennai,CLEAN
CLM-B4F5A2DE,1000000183,Dr. Ashley Barton,MEM000467,FAC011,2026-01-11T13:00:00,93000,57.33,Chennai,CLEAN
CLM-FEA377B1,1000000190,Dr. Debra Morton,MEM000194,FAC046,2026-01-17T11:00:00,93000,57.63,Chennai,CLEAN
CLM-29AA8622,1000000053,Dr. Mark Perez,MEM000233,FAC015,2026-05-30T16:00:00,71045,73.57,Chennai,CLEAN
CLM-D9C9AD76,1999999999,Dr. Synthetic-A (Phantom),MEM000052,FAC020,2026-06-12T10:00:00,99214,149.35,Chennai,CLEAN
CLM-55A16D96,1000000113,Dr. Crystal Johnson,MEM000085,FAC030,2026-02-20T10:00:00,93000,61.07,Chennai,CLEAN
CLM-E22DC1A4,1000000153,Dr. Devon Flores,MEM000498,FAC019,2026-05-26T09:00:00,93000,59.16,Chennai,CLEAN
CLM-880BF66D,1000000028,Dr. Zachary Hicks,MEM000737,FAC028,2026-06-14T12:00:00,93000,63.67,Chennai,CLEAN
CLM-A25FA698,1000000157,Dr. Jason Stein,MEM000773,FAC029,2026-01-01T13:00:00,71045,81.62,Chennai,CLEAN
CLM-47EF0535,1000000126,Dr. Michelle Evans,MEM000646,FAC011,2026-03-26T17:00:00,71045,80.23,Chennai,CLEAN
CLM-B99D252B,1000000165,Dr. John Anderson,MEM000306,FAC016,2026-05-17T12:00:00,99215,210.11,Chennai,CLEAN
CLM-00E784C6,1000000143,Dr. Christopher Rubio,MEM000515,FAC019,2026-06-10T16:00:00,99213,109.54,Chennai,CLEAN
CLM-6DB39945,1000000046,Dr. John Pierce,MEM000499,FAC000,2026-03-23T17:00:00,71045,79.93,Chennai,CLEAN
CLM-B36B0B48,1000000045,Dr. Philip Cannon,MEM000067,FAC048,2026-04-21T13:00:00,99213,108.51,Chennai,CLEAN
CLM-86AF2BCF,1000000113,Dr. Crystal Johnson,MEM000350,FAC040,2026-06-25T17:00:00,99214,140.81,Chennai,CLEAN
CLM-CF258FE8,1000000027,Dr. Stephanie Ross,MEM000781,FAC014,2026-02-24T13:00:00,93000,57.66,Chennai,CLEAN
CLM-38F72CDA,1000000196,Dr. Daniel Salinas,MEM000543,FAC030,2026-01-27T13:00:00,93000,56.52,Chennai,CLEAN
CLM-E7453376,1000000172,Dr. Joshua Cooke,MEM000158,FAC020,2026-02-10T12:00:00,71045,84.57,Chennai,CLEAN
CLM-EB2B0441,1000000040,Dr. Paula Moreno,MEM000624,FAC042,2026-02-10T14:00:00,93000,65.77,Chennai,CLEAN
CLM-1790CC0A,1000000167,Dr. Alyssa Day,MEM000609,FAC026,2026-03-10T12:00:00,99215,218.77,Chennai,CLEAN
CLM-3687B49A,1000000077,Dr. Megan Young,MEM000379,FAC009,2026-03-20T14:00:00,99215,234.49,Chennai,CLEAN
CLM-8B0DC358,1000000080,Dr. Kelly Donovan,MEM000460,FAC019,2026-04-19T15:00:00,71045,72.09,Chennai,CLEAN
CLM-F274D254,1000000103,Dr. Christine Wright,MEM000056,FAC026,2026-04-01T11:00:00,71045,84.27,Chennai,CLEAN
CLM-EB1DA865,1000000004,Dr. Cristian Santos,MEM000838,FAC045,2026-02-21T12:00:00,99215,210.97,Chennai,CLEAN
CLM-F01DAD63,1000000095,Dr. Anna Henderson,MEM000024,FAC020,2026-04-20T15:00:00,99215,222.55,Chennai,CLEAN
CLM-E2A4DA43,1000000189,Dr. Jessica Gross,MEM000204,FAC013,2026-06-08T17:00:00,71045,85.7,Chennai,CLEAN
CLM-783B4415,1000000027,Dr. Stephanie Ross,MEM000076,FAC015,2026-02-11T14:00:00,71045,87.06,Chennai,CLEAN
CLM-D844B809,1000000151,Dr. Pamela Boyd,MEM000481,FAC002,2026-06-18T15:00:00,71045,76.0,Chennai,CLEAN
CLM-F7002D2A,1000000155,Dr. Michelle Brown,MEM000600,FAC024,2026-01-16T10:00:00,99213,102.79,Chennai,CLEAN
CLM-7D4C0575,1000000070,Dr. Jordan Henderson,MEM000550,FAC023,2026-04-23T13:00:00,99213,99.44,Chennai,CLEAN
CLM-AFBDADCB,1000000191,Dr. Karen Graham,MEM000075,FAC020,2026-04-16T11:00:00,99214,152.69,Chennai,CLEAN
CLM-F833A59A,1000000146,Dr. Victoria Larson,MEM000204,FAC035,2026-01-23T16:00:00,99214,144.84,Chennai,CLEAN
CLM-8722C6CE,1000000139,Dr. Angel Perry,MEM000781,FAC042,2026-03-08T17:00:00,93000,63.81,Chennai,CLEAN
CLM-14D856AD,1000000176,Dr. Michael Elliott,MEM000022,FAC008,2026-01-18T14:00:00,99215,237.82,Chennai,CLEAN
CLM-AC84B29E,1000000114,Dr. Garrett Lin,MEM000765,FAC013,2026-02-17T14:00:00,71045,75.64,Chennai,CLEAN
CLM-D3F934F4,1000000092,Dr. Denise Jacobs,MEM000341,FAC012,2026-06-23T13:00:00,99215,224.56,Chennai,CLEAN
CLM-69B1EC11,1000000005,Dr. Connie Lawrence,MEM000143,FAC007,2026-06-14T15:00:00,71045,78.34,Chennai,CLEAN
CLM-C8750EE3,1000000124,Dr. Helen Jones,MEM000817,FAC003,2026-05-16T09:00:00,93000,58.48,Chennai,CLEAN
CLM-964A4534,1000000144,Dr. Amber Wright,MEM000447,FAC002,2026-05-10T14:00:00,93000,59.9,Chennai,CLEAN
CLM-D9B27C35,1000000147,Dr. Stephanie Salazar,MEM000341,FAC040,2026-01-18T10:00:00,93000,55.11,Chennai,CLEAN
CLM-FCE0519C,1000000142,Dr. Patricia Rodriguez,MEM000799,FAC007,2026-05-17T11:00:00,93000,64.16,Chennai,CLEAN
CLM-B17A9596,1000000022,Dr. Ethan Adams,MEM000587,FAC029,2026-06-06T12:00:00,99213,105.34,Chennai,CLEAN
CLM-5E985AD1,1000000110,Dr. Richard Rodriguez,MEM000837,FAC017,2026-04-30T16:00:00,99214,154.51,Chennai,CLEAN
CLM-459CA5A4,1000000018,Dr. Lisa Jackson,MEM000186,FAC041,2026-05-28T14:00:00,71045,80.44,Chennai,CLEAN
CLM-995EE2E4,1000000177,Dr. Michael Wang,MEM000757,FAC027,2026-01-06T15:00:00,93000,57.53,Chennai,CLEAN
CLM-8CAB955F,1000000159,Dr. Jamie Smith,MEM000848,FAC024,2026-01-05T09:00:00,99214,144.67,Chennai,CLEAN
CLM-6EB55E4D,1000000038,Dr. Elizabeth Fowler,MEM000265,FAC014,2026-05-30T14:00:00,93000,59.49,Chennai,CLEAN
CLM-33B2BD82,1000000170,Dr. Jamie Walton,MEM000205,FAC049,2026-05-28T14:00:00,93000,55.83,Chennai,CLEAN
CLM-5CC1FF69,1000000197,Dr. Spencer Haynes,MEM000151,FAC013,2026-03-20T11:00:00,99213,90.52,Chennai,CLEAN
CLM-939B26F2,1000000154,Dr. Brenda Hall,MEM000967,FAC002,2026-02-02T17:00:00,99215,240.01,Chennai,CLEAN
CLM-0BAB780C,1000000083,Dr. Paul Jones,MEM000891,FAC020,2026-02-28T12:00:00,99214,144.09,Chennai,CLEAN
CLM-1B20927C,1000000108,Dr. Evelyn Galvan,MEM000277,FAC014,2026-02-25T14:00:00,99213,92.75,Chennai,CLEAN
CLM-4899B6BB,1000000112,Dr. Julia Torres,MEM000126,FAC024,2026-01-07T16:00:00,99214,146.41,Chennai,CLEAN
CLM-B43D2CE6,1000000114,Dr. Garrett Lin,MEM000449,FAC025,2026-02-20T12:00:00,71045,81.44,Chennai,CLEAN
CLM-F4C93F4E,1000000031,Dr. James Ferrell,MEM000095,FAC011,2026-05-10T17:00:00,99213,93.26,Chennai,CLEAN
CLM-6912246C,1000000053,Dr. Mark Perez,MEM000123,FAC031,2026-06-04T14:00:00,99215,216.27,Chennai,CLEAN
CLM-DAD8B6E4,1000000053,Dr. Mark Perez,MEM000092,FAC032,2026-04-03T16:00:00,99215,220.38,Chennai,CLEAN
CLM-4ED4FA54,1000000116,Dr. William Herrera,MEM000016,FAC000,2026-04-08T15:00:00,71045,87.39,Chennai,CLEAN
CLM-CC2D20AF,1000000025,Dr. Judy Baker,MEM000363,FAC023,2026-03-21T10:00:00,71045,87.14,Chennai,CLEAN
CLM-784DDE14,1000000166,Dr. Alyssa Long,MEM000307,FAC014,2026-06-29T10:00:00,71045,86.02,Chennai,CLEAN
CLM-18E51952,1000000004,Dr. Cristian Santos,MEM000974,FAC017,2026-06-15T14:00:00,99213,92.81,Chennai,CLEAN
CLM-5C73B7E8,1000000063,Dr. Donald Wright,MEM000181,FAC036,2026-01-03T11:00:00,93000,55.87,Chennai,CLEAN
CLM-AE207ACC,1000000177,Dr. Michael Wang,MEM000481,FAC048,2026-01-10T09:00:00,93000,63.63,Chennai,CLEAN
CLM-05593FC3,1000000189,Dr. Jessica Gross,MEM000676,FAC018,2026-04-06T15:00:00,99214,147.58,Chennai,CLEAN
CLM-32441420,1000000044,Dr. Angelica Tucker,MEM000958,FAC033,2026-02-08T11:00:00,99215,236.68,Chennai,CLEAN
CLM-0D98C636,1000000028,Dr. Zachary Hicks,MEM000805,FAC010,2026-01-08T16:00:00,99214,144.18,Chennai,CLEAN
CLM-A3EEEC57,1000000160,Dr. Paul Castaneda,MEM000382,FAC016,2026-06-09T14:00:00,99213,105.67,Chennai,CLEAN
CLM-214FCAE2,1000000084,Dr. Zachary Ferrell,MEM000029,FAC030,2026-01-09T11:00:00,71045,72.74,Chennai,CLEAN
CLM-F840249C,1000000096,Dr. Aaron Wise,MEM000780,FAC038,2026-05-15T11:00:00,99214,138.0,Chennai,CLEAN
CLM-A9FA2EFA,1000000089,Dr. Aimee Montoya,MEM000918,FAC014,2026-01-24T15:00:00,99213,92.25,Chennai,CLEAN
CLM-2FCB7504,1000000121,Dr. Kenneth Scott,MEM000475,FAC026,2026-05-18T16:00:00,99214,160.71,Chennai,CLEAN
CLM-2ED93177,1000000163,Dr. Jeffrey Johnson,MEM000000,FAC019,2026-05-02T16:00:00,99215,203.64,Chennai,CLEAN
CLM-292F72C4,1000000168,Dr. Joel Williams,MEM000552,FAC023,2026-06-07T10:00:00,71045,79.88,Chennai,CLEAN
CLM-14930A9D,1000000146,Dr. Victoria Larson,MEM000200,FAC008,2026-02-26T17:00:00,99214,159.16,Chennai,CLEAN
CLM-060423A6,1000000036,Dr. Sherri Baker,MEM000230,FAC042,2026-01-22T10:00:00,71045,76.52,Chennai,CLEAN
CLM-9E822B9E,1000000157,Dr. Jason Stein,MEM000107,FAC015,2026-02-27T13:00:00,99214,156.9,Chennai,CLEAN
CLM-45C2876C,1000000077,Dr. Megan Young,MEM000336,FAC045,2026-04-29T17:00:00,93000,60.93,Chennai,CLEAN
CLM-F71D398A,1000000068,Dr. James Brown,MEM000778,FAC008,2026-03-25T15:00:00,99215,227.09,Chennai,CLEAN
CLM-4846C12F,1000000148,Dr. Kathy Rivas,MEM000754,FAC002,2026-04-09T09:00:00,99214,164.39,Chennai,CLEAN
CLM-BAA27098,1000000003,Dr. Daniel Wagner,MEM000146,FAC040,2026-01-09T12:00:00,99214,146.9,Chennai,CLEAN
CLM-18118BBC,1000000002,Dr. Angie Henderson,MEM000585,FAC030,2026-05-04T14:00:00,99214,153.86,Chennai,CLEAN
CLM-5DBF7044,1000000147,Dr. Stephanie Salazar,MEM000415,FAC028,2026-02-24T16:00:00,93000,57.15,Chennai,CLEAN
CLM-89C71172,1000000112,Dr. Julia Torres,MEM000120,FAC047,2026-03-13T17:00:00,99215,212.84,Chennai,CLEAN
CLM-3F2808C1,1000000047,Dr. Shane Henderson,MEM000261,FAC021,2026-05-05T17:00:00,71045,82.61,Chennai,CLEAN
CLM-63931740,1000000171,Dr. Darlene Miller,MEM000876,FAC021,2026-05-13T13:00:00,99213,105.64,Chennai,CLEAN
CLM-E6ACAE46,1000000109,Dr. Sharon Cochran,MEM000657,FAC001,2026-05-20T11:00:00,99213,94.54,Chennai,CLEAN
CLM-0ACC6034,1000000117,Dr. Ashley Waller,MEM000849,FAC007,2026-01-31T17:00:00,99215,203.56,Chennai,CLEAN
CLM-96C39CC5,1000000088,Dr. Lisa Archer,MEM000314,FAC028,2026-04-22T17:00:00,99213,109.33,Chennai,CLEAN
CLM-40C1F08F,1000000129,Dr. Megan Orr,MEM000186,FAC025,2026-05-11T12:00:00,99214,160.2,Chennai,CLEAN
CLM-D2E89725,1000000056,Dr. Timothy Duncan,MEM000794,FAC001,2026-02-20T14:00:00,93000,61.21,Chennai,CLEAN
CLM-F6FBB0BC,1000000038,Dr. Elizabeth Fowler,MEM000576,FAC033,2026-05-15T09:00:00,93000,58.35,Chennai,CLEAN
CLM-34000405,1000000058,Dr. Brent Jordan,MEM000710,FAC033,2026-02-12T14:00:00,99214,138.0,Chennai,CLEAN
CLM-0F1C927A,1000000042,Dr. Sherry Decker,MEM000650,FAC040,2026-06-08T12:00:00,99214,151.22,Chennai,CLEAN
CLM-B84DDCCD,1000000156,Dr. Joshua Perry,MEM000434,FAC012,2026-03-13T09:00:00,71045,76.74,Chennai,CLEAN
CLM-D9C54781,1000000133,Dr. Daniel Kennedy,MEM000995,FAC026,2026-05-02T16:00:00,99215,203.99,Chennai,CLEAN
CLM-88880658,1000000076,Dr. Angela Lopez,MEM000000,FAC004,2026-03-06T17:00:00,99215,207.19,Chennai,CLEAN
CLM-887A4302,1000000187,Dr. Samantha Garcia,MEM000627,FAC038,2026-01-18T09:00:00,71045,74.24,Chennai,CLEAN
CLM-FCF354C6,1000000123,Dr. Michelle Harmon,MEM000842,FAC010,2026-03-04T15:00:00,99214,154.38,Chennai,CLEAN
CLM-38611C11,1000000100,Dr. Sandra Aguilar,MEM000605,FAC012,2026-03-05T14:00:00,99213,94.53,Chennai,CLEAN
CLM-8DF8AF3C,1000000070,Dr. Jordan Henderson,MEM000143,FAC025,2026-02-01T11:00:00,99214,148.3,Chennai,CLEAN
CLM-B72E1B6E,1000000172,Dr. Joshua Cooke,MEM000282,FAC048,2026-03-25T09:00:00,99213,100.41,Chennai,CLEAN
CLM-4823FF6F,1000000134,Dr. Rebecca Jackson,MEM000105,FAC049,2026-06-10T16:00:00,99214,154.81,Chennai,CLEAN
CLM-CFC57E8C,1000000076,Dr. Angela Lopez,MEM000841,FAC007,2026-05-19T16:00:00,99214,137.11,Chennai,CLEAN
CLM-508002CC,1000000193,Dr. Angelica Keith,MEM000932,FAC046,2026-03-29T13:00:00,99213,97.63,Chennai,CLEAN
CLM-299B94D3,1000000065,Dr. Amber Kidd,MEM000115,FAC040,2026-04-30T15:00:00,93000,56.02,Chennai,CLEAN
CLM-DFAF75B6,1000000181,Dr. Tina Sanders,MEM000708,FAC031,2026-03-16T12:00:00,93000,55.24,Chennai,CLEAN
CLM-CFFB92F3,1000000187,Dr. Samantha Garcia,MEM000617,FAC038,2026-04-03T12:00:00,71045,85.39,Chennai,CLEAN
CLM-9585DA62,1000000110,Dr. Richard Rodriguez,MEM000431,FAC003,2026-06-13T10:00:00,99215,235.06,Chennai,CLEAN
CLM-5DF8B5C9,1000000187,Dr. Samantha Garcia,MEM000282,FAC016,2026-06-13T17:00:00,99215,216.46,Chennai,CLEAN
CLM-386A3412,1000000064,Dr. Jessica Callahan,MEM000365,FAC005,2026-01-04T10:00:00,71045,75.88,Chennai,CLEAN
CLM-48647064,1000000126,Dr. Michelle Evans,MEM000226,FAC037,2026-04-22T13:00:00,99213,109.95,Chennai,CLEAN
CLM-E91EDCA2,1000000181,Dr. Tina Sanders,MEM000499,FAC035,2026-06-05T15:00:00,93000,60.23,Chennai,CLEAN
CLM-07E2D91E,1000000170,Dr. Jamie Walton,MEM000391,FAC002,2026-06-04T10:00:00,93000,64.06,Chennai,CLEAN
CLM-49C899CB,1000000164,Dr. Michael Powell,MEM000976,FAC006,2026-05-28T10:00:00,99213,109.33,Chennai,CLEAN
CLM-042D9605,1000000061,Dr. Gerald Hensley,MEM000369,FAC037,2026-06-22T15:00:00,71045,83.49,Chennai,CLEAN
CLM-36B01CA4,1000000010,Dr. Monica Herrera,MEM000355,FAC041,2026-04-23T16:00:00,93000,64.36,Chennai,CLEAN
CLM-F5B521B3,1000000009,Dr. Ryan Munoz,MEM000962,FAC025,2026-06-10T15:00:00,99213,94.32,Chennai,CLEAN
CLM-DC183C50,1000000046,Dr. John Pierce,MEM000024,FAC040,2026-03-26T10:00:00,99215,238.51,Chennai,CLEAN
CLM-61E07088,1000000007,Dr. Gina Moore,MEM000746,FAC029,2026-03-06T14:00:00,99215,213.5,Chennai,CLEAN
CLM-9B484795,1000000063,Dr. Donald Wright,MEM000283,FAC028,2026-01-13T14:00:00,71045,83.19,Chennai,CLEAN
CLM-FC1A8CB2,1000000162,Dr. Lindsey Walker,MEM000269,FAC049,2026-02-11T12:00:00,93000,63.25,Chennai,CLEAN
CLM-02931E19,1000000140,Dr. Cheyenne Horton,MEM000663,FAC020,2026-04-13T14:00:00,99214,160.34,Chennai,CLEAN
CLM-8B840426,1000000022,Dr. Ethan Adams,MEM000341,FAC022,2026-06-07T17:00:00,99214,144.5,Chennai,CLEAN
CLM-6D6F22F3,1000000078,Dr. Steve Sanchez,MEM000103,FAC046,2026-01-24T15:00:00,99215,225.36,Chennai,CLEAN
CLM-59DF5BF3,1000000163,Dr. Jeffrey Johnson,MEM000190,FAC048,2026-04-08T12:00:00,99215,235.66,Chennai,CLEAN
CLM-806E62C3,1000000124,Dr. Helen Jones,MEM000359,FAC021,2026-04-23T14:00:00,99214,163.78,Chennai,CLEAN
CLM-ABC4D93F,1000000082,Dr. Michael Evans,MEM000016,FAC007,2026-02-18T13:00:00,93000,62.4,Chennai,CLEAN
CLM-1B91F356,1000000143,Dr. Christopher Rubio,MEM000303,FAC048,2026-05-24T17:00:00,99214,146.94,Chennai,CLEAN
CLM-E71BA6A7,1000000178,Dr. Lawrence Adkins,MEM000077,FAC012,2026-01-24T10:00:00,93000,64.98,Chennai,CLEAN
CLM-D60E53BA,1000000169,Dr. Daniel Murphy,MEM000414,FAC016,2026-02-07T14:00:00,93000,58.25,Chennai,CLEAN
CLM-8BBFD017,1000000034,Dr. Debra Davidson,MEM000943,FAC024,2026-01-27T13:00:00,93000,60.84,Chennai,CLEAN
CLM-C8E62CBC,1000000021,Dr. Patty Perez,MEM000331,FAC014,2026-04-24T09:00:00,99214,151.44,Chennai,CLEAN
CLM-F0CCDA76,1000000170,Dr. Jamie Walton,MEM000280,FAC001,2026-05-07T12:00:00,99214,142.36,Chennai,CLEAN
CLM-9C65469E,1000000057,Dr. Richard Aguirre,MEM000450,FAC041,2026-02-25T11:00:00,99213,95.94,Chennai,CLEAN
CLM-ED90CFF6,1000000005,Dr. Connie Lawrence,MEM000878,FAC039,2026-05-04T16:00:00,71045,80.9,Chennai,CLEAN
CLM-CE63130B,1000000145,Dr. Joyce Solis,MEM000196,FAC026,2026-02-17T17:00:00,93000,58.8,Chennai,CLEAN
CLM-6BD8165F,1000000147,Dr. Stephanie Salazar,MEM000909,FAC024,2026-03-08T14:00:00,99215,216.98,Chennai,CLEAN
CLM-11FFD8DD,1000000093,Dr. Christina Walters,MEM000921,FAC015,2026-03-23T17:00:00,99215,201.39,Chennai,CLEAN
CLM-6C549728,1000000177,Dr. Michael Wang,MEM000137,FAC020,2026-06-29T12:00:00,93000,60.95,Chennai,CLEAN
CLM-D235149D,1000000024,Dr. Matthew Foster,MEM000939,FAC032,2026-05-02T17:00:00,99215,202.61,Chennai,CLEAN
CLM-61D8DBE5,1000000154,Dr. Brenda Hall,MEM000233,FAC046,2026-03-31T17:00:00,99214,148.96,Chennai,CLEAN
CLM-31652BD1,1000000147,Dr. Stephanie Salazar,MEM000856,FAC003,2026-04-28T16:00:00,71045,81.46,Chennai,CLEAN
CLM-5A9F6F04,1000000016,Dr. Holly Wood,MEM000976,FAC010,2026-01-06T17:00:00,71045,80.94,Chennai,CLEAN
CLM-5D6C00CA,1000000014,Dr. Dylan Miller,MEM000917,FAC022,2026-05-03T11:00:00,99213,103.64,Chennai,CLEAN
CLM-F010C53B,1000000016,Dr. Holly Wood,MEM000977,FAC046,2026-03-12T13:00:00,99213,104.27,Chennai,CLEAN
CLM-C7B0F270,1000000125,Dr. Erin Edwards,MEM000441,FAC045,2026-02-04T15:00:00,99214,154.85,Chennai,CLEAN
CLM-E6DB3FFA,1000000079,Dr. Lisa Barnes,MEM000551,FAC044,2026-06-22T13:00:00,99215,208.23,Chennai,CLEAN
CLM-2E55F684,1000000130,Dr. Elizabeth Kelley,MEM000968,FAC026,2026-02-06T17:00:00,93000,57.77,Chennai,CLEAN
CLM-8F4A9F22,1000000001,Dr. Noah Rhodes,MEM000994,FAC039,2026-01-14T14:00:00,93000,55.44,Chennai,CLEAN
CLM-F2CE536F,1000000018,Dr. Lisa Jackson,MEM000628,FAC004,2026-05-16T15:00:00,99214,156.98,Chennai,CLEAN
CLM-819EDC2F,1000000063,Dr. Donald Wright,MEM000615,FAC049,2026-02-15T11:00:00,99213,102.99,Chennai,CLEAN
CLM-840A4CD6,1000000126,Dr. Michelle Evans,MEM000746,FAC007,2026-03-26T10:00:00,99213,108.92,Chennai,CLEAN
CLM-8B85C357,1000000146,Dr. Victoria Larson,MEM000717,FAC043,2026-04-10T15:00:00,71045,83.14,Chennai,CLEAN
CLM-DAD98477,1000000035,Dr. Jeffrey Chavez,MEM000867,FAC021,2026-02-16T10:00:00,99215,213.63,Chennai,CLEAN
CLM-1F8BF11D,1000000181,Dr. Tina Sanders,MEM000440,FAC016,2026-05-08T10:00:00,99214,142.82,Chennai,CLEAN
CLM-F66FB876,1000000051,Dr. Danny Morgan,MEM000232,FAC022,2026-06-15T10:00:00,99215,217.88,Chennai,CLEAN
CLM-C5077E7B,1000000024,Dr. Matthew Foster,MEM000536,FAC016,2026-01-06T09:00:00,93000,54.71,Chennai,CLEAN
CLM-994233E6,1000000095,Dr. Anna Henderson,MEM000097,FAC010,2026-01-01T17:00:00,99213,90.09,Chennai,CLEAN
CLM-0D61225B,1000000098,Dr. Jessica Smith,MEM000313,FAC001,2026-05-26T14:00:00,99213,109.11,Chennai,CLEAN
CLM-754D25D5,1000000048,Dr. Joshua Blair,MEM000651,FAC039,2026-05-08T11:00:00,93000,56.62,Chennai,CLEAN
CLM-69330191,1000000088,Dr. Lisa Archer,MEM000099,FAC043,2026-02-09T14:00:00,93000,56.12,Chennai,CLEAN
CLM-D2EC25AC,1000000112,Dr. Julia Torres,MEM000723,FAC049,2026-02-15T17:00:00,99214,159.43,Chennai,CLEAN
CLM-3205FD21,1000000113,Dr. Crystal Johnson,MEM000031,FAC039,2026-01-10T17:00:00,99213,106.14,Chennai,CLEAN
CLM-1F5A7483,1000000079,Dr. Lisa Barnes,MEM000957,FAC018,2026-01-28T14:00:00,99214,152.7,Chennai,CLEAN
CLM-C01C1186,1000000042,Dr. Sherry Decker,MEM000921,FAC006,2026-05-08T12:00:00,93000,55.86,Chennai,CLEAN
CLM-2B6AFC1A,1000000156,Dr. Joshua Perry,MEM000942,FAC021,2026-04-27T17:00:00,71045,84.55,Chennai,CLEAN
CLM-46005963,1000000029,Dr. Anthony Rodriguez,MEM000684,FAC035,2026-01-17T14:00:00,99214,145.97,Chennai,CLEAN
CLM-48420B85,1000000061,Dr. Gerald Hensley,MEM000983,FAC031,2026-02-18T15:00:00,99213,97.17,Chennai,CLEAN
CLM-9439B82C,1000000122,Dr. April Frost,MEM000830,FAC042,2026-06-01T10:00:00,93000,55.09,Chennai,CLEAN
CLM-DDD8FA9B,1000000167,Dr. Alyssa Day,MEM000328,FAC033,2026-05-25T17:00:00,93000,58.73,Chennai,CLEAN
CLM-7CEDD88D,1000000139,Dr. Angel Perry,MEM000658,FAC012,2026-03-14T14:00:00,99214,148.44,Chennai,CLEAN
CLM-1A089752,1000000050,Dr. Jessica Holmes,MEM000299,FAC040,2026-04-20T15:00:00,71045,78.03,Chennai,CLEAN
CLM-39D400CE,1000000125,Dr. Erin Edwards,MEM000024,FAC031,2026-01-27T14:00:00,93000,59.81,Chennai,CLEAN
CLM-C6667BD2,1000000099,Dr. Stephen Mckee,MEM000313,FAC031,2026-03-15T09:00:00,93000,63.98,Chennai,CLEAN
CLM-1172A4F7,1000000048,Dr. Joshua Blair,MEM000969,FAC005,2026-03-20T17:00:00,99214,154.23,Chennai,CLEAN
CLM-786997E5,1000000189,Dr. Jessica Gross,MEM000049,FAC034,2026-01-08T09:00:00,99215,214.94,Chennai,CLEAN
CLM-A769509E,1000000090,Dr. Matthew Mcmillan,MEM000987,FAC034,2026-01-14T15:00:00,93000,60.29,Chennai,CLEAN
CLM-DB0AF103,1000000045,Dr. Philip Cannon,MEM000520,FAC023,2026-06-24T09:00:00,99214,137.96,Chennai,CLEAN
CLM-633D40F5,1000000047,Dr. Shane Henderson,MEM000913,FAC014,2026-03-23T10:00:00,99214,149.86,Chennai,CLEAN
CLM-70911E5B,1000000146,Dr. Victoria Larson,MEM000655,FAC039,2026-01-04T09:00:00,71045,75.3,Chennai,CLEAN
CLM-54CB4DE2,1000000176,Dr. Michael Elliott,MEM000119,FAC018,2026-01-02T12:00:00,99215,241.31,Chennai,CLEAN
CLM-276397EE,1000000099,Dr. Stephen Mckee,MEM000846,FAC014,2026-04-06T15:00:00,99213,93.12,Chennai,CLEAN
CLM-95733B2B,1000000153,Dr. Devon Flores,MEM000252,FAC039,2026-06-21T13:00:00,71045,82.89,Chennai,CLEAN
CLM-3E556204,1000000181,Dr. Tina Sanders,MEM000884,FAC040,2026-03-21T12:00:00,99215,216.0,Chennai,CLEAN
CLM-5A3FF06F,1000000002,Dr. Angie Henderson,MEM000425,FAC026,2026-04-07T13:00:00,99214,159.5,Chennai,CLEAN
CLM-1B4E3421,1000000124,Dr. Helen Jones,MEM000259,FAC038,2026-01-03T15:00:00,99213,103.92,Chennai,CLEAN
CLM-ACBF0EA6,1000000114,Dr. Garrett Lin,MEM000131,FAC042,2026-06-26T12:00:00,99213,102.75,Chennai,CLEAN
CLM-A3F2F6C7,1000000029,Dr. Anthony Rodriguez,MEM000162,FAC031,2026-01-18T11:00:00,93000,57.93,Chennai,CLEAN
CLM-D5420DFA,1000000189,Dr. Jessica Gross,MEM000262,FAC043,2026-06-27T15:00:00,99215,221.6,Chennai,CLEAN
CLM-EC53463D,1000000072,Dr. Brittney Phillips,MEM000876,FAC036,2026-03-08T10:00:00,99213,97.9,Chennai,CLEAN
CLM-C231AA96,1000000051,Dr. Danny Morgan,MEM000973,FAC005,2026-05-23T16:00:00,99214,138.81,Chennai,CLEAN
CLM-1BFA8F70,1000000009,Dr. Ryan Munoz,MEM000480,FAC030,2026-01-28T10:00:00,99214,136.14,Chennai,CLEAN
CLM-F23FE9FD,1000000099,Dr. Stephen Mckee,MEM000188,FAC005,2026-06-27T10:00:00,99214,148.08,Chennai,CLEAN
CLM-72C28702,1000000094,Dr. John Whitehead,MEM000448,FAC047,2026-02-06T16:00:00,93000,63.23,Chennai,CLEAN
CLM-359A2318,1000000169,Dr. Daniel Murphy,MEM000956,FAC032,2026-02-18T12:00:00,99215,199.93,Chennai,CLEAN
CLM-0D65F98D,1000000003,Dr. Daniel Wagner,MEM000971,FAC009,2026-03-29T13:00:00,99214,145.5,Chennai,CLEAN
CLM-84A96146,1000000051,Dr. Danny Morgan,MEM000923,FAC041,2026-01-15T15:00:00,71045,74.45,Chennai,CLEAN
CLM-AD7AFFF7,1000000074,Dr. Amy Silva,MEM000517,FAC004,2026-02-27T11:00:00,99214,145.08,Chennai,CLEAN
CLM-3D320C18,1000000184,Dr. Lindsay Martinez,MEM000449,FAC001,2026-04-23T10:00:00,99214,153.05,Chennai,CLEAN
CLM-0B864E68,1000000073,Dr. Lauren Daniels,MEM000570,FAC010,2026-02-06T17:00:00,99215,200.5,Chennai,CLEAN
CLM-3D716615,1000000175,Dr. Alex Hernandez,MEM000066,FAC026,2026-05-13T17:00:00,99213,102.37,Chennai,CLEAN
CLM-CB505A4E,1000000043,Dr. Anthony Humphrey,MEM000741,FAC020,2026-04-05T09:00:00,99214,162.05,Chennai,CLEAN
CLM-33CEA6AA,1000000175,Dr. Alex Hernandez,MEM000239,FAC000,2026-04-08T09:00:00,93000,54.7,Chennai,CLEAN
CLM-FCAFC5D1,1000000099,Dr. Stephen Mckee,MEM000787,FAC036,2026-01-31T12:00:00,99213,101.27,Chennai,CLEAN
CLM-F2BF80C0,1000000018,Dr. Lisa Jackson,MEM000020,FAC041,2026-05-02T15:00:00,99215,228.17,Chennai,CLEAN
CLM-52C65F2F,1000000099,Dr. Stephen Mckee,MEM000460,FAC047,2026-03-02T16:00:00,93000,57.0,Chennai,CLEAN
CLM-95E49322,1000000162,Dr. Lindsey Walker,MEM000465,FAC030,2026-02-09T16:00:00,93000,64.55,Chennai,CLEAN
CLM-E5ED39AF,1000000057,Dr. Richard Aguirre,MEM000147,FAC018,2026-06-13T11:00:00,71045,87.99,Chennai,CLEAN
CLM-9E846B56,1000000041,Dr. Fred Smith,MEM000376,FAC047,2026-01-06T15:00:00,99215,204.34,Chennai,CLEAN
CLM-F815C509,1000000117,Dr. Ashley Waller,MEM000420,FAC045,2026-05-19T12:00:00,71045,74.0,Chennai,CLEAN
CLM-1586801E,1000000160,Dr. Paul Castaneda,MEM000361,FAC013,2026-04-14T15:00:00,71045,79.37,Chennai,CLEAN
CLM-0D33C4AD,1000000115,Dr. Diana May,MEM000454,FAC024,2026-04-29T14:00:00,99215,212.34,Chennai,CLEAN
CLM-13D34B66,1000000102,Dr. Rebecca Valencia,MEM000136,FAC046,2026-05-16T12:00:00,99214,141.51,Chennai,CLEAN
CLM-37ED00F8,1000000048,Dr. Joshua Blair,MEM000582,FAC012,2026-06-18T14:00:00,71045,80.77,Chennai,CLEAN
CLM-C1FD028D,1000000195,Dr. Allen Rosales,MEM000811,FAC026,2026-04-06T13:00:00,99214,146.78,Chennai,CLEAN
CLM-E6DBA459,1000000120,Dr. Larry Dixon,MEM000111,FAC034,2026-06-16T16:00:00,99215,237.81,Chennai,CLEAN
CLM-7B1D005A,1000000198,Dr. Adam Vaughan,MEM000890,FAC039,2026-04-16T09:00:00,99214,141.52,Chennai,CLEAN
CLM-985BC654,1000000141,Dr. David Douglas Jr.,MEM000911,FAC010,2026-06-18T15:00:00,93000,59.18,Chennai,CLEAN
CLM-1DCFE056,1000000113,Dr. Crystal Johnson,MEM000024,FAC044,2026-02-22T15:00:00,93000,62.0,Chennai,CLEAN
CLM-805B6EED,1000000069,Dr. William Baker,MEM000763,FAC043,2026-05-25T11:00:00,71045,81.2,Chennai,CLEAN
CLM-8E4EC878,1000000050,Dr. Jessica Holmes,MEM000154,FAC026,2026-03-23T16:00:00,99214,161.04,Chennai,CLEAN
CLM-007A8195,1000000033,Dr. Nathan Maldonado,MEM000780,FAC031,2026-03-22T17:00:00,99213,103.52,Chennai,CLEAN
CLM-9FC2C361,1888888888,Dr. Synthetic-B (Teleport),MEM000066,FAC005,2026-01-06T09:00:00,99213,96.63,Chennai,CLEAN
CLM-2C054D5B,1000000023,Dr. Tommy Walter,MEM000320,FAC022,2026-02-21T11:00:00,99214,144.23,Chennai,CLEAN
CLM-AC1FDD1B,1000000016,Dr. Holly Wood,MEM000371,FAC039,2026-03-22T16:00:00,71045,77.42,Chennai,CLEAN
CLM-623AD699,1000000044,Dr. Angelica Tucker,MEM000296,FAC019,2026-01-26T17:00:00,99214,162.02,Chennai,CLEAN
CLM-5001F7AB,1000000038,Dr. Elizabeth Fowler,MEM000167,FAC026,2026-01-31T17:00:00,93000,58.92,Chennai,CLEAN
CLM-580C6F93,1000000143,Dr. Christopher Rubio,MEM000565,FAC040,2026-05-01T13:00:00,99214,164.28,Chennai,CLEAN
CLM-5C703889,1000000169,Dr. Daniel Murphy,MEM000968,FAC009,2026-04-24T10:00:00,99213,92.71,Chennai,CLEAN
CLM-8F4C3BEF,1000000097,Dr. Deborah Figueroa,MEM000484,FAC024,2026-05-03T11:00:00,99213,101.72,Chennai,CLEAN
CLM-11A2C313,1000000092,Dr. Denise Jacobs,MEM000953,FAC028,2026-05-30T11:00:00,71045,86.3,Chennai,CLEAN
CLM-D0A41148,1000000125,Dr. Erin Edwards,MEM000969,FAC042,2026-05-26T14:00:00,99215,241.46,Chennai,CLEAN
CLM-69281A9F,1000000094,Dr. John Whitehead,MEM000070,FAC011,2026-02-04T13:00:00,71045,86.67,Chennai,CLEAN
CLM-A1C4AAA9,1000000028,Dr. Zachary Hicks,MEM000957,FAC042,2026-02-20T14:00:00,99215,229.3,Chennai,CLEAN
CLM-95361FF3,1888888888,Dr. Synthetic-B (Teleport),MEM000085,FAC022,2026-06-04T16:00:00,99213,102.44,Chennai,CLEAN
CLM-A69142B0,1000000151,Dr. Pamela Boyd,MEM000427,FAC010,2026-04-04T13:00:00,99214,150.4,Chennai,CLEAN
CLM-11977573,1000000133,Dr. Daniel Kennedy,MEM000925,FAC001,2026-05-06T14:00:00,99214,136.56,Chennai,CLEAN
CLM-39901F25,1000000061,Dr. Gerald Hensley,MEM000717,FAC019,2026-03-09T16:00:00,71045,77.4,Chennai,CLEAN
CLM-044705B6,1000000069,Dr. William Baker,MEM000767,FAC048,2026-06-18T16:00:00,99213,96.66,Chennai,CLEAN
CLM-8AE644AB,1000000008,Dr. Gabrielle Davis,MEM000133,FAC039,2026-01-03T09:00:00,99215,214.75,Chennai,CLEAN
CLM-8BDB040A,1000000120,Dr. Larry Dixon,MEM000389,FAC024,2026-01-10T13:00:00,71045,77.37,Chennai,CLEAN
CLM-D3CD840A,1000000131,Dr. Dustin Jordan,MEM000874,FAC027,2026-04-15T14:00:00,99214,163.29,Chennai,CLEAN
CLM-1223687F,1000000184,Dr. Lindsay Martinez,MEM000267,FAC035,2026-02-19T16:00:00,99215,209.73,Chennai,CLEAN
CLM-A85E16ED,1000000115,Dr. Diana May,MEM000940,FAC042,2026-01-22T14:00:00,93000,64.75,Chennai,CLEAN
CLM-39A036AA,1000000005,Dr. Connie Lawrence,MEM000830,FAC008,2026-01-28T12:00:00,99213,93.54,Chennai,CLEAN
CLM-11E9487C,1000000016,Dr. Holly Wood,MEM000157,FAC036,2026-03-02T10:00:00,99213,90.19,Chennai,CLEAN
CLM-2222DD9D,1000000003,Dr. Daniel Wagner,MEM000754,FAC021,2026-06-08T10:00:00,99214,152.48,Chennai,CLEAN
CLM-37D359A0,1000000117,Dr. Ashley Waller,MEM000646,FAC021,2026-06-20T10:00:00,93000,55.46,Chennai,CLEAN
CLM-B55A1F66,1000000180,Dr. Alexander Collins,MEM000142,FAC012,2026-01-21T11:00:00,99213,104.37,Chennai,CLEAN
CLM-BDB8B5A7,1000000023,Dr. Tommy Walter,MEM000003,FAC027,2026-06-25T12:00:00,99214,136.5,Chennai,CLEAN
CLM-7A5CC6A9,1000000020,Dr. Margaret Hawkins DDS,MEM000396,FAC020,2026-06-10T17:00:00,99214,149.28,Chennai,CLEAN
CLM-F6010393,1000000050,Dr. Jessica Holmes,MEM000725,FAC031,2026-06-04T11:00:00,71045,76.61,Chennai,CLEAN
CLM-1800212F,1000000173,Dr. Matthew Harrington,MEM000606,FAC003,2026-04-24T11:00:00,93000,54.08,Chennai,CLEAN
CLM-9695DAC5,1000000045,Dr. Philip Cannon,MEM000997,FAC012,2026-03-09T11:00:00,93000,60.91,Chennai,CLEAN
CLM-C2F2BBF7,1000000048,Dr. Joshua Blair,MEM000716,FAC007,2026-06-29T10:00:00,99214,140.61,Chennai,CLEAN
CLM-6CBEAA79,1000000082,Dr. Michael Evans,MEM000774,FAC014,2026-02-11T15:00:00,93000,57.56,Chennai,CLEAN
CLM-977FCF7E,1000000105,Dr. Marc Moore,MEM000518,FAC040,2026-03-15T12:00:00,71045,76.02,Chennai,CLEAN
CLM-0B46BE20,1000000088,Dr. Lisa Archer,MEM000753,FAC015,2026-05-16T09:00:00,99215,210.38,Chennai,CLEAN
CLM-C2C25B8C,1000000041,Dr. Fred Smith,MEM000066,FAC003,2026-01-17T16:00:00,99215,237.72,Chennai,CLEAN
CLM-A7451A89,1000000015,Dr. Brian Ramirez,MEM000634,FAC048,2026-04-21T10:00:00,71045,72.19,Chennai,CLEAN
CLM-B8F06091,1000000190,Dr. Debra Morton,MEM000690,FAC005,2026-03-23T14:00:00,93000,62.14,Chennai,CLEAN
CLM-A932E88A,1000000016,Dr. Holly Wood,MEM000582,FAC016,2026-03-23T16:00:00,99215,230.66,Chennai,CLEAN
CLM-CD50D927,1000000122,Dr. April Frost,MEM000379,FAC031,2026-03-18T16:00:00,99215,222.02,Chennai,CLEAN
CLM-6E87ADFB,1000000190,Dr. Debra Morton,MEM000194,FAC014,2026-05-31T11:00:00,99213,103.82,Chennai,CLEAN
CLM-6326D046,1000000104,Dr. Richard Henson,MEM000476,FAC029,2026-03-25T15:00:00,71045,85.9,Chennai,CLEAN
CLM-2FF36DDF,1000000118,Dr. Victor Baker,MEM000463,FAC009,2026-02-06T15:00:00,71045,87.19,Chennai,CLEAN
CLM-33B27722,1000000035,Dr. Jeffrey Chavez,MEM000807,FAC020,2026-04-08T11:00:00,71045,77.85,Chennai,CLEAN
CLM-8D212B0F,1000000111,Dr. Shannon Walker,MEM000810,FAC042,2026-02-14T11:00:00,93000,65.35,Chennai,CLEAN
CLM-B4940F2B,1000000055,Dr. Michael Lewis,MEM000097,FAC001,2026-04-11T16:00:00,99214,143.13,Chennai,CLEAN
CLM-F7D2F10F,1000000050,Dr. Jessica Holmes,MEM000022,FAC031,2026-04-11T11:00:00,99215,234.51,Chennai,CLEAN
CLM-1311F2CA,1000000140,Dr. Cheyenne Horton,MEM000284,FAC014,2026-02-18T16:00:00,93000,62.68,Chennai,CLEAN
CLM-54A3DC42,1000000110,Dr. Richard Rodriguez,MEM000445,FAC010,2026-05-05T09:00:00,99215,240.3,Chennai,CLEAN
CLM-AADEC920,1000000017,Dr. Derek Zuniga,MEM000975,FAC020,2026-06-30T16:00:00,93000,57.47,Chennai,CLEAN
CLM-9C21ED70,1000000060,Dr. Victoria Garcia,MEM000531,FAC031,2026-02-25T15:00:00,71045,72.21,Chennai,CLEAN
CLM-63B07008,1000000078,Dr. Steve Sanchez,MEM000646,FAC010,2026-03-28T13:00:00,93000,59.15,Chennai,CLEAN
CLM-2D9C390D,1000000031,Dr. James Ferrell,MEM000613,FAC008,2026-05-16T13:00:00,99215,229.89,Chennai,CLEAN
CLM-FD945B71,1000000176,Dr. Michael Elliott,MEM000884,FAC008,2026-04-05T16:00:00,99213,90.35,Chennai,CLEAN
CLM-8EA67675,1000000094,Dr. John Whitehead,MEM000427,FAC015,2026-02-23T14:00:00,99214,162.3,Chennai,CLEAN
CLM-A3CA1642,1000000080,Dr. Kelly Donovan,MEM000649,FAC030,2026-03-13T17:00:00,99215,223.4,Chennai,CLEAN
CLM-214E670A,1000000084,Dr. Zachary Ferrell,MEM000715,FAC012,2026-02-02T14:00:00,93000,65.65,Chennai,CLEAN
CLM-596A809E,1000000058,Dr. Brent Jordan,MEM000725,FAC037,2026-06-06T12:00:00,99214,149.66,Chennai,CLEAN
CLM-0E5CD3C0,1000000120,Dr. Larry Dixon,MEM000911,FAC001,2026-03-22T17:00:00,99213,97.68,Chennai,CLEAN
CLM-196381AD,1000000037,Dr. Cassandra Gaines,MEM000638,FAC020,2026-01-21T17:00:00,71045,79.4,Chennai,CLEAN
CLM-ADC78EA5,1000000186,Dr. Jonathan Peterson,MEM000272,FAC004,2026-04-26T15:00:00,99214,158.74,Chennai,CLEAN
CLM-17EC5441,1000000070,Dr. Jordan Henderson,MEM000728,FAC009,2026-04-04T09:00:00,71045,75.95,Chennai,CLEAN
CLM-3684E215,1000000162,Dr. Lindsey Walker,MEM000003,FAC020,2026-04-02T16:00:00,93000,55.75,Chennai,CLEAN
CLM-C9110EA6,1000000069,Dr. William Baker,MEM000979,FAC020,2026-05-05T14:00:00,93000,64.6,Chennai,CLEAN
CLM-C0E8B242,1000000051,Dr. Danny Morgan,MEM000843,FAC041,2026-02-18T10:00:00,99215,230.27,Chennai,CLEAN
CLM-5F203B15,1000000188,Dr. Madison Poole,MEM000906,FAC012,2026-05-15T17:00:00,99215,208.92,Chennai,CLEAN
CLM-4DEFC4B5,1000000096,Dr. Aaron Wise,MEM000433,FAC044,2026-01-03T13:00:00,99215,206.99,Chennai,CLEAN
CLM-0993A1FD,1000000075,Dr. Sarah Moore,MEM000025,FAC001,2026-06-16T15:00:00,99213,97.37,Chennai,CLEAN
CLM-B9D73D36,1000000198,Dr. Adam Vaughan,MEM000931,FAC009,2026-04-25T15:00:00,93000,55.88,Chennai,CLEAN
CLM-4456856A,1000000113,Dr. Crystal Johnson,MEM000776,FAC020,2026-01-28T13:00:00,71045,76.42,Chennai,CLEAN
CLM-6F6928D1,1000000180,Dr. Alexander Collins,MEM000621,FAC029,2026-03-14T11:00:00,93000,55.54,Chennai,CLEAN
CLM-A55C9374,1000000004,Dr. Cristian Santos,MEM000126,FAC003,2026-03-25T17:00:00,71045,77.9,Chennai,CLEAN
CLM-5FB56FA3,1000000080,Dr. Kelly Donovan,MEM000851,FAC046,2026-04-07T17:00:00,99213,102.58,Chennai,CLEAN
CLM-488035DF,1000000165,Dr. John Anderson,MEM000331,FAC025,2026-02-15T14:00:00,93000,64.03,Chennai,CLEAN
CLM-03ABBD50,1000000008,Dr. Gabrielle Davis,MEM000659,FAC018,2026-03-24T09:00:00,93000,54.67,Chennai,CLEAN
CLM-D0C3B826,1000000183,Dr. Ashley Barton,MEM000730,FAC008,2026-05-08T10:00:00,99213,92.8,Chennai,CLEAN
CLM-32A33A8B,1000000026,Dr. Justin Baker,MEM000535,FAC010,2026-03-02T10:00:00,99215,240.78,Chennai,CLEAN
CLM-7A858EBD,1000000086,Dr. Shirley Suarez,MEM000083,FAC026,2026-03-29T10:00:00,71045,78.41,Chennai,CLEAN
CLM-4482A4D3,1000000015,Dr. Brian Ramirez,MEM000537,FAC026,2026-06-14T15:00:00,99214,151.44,Chennai,CLEAN
CLM-C0C5B634,1000000022,Dr. Ethan Adams,MEM000833,FAC013,2026-04-25T11:00:00,99213,105.26,Chennai,CLEAN
CLM-329C6165,1000000066,Dr. Tracy House,MEM000232,FAC015,2026-01-15T17:00:00,99213,91.05,Chennai,CLEAN
CLM-FBE0897F,1000000178,Dr. Lawrence Adkins,MEM000230,FAC030,2026-01-11T09:00:00,99214,157.76,Chennai,CLEAN
CLM-C86BEE0B,1000000039,Dr. Brittany Farmer,MEM000977,FAC008,2026-05-09T14:00:00,99215,215.05,Chennai,CLEAN
CLM-E9910053,1000000162,Dr. Lindsey Walker,MEM000686,FAC025,2026-01-05T17:00:00,99215,219.66,Chennai,CLEAN
CLM-63B150D9,1000000171,Dr. Darlene Miller,MEM000731,FAC044,2026-04-17T17:00:00,99213,90.8,Chennai,CLEAN
CLM-22BC8155,1000000150,Dr. David Wright,MEM000036,FAC013,2026-02-28T16:00:00,99213,96.99,Chennai,CLEAN
CLM-430D8DC0,1000000020,Dr. Margaret Hawkins DDS,MEM000595,FAC023,2026-05-11T11:00:00,71045,75.4,Chennai,CLEAN
CLM-58267EC7,1000000137,Dr. Courtney Gonzalez,MEM000007,FAC040,2026-06-09T13:00:00,99215,222.48,Chennai,CLEAN
CLM-7B717316,1000000130,Dr. Elizabeth Kelley,MEM000397,FAC010,2026-02-21T13:00:00,99215,206.61,Chennai,CLEAN
CLM-0A426FF3,1000000066,Dr. Tracy House,MEM000402,FAC007,2026-06-16T13:00:00,71045,72.46,Chennai,CLEAN
CLM-C6A6DC81,1000000154,Dr. Brenda Hall,MEM000990,FAC041,2026-06-21T17:00:00,71045,75.27,Chennai,CLEAN
CLM-98BC1BA8,1000000028,Dr. Zachary Hicks,MEM000042,FAC024,2026-01-28T12:00:00,99214,157.79,Chennai,CLEAN
CLM-D61E6174,1000000188,Dr. Madison Poole,MEM000765,FAC019,2026-06-26T12:00:00,93000,63.81,Chennai,CLEAN
CLM-86CE9BA8,1000000092,Dr. Denise Jacobs,MEM000474,FAC003,2026-06-15T12:00:00,93000,64.68,Chennai,CLEAN
CLM-C6C6F7B3,1000000064,Dr. Jessica Callahan,MEM000222,FAC032,2026-01-07T13:00:00,99213,94.33,Chennai,CLEAN
CLM-33A103B5,1000000046,Dr. John Pierce,MEM000881,FAC021,2026-02-22T16:00:00,71045,83.52,Chennai,CLEAN
CLM-29B34610,1000000117,Dr. Ashley Waller,MEM000400,FAC038,2026-02-12T16:00:00,71045,80.97,Chennai,CLEAN
CLM-B388E6F0,1000000073,Dr. Lauren Daniels,MEM000814,FAC042,2026-03-05T10:00:00,93000,55.29,Chennai,CLEAN
CLM-F74BAF77,1000000000,Dr. Allison Hill,MEM000873,FAC001,2026-06-08T09:00:00,99213,108.94,Chennai,CLEAN
CLM-B5414643,1000000000,Dr. Allison Hill,MEM000310,FAC028,2026-04-08T11:00:00,99213,91.07,Chennai,CLEAN
CLM-D3A8F0A6,1000000055,Dr. Michael Lewis,MEM000661,FAC012,2026-04-19T14:00:00,99213,95.6,Chennai,CLEAN
CLM-D6E91228,1000000167,Dr. Alyssa Day,MEM000022,FAC019,2026-01-09T10:00:00,99215,204.24,Chennai,CLEAN
CLM-C36908C3,1000000116,Dr. William Herrera,MEM000952,FAC013,2026-01-31T09:00:00,71045,74.79,Chennai,CLEAN
CLM-7F732000,1000000028,Dr. Zachary Hicks,MEM000088,FAC046,2026-03-02T16:00:00,93000,62.34,Chennai,CLEAN
CLM-7F6B2F09,1000000069,Dr. William Baker,MEM000276,FAC001,2026-06-29T16:00:00,99213,104.63,Chennai,CLEAN
CLM-D3FB1B93,1000000039,Dr. Brittany Farmer,MEM000220,FAC004,2026-04-12T15:00:00,99213,90.74,Chennai,CLEAN
CLM-E33AD4FC,1000000110,Dr. Richard Rodriguez,MEM000850,FAC029,2026-04-16T11:00:00,99213,101.54,Chennai,CLEAN
CLM-1ED22C58,1000000011,Dr. Jamie Arnold,MEM000672,FAC004,2026-03-13T13:00:00,71045,75.24,Chennai,CLEAN
CLM-487D28F2,1000000068,Dr. James Brown,MEM000024,FAC042,2026-03-11T12:00:00,99214,155.69,Chennai,CLEAN
CLM-A01E5C80,1000000000,Dr. Allison Hill,MEM000665,FAC002,2026-05-25T15:00:00,93000,65.43,Chennai,CLEAN
CLM-BEC16648,1000000125,Dr. Erin Edwards,MEM000810,FAC014,2026-01-13T13:00:00,99215,201.89,Chennai,CLEAN
CLM-B55EE1E8,1000000094,Dr. John Whitehead,MEM000467,FAC030,2026-05-20T11:00:00,99215,226.98,Chennai,CLEAN
CLM-493A8B0F,1000000095,Dr. Anna Henderson,MEM000743,FAC035,2026-05-19T11:00:00,99215,230.35,Chennai,CLEAN
CLM-64D507ED,1000000088,Dr. Lisa Archer,MEM000416,FAC011,2026-05-29T15:00:00,99215,218.57,Chennai,CLEAN
CLM-D4F1FC02,1000000088,Dr. Lisa Archer,MEM000785,FAC018,2026-02-07T16:00:00,93000,58.89,Chennai,CLEAN
CLM-F3313F65,1000000110,Dr. Richard Rodriguez,MEM000088,FAC038,2026-03-06T11:00:00,99215,238.69,Chennai,CLEAN
CLM-096986E7,1000000165,Dr. John Anderson,MEM000477,FAC028,2026-05-19T11:00:00,99213,96.87,Chennai,CLEAN
CLM-346BA444,1000000160,Dr. Paul Castaneda,MEM000148,FAC038,2026-03-29T17:00:00,99214,160.53,Chennai,CLEAN
CLM-E19FB82B,1000000146,Dr. Victoria Larson,MEM000142,FAC013,2026-06-27T15:00:00,99213,106.47,Chennai,CLEAN
CLM-DEA02BA9,1000000028,Dr. Zachary Hicks,MEM000513,FAC034,2026-01-11T17:00:00,99213,101.51,Chennai,CLEAN
CLM-0D3A89CF,1000000065,Dr. Amber Kidd,MEM000956,FAC035,2026-06-20T11:00:00,99214,155.52,Chennai,CLEAN
CLM-A1DC7DB6,1888888888,Dr. Synthetic-B (Teleport),MEM000342,FAC031,2026-01-30T14:00:00,99215,222.13,Chennai,CLEAN
CLM-52F6FF03,1000000101,Dr. Cameron Parker,MEM000535,FAC042,2026-04-11T12:00:00,93000,58.21,Chennai,CLEAN
CLM-A9BAF22B,1000000104,Dr. Richard Henson,MEM000704,FAC048,2026-01-28T12:00:00,71045,74.49,Chennai,CLEAN
CLM-23802C2F,1000000177,Dr. Michael Wang,MEM000916,FAC048,2026-02-18T09:00:00,93000,63.6,Chennai,CLEAN
CLM-406933E8,1000000126,Dr. Michelle Evans,MEM000147,FAC004,2026-06-27T13:00:00,99214,157.67,Chennai,CLEAN
CLM-B4E9FCC4,1000000077,Dr. Megan Young,MEM000845,FAC013,2026-05-19T10:00:00,99214,135.71,Chennai,CLEAN
CLM-0329748F,1000000007,Dr. Gina Moore,MEM000302,FAC007,2026-02-23T11:00:00,99213,91.34,Chennai,CLEAN
CLM-A1D33950,1000000115,Dr. Diana May,MEM000973,FAC007,2026-04-19T14:00:00,71045,72.17,Chennai,CLEAN
CLM-DF544C08,1000000152,Dr. Denise Jones,MEM000307,FAC021,2026-04-10T14:00:00,99214,144.11,Chennai,CLEAN
CLM-0856F65B,1000000158,Dr. Melissa Gates,MEM000603,FAC030,2026-06-12T09:00:00,71045,87.63,Chennai,CLEAN
CLM-5730E47B,1000000127,Dr. Jason Powell,MEM000327,FAC022,2026-01-08T13:00:00,71045,85.78,Chennai,CLEAN
CLM-E0537B5F,1000000098,Dr. Jessica Smith,MEM000770,FAC034,2026-01-26T15:00:00,93000,61.44,Chennai,CLEAN
CLM-E92F958E,1000000089,Dr. Aimee Montoya,MEM000971,FAC043,2026-05-06T09:00:00,71045,72.62,Chennai,CLEAN
CLM-ECD207D2,1000000124,Dr. Helen Jones,MEM000777,FAC005,2026-05-02T13:00:00,93000,55.1,Chennai,CLEAN
CLM-82BDB263,1000000062,Dr. Connor West,MEM000741,FAC045,2026-06-11T10:00:00,71045,78.08,Chennai,CLEAN
CLM-297FE09F,1000000086,Dr. Shirley Suarez,MEM000247,FAC038,2026-05-01T09:00:00,99215,211.63,Chennai,CLEAN
CLM-5FBACD6C,1000000198,Dr. Adam Vaughan,MEM000720,FAC028,2026-02-25T15:00:00,99213,90.21,Chennai,CLEAN
CLM-66A1E1DE,1000000032,Dr. Tricia Valencia,MEM000607,FAC043,2026-01-08T17:00:00,71045,73.11,Chennai,CLEAN
CLM-D1DB866E,1000000046,Dr. John Pierce,MEM000474,FAC017,2026-06-28T15:00:00,93000,61.84,Chennai,CLEAN
CLM-383978B1,1000000012,Dr. Lisa Hensley,MEM000259,FAC037,2026-01-31T17:00:00,71045,74.78,Chennai,CLEAN
CLM-8D6E8557,1000000115,Dr. Diana May,MEM000300,FAC010,2026-01-11T13:00:00,93000,57.98,Chennai,CLEAN
CLM-8641CAD3,1000000028,Dr. Zachary Hicks,MEM000703,FAC009,2026-01-20T12:00:00,71045,79.78,Chennai,CLEAN
CLM-AAE6B037,1000000001,Dr. Noah Rhodes,MEM000396,FAC049,2026-06-17T11:00:00,71045,72.7,Chennai,CLEAN
CLM-A295AD9D,1000000046,Dr. John Pierce,MEM000228,FAC021,2026-06-24T16:00:00,99214,156.41,Chennai,CLEAN
CLM-27174C51,1000000179,Dr. Robert Oconnell,MEM000970,FAC007,2026-01-26T11:00:00,99214,138.96,Chennai,CLEAN
CLM-341F9913,1000000154,Dr. Brenda Hall,MEM000576,FAC001,2026-04-23T16:00:00,99215,232.95,Chennai,CLEAN
CLM-D63F75AB,1000000110,Dr. Richard Rodriguez,MEM000021,FAC045,2026-05-15T14:00:00,93000,55.28,Chennai,CLEAN
CLM-0AC9A5FB,1000000121,Dr. Kenneth Scott,MEM000034,FAC017,2026-04-22T17:00:00,71045,73.07,Chennai,CLEAN
CLM-2E246045,1000000022,Dr. Ethan Adams,MEM000269,FAC042,2026-04-02T16:00:00,71045,80.11,Chennai,CLEAN
CLM-968EDEEA,1000000062,Dr. Connor West,MEM000928,FAC008,2026-01-31T09:00:00,99214,137.59,Chennai,CLEAN
CLM-22CB370C,1000000047,Dr. Shane Henderson,MEM000680,FAC012,2026-04-25T17:00:00,99215,222.52,Chennai,CLEAN
CLM-A753DE40,1000000122,Dr. April Frost,MEM000068,FAC042,2026-02-17T15:00:00,99213,101.19,Chennai,CLEAN
CLM-B997D5F1,1000000059,Dr. John Daniel,MEM000207,FAC009,2026-03-18T11:00:00,71045,72.18,Chennai,CLEAN
CLM-76F28825,1000000015,Dr. Brian Ramirez,MEM000522,FAC000,2026-01-29T17:00:00,99215,223.77,Chennai,CLEAN
CLM-48E7346B,1000000002,Dr. Angie Henderson,MEM000310,FAC008,2026-03-23T12:00:00,71045,84.82,Chennai,CLEAN
CLM-964E58D5,1000000048,Dr. Joshua Blair,MEM000679,FAC030,2026-05-03T16:00:00,99214,137.97,Chennai,CLEAN
CLM-EF04C754,1000000099,Dr. Stephen Mckee,MEM000566,FAC040,2026-06-10T17:00:00,99213,92.92,Chennai,CLEAN
CLM-2E834311,1000000032,Dr. Tricia Valencia,MEM000878,FAC032,2026-02-07T10:00:00,71045,80.21,Chennai,CLEAN
CLM-4B7B6FF5,1000000018,Dr. Lisa Jackson,MEM000579,FAC010,2026-03-05T15:00:00,99215,239.25,Chennai,CLEAN
CLM-5674AA75,1000000067,Dr. Carol Tucker,MEM000416,FAC003,2026-04-21T09:00:00,99215,232.35,Chennai,CLEAN
CLM-C2141379,1000000007,Dr. Gina Moore,MEM000197,FAC042,2026-04-06T15:00:00,71045,81.7,Chennai,CLEAN
CLM-FFE2E3AE,1000000057,Dr. Richard Aguirre,MEM000766,FAC008,2026-05-03T17:00:00,71045,82.34,Chennai,CLEAN
CLM-0E2FCA1A,1000000193,Dr. Angelica Keith,MEM000650,FAC010,2026-03-03T17:00:00,99215,219.87,Chennai,CLEAN
CLM-52B3237F,1000000019,Dr. Carla Gray,MEM000443,FAC038,2026-01-08T15:00:00,99213,101.23,Chennai,CLEAN
CLM-BB15D399,1000000180,Dr. Alexander Collins,MEM000913,FAC049,2026-02-07T09:00:00,99215,210.21,Chennai,CLEAN
CLM-C1750928,1000000071,Dr. Whitney Peters,MEM000475,FAC041,2026-03-29T13:00:00,93000,61.26,Chennai,CLEAN
CLM-D569B160,1000000078,Dr. Steve Sanchez,MEM000875,FAC030,2026-05-11T16:00:00,71045,84.12,Chennai,CLEAN
CLM-51993FED,1000000176,Dr. Michael Elliott,MEM000603,FAC044,2026-05-24T11:00:00,71045,77.39,Chennai,CLEAN
CLM-2A420419,1000000177,Dr. Michael Wang,MEM000501,FAC021,2026-05-17T17:00:00,93000,61.58,Chennai,CLEAN
CLM-402B17F3,1000000064,Dr. Jessica Callahan,MEM000644,FAC017,2026-03-11T13:00:00,93000,60.16,Chennai,CLEAN
CLM-E7912961,1000000080,Dr. Kelly Donovan,MEM000949,FAC020,2026-03-03T12:00:00,99215,240.78,Chennai,CLEAN
CLM-E5B5A74B,1000000049,Dr. Eric Carney,MEM000845,FAC021,2026-05-13T15:00:00,99215,209.61,Chennai,CLEAN
CLM-0E481110,1000000108,Dr. Evelyn Galvan,MEM000685,FAC042,2026-02-18T11:00:00,99215,206.36,Chennai,CLEAN
CLM-9E1531A3,1000000175,Dr. Alex Hernandez,MEM000370,FAC045,2026-05-19T17:00:00,99215,207.0,Chennai,CLEAN
CLM-D23FEC6A,1000000118,Dr. Victor Baker,MEM000595,FAC033,2026-02-14T10:00:00,99215,226.1,Chennai,CLEAN
CLM-D68CC12F,1000000052,Dr. Crystal Robinson,MEM000612,FAC040,2026-03-28T11:00:00,71045,78.0,Chennai,CLEAN
CLM-3B5117FE,1000000100,Dr. Sandra Aguilar,MEM000495,FAC045,2026-03-11T16:00:00,93000,58.1,Chennai,CLEAN
CLM-A7CF3534,1000000065,Dr. Amber Kidd,MEM000620,FAC004,2026-03-06T10:00:00,71045,85.01,Chennai,CLEAN
CLM-A8B40A11,1000000100,Dr. Sandra Aguilar,MEM000003,FAC004,2026-02-18T13:00:00,71045,79.28,Chennai,CLEAN
CLM-53C9DAB2,1000000140,Dr. Cheyenne Horton,MEM000597,FAC017,2026-05-11T15:00:00,99214,142.97,Chennai,CLEAN
CLM-9E379DC9,1000000109,Dr. Sharon Cochran,MEM000643,FAC031,2026-06-02T10:00:00,71045,78.99,Chennai,CLEAN
CLM-F8CF2739,1000000080,Dr. Kelly Donovan,MEM000122,FAC008,2026-02-16T10:00:00,99215,231.45,Chennai,CLEAN
CLM-1E6F641E,1000000013,Dr. Michele Williams,MEM000042,FAC004,2026-03-13T10:00:00,93000,60.42,Chennai,CLEAN
CLM-5C196164,1000000032,Dr. Tricia Valencia,MEM000802,FAC006,2026-06-25T15:00:00,99214,136.2,Chennai,CLEAN
CLM-DDA41E12,1000000169,Dr. Daniel Murphy,MEM000580,FAC003,2026-01-03T10:00:00,99215,240.98,Chennai,CLEAN
CLM-73C9213C,1000000184,Dr. Lindsay Martinez,MEM000283,FAC018,2026-04-21T12:00:00,99214,141.61,Chennai,CLEAN
CLM-E266A287,1000000154,Dr. Brenda Hall,MEM000584,FAC048,2026-03-10T17:00:00,99215,234.99,Chennai,CLEAN
CLM-69BB4137,1000000038,Dr. Elizabeth Fowler,MEM000023,FAC035,2026-05-30T14:00:00,99214,140.16,Chennai,CLEAN
CLM-6EA9F73E,1000000098,Dr. Jessica Smith,MEM000208,FAC034,2026-06-07T09:00:00,99214,137.74,Chennai,CLEAN
CLM-3ABFB58E,1000000189,Dr. Jessica Gross,MEM000628,FAC017,2026-05-05T10:00:00,99213,94.92,Chennai,CLEAN
CLM-F8BFCBF7,1000000104,Dr. Richard Henson,MEM000226,FAC015,2026-04-28T11:00:00,99214,162.53,Chennai,CLEAN
CLM-51CEFB1D,1000000071,Dr. Whitney Peters,MEM000109,FAC000,2026-03-03T13:00:00,71045,81.27,Chennai,CLEAN
CLM-D068ED5A,1000000153,Dr. Devon Flores,MEM000869,FAC024,2026-04-25T12:00:00,99214,138.01,Chennai,CLEAN
CLM-207E77D1,1000000020,Dr. Margaret Hawkins DDS,MEM000418,FAC045,2026-04-24T16:00:00,99214,157.17,Chennai,CLEAN
CLM-6A3CEF03,1000000098,Dr. Jessica Smith,MEM000871,FAC039,2026-04-08T09:00:00,93000,63.18,Chennai,CLEAN
CLM-DBCEA618,1000000052,Dr. Crystal Robinson,MEM000902,FAC043,2026-05-06T15:00:00,93000,58.11,Chennai,CLEAN
CLM-6F0268B1,1000000005,Dr. Connie Lawrence,MEM000511,FAC032,2026-06-07T15:00:00,71045,81.7,Chennai,CLEAN
CLM-06FA7267,1000000095,Dr. Anna Henderson,MEM000147,FAC045,2026-01-20T15:00:00,99214,158.64,Chennai,CLEAN
CLM-B3132069,1000000053,Dr. Mark Perez,MEM000223,FAC020,2026-04-01T15:00:00,99215,208.95,Chennai,CLEAN
CLM-2D086477,1000000074,Dr. Amy Silva,MEM000920,FAC014,2026-04-08T16:00:00,99213,103.73,Chennai,CLEAN
CLM-92249138,1000000144,Dr. Amber Wright,MEM000249,FAC041,2026-06-28T10:00:00,71045,83.41,Chennai,CLEAN
CLM-966618D8,1000000005,Dr. Connie Lawrence,MEM000398,FAC036,2026-03-30T14:00:00,71045,72.33,Chennai,CLEAN
CLM-8D405251,1000000111,Dr. Shannon Walker,MEM000741,FAC028,2026-04-19T10:00:00,71045,76.08,Chennai,CLEAN
CLM-33C69CF6,1000000058,Dr. Brent Jordan,MEM000275,FAC023,2026-03-08T16:00:00,99214,140.06,Chennai,CLEAN
CLM-02BFE194,1000000149,Dr. Stephanie Manning,MEM000660,FAC033,2026-06-03T17:00:00,99214,160.38,Chennai,CLEAN
CLM-0714A5B6,1000000097,Dr. Deborah Figueroa,MEM000373,FAC003,2026-02-28T10:00:00,99214,137.77,Chennai,CLEAN
CLM-068D45CC,1000000178,Dr. Lawrence Adkins,MEM000566,FAC003,2026-03-06T10:00:00,93000,65.18,Chennai,CLEAN
CLM-8ECD664F,1000000115,Dr. Diana May,MEM000152,FAC018,2026-02-06T15:00:00,99215,236.32,Chennai,CLEAN
CLM-44A7A793,1000000047,Dr. Shane Henderson,MEM000234,FAC026,2026-03-21T11:00:00,93000,54.8,Chennai,CLEAN
CLM-119BC205,1000000023,Dr. Tommy Walter,MEM000635,FAC003,2026-05-27T11:00:00,99215,222.11,Chennai,CLEAN
CLM-87AB8AFE,1000000108,Dr. Evelyn Galvan,MEM000916,FAC010,2026-03-02T09:00:00,99214,153.08,Chennai,CLEAN
CLM-69CAA3D1,1000000019,Dr. Carla Gray,MEM000068,FAC049,2026-01-26T13:00:00,99214,151.02,Chennai,CLEAN
CLM-AE995EC2,1000000199,Dr. Nathan Freeman,MEM000473,FAC035,2026-04-05T11:00:00,99214,151.01,Chennai,CLEAN
CLM-E9FBB0E8,1000000047,Dr. Shane Henderson,MEM000251,FAC000,2026-03-25T11:00:00,99215,220.58,Chennai,CLEAN
CLM-DBC0D8C3,1000000005,Dr. Connie Lawrence,MEM000512,FAC032,2026-01-15T15:00:00,99214,140.01,Chennai,CLEAN
CLM-A9161756,1000000120,Dr. Larry Dixon,MEM000159,FAC008,2026-03-03T14:00:00,93000,63.4,Chennai,CLEAN
CLM-02F6DA13,1000000118,Dr. Victor Baker,MEM000251,FAC029,2026-02-14T10:00:00,99214,139.86,Chennai,CLEAN
CLM-A57A2F97,1000000155,Dr. Michelle Brown,MEM000772,FAC002,2026-01-18T15:00:00,99214,135.02,Chennai,CLEAN
CLM-EC2455A0,1000000117,Dr. Ashley Waller,MEM000541,FAC031,2026-06-23T15:00:00,93000,60.5,Chennai,CLEAN
CLM-06070420,1000000103,Dr. Christine Wright,MEM000910,FAC033,2026-04-30T17:00:00,99215,232.6,Chennai,CLEAN
CLM-41F127DD,1000000147,Dr. Stephanie Salazar,MEM000735,FAC047,2026-04-14T13:00:00,93000,65.24,Chennai,CLEAN
CLM-6AACF510,1000000042,Dr. Sherry Decker,MEM000515,FAC031,2026-02-02T09:00:00,99214,137.2,Chennai,CLEAN
CLM-52AD987B,1000000094,Dr. John Whitehead,MEM000862,FAC019,2026-01-30T15:00:00,71045,78.02,Chennai,CLEAN
CLM-0CD2496D,1000000095,Dr. Anna Henderson,MEM000024,FAC020,2026-05-05T12:00:00,99213,94.31,Chennai,CLEAN
CLM-BE80461A,1000000198,Dr. Adam Vaughan,MEM000653,FAC048,2026-02-07T16:00:00,93000,63.49,Chennai,CLEAN
CLM-FD70DAEE,1000000191,Dr. Karen Graham,MEM000143,FAC041,2026-03-19T15:00:00,99214,139.27,Chennai,CLEAN
CLM-39447A77,1000000058,Dr. Brent Jordan,MEM000925,FAC028,2026-03-06T16:00:00,71045,79.46,Chennai,CLEAN
CLM-87D077C8,1000000119,Dr. Jeffrey Chandler,MEM000380,FAC013,2026-04-29T11:00:00,71045,87.35,Chennai,CLEAN
CLM-15582051,1000000062,Dr. Connor West,MEM000970,FAC009,2026-06-13T10:00:00,99215,214.46,Chennai,CLEAN
CLM-63D3C4E2,1000000089,Dr. Aimee Montoya,MEM000476,FAC024,2026-06-17T15:00:00,99213,101.96,Chennai,CLEAN
CLM-F6B9F7BF,1000000090,Dr. Matthew Mcmillan,MEM000840,FAC032,2026-05-22T16:00:00,99213,108.68,Chennai,CLEAN
CLM-B48BF989,1000000122,Dr. April Frost,MEM000069,FAC022,2026-03-26T12:00:00,99215,238.57,Chennai,CLEAN
CLM-9B7F9129,1000000042,Dr. Sherry Decker,MEM000011,FAC006,2026-02-07T17:00:00,99215,200.64,Chennai,CLEAN
CLM-40E3B0CD,1000000130,Dr. Elizabeth Kelley,MEM000223,FAC040,2026-05-14T14:00:00,99213,98.97,Chennai,CLEAN
CLM-3EAE3E0F,1000000085,Dr. Daniel Baker,MEM000817,FAC039,2026-04-28T14:00:00,93000,57.92,Chennai,CLEAN
CLM-7E0FD99C,1000000094,Dr. John Whitehead,MEM000052,FAC033,2026-05-30T10:00:00,71045,84.14,Chennai,CLEAN
CLM-6147EFF8,1000000110,Dr. Richard Rodriguez,MEM000781,FAC032,2026-01-10T17:00:00,93000,60.07,Chennai,CLEAN
CLM-76D3EBA2,1000000039,Dr. Brittany Farmer,MEM000955,FAC024,2026-03-26T16:00:00,99215,204.33,Chennai,CLEAN
CLM-D1D52DF1,1000000195,Dr. Allen Rosales,MEM000936,FAC012,2026-01-24T15:00:00,99215,215.35,Chennai,CLEAN
CLM-8744FEFF,1000000010,Dr. Monica Herrera,MEM000045,FAC019,2026-01-04T11:00:00,99214,147.55,Chennai,CLEAN
CLM-0AAF08D0,1000000049,Dr. Eric Carney,MEM000427,FAC009,2026-04-20T17:00:00,93000,57.06,Chennai,CLEAN
CLM-0A054612,1000000053,Dr. Mark Perez,MEM000000,FAC004,2026-02-11T09:00:00,99215,230.0,Chennai,CLEAN
CLM-8DC1B087,1888888888,Dr. Synthetic-B (Teleport),MEM000067,FAC014,2026-04-30T11:00:00,71045,73.83,Chennai,CLEAN
CLM-C5E0B0FE,1000000171,Dr. Darlene Miller,MEM000470,FAC021,2026-06-07T14:00:00,71045,87.29,Chennai,CLEAN
CLM-DBCF32A3,1000000066,Dr. Tracy House,MEM000590,FAC035,2026-05-21T14:00:00,99215,221.18,Chennai,CLEAN
CLM-3C53150B,1000000170,Dr. Jamie Walton,MEM000698,FAC045,2026-05-31T17:00:00,99215,233.47,Chennai,CLEAN
CLM-9A6A9A86,1000000199,Dr. Nathan Freeman,MEM000918,FAC015,2026-02-27T09:00:00,71045,79.73,Chennai,CLEAN
CLM-880BFBE3,1000000084,Dr. Zachary Ferrell,MEM000962,FAC032,2026-03-18T16:00:00,71045,72.82,Chennai,CLEAN
CLM-CF8C9BC0,1000000151,Dr. Pamela Boyd,MEM000307,FAC016,2026-01-28T11:00:00,93000,56.68,Chennai,CLEAN
CLM-4996FA71,1999999999,Dr. Synthetic-A (Phantom),MEM000224,FAC015,2026-04-29T11:00:00,99213,103.95,Chennai,CLEAN
CLM-91B5E85A,1000000129,Dr. Megan Orr,MEM000371,FAC026,2026-04-13T15:00:00,93000,57.97,Chennai,CLEAN
CLM-A62C9456,1000000020,Dr. Margaret Hawkins DDS,MEM000248,FAC010,2026-06-09T16:00:00,99213,105.5,Chennai,CLEAN
CLM-755BA7F9,1000000014,Dr. Dylan Miller,MEM000446,FAC025,2026-04-21T11:00:00,71045,79.57,Chennai,CLEAN
CLM-BCBB6D27,1000000007,Dr. Gina Moore,MEM000341,FAC023,2026-01-31T13:00:00,99214,149.6,Chennai,CLEAN
CLM-72023D8E,1000000125,Dr. Erin Edwards,MEM000950,FAC025,2026-05-31T12:00:00,71045,78.88,Chennai,CLEAN
CLM-F673CCE7,1000000060,Dr. Victoria Garcia,MEM000293,FAC015,2026-06-06T11:00:00,99215,205.0,Chennai,CLEAN
CLM-82F2AF7C,1000000083,Dr. Paul Jones,MEM000607,FAC024,2026-01-22T10:00:00,99213,91.65,Chennai,CLEAN
CLM-89619ABC,1000000188,Dr. Madison Poole,MEM000008,FAC009,2026-05-19T15:00:00,71045,86.35,Chennai,CLEAN
CLM-74E6B0EA,1000000178,Dr. Lawrence Adkins,MEM000663,FAC009,2026-01-14T09:00:00,71045,74.84,Chennai,CLEAN
CLM-97ED3176,1000000034,Dr. Debra Davidson,MEM000298,FAC023,2026-06-23T14:00:00,93000,55.05,Chennai,CLEAN
CLM-B39062DC,1000000042,Dr. Sherry Decker,MEM000914,FAC019,2026-03-26T10:00:00,99213,109.93,Chennai,CLEAN
CLM-EE54D2CE,1000000021,Dr. Patty Perez,MEM000040,FAC039,2026-01-01T12:00:00,99214,161.91,Chennai,CLEAN
CLM-1E38A43F,1000000125,Dr. Erin Edwards,MEM000110,FAC017,2026-06-01T13:00:00,93000,64.04,Chennai,CLEAN
CLM-D6BC5764,1000000018,Dr. Lisa Jackson,MEM000851,FAC039,2026-03-14T11:00:00,99213,99.25,Chennai,CLEAN
CLM-90F29007,1000000066,Dr. Tracy House,MEM000161,FAC041,2026-06-29T17:00:00,99213,99.93,Chennai,CLEAN
CLM-42A2BCB9,1000000057,Dr. Richard Aguirre,MEM000705,FAC018,2026-01-09T15:00:00,99215,227.26,Chennai,CLEAN
CLM-057A36A7,1000000177,Dr. Michael Wang,MEM000484,FAC028,2026-04-02T17:00:00,99215,210.92,Chennai,CLEAN
CLM-43523261,1000000180,Dr. Alexander Collins,MEM000834,FAC025,2026-04-18T12:00:00,99215,227.32,Chennai,CLEAN
CLM-BCD4455A,1000000053,Dr. Mark Perez,MEM000246,FAC029,2026-02-08T11:00:00,99213,91.59,Chennai,CLEAN
CLM-29403CF1,1000000150,Dr. David Wright,MEM000896,FAC007,2026-02-07T10:00:00,71045,74.02,Chennai,CLEAN
CLM-78168371,1000000185,Dr. Dr. Hannah Patterson,MEM000075,FAC018,2026-03-27T14:00:00,93000,56.87,Chennai,CLEAN
CLM-D1133A4C,1000000123,Dr. Michelle Harmon,MEM000445,FAC026,2026-02-01T17:00:00,93000,57.63,Chennai,CLEAN
CLM-7CCEA941,1000000181,Dr. Tina Sanders,MEM000214,FAC030,2026-06-17T09:00:00,99215,204.89,Chennai,CLEAN
CLM-3F2A8178,1000000049,Dr. Eric Carney,MEM000353,FAC004,2026-01-13T09:00:00,99215,215.14,Chennai,CLEAN
CLM-92CE29F1,1000000127,Dr. Jason Powell,MEM000474,FAC042,2026-04-12T14:00:00,71045,74.13,Chennai,CLEAN
CLM-B13150D5,1000000083,Dr. Paul Jones,MEM000763,FAC045,2026-04-19T14:00:00,93000,64.42,Chennai,CLEAN
CLM-D2995C1E,1000000047,Dr. Shane Henderson,MEM000007,FAC010,2026-03-06T15:00:00,99213,99.74,Chennai,CLEAN
CLM-A158E1DF,1000000085,Dr. Daniel Baker,MEM000151,FAC002,2026-02-05T12:00:00,93000,61.25,Chennai,CLEAN
CLM-C9F94E64,1000000071,Dr. Whitney Peters,MEM000929,FAC012,2026-02-16T15:00:00,99213,105.42,Chennai,CLEAN
CLM-1988BDA8,1000000161,Dr. Jennifer Adkins,MEM000369,FAC045,2026-03-29T14:00:00,99215,198.12,Chennai,CLEAN
CLM-30F6320C,1000000123,Dr. Michelle Harmon,MEM000790,FAC032,2026-02-21T12:00:00,99214,144.98,Chennai,CLEAN
CLM-3429C138,1000000168,Dr. Joel Williams,MEM000878,FAC047,2026-05-10T13:00:00,93000,58.69,Chennai,CLEAN
CLM-5AFCF571,1000000135,Dr. Jose Schultz,MEM000604,FAC039,2026-06-06T12:00:00,71045,84.32,Chennai,CLEAN
CLM-202B4681,1000000187,Dr. Samantha Garcia,MEM000819,FAC002,2026-04-27T17:00:00,99215,221.71,Chennai,CLEAN
CLM-18463018,1000000193,Dr. Angelica Keith,MEM000467,FAC002,2026-03-14T14:00:00,99213,98.15,Chennai,CLEAN
CLM-CBD075ED,1000000160,Dr. Paul Castaneda,MEM000988,FAC004,2026-05-02T15:00:00,71045,86.63,Chennai,CLEAN
CLM-AB13AE42,1000000155,Dr. Michelle Brown,MEM000585,FAC014,2026-03-22T12:00:00,71045,76.24,Chennai,CLEAN
CLM-84B16301,1000000166,Dr. Alyssa Long,MEM000872,FAC002,2026-02-28T13:00:00,71045,76.25,Chennai,CLEAN
CLM-666333C7,1000000135,Dr. Jose Schultz,MEM000234,FAC002,2026-02-26T16:00:00,99214,146.91,Chennai,CLEAN
CLM-86DE1837,1000000110,Dr. Richard Rodriguez,MEM000048,FAC004,2026-03-12T17:00:00,93000,65.28,Chennai,CLEAN
CLM-ED2D6E85,1000000004,Dr. Cristian Santos,MEM000513,FAC046,2026-06-13T13:00:00,93000,61.96,Chennai,CLEAN
CLM-91ED8EE9,1000000127,Dr. Jason Powell,MEM000594,FAC013,2026-05-17T17:00:00,99215,232.31,Chennai,CLEAN
CLM-81D6EC95,1000000060,Dr. Victoria Garcia,MEM000947,FAC024,2026-05-24T14:00:00,99214,151.35,Chennai,CLEAN
CLM-B0B42301,1000000051,Dr. Danny Morgan,MEM000014,FAC043,2026-04-20T10:00:00,99215,226.46,Chennai,CLEAN
CLM-1ABF269F,1000000122,Dr. April Frost,MEM000021,FAC006,2026-02-03T13:00:00,99214,154.72,Chennai,CLEAN
CLM-507E820B,1000000171,Dr. Darlene Miller,MEM000263,FAC026,2026-02-11T15:00:00,99214,156.87,Chennai,CLEAN
CLM-22E8D140,1000000092,Dr. Denise Jacobs,MEM000099,FAC048,2026-03-15T13:00:00,93000,62.3,Chennai,CLEAN
CLM-CDBD7DC4,1000000163,Dr. Jeffrey Johnson,MEM000070,FAC004,2026-02-09T10:00:00,99213,109.07,Chennai,CLEAN
CLM-C3C5E9DC,1000000016,Dr. Holly Wood,MEM000797,FAC049,2026-03-11T11:00:00,99213,105.3,Chennai,CLEAN
CLM-9A02CDA1,1000000086,Dr. Shirley Suarez,MEM000124,FAC032,2026-05-17T16:00:00,93000,55.47,Chennai,CLEAN
CLM-E91E9993,1000000171,Dr. Darlene Miller,MEM000629,FAC017,2026-01-22T14:00:00,99213,97.06,Chennai,CLEAN
CLM-C308E9D9,1000000099,Dr. Stephen Mckee,MEM000825,FAC012,2026-05-20T13:00:00,99213,108.22,Chennai,CLEAN
CLM-3908EB79,1000000158,Dr. Melissa Gates,MEM000823,FAC049,2026-01-23T10:00:00,99214,139.37,Chennai,CLEAN
CLM-2FF286BB,1000000041,Dr. Fred Smith,MEM000534,FAC044,2026-05-17T12:00:00,71045,87.86,Chennai,CLEAN
CLM-CDB2607B,1000000193,Dr. Angelica Keith,MEM000646,FAC022,2026-01-08T14:00:00,71045,84.68,Chennai,CLEAN
CLM-19A53BB4,1000000110,Dr. Richard Rodriguez,MEM000106,FAC032,2026-04-14T12:00:00,99214,140.7,Chennai,CLEAN
CLM-38B8781D,1000000163,Dr. Jeffrey Johnson,MEM000495,FAC049,2026-05-31T10:00:00,99214,160.04,Chennai,CLEAN
CLM-0A026624,1000000199,Dr. Nathan Freeman,MEM000506,FAC035,2026-04-28T15:00:00,99215,226.27,Chennai,CLEAN
CLM-0E4D3FA3,1000000050,Dr. Jessica Holmes,MEM000921,FAC002,2026-01-10T16:00:00,99214,135.11,Chennai,CLEAN
CLM-64233B98,1000000090,Dr. Matthew Mcmillan,MEM000017,FAC042,2026-04-06T14:00:00,71045,84.0,Chennai,CLEAN
CLM-0504EF33,1000000001,Dr. Noah Rhodes,MEM000992,FAC020,2026-04-29T10:00:00,99214,160.29,Chennai,CLEAN
CLM-9E814644,1000000152,Dr. Denise Jones,MEM000533,FAC035,2026-01-30T11:00:00,71045,79.91,Chennai,CLEAN
CLM-399A118C,1000000141,Dr. David Douglas Jr.,MEM000743,FAC048,2026-03-29T10:00:00,93000,63.73,Chennai,CLEAN
CLM-1FD6DCB7,1888888888,Dr. Synthetic-B (Teleport),MEM000855,FAC040,2026-03-23T12:00:00,99215,221.63,Chennai,CLEAN
CLM-9B2E804C,1000000108,Dr. Evelyn Galvan,MEM000300,FAC002,2026-01-28T09:00:00,99215,227.25,Chennai,CLEAN
CLM-78A2A63B,1000000035,Dr. Jeffrey Chavez,MEM000712,FAC016,2026-04-08T11:00:00,99215,212.96,Chennai,CLEAN
CLM-7C485E9F,1000000105,Dr. Marc Moore,MEM000076,FAC033,2026-04-04T10:00:00,71045,76.93,Chennai,CLEAN
CLM-E7CE93DA,1000000076,Dr. Angela Lopez,MEM000416,FAC001,2026-01-07T13:00:00,99215,206.13,Chennai,CLEAN
CLM-76BFA28D,1000000023,Dr. Tommy Walter,MEM000890,FAC008,2026-05-15T10:00:00,99215,202.99,Chennai,CLEAN
CLM-55D36A59,1000000067,Dr. Carol Tucker,MEM000786,FAC021,2026-03-23T10:00:00,99214,152.29,Chennai,CLEAN
CLM-E9DA269F,1000000149,Dr. Stephanie Manning,MEM000819,FAC005,2026-03-01T09:00:00,99215,211.71,Chennai,CLEAN
CLM-F9D66380,1000000194,Dr. John Bishop,MEM000563,FAC048,2026-05-19T10:00:00,93000,65.22,Chennai,CLEAN
CLM-53DDC84C,1000000176,Dr. Michael Elliott,MEM000559,FAC019,2026-05-22T13:00:00,99213,107.91,Chennai,CLEAN
CLM-6F74E354,1000000192,Dr. Debra Christian,MEM000953,FAC002,2026-03-21T15:00:00,99213,103.16,Chennai,CLEAN
CLM-5DF755C7,1000000068,Dr. James Brown,MEM000758,FAC003,2026-02-05T10:00:00,99213,108.98,Chennai,CLEAN
CLM-481DA188,1000000150,Dr. David Wright,MEM000004,FAC006,2026-05-03T09:00:00,71045,84.95,Chennai,CLEAN
CLM-CE9DE87D,1000000103,Dr. Christine Wright,MEM000554,FAC006,2026-03-09T11:00:00,93000,65.28,Chennai,CLEAN
CLM-ABD23524,1000000063,Dr. Donald Wright,MEM000083,FAC021,2026-02-13T11:00:00,93000,62.41,Chennai,CLEAN
CLM-0889DD37,1000000026,Dr. Justin Baker,MEM000645,FAC001,2026-05-01T12:00:00,99214,140.08,Chennai,CLEAN
CLM-99B9A095,1000000174,Dr. Nicole Herring,MEM000521,FAC015,2026-04-15T09:00:00,93000,64.5,Chennai,CLEAN
CLM-226EE9F8,1000000147,Dr. Stephanie Salazar,MEM000813,FAC046,2026-02-18T16:00:00,93000,56.85,Chennai,CLEAN
CLM-FF871DCE,1000000110,Dr. Richard Rodriguez,MEM000216,FAC039,2026-06-20T15:00:00,99214,159.75,Chennai,CLEAN
CLM-F4010D4E,1000000074,Dr. Amy Silva,MEM000352,FAC008,2026-04-14T15:00:00,93000,57.45,Chennai,CLEAN
CLM-3EA70086,1000000063,Dr. Donald Wright,MEM000631,FAC007,2026-06-30T15:00:00,99215,226.53,Chennai,CLEAN
CLM-E303613E,1000000127,Dr. Jason Powell,MEM000001,FAC007,2026-04-14T12:00:00,99215,228.42,Chennai,CLEAN
CLM-CA4A27D7,1000000147,Dr. Stephanie Salazar,MEM000188,FAC041,2026-05-29T10:00:00,99214,138.97,Chennai,CLEAN
CLM-C1A6B5F8,1000000010,Dr. Monica Herrera,MEM000236,FAC015,2026-01-12T10:00:00,71045,74.13,Chennai,CLEAN
CLM-64767705,1000000055,Dr. Michael Lewis,MEM000283,FAC007,2026-05-28T09:00:00,99214,156.52,Chennai,CLEAN
CLM-233925A7,1000000178,Dr. Lawrence Adkins,MEM000014,FAC026,2026-01-28T14:00:00,99214,148.41,Chennai,CLEAN
CLM-D4DDCF5C,1000000037,Dr. Cassandra Gaines,MEM000741,FAC041,2026-02-01T14:00:00,99215,241.0,Chennai,CLEAN
CLM-341CB23E,1000000096,Dr. Aaron Wise,MEM000675,FAC033,2026-06-24T13:00:00,71045,82.61,Chennai,CLEAN
CLM-2E80CAFB,1000000162,Dr. Lindsey Walker,MEM000149,FAC013,2026-04-10T14:00:00,99214,161.1,Chennai,CLEAN
CLM-D9F9EA5F,1000000169,Dr. Daniel Murphy,MEM000248,FAC031,2026-05-06T13:00:00,71045,72.78,Chennai,CLEAN
CLM-E8FF810E,1000000000,Dr. Allison Hill,MEM000443,FAC029,2026-02-10T09:00:00,99213,104.97,Chennai,CLEAN
CLM-D41EC43E,1000000134,Dr. Rebecca Jackson,MEM000296,FAC013,2026-04-16T10:00:00,99215,204.19,Chennai,CLEAN
CLM-D6187031,1000000071,Dr. Whitney Peters,MEM000181,FAC027,2026-01-04T16:00:00,93000,54.78,Chennai,CLEAN
CLM-3B395489,1000000116,Dr. William Herrera,MEM000356,FAC019,2026-06-14T12:00:00,71045,75.21,Chennai,CLEAN
CLM-1F9A134C,1000000070,Dr. Jordan Henderson,MEM000859,FAC030,2026-04-10T13:00:00,99214,149.41,Chennai,CLEAN
CLM-A9996FE8,1000000112,Dr. Julia Torres,MEM000926,FAC008,2026-01-05T12:00:00,71045,78.15,Chennai,CLEAN
CLM-B8DE5A24,1000000141,Dr. David Douglas Jr.,MEM000521,FAC041,2026-02-07T10:00:00,99215,229.73,Chennai,CLEAN
CLM-4D42A874,1000000133,Dr. Daniel Kennedy,MEM000260,FAC044,2026-01-26T13:00:00,93000,63.59,Chennai,CLEAN
CLM-9897F7D2,1000000191,Dr. Karen Graham,MEM000413,FAC001,2026-01-17T10:00:00,99214,161.96,Chennai,CLEAN
CLM-9A5E754A,1000000064,Dr. Jessica Callahan,MEM000829,FAC015,2026-06-21T17:00:00,93000,60.89,Chennai,CLEAN
CLM-2215B508,1000000135,Dr. Jose Schultz,MEM000943,FAC011,2026-06-10T16:00:00,93000,54.04,Chennai,CLEAN
CLM-403F088B,1000000005,Dr. Connie Lawrence,MEM000335,FAC049,2026-06-26T17:00:00,71045,81.09,Chennai,CLEAN
CLM-97F21C75,1000000000,Dr. Allison Hill,MEM000492,FAC012,2026-02-17T10:00:00,99215,229.72,Chennai,CLEAN
CLM-DF614D03,1000000108,Dr. Evelyn Galvan,MEM000257,FAC044,2026-03-11T12:00:00,71045,82.72,Chennai,CLEAN
CLM-8D4F6FEC,1000000154,Dr. Brenda Hall,MEM000578,FAC036,2026-04-02T10:00:00,71045,79.55,Chennai,CLEAN
CLM-287E4962,1000000050,Dr. Jessica Holmes,MEM000911,FAC015,2026-03-25T09:00:00,99215,213.7,Chennai,CLEAN
CLM-0A320551,1000000194,Dr. John Bishop,MEM000246,FAC034,2026-03-27T16:00:00,99214,147.92,Chennai,CLEAN
CLM-C996D580,1000000143,Dr. Christopher Rubio,MEM000016,FAC044,2026-01-20T10:00:00,93000,64.75,Chennai,CLEAN
CLM-483C4F74,1000000059,Dr. John Daniel,MEM000420,FAC002,2026-02-22T16:00:00,71045,80.56,Chennai,CLEAN
CLM-6D9D750A,1000000189,Dr. Jessica Gross,MEM000074,FAC006,2026-06-24T17:00:00,71045,83.49,Chennai,CLEAN
CLM-FE1866B8,1000000056,Dr. Timothy Duncan,MEM000755,FAC013,2026-02-25T14:00:00,99213,90.73,Chennai,CLEAN
CLM-9AAD3589,1000000002,Dr. Angie Henderson,MEM000940,FAC037,2026-04-15T10:00:00,99215,226.29,Chennai,CLEAN
CLM-9BC41623,1000000115,Dr. Diana May,MEM000914,FAC013,2026-01-24T14:00:00,99214,153.35,Chennai,CLEAN
CLM-9D8F2EC0,1000000023,Dr. Tommy Walter,MEM000824,FAC016,2026-06-03T17:00:00,99214,136.33,Chennai,CLEAN
CLM-FDC4C31E,1000000176,Dr. Michael Elliott,MEM000283,FAC034,2026-02-12T09:00:00,71045,85.07,Chennai,CLEAN
CLM-7032451A,1000000055,Dr. Michael Lewis,MEM000814,FAC026,2026-03-26T10:00:00,99213,100.07,Chennai,CLEAN
CLM-8A7A038B,1000000058,Dr. Brent Jordan,MEM000947,FAC036,2026-03-13T09:00:00,71045,83.14,Chennai,CLEAN
CLM-A97B7D8D,1000000091,Dr. Brian Rodriguez,MEM000771,FAC028,2026-05-23T11:00:00,99213,104.78,Chennai,CLEAN
CLM-2D1D60BE,1000000160,Dr. Paul Castaneda,MEM000585,FAC001,2026-06-20T13:00:00,99214,140.16,Chennai,CLEAN
CLM-7C9EAA31,1000000040,Dr. Paula Moreno,MEM000239,FAC047,2026-01-12T11:00:00,99214,159.82,Chennai,CLEAN
CLM-555DA4E0,1000000050,Dr. Jessica Holmes,MEM000135,FAC018,2026-04-28T09:00:00,71045,75.61,Chennai,CLEAN
CLM-17A53501,1000000034,Dr. Debra Davidson,MEM000032,FAC007,2026-02-22T14:00:00,99215,234.73,Chennai,CLEAN
CLM-A2D689EF,1000000110,Dr. Richard Rodriguez,MEM000157,FAC044,2026-01-17T11:00:00,71045,78.05,Chennai,CLEAN
CLM-1B51E2B2,1000000043,Dr. Anthony Humphrey,MEM000383,FAC002,2026-05-17T11:00:00,71045,73.74,Chennai,CLEAN
CLM-43DA6783,1000000195,Dr. Allen Rosales,MEM000161,FAC013,2026-01-19T11:00:00,71045,73.74,Chennai,CLEAN
CLM-5A81DE98,1000000058,Dr. Brent Jordan,MEM000716,FAC010,2026-03-10T17:00:00,93000,64.61,Chennai,CLEAN
CLM-1F7376C1,1000000135,Dr. Jose Schultz,MEM000972,FAC037,2026-05-30T14:00:00,71045,74.52,Chennai,CLEAN
CLM-5FAF4FAD,1000000152,Dr. Denise Jones,MEM000545,FAC042,2026-05-26T12:00:00,71045,78.8,Chennai,CLEAN
CLM-25224192,1000000156,Dr. Joshua Perry,MEM000856,FAC028,2026-03-13T14:00:00,99215,224.68,Chennai,CLEAN
CLM-C4700FE2,1000000187,Dr. Samantha Garcia,MEM000817,FAC049,2026-01-06T12:00:00,71045,76.73,Chennai,CLEAN
CLM-93232D1A,1000000197,Dr. Spencer Haynes,MEM000548,FAC029,2026-01-24T10:00:00,99214,162.02,Chennai,CLEAN
CLM-D4F0B9A5,1000000058,Dr. Brent Jordan,MEM000754,FAC044,2026-05-17T10:00:00,93000,59.75,Chennai,CLEAN
CLM-8C51369F,1000000166,Dr. Alyssa Long,MEM000594,FAC045,2026-02-04T09:00:00,93000,56.16,Chennai,CLEAN
CLM-AEE82996,1000000059,Dr. John Daniel,MEM000818,FAC008,2026-03-03T09:00:00,93000,64.3,Chennai,CLEAN
CLM-A039326E,1000000139,Dr. Angel Perry,MEM000905,FAC004,2026-03-03T17:00:00,93000,55.0,Chennai,CLEAN
CLM-F5425A67,1000000134,Dr. Rebecca Jackson,MEM000550,FAC005,2026-03-08T13:00:00,99215,222.15,Chennai,CLEAN
CLM-2D9F0728,1000000045,Dr. Philip Cannon,MEM000045,FAC027,2026-05-06T12:00:00,99214,159.09,Chennai,CLEAN
CLM-DF2A6564,1000000056,Dr. Timothy Duncan,MEM000715,FAC040,2026-01-23T17:00:00,99214,153.75,Chennai,CLEAN
CLM-55D4F466,1000000018,Dr. Lisa Jackson,MEM000432,FAC046,2026-06-12T17:00:00,99213,104.75,Chennai,CLEAN
CLM-92E32B0C,1000000082,Dr. Michael Evans,MEM000471,FAC010,2026-06-24T13:00:00,99215,199.32,Chennai,CLEAN
CLM-958951EE,1000000195,Dr. Allen Rosales,MEM000011,FAC049,2026-01-07T09:00:00,99213,91.67,Chennai,CLEAN
CLM-8E7176BD,1000000042,Dr. Sherry Decker,MEM000775,FAC047,2026-06-13T10:00:00,99213,103.76,Chennai,CLEAN
CLM-CA07EB11,1000000123,Dr. Michelle Harmon,MEM000975,FAC006,2026-04-23T17:00:00,99215,200.52,Chennai,CLEAN
CLM-8BFD223E,1000000161,Dr. Jennifer Adkins,MEM000766,FAC038,2026-01-07T11:00:00,99215,211.77,Chennai,CLEAN
CLM-9263FB46,1000000172,Dr. Joshua Cooke,MEM000117,FAC032,2026-06-15T13:00:00,99215,209.48,Chennai,CLEAN
CLM-A546E642,1000000021,Dr. Patty Perez,MEM000558,FAC009,2026-06-03T17:00:00,71045,76.59,Chennai,CLEAN
CLM-7900D8C0,1000000133,Dr. Daniel Kennedy,MEM000932,FAC049,2026-01-20T11:00:00,99214,159.73,Chennai,CLEAN
CLM-CE3A427C,1000000073,Dr. Lauren Daniels,MEM000513,FAC039,2026-01-11T14:00:00,71045,79.5,Chennai,CLEAN
CLM-8F436F09,1000000129,Dr. Megan Orr,MEM000445,FAC029,2026-01-07T09:00:00,93000,54.59,Chennai,CLEAN
CLM-D8A43C4E,1000000169,Dr. Daniel Murphy,MEM000267,FAC015,2026-04-07T14:00:00,99215,201.9,Chennai,CLEAN
CLM-49E95403,1000000185,Dr. Dr. Hannah Patterson,MEM000528,FAC017,2026-05-16T11:00:00,71045,78.04,Chennai,CLEAN
CLM-0151F4C2,1000000031,Dr. James Ferrell,MEM000241,FAC026,2026-02-08T13:00:00,93000,56.73,Chennai,CLEAN
CLM-67ACF529,1000000082,Dr. Michael Evans,MEM000378,FAC042,2026-01-13T14:00:00,99215,234.15,Chennai,CLEAN
CLM-144CB28C,1999999999,Dr. Synthetic-A (Phantom),MEM000590,FAC024,2026-01-11T17:00:00,99213,102.5,Chennai,CLEAN
CLM-EA820139,1000000013,Dr. Michele Williams,MEM000416,FAC013,2026-03-03T15:00:00,93000,64.27,Chennai,CLEAN
CLM-1E0168DD,1000000142,Dr. Patricia Rodriguez,MEM000471,FAC039,2026-04-01T09:00:00,93000,63.34,Chennai,CLEAN
CLM-B2CF4A15,1000000134,Dr. Rebecca Jackson,MEM000189,FAC008,2026-01-17T09:00:00,99215,233.29,Chennai,CLEAN
CLM-86A5000E,1000000031,Dr. James Ferrell,MEM000886,FAC025,2026-03-06T17:00:00,99213,107.8,Chennai,CLEAN
CLM-B2EC74C3,1000000135,Dr. Jose Schultz,MEM000756,FAC000,2026-03-08T13:00:00,99214,151.42,Chennai,CLEAN
CLM-7BC46B8F,1000000121,Dr. Kenneth Scott,MEM000510,FAC015,2026-05-13T12:00:00,71045,83.49,Chennai,CLEAN
CLM-0DEE7A8E,1000000048,Dr. Joshua Blair,MEM000541,FAC041,2026-01-17T15:00:00,99215,208.66,Chennai,CLEAN
CLM-D65AEBA4,1000000172,Dr. Joshua Cooke,MEM000067,FAC009,2026-06-28T15:00:00,93000,62.13,Chennai,CLEAN
CLM-3309E8DE,1000000185,Dr. Dr. Hannah Patterson,MEM000174,FAC033,2026-05-27T13:00:00,71045,76.76,Chennai,CLEAN
CLM-CC2191A0,1000000005,Dr. Connie Lawrence,MEM000248,FAC026,2026-02-03T14:00:00,93000,59.17,Chennai,CLEAN
CLM-AFB6FA48,1000000026,Dr. Justin Baker,MEM000317,FAC049,2026-03-06T10:00:00,71045,85.98,Chennai,CLEAN
CLM-461211D3,1000000099,Dr. Stephen Mckee,MEM000298,FAC040,2026-04-10T11:00:00,99215,239.63,Chennai,CLEAN
CLM-4A7ACF8E,1000000095,Dr. Anna Henderson,MEM000775,FAC018,2026-01-11T11:00:00,71045,84.62,Chennai,CLEAN
CLM-A2D9655E,1000000184,Dr. Lindsay Martinez,MEM000691,FAC023,2026-03-29T17:00:00,99214,143.81,Chennai,CLEAN
CLM-AD9DD4B2,1000000186,Dr. Jonathan Peterson,MEM000023,FAC042,2026-01-22T16:00:00,71045,76.92,Chennai,CLEAN
CLM-B1C90CFD,1777777777,Dr. Synthetic-C (Upcoder),MEM000286,FAC018,2026-05-12T17:00:00,93000,65.0,Mumbai,CLEAN
CLM-5C0B4B6C,1000000005,Dr. Connie Lawrence,MEM000790,FAC014,2026-01-28T14:00:00,99214,151.68,Chennai,CLEAN
CLM-5CA115C7,1000000128,Dr. Cameron Fisher,MEM000531,FAC011,2026-03-12T14:00:00,99214,148.97,Chennai,CLEAN
CLM-F3DDEB06,1000000178,Dr. Lawrence Adkins,MEM000063,FAC043,2026-06-26T14:00:00,99213,95.79,Chennai,CLEAN
CLM-9CAA2416,1000000163,Dr. Jeffrey Johnson,MEM000058,FAC018,2026-03-03T12:00:00,99214,141.27,Chennai,CLEAN
CLM-3062CCC6,1000000195,Dr. Allen Rosales,MEM000843,FAC022,2026-02-19T17:00:00,99215,223.83,Chennai,CLEAN
CLM-23683B8F,1000000181,Dr. Tina Sanders,MEM000125,FAC025,2026-02-26T11:00:00,99213,91.8,Chennai,CLEAN
CLM-6D048118,1000000182,Dr. Angela Vaughn,MEM000614,FAC029,2026-05-15T16:00:00,99213,100.89,Chennai,CLEAN
CLM-6521DC18,1000000155,Dr. Michelle Brown,MEM000999,FAC012,2026-03-03T10:00:00,99214,149.78,Chennai,CLEAN
CLM-A0F3168D,1000000034,Dr. Debra Davidson,MEM000414,FAC041,2026-03-24T12:00:00,99213,107.65,Chennai,CLEAN
CLM-091B8933,1000000008,Dr. Gabrielle Davis,MEM000740,FAC004,2026-01-22T17:00:00,71045,84.13,Chennai,CLEAN
CLM-E13BCCB5,1000000083,Dr. Paul Jones,MEM000398,FAC006,2026-04-29T17:00:00,71045,84.46,Chennai,CLEAN
CLM-69FC674D,1000000184,Dr. Lindsay Martinez,MEM000884,FAC033,2026-01-03T09:00:00,99214,141.26,Chennai,CLEAN
CLM-5236B329,1000000006,Dr. Abigail Shaffer,MEM000830,FAC001,2026-05-31T10:00:00,99215,232.26,Chennai,CLEAN
CLM-98193170,1000000028,Dr. Zachary Hicks,MEM000562,FAC008,2026-06-02T17:00:00,99213,94.89,Chennai,CLEAN
CLM-AFB9DE58,1000000096,Dr. Aaron Wise,MEM000341,FAC030,2026-06-13T16:00:00,99215,230.09,Chennai,CLEAN
CLM-AB2DCCEA,1000000152,Dr. Denise Jones,MEM000122,FAC046,2026-04-17T09:00:00,93000,62.16,Chennai,CLEAN
CLM-9F275E7F,1000000100,Dr. Sandra Aguilar,MEM000376,FAC039,2026-03-30T11:00:00,99213,91.53,Chennai,CLEAN
CLM-B1F3FC04,1000000154,Dr. Brenda Hall,MEM000072,FAC007,2026-05-15T13:00:00,99213,100.78,Chennai,CLEAN
CLM-7FC5ABD4,1000000057,Dr. Richard Aguirre,MEM000236,FAC025,2026-05-16T16:00:00,99215,234.87,Chennai,CLEAN
CLM-36027F36,1000000150,Dr. David Wright,MEM000142,FAC048,2026-04-15T12:00:00,99214,159.45,Chennai,CLEAN
CLM-A09B2783,1000000040,Dr. Paula Moreno,MEM000964,FAC013,2026-06-05T17:00:00,99214,137.21,Chennai,CLEAN
CLM-589B777D,1000000115,Dr. Diana May,MEM000281,FAC021,2026-03-28T15:00:00,99213,91.84,Chennai,CLEAN
CLM-054ECED7,1000000009,Dr. Ryan Munoz,MEM000712,FAC047,2026-03-17T11:00:00,93000,60.43,Chennai,CLEAN
CLM-8FFFEEA5,1000000191,Dr. Karen Graham,MEM000043,FAC023,2026-06-11T09:00:00,99215,208.46,Chennai,CLEAN
CLM-E199621F,1000000101,Dr. Cameron Parker,MEM000438,FAC027,2026-01-12T17:00:00,99213,92.33,Chennai,CLEAN
CLM-6FECF5C0,1000000032,Dr. Tricia Valencia,MEM000436,FAC049,2026-01-05T09:00:00,99214,161.24,Chennai,CLEAN
CLM-A42C5129,1000000014,Dr. Dylan Miller,MEM000532,FAC013,2026-04-03T15:00:00,71045,86.15,Chennai,CLEAN
CLM-FEC67A49,1000000022,Dr. Ethan Adams,MEM000837,FAC048,2026-01-07T15:00:00,99214,155.55,Chennai,CLEAN
CLM-F021A39D,1000000018,Dr. Lisa Jackson,MEM000328,FAC047,2026-02-24T10:00:00,99214,158.03,Chennai,CLEAN
CLM-3512C298,1000000065,Dr. Amber Kidd,MEM000919,FAC021,2026-04-02T09:00:00,71045,80.15,Chennai,CLEAN
CLM-CBEDE40F,1000000046,Dr. John Pierce,MEM000446,FAC036,2026-01-28T16:00:00,71045,78.79,Chennai,CLEAN
CLM-4AA60DED,1000000143,Dr. Christopher Rubio,MEM000659,FAC009,2026-06-09T12:00:00,93000,63.98,Chennai,CLEAN
CLM-7C86203F,1000000074,Dr. Amy Silva,MEM000767,FAC002,2026-01-30T12:00:00,99215,237.44,Chennai,CLEAN
CLM-2D9F1F68,1000000001,Dr. Noah Rhodes,MEM000812,FAC033,2026-04-25T12:00:00,99215,211.13,Chennai,CLEAN
CLM-647EF562,1000000122,Dr. April Frost,MEM000883,FAC042,2026-05-21T17:00:00,99214,147.22,Chennai,CLEAN
CLM-55427D8C,1000000054,Dr. Shannon Jones,MEM000239,FAC041,2026-04-06T10:00:00,99213,92.05,Chennai,CLEAN
CLM-CB23FD5A,1000000094,Dr. John Whitehead,MEM000462,FAC044,2026-06-27T09:00:00,93000,63.87,Chennai,CLEAN
CLM-1BE9B2C0,1000000129,Dr. Megan Orr,MEM000377,FAC036,2026-05-29T10:00:00,99215,210.57,Chennai,CLEAN
CLM-73B4653D,1000000046,Dr. John Pierce,MEM000957,FAC001,2026-04-26T13:00:00,93000,63.69,Chennai,CLEAN
CLM-29A1B9A4,1000000103,Dr. Christine Wright,MEM000774,FAC038,2026-06-30T15:00:00,93000,60.87,Chennai,CLEAN
CLM-AF6A4750,1000000096,Dr. Aaron Wise,MEM000890,FAC049,2026-06-18T13:00:00,93000,61.7,Chennai,CLEAN
CLM-B49B94FD,1000000194,Dr. John Bishop,MEM000614,FAC047,2026-06-23T16:00:00,99213,107.78,Chennai,CLEAN
CLM-AD67455F,1000000075,Dr. Sarah Moore,MEM000148,FAC034,2026-04-04T15:00:00,93000,56.98,Chennai,CLEAN
CLM-87615FB0,1000000084,Dr. Zachary Ferrell,MEM000578,FAC006,2026-03-17T09:00:00,93000,64.65,Chennai,CLEAN
CLM-F5ECE760,1000000145,Dr. Joyce Solis,MEM000633,FAC012,2026-02-14T12:00:00,99213,93.7,Chennai,CLEAN
CLM-89937940,1000000199,Dr. Nathan Freeman,MEM000826,FAC014,2026-03-17T11:00:00,71045,78.47,Chennai,CLEAN
CLM-087409C4,1000000143,Dr. Christopher Rubio,MEM000983,FAC003,2026-04-15T09:00:00,93000,59.68,Chennai,CLEAN
CLM-BACFA9AA,1000000101,Dr. Cameron Parker,MEM000655,FAC007,2026-04-28T15:00:00,99213,102.84,Chennai,CLEAN
CLM-BC1FE99A,1000000044,Dr. Angelica Tucker,MEM000767,FAC013,2026-03-21T17:00:00,99214,150.6,Chennai,CLEAN
CLM-CC957997,1000000056,Dr. Timothy Duncan,MEM000333,FAC042,2026-06-19T14:00:00,99214,161.96,Chennai,CLEAN
CLM-F8E6A6F5,1000000133,Dr. Daniel Kennedy,MEM000141,FAC042,2026-05-24T09:00:00,99215,234.43,Chennai,CLEAN
CLM-ACEC9E3A,1000000088,Dr. Lisa Archer,MEM000983,FAC026,2026-06-19T10:00:00,99214,162.07,Chennai,CLEAN
CLM-44DFDB82,1000000144,Dr. Amber Wright,MEM000624,FAC027,2026-03-29T09:00:00,93000,63.66,Chennai,CLEAN
CLM-9D62503E,1999999999,Dr. Synthetic-A (Phantom),MEM000150,FAC025,2026-06-01T14:00:00,93000,62.12,Chennai,CLEAN
CLM-8B4BFBA3,1000000111,Dr. Shannon Walker,MEM000676,FAC017,2026-01-24T17:00:00,71045,81.17,Chennai,CLEAN
CLM-CF6FDB57,1000000088,Dr. Lisa Archer,MEM000416,FAC040,2026-01-19T12:00:00,99213,101.24,Chennai,CLEAN
CLM-6DDAF5CA,1000000109,Dr. Sharon Cochran,MEM000100,FAC043,2026-06-25T11:00:00,99214,159.22,Chennai,CLEAN
CLM-D71555DC,1000000080,Dr. Kelly Donovan,MEM000585,FAC021,2026-01-31T13:00:00,99214,158.32,Chennai,CLEAN
CLM-E38FE547,1000000102,Dr. Rebecca Valencia,MEM000554,FAC009,2026-03-03T13:00:00,93000,57.26,Chennai,CLEAN
CLM-30386B00,1000000010,Dr. Monica Herrera,MEM000875,FAC001,2026-02-12T16:00:00,99214,135.03,Chennai,CLEAN
CLM-06A38A8F,1000000170,Dr. Jamie Walton,MEM000872,FAC032,2026-04-22T15:00:00,71045,73.0,Chennai,CLEAN
CLM-BD772525,1000000014,Dr. Dylan Miller,MEM000119,FAC048,2026-04-10T17:00:00,99214,137.25,Chennai,CLEAN
CLM-E95208C4,1000000171,Dr. Darlene Miller,MEM000197,FAC039,2026-03-27T09:00:00,99213,108.91,Chennai,CLEAN
CLM-2723C8ED,1000000096,Dr. Aaron Wise,MEM000540,FAC003,2026-06-06T13:00:00,99213,95.86,Chennai,CLEAN
CLM-5C1D63F6,1000000155,Dr. Michelle Brown,MEM000074,FAC047,2026-03-24T09:00:00,71045,78.52,Chennai,CLEAN
CLM-8625E7EE,1000000045,Dr. Philip Cannon,MEM000883,FAC040,2026-05-14T12:00:00,93000,65.39,Chennai,CLEAN
CLM-5E04A91B,1000000164,Dr. Michael Powell,MEM000421,FAC040,2026-02-06T09:00:00,99215,207.7,Chennai,CLEAN
CLM-A6401CF9,1000000071,Dr. Whitney Peters,MEM000276,FAC001,2026-05-07T16:00:00,71045,81.58,Chennai,CLEAN
CLM-C378CE6C,1000000100,Dr. Sandra Aguilar,MEM000166,FAC003,2026-04-25T11:00:00,71045,84.21,Chennai,CLEAN
CLM-64431BD0,1000000105,Dr. Marc Moore,MEM000687,FAC008,2026-06-02T11:00:00,99215,198.86,Chennai,CLEAN
CLM-E4D0FD54,1000000023,Dr. Tommy Walter,MEM000763,FAC031,2026-06-10T16:00:00,71045,86.77,Chennai,CLEAN
CLM-80B5EB34,1000000041,Dr. Fred Smith,MEM000578,FAC044,2026-06-04T10:00:00,99215,199.0,Chennai,CLEAN
CLM-234A01E8,1000000134,Dr. Rebecca Jackson,MEM000690,FAC034,2026-03-09T10:00:00,99214,140.95,Chennai,CLEAN
CLM-31B791F9,1000000116,Dr. William Herrera,MEM000237,FAC005,2026-02-03T14:00:00,99215,229.46,Chennai,CLEAN
CLM-E8175A02,1000000043,Dr. Anthony Humphrey,MEM000207,FAC022,2026-04-13T10:00:00,71045,80.71,Chennai,CLEAN
CLM-031C9229,1000000020,Dr. Margaret Hawkins DDS,MEM000475,FAC000,2026-02-22T11:00:00,99213,91.57,Chennai,CLEAN
CLM-C310A74C,1000000041,Dr. Fred Smith,MEM000000,FAC024,2026-01-29T12:00:00,71045,75.81,Chennai,CLEAN
CLM-88BAF71D,1000000131,Dr. Dustin Jordan,MEM000685,FAC020,2026-02-03T16:00:00,71045,80.74,Chennai,CLEAN
CLM-570CFF23,1000000088,Dr. Lisa Archer,MEM000385,FAC007,2026-02-18T12:00:00,71045,73.19,Chennai,CLEAN
CLM-9C7CBE67,1000000170,Dr. Jamie Walton,MEM000558,FAC018,2026-03-20T13:00:00,93000,54.59,Chennai,CLEAN
CLM-C4CC503D,1000000043,Dr. Anthony Humphrey,MEM000885,FAC037,2026-03-24T09:00:00,99214,160.92,Chennai,CLEAN
CLM-AF3B4561,1000000075,Dr. Sarah Moore,MEM000522,FAC002,2026-01-25T15:00:00,99215,210.53,Chennai,CLEAN
CLM-7C2EBE2F,1000000013,Dr. Michele Williams,MEM000242,FAC028,2026-02-22T13:00:00,99213,97.97,Chennai,CLEAN
CLM-86069E8C,1000000136,Dr. Robert Potter,MEM000110,FAC009,2026-04-29T16:00:00,93000,56.04,Chennai,CLEAN
CLM-48DA6618,1000000047,Dr. Shane Henderson,MEM000076,FAC000,2026-02-11T10:00:00,71045,86.31,Chennai,CLEAN
CLM-DE0BA313,1000000150,Dr. David Wright,MEM000549,FAC011,2026-01-27T12:00:00,99215,220.85,Chennai,CLEAN
CLM-7BC81F6D,1000000107,Dr. Sierra Johnson,MEM000175,FAC036,2026-05-20T14:00:00,71045,84.55,Chennai,CLEAN
CLM-2A46F86F,1000000175,Dr. Alex Hernandez,MEM000621,FAC028,2026-03-01T15:00:00,99214,161.24,Chennai,CLEAN
CLM-209975EC,1000000138,Dr. David Alvarez,MEM000248,FAC007,2026-05-12T11:00:00,93000,62.18,Chennai,CLEAN
CLM-DF0D0481,1000000081,Dr. Mike Allen,MEM000418,FAC001,2026-03-28T12:00:00,93000,63.0,Chennai,CLEAN
CLM-1AEDECB1,1000000189,Dr. Jessica Gross,MEM000023,FAC031,2026-06-29T17:00:00,71045,78.44,Chennai,CLEAN
CLM-FCB6058E,1000000030,Dr. Rebecca Henderson,MEM000464,FAC030,2026-06-29T09:00:00,71045,85.77,Chennai,CLEAN
CLM-1E9495B7,1000000127,Dr. Jason Powell,MEM000241,FAC025,2026-05-13T11:00:00,99213,97.3,Chennai,CLEAN
CLM-82381732,1000000000,Dr. Allison Hill,MEM000385,FAC034,2026-02-06T10:00:00,99214,140.41,Chennai,CLEAN
CLM-0CD0089D,1000000161,Dr. Jennifer Adkins,MEM000357,FAC020,2026-06-22T11:00:00,99213,109.84,Chennai,CLEAN
CLM-DED71213,1000000173,Dr. Matthew Harrington,MEM000894,FAC042,2026-04-04T09:00:00,99215,221.72,Chennai,CLEAN
CLM-764A4C65,1000000114,Dr. Garrett Lin,MEM000959,FAC006,2026-06-25T13:00:00,71045,81.11,Chennai,CLEAN
CLM-B941D750,1000000187,Dr. Samantha Garcia,MEM000074,FAC033,2026-06-16T11:00:00,99213,109.63,Chennai,CLEAN
CLM-5D6C2DDF,1000000035,Dr. Jeffrey Chavez,MEM000335,FAC036,2026-04-12T16:00:00,93000,65.46,Chennai,CLEAN
CLM-DC438F7B,1000000142,Dr. Patricia Rodriguez,MEM000604,FAC034,2026-06-24T13:00:00,99214,147.9,Chennai,CLEAN
CLM-B45926EC,1000000155,Dr. Michelle Brown,MEM000554,FAC018,2026-05-20T09:00:00,99214,138.81,Chennai,CLEAN
CLM-B7AE00D7,1000000009,Dr. Ryan Munoz,MEM000871,FAC021,2026-01-09T12:00:00,93000,59.2,Chennai,CLEAN
CLM-B9563B91,1000000184,Dr. Lindsay Martinez,MEM000612,FAC045,2026-06-27T13:00:00,93000,65.63,Chennai,CLEAN
CLM-C0F2A1B0,1000000165,Dr. John Anderson,MEM000133,FAC019,2026-06-05T14:00:00,93000,60.15,Chennai,CLEAN
CLM-B19181DE,1000000161,Dr. Jennifer Adkins,MEM000067,FAC041,2026-01-22T13:00:00,99215,217.88,Chennai,CLEAN
CLM-F3CBAC3C,1000000139,Dr. Angel Perry,MEM000519,FAC029,2026-01-10T16:00:00,99213,97.14,Chennai,CLEAN
CLM-A4D4F30A,1000000045,Dr. Philip Cannon,MEM000240,FAC034,2026-04-13T16:00:00,71045,79.64,Chennai,CLEAN
CLM-7DD2B673,1000000138,Dr. David Alvarez,MEM000787,FAC042,2026-02-17T09:00:00,93000,59.42,Chennai,CLEAN
CLM-EA366DCC,1000000097,Dr. Deborah Figueroa,MEM000798,FAC004,2026-06-07T10:00:00,71045,79.92,Chennai,CLEAN
CLM-A8223146,1000000136,Dr. Robert Potter,MEM000504,FAC024,2026-05-19T11:00:00,93000,60.9,Chennai,CLEAN
CLM-77062921,1000000111,Dr. Shannon Walker,MEM000517,FAC031,2026-02-09T11:00:00,99215,220.71,Chennai,CLEAN
CLM-BCAC1EFD,1000000050,Dr. Jessica Holmes,MEM000505,FAC047,2026-01-10T17:00:00,99215,227.99,Chennai,CLEAN
CLM-BECDBE43,1000000000,Dr. Allison Hill,MEM000408,FAC041,2026-02-17T12:00:00,99215,200.28,Chennai,CLEAN
CLM-FFE9D790,1000000068,Dr. James Brown,MEM000904,FAC001,2026-06-19T14:00:00,71045,78.1,Chennai,CLEAN
CLM-DF73C7CF,1000000158,Dr. Melissa Gates,MEM000339,FAC043,2026-04-27T09:00:00,99213,103.46,Chennai,CLEAN
CLM-85B859B9,1000000042,Dr. Sherry Decker,MEM000286,FAC034,2026-02-15T14:00:00,99215,209.81,Chennai,CLEAN
CLM-9916E8E6,1000000046,Dr. John Pierce,MEM000956,FAC033,2026-04-11T16:00:00,93000,58.73,Chennai,CLEAN
CLM-176683EF,1000000035,Dr. Jeffrey Chavez,MEM000361,FAC039,2026-03-17T11:00:00,99214,154.02,Chennai,CLEAN
CLM-284FF4E4,1000000034,Dr. Debra Davidson,MEM000699,FAC034,2026-05-28T13:00:00,71045,85.28,Chennai,CLEAN
CLM-CAB15D51,1000000056,Dr. Timothy Duncan,MEM000887,FAC012,2026-05-20T10:00:00,99215,215.82,Chennai,CLEAN
CLM-8EBF128B,1000000066,Dr. Tracy House,MEM000081,FAC043,2026-06-24T14:00:00,99214,150.99,Chennai,CLEAN
CLM-711ABDCB,1000000086,Dr. Shirley Suarez,MEM000739,FAC030,2026-02-15T14:00:00,71045,74.68,Chennai,CLEAN
CLM-1A686FB5,1000000147,Dr. Stephanie Salazar,MEM000175,FAC025,2026-05-31T12:00:00,99214,145.3,Chennai,CLEAN
CLM-B0E3AB34,1000000155,Dr. Michelle Brown,MEM000800,FAC043,2026-04-05T10:00:00,99214,160.81,Chennai,CLEAN
CLM-3623C880,1000000129,Dr. Megan Orr,MEM000108,FAC035,2026-04-11T14:00:00,99215,199.13,Chennai,CLEAN
CLM-8E4E3FBF,1000000165,Dr. John Anderson,MEM000501,FAC033,2026-03-09T15:00:00,93000,57.89,Chennai,CLEAN
CLM-B70B0EA8,1000000156,Dr. Joshua Perry,MEM000328,FAC048,2026-05-05T13:00:00,99215,207.87,Chennai,CLEAN
CLM-61DDC5AA,1000000049,Dr. Eric Carney,MEM000313,FAC040,2026-06-09T10:00:00,93000,63.89,Chennai,CLEAN
CLM-79E41469,1000000019,Dr. Carla Gray,MEM000948,FAC007,2026-05-04T16:00:00,99214,136.41,Chennai,CLEAN
CLM-E2D32E73,1000000133,Dr. Daniel Kennedy,MEM000853,FAC045,2026-03-27T12:00:00,99215,232.91,Chennai,CLEAN
CLM-78D4948E,1000000022,Dr. Ethan Adams,MEM000858,FAC023,2026-02-23T15:00:00,99215,201.88,Chennai,CLEAN
CLM-463F7967,1000000075,Dr. Sarah Moore,MEM000464,FAC006,2026-03-25T14:00:00,99214,138.22,Chennai,CLEAN
CLM-AAAE3EC7,1000000186,Dr. Jonathan Peterson,MEM000177,FAC023,2026-06-08T12:00:00,71045,79.61,Chennai,CLEAN
CLM-FC3CFD87,1000000134,Dr. Rebecca Jackson,MEM000099,FAC015,2026-04-20T16:00:00,99215,200.01,Chennai,CLEAN
CLM-E8CC8F01,1000000158,Dr. Melissa Gates,MEM000272,FAC009,2026-06-28T10:00:00,99215,239.82,Chennai,CLEAN
CLM-E585E844,1777777777,Dr. Synthetic-C (Upcoder),MEM000089,FAC002,2026-04-01T11:00:00,71045,78.13,Mumbai,CLEAN
CLM-6696E5E4,1000000135,Dr. Jose Schultz,MEM000970,FAC007,2026-06-28T17:00:00,71045,80.98,Chennai,CLEAN
CLM-B5F55347,1000000154,Dr. Brenda Hall,MEM000750,FAC008,2026-05-03T09:00:00,99215,213.88,Chennai,CLEAN
CLM-D9153D54,1000000060,Dr. Victoria Garcia,MEM000864,FAC032,2026-05-15T17:00:00,99215,215.7,Chennai,CLEAN
CLM-B777B75D,1000000035,Dr. Jeffrey Chavez,MEM000957,FAC021,2026-05-23T15:00:00,71045,72.93,Chennai,CLEAN
CLM-6F47FB7B,1000000083,Dr. Paul Jones,MEM000884,FAC049,2026-05-30T17:00:00,71045,84.68,Chennai,CLEAN
CLM-51ECE23A,1000000115,Dr. Diana May,MEM000551,FAC028,2026-03-13T13:00:00,99214,139.15,Chennai,CLEAN
CLM-AD5D594F,1000000180,Dr. Alexander Collins,MEM000345,FAC032,2026-03-28T13:00:00,93000,61.59,Chennai,CLEAN
CLM-D3E8C715,1000000187,Dr. Samantha Garcia,MEM000602,FAC027,2026-04-04T14:00:00,93000,57.46,Chennai,CLEAN
CLM-A685418C,1000000128,Dr. Cameron Fisher,MEM000131,FAC019,2026-06-07T10:00:00,99213,106.25,Chennai,CLEAN
CLM-427B66F1,1000000109,Dr. Sharon Cochran,MEM000340,FAC001,2026-02-04T09:00:00,99213,90.86,Chennai,CLEAN
CLM-BCC3A805,1000000078,Dr. Steve Sanchez,MEM000381,FAC040,2026-02-28T12:00:00,99213,109.17,Chennai,CLEAN
CLM-0110AC15,1000000033,Dr. Nathan Maldonado,MEM000658,FAC007,2026-03-25T14:00:00,99213,94.17,Chennai,CLEAN
CLM-5780C8B8,1000000082,Dr. Michael Evans,MEM000348,FAC030,2026-01-09T17:00:00,99214,154.0,Chennai,CLEAN
CLM-2428F693,1000000108,Dr. Evelyn Galvan,MEM000568,FAC047,2026-02-16T10:00:00,99215,211.34,Chennai,CLEAN
CLM-4078CAB0,1000000133,Dr. Daniel Kennedy,MEM000537,FAC039,2026-04-09T15:00:00,93000,61.44,Chennai,CLEAN
CLM-50342D0E,1000000183,Dr. Ashley Barton,MEM000502,FAC009,2026-05-08T12:00:00,71045,79.18,Chennai,CLEAN
CLM-AEE59064,1000000163,Dr. Jeffrey Johnson,MEM000807,FAC028,2026-03-16T15:00:00,99214,157.41,Chennai,CLEAN
CLM-E0172BD1,1000000033,Dr. Nathan Maldonado,MEM000375,FAC032,2026-06-30T11:00:00,99215,210.67,Chennai,CLEAN
CLM-A37B2AF8,1000000017,Dr. Derek Zuniga,MEM000538,FAC013,2026-02-14T17:00:00,99213,104.74,Chennai,CLEAN
CLM-41A08BE7,1000000048,Dr. Joshua Blair,MEM000856,FAC004,2026-02-02T12:00:00,93000,55.72,Chennai,CLEAN
CLM-5ABD9B7D,1000000165,Dr. John Anderson,MEM000007,FAC040,2026-03-20T10:00:00,99213,97.54,Chennai,CLEAN
CLM-5681AAA8,1000000002,Dr. Angie Henderson,MEM000906,FAC005,2026-05-14T12:00:00,71045,76.2,Chennai,CLEAN
CLM-0DA58068,1000000040,Dr. Paula Moreno,MEM000208,FAC045,2026-05-22T16:00:00,99215,199.07,Chennai,CLEAN
CLM-778A4AC0,1000000042,Dr. Sherry Decker,MEM000785,FAC030,2026-04-14T17:00:00,99213,103.3,Chennai,CLEAN
CLM-42BE63C6,1000000045,Dr. Philip Cannon,MEM000805,FAC011,2026-03-31T16:00:00,71045,77.13,Chennai,CLEAN
CLM-691094AC,1000000191,Dr. Karen Graham,MEM000996,FAC023,2026-05-24T13:00:00,71045,74.17,Chennai,CLEAN
CLM-1312FE8D,1000000039,Dr. Brittany Farmer,MEM000883,FAC036,2026-01-09T14:00:00,99214,153.56,Chennai,CLEAN
CLM-5ADD6FF3,1000000130,Dr. Elizabeth Kelley,MEM000836,FAC049,2026-06-21T16:00:00,71045,86.39,Chennai,CLEAN
CLM-E3736AD7,1000000141,Dr. David Douglas Jr.,MEM000246,FAC046,2026-01-27T15:00:00,99213,100.99,Chennai,CLEAN
CLM-78D421F5,1000000046,Dr. John Pierce,MEM000735,FAC028,2026-01-31T16:00:00,99214,136.9,Chennai,CLEAN
CLM-5EFAB810,1000000175,Dr. Alex Hernandez,MEM000220,FAC012,2026-04-24T12:00:00,93000,61.86,Chennai,CLEAN
CLM-209B62A6,1000000047,Dr. Shane Henderson,MEM000979,FAC001,2026-03-25T11:00:00,99214,139.66,Chennai,CLEAN
CLM-9347EBF0,1000000145,Dr. Joyce Solis,MEM000931,FAC039,2026-02-24T15:00:00,99214,163.66,Chennai,CLEAN
CLM-55C2AFD1,1000000187,Dr. Samantha Garcia,MEM000437,FAC020,2026-06-18T10:00:00,99215,208.4,Chennai,CLEAN
CLM-E0DEC4A2,1000000140,Dr. Cheyenne Horton,MEM000147,FAC015,2026-02-12T14:00:00,99215,228.91,Chennai,CLEAN
CLM-B61930DF,1000000062,Dr. Connor West,MEM000808,FAC036,2026-05-19T12:00:00,99215,222.46,Chennai,CLEAN
CLM-E3AC4400,1000000078,Dr. Steve Sanchez,MEM000273,FAC026,2026-02-01T16:00:00,71045,83.79,Chennai,CLEAN
CLM-3F6F3335,1000000126,Dr. Michelle Evans,MEM000224,FAC010,2026-04-11T13:00:00,99214,163.26,Chennai,CLEAN
CLM-0111182C,1000000146,Dr. Victoria Larson,MEM000340,FAC016,2026-03-06T16:00:00,93000,62.59,Chennai,CLEAN
CLM-05172FDD,1000000029,Dr. Anthony Rodriguez,MEM000184,FAC028,2026-06-04T16:00:00,99213,93.74,Chennai,CLEAN
CLM-8C0B0770,1000000044,Dr. Angelica Tucker,MEM000450,FAC004,2026-02-11T09:00:00,99215,208.85,Chennai,CLEAN
CLM-118A7CF3,1000000152,Dr. Denise Jones,MEM000479,FAC048,2026-05-15T16:00:00,99213,94.28,Chennai,CLEAN
CLM-E8CC2306,1000000181,Dr. Tina Sanders,MEM000916,FAC020,2026-02-05T17:00:00,93000,56.92,Chennai,CLEAN
CLM-A940A36E,1000000038,Dr. Elizabeth Fowler,MEM000028,FAC043,2026-01-26T11:00:00,99215,215.47,Chennai,CLEAN
CLM-EA5E8D7F,1777777777,Dr. Synthetic-C (Upcoder),MEM000743,FAC003,2026-05-21T12:00:00,99214,136.13,Mumbai,CLEAN
CLM-387B2DB6,1000000011,Dr. Jamie Arnold,MEM000271,FAC048,2026-05-22T16:00:00,93000,63.73,Chennai,CLEAN
CLM-2BD3CF9C,1000000175,Dr. Alex Hernandez,MEM000906,FAC029,2026-05-13T17:00:00,93000,64.36,Chennai,CLEAN
CLM-4607BD59,1000000112,Dr. Julia Torres,MEM000357,FAC043,2026-02-23T14:00:00,93000,58.29,Chennai,CLEAN
CLM-E09DDBDA,1000000060,Dr. Victoria Garcia,MEM000652,FAC034,2026-04-11T09:00:00,99213,94.04,Chennai,CLEAN
CLM-BE8C67FC,1000000071,Dr. Whitney Peters,MEM000309,FAC015,2026-04-10T10:00:00,93000,64.26,Chennai,CLEAN
CLM-A498E6A5,1000000146,Dr. Victoria Larson,MEM000328,FAC007,2026-04-28T10:00:00,99215,234.75,Chennai,CLEAN
CLM-974C7EBA,1000000041,Dr. Fred Smith,MEM000976,FAC013,2026-05-27T10:00:00,99213,105.58,Chennai,CLEAN
CLM-7403D9AD,1000000164,Dr. Michael Powell,MEM000591,FAC010,2026-05-31T14:00:00,99213,91.85,Chennai,CLEAN
CLM-E13B05DC,1000000050,Dr. Jessica Holmes,MEM000489,FAC017,2026-06-17T17:00:00,99214,136.7,Chennai,CLEAN
CLM-A2DEF4F4,1000000050,Dr. Jessica Holmes,MEM000933,FAC000,2026-05-28T15:00:00,71045,73.32,Chennai,CLEAN
CLM-4D6C3126,1000000175,Dr. Alex Hernandez,MEM000607,FAC031,2026-01-24T10:00:00,99214,146.93,Chennai,CLEAN
CLM-A4880295,1000000162,Dr. Lindsey Walker,MEM000154,FAC046,2026-02-08T10:00:00,99214,139.72,Chennai,CLEAN
CLM-0E55EDB7,1000000175,Dr. Alex Hernandez,MEM000946,FAC044,2026-04-28T15:00:00,71045,84.04,Chennai,CLEAN
CLM-9DA1F8CB,1000000035,Dr. Jeffrey Chavez,MEM000054,FAC007,2026-06-05T10:00:00,99213,92.25,Chennai,CLEAN
CLM-B7956829,1000000103,Dr. Christine Wright,MEM000107,FAC008,2026-02-16T09:00:00,99213,102.35,Chennai,CLEAN
CLM-39969CA6,1000000008,Dr. Gabrielle Davis,MEM000457,FAC008,2026-03-29T17:00:00,71045,86.92,Chennai,CLEAN
CLM-DBD21D9A,1000000050,Dr. Jessica Holmes,MEM000947,FAC039,2026-02-24T09:00:00,99215,223.16,Chennai,CLEAN
CLM-5D68082A,1000000110,Dr. Richard Rodriguez,MEM000389,FAC021,2026-02-23T17:00:00,99213,103.21,Chennai,CLEAN
CLM-EC54B060,1000000116,Dr. William Herrera,MEM000666,FAC042,2026-03-19T17:00:00,99213,92.99,Chennai,CLEAN
CLM-88463922,1999999999,Dr. Synthetic-A (Phantom),MEM000288,FAC011,2026-01-26T10:00:00,99215,199.0,Chennai,CLEAN
CLM-E6E88158,1000000142,Dr. Patricia Rodriguez,MEM000699,FAC025,2026-06-10T17:00:00,99214,162.66,Chennai,CLEAN
CLM-A60A1B26,1000000002,Dr. Angie Henderson,MEM000590,FAC042,2026-03-25T11:00:00,99214,152.89,Chennai,CLEAN
CLM-0EA1718D,1000000096,Dr. Aaron Wise,MEM000131,FAC001,2026-06-01T12:00:00,99215,241.76,Chennai,CLEAN
CLM-21E8CC4F,1000000089,Dr. Aimee Montoya,MEM000738,FAC024,2026-01-17T09:00:00,99214,156.47,Chennai,CLEAN
CLM-CC2B0192,1000000145,Dr. Joyce Solis,MEM000610,FAC022,2026-02-02T16:00:00,99213,105.53,Chennai,CLEAN
CLM-CA79F38D,1000000058,Dr. Brent Jordan,MEM000992,FAC029,2026-01-31T11:00:00,99215,206.39,Chennai,CLEAN
CLM-2EE4F2CB,1000000091,Dr. Brian Rodriguez,MEM000562,FAC020,2026-05-19T14:00:00,71045,76.91,Chennai,CLEAN
CLM-C44DD018,1000000033,Dr. Nathan Maldonado,MEM000217,FAC001,2026-03-08T10:00:00,99214,135.77,Chennai,CLEAN
CLM-010F0BCE,1000000123,Dr. Michelle Harmon,MEM000952,FAC003,2026-04-19T10:00:00,99215,225.03,Chennai,CLEAN
CLM-40D323BC,1000000122,Dr. April Frost,MEM000236,FAC035,2026-05-07T13:00:00,99213,93.33,Chennai,CLEAN
CLM-EB4F6FF1,1000000158,Dr. Melissa Gates,MEM000062,FAC028,2026-01-22T15:00:00,71045,85.79,Chennai,CLEAN
CLM-828BAD92,1000000005,Dr. Connie Lawrence,MEM000422,FAC014,2026-02-03T11:00:00,99215,221.37,Chennai,CLEAN
CLM-CE554E3A,1000000027,Dr. Stephanie Ross,MEM000350,FAC020,2026-03-08T11:00:00,99213,94.44,Chennai,CLEAN
CLM-3B7DBA04,1000000181,Dr. Tina Sanders,MEM000887,FAC018,2026-01-09T12:00:00,99213,92.49,Chennai,CLEAN
CLM-5747BDD8,1000000157,Dr. Jason Stein,MEM000371,FAC025,2026-05-08T16:00:00,99215,216.62,Chennai,CLEAN
CLM-6B73F584,1888888888,Dr. Synthetic-B (Teleport),MEM000315,FAC039,2026-01-17T14:00:00,71045,81.44,Chennai,CLEAN
CLM-9FD1707B,1000000199,Dr. Nathan Freeman,MEM000356,FAC023,2026-03-14T15:00:00,99214,163.37,Chennai,CLEAN
CLM-3616B046,1000000064,Dr. Jessica Callahan,MEM000491,FAC006,2026-02-05T13:00:00,71045,78.95,Chennai,CLEAN
CLM-5796258F,1000000028,Dr. Zachary Hicks,MEM000045,FAC035,2026-01-16T10:00:00,93000,55.47,Chennai,CLEAN
CLM-E37A7B07,1000000053,Dr. Mark Perez,MEM000027,FAC047,2026-04-16T17:00:00,99214,138.01,Chennai,CLEAN
CLM-0DE0D4A3,1000000102,Dr. Rebecca Valencia,MEM000282,FAC048,2026-01-24T16:00:00,99214,147.71,Chennai,CLEAN
CLM-CD143196,1000000010,Dr. Monica Herrera,MEM000557,FAC000,2026-05-13T10:00:00,99215,217.7,Chennai,CLEAN
CLM-0F81A656,1000000037,Dr. Cassandra Gaines,MEM000606,FAC001,2026-01-28T14:00:00,99213,99.27,Chennai,CLEAN
CLM-7FA4065C,1000000050,Dr. Jessica Holmes,MEM000520,FAC002,2026-04-15T16:00:00,99213,94.93,Chennai,CLEAN
CLM-9518FB8C,1000000118,Dr. Victor Baker,MEM000729,FAC014,2026-03-27T10:00:00,99213,106.26,Chennai,CLEAN
CLM-4C28DAE0,1000000073,Dr. Lauren Daniels,MEM000369,FAC033,2026-03-12T16:00:00,99215,206.78,Chennai,CLEAN
CLM-A2088EB7,1000000102,Dr. Rebecca Valencia,MEM000179,FAC007,2026-06-30T12:00:00,99213,90.35,Chennai,CLEAN
CLM-121EBCEB,1000000111,Dr. Shannon Walker,MEM000186,FAC022,2026-05-17T17:00:00,99215,217.66,Chennai,CLEAN
CLM-E4716040,1000000180,Dr. Alexander Collins,MEM000439,FAC038,2026-03-06T16:00:00,99213,94.09,Chennai,CLEAN
CLM-0B4968FA,1000000143,Dr. Christopher Rubio,MEM000005,FAC021,2026-02-20T12:00:00,93000,58.83,Chennai,CLEAN
CLM-596CEF8B,1000000112,Dr. Julia Torres,MEM000944,FAC016,2026-04-22T15:00:00,71045,85.17,Chennai,CLEAN
CLM-B0D2668E,1000000020,Dr. Margaret Hawkins DDS,MEM000361,FAC037,2026-01-17T17:00:00,99214,159.92,Chennai,CLEAN
CLM-AB4D2E24,1000000179,Dr. Robert Oconnell,MEM000874,FAC030,2026-01-05T09:00:00,99213,109.6,Chennai,CLEAN
CLM-B0756BCC,1000000103,Dr. Christine Wright,MEM000424,FAC027,2026-01-26T13:00:00,99215,225.58,Chennai,CLEAN
CLM-99FE0EC6,1000000006,Dr. Abigail Shaffer,MEM000773,FAC004,2026-01-30T09:00:00,71045,81.42,Chennai,CLEAN
CLM-4D04F45A,1000000170,Dr. Jamie Walton,MEM000478,FAC007,2026-03-06T09:00:00,99213,104.98,Chennai,CLEAN
CLM-63FFE46E,1000000067,Dr. Carol Tucker,MEM000599,FAC015,2026-05-20T17:00:00,99213,106.41,Chennai,CLEAN
CLM-15275DBF,1000000144,Dr. Amber Wright,MEM000775,FAC044,2026-06-11T13:00:00,93000,54.04,Chennai,CLEAN
CLM-EBF5C9AA,1000000063,Dr. Donald Wright,MEM000683,FAC045,2026-01-17T14:00:00,99214,136.27,Chennai,CLEAN
CLM-2EB53C52,1000000156,Dr. Joshua Perry,MEM000623,FAC032,2026-01-10T13:00:00,93000,63.86,Chennai,CLEAN
CLM-090EECD6,1000000101,Dr. Cameron Parker,MEM000802,FAC038,2026-05-16T16:00:00,99214,154.44,Chennai,CLEAN
CLM-3ABABE16,1000000050,Dr. Jessica Holmes,MEM000474,FAC037,2026-04-23T10:00:00,71045,78.12,Chennai,CLEAN
CLM-FD3EAC99,1000000142,Dr. Patricia Rodriguez,MEM000767,FAC018,2026-01-27T15:00:00,71045,87.29,Chennai,CLEAN
CLM-7365F114,1000000038,Dr. Elizabeth Fowler,MEM000221,FAC031,2026-03-15T09:00:00,71045,79.68,Chennai,CLEAN
CLM-157C9E2B,1000000068,Dr. James Brown,MEM000254,FAC014,2026-02-14T14:00:00,71045,74.93,Chennai,CLEAN
CLM-089F64C8,1000000188,Dr. Madison Poole,MEM000705,FAC032,2026-06-21T13:00:00,93000,60.82,Chennai,CLEAN
CLM-C0F53FA1,1000000029,Dr. Anthony Rodriguez,MEM000625,FAC028,2026-01-04T10:00:00,99215,205.27,Chennai,CLEAN
CLM-ABAE35D5,1000000110,Dr. Richard Rodriguez,MEM000868,FAC042,2026-02-05T09:00:00,99214,149.02,Chennai,CLEAN
CLM-92A4F7C1,1000000131,Dr. Dustin Jordan,MEM000471,FAC034,2026-02-13T10:00:00,99213,98.21,Chennai,CLEAN
CLM-154A2DBE,1000000040,Dr. Paula Moreno,MEM000676,FAC042,2026-06-18T09:00:00,99215,202.18,Chennai,CLEAN
CLM-EAFBB744,1000000139,Dr. Angel Perry,MEM000966,FAC005,2026-03-02T14:00:00,93000,60.86,Chennai,CLEAN
CLM-299DCD55,1000000152,Dr. Denise Jones,MEM000516,FAC049,2026-05-30T16:00:00,99214,161.92,Chennai,CLEAN
CLM-D6FC4E3F,1000000021,Dr. Patty Perez,MEM000999,FAC028,2026-01-06T17:00:00,93000,61.51,Chennai,CLEAN
CLM-8AD70584,1000000074,Dr. Amy Silva,MEM000950,FAC042,2026-05-11T09:00:00,99213,109.41,Chennai,CLEAN
CLM-85151852,1000000102,Dr. Rebecca Valencia,MEM000915,FAC016,2026-03-19T17:00:00,99214,139.82,Chennai,CLEAN
CLM-8F818394,1000000030,Dr. Rebecca Henderson,MEM000462,FAC022,2026-05-14T17:00:00,99214,152.13,Chennai,CLEAN
CLM-78A21BDA,1000000112,Dr. Julia Torres,MEM000995,FAC032,2026-04-06T16:00:00,99213,100.78,Chennai,CLEAN
CLM-4B6BE672,1000000015,Dr. Brian Ramirez,MEM000831,FAC001,2026-03-08T17:00:00,99213,98.38,Chennai,CLEAN
CLM-01C55894,1000000081,Dr. Mike Allen,MEM000484,FAC042,2026-01-24T11:00:00,99214,146.41,Chennai,CLEAN
CLM-1A670305,1000000021,Dr. Patty Perez,MEM000306,FAC038,2026-04-14T10:00:00,99213,108.68,Chennai,CLEAN
CLM-3905C359,1000000130,Dr. Elizabeth Kelley,MEM000912,FAC031,2026-06-22T13:00:00,99214,153.0,Chennai,CLEAN
CLM-EA43A0AE,1000000108,Dr. Evelyn Galvan,MEM000573,FAC032,2026-02-08T16:00:00,71045,81.26,Chennai,CLEAN
CLM-615CF8EE,1000000171,Dr. Darlene Miller,MEM000952,FAC030,2026-06-20T09:00:00,99215,199.9,Chennai,CLEAN
CLM-EB685131,1000000090,Dr. Matthew Mcmillan,MEM000234,FAC045,2026-01-31T13:00:00,99213,105.8,Chennai,CLEAN
CLM-95579434,1000000108,Dr. Evelyn Galvan,MEM000115,FAC022,2026-04-20T09:00:00,71045,86.39,Chennai,CLEAN
CLM-9D24B2DD,1000000164,Dr. Michael Powell,MEM000254,FAC011,2026-05-05T13:00:00,93000,60.7,Chennai,CLEAN
CLM-129C273B,1000000085,Dr. Daniel Baker,MEM000740,FAC024,2026-04-01T10:00:00,71045,81.3,Chennai,CLEAN
CLM-8510E68A,1000000168,Dr. Joel Williams,MEM000686,FAC041,2026-04-12T11:00:00,99215,226.16,Chennai,CLEAN
CLM-1694B4C7,1000000154,Dr. Brenda Hall,MEM000948,FAC026,2026-06-29T13:00:00,93000,58.52,Chennai,CLEAN
CLM-71DCE1B6,1000000139,Dr. Angel Perry,MEM000254,FAC046,2026-03-09T15:00:00,99213,95.31,Chennai,CLEAN
CLM-E1F6C89A,1000000130,Dr. Elizabeth Kelley,MEM000319,FAC009,2026-01-17T16:00:00,99213,93.06,Chennai,CLEAN
CLM-6472FEEB,1000000086,Dr. Shirley Suarez,MEM000104,FAC024,2026-02-06T11:00:00,99215,223.52,Chennai,CLEAN
CLM-B73E5C37,1000000062,Dr. Connor West,MEM000845,FAC040,2026-04-15T13:00:00,93000,60.56,Chennai,CLEAN
CLM-10C56BCC,1000000000,Dr. Allison Hill,MEM000514,FAC036,2026-02-26T13:00:00,93000,58.8,Chennai,CLEAN
CLM-C4560036,1000000178,Dr. Lawrence Adkins,MEM000513,FAC014,2026-06-07T09:00:00,71045,74.2,Chennai,CLEAN
CLM-31373508,1000000066,Dr. Tracy House,MEM000404,FAC030,2026-02-08T17:00:00,71045,81.63,Chennai,CLEAN
CLM-FE18362E,1000000017,Dr. Derek Zuniga,MEM000435,FAC001,2026-06-09T10:00:00,99213,96.0,Chennai,CLEAN
CLM-9AA2D2C2,1000000054,Dr. Shannon Jones,MEM000849,FAC007,2026-05-31T12:00:00,99215,227.09,Chennai,CLEAN
CLM-FE505970,1000000153,Dr. Devon Flores,MEM000655,FAC010,2026-02-22T15:00:00,99213,94.65,Chennai,CLEAN
CLM-0B8EB970,1000000121,Dr. Kenneth Scott,MEM000736,FAC026,2026-01-01T14:00:00,99214,164.43,Chennai,CLEAN
CLM-5CC4F708,1000000011,Dr. Jamie Arnold,MEM000940,FAC016,2026-03-24T17:00:00,93000,55.13,Chennai,CLEAN
CLM-3EFCA16A,1000000085,Dr. Daniel Baker,MEM000798,FAC044,2026-01-06T11:00:00,99215,237.88,Chennai,CLEAN
CLM-9928EB57,1000000071,Dr. Whitney Peters,MEM000768,FAC019,2026-05-07T11:00:00,99215,203.48,Chennai,CLEAN
CLM-B410CA8D,1000000024,Dr. Matthew Foster,MEM000439,FAC020,2026-06-16T09:00:00,99214,155.91,Chennai,CLEAN
CLM-D3F3ECFE,1000000070,Dr. Jordan Henderson,MEM000028,FAC036,2026-04-17T15:00:00,99213,99.4,Chennai,CLEAN
CLM-66C2A942,1000000189,Dr. Jessica Gross,MEM000495,FAC047,2026-01-17T17:00:00,99214,156.01,Chennai,CLEAN
CLM-D7477E7D,1000000152,Dr. Denise Jones,MEM000551,FAC036,2026-05-20T09:00:00,93000,60.49,Chennai,CLEAN
CLM-AAC4AA52,1000000186,Dr. Jonathan Peterson,MEM000002,FAC025,2026-04-29T17:00:00,99214,137.91,Chennai,CLEAN
CLM-7896871D,1000000020,Dr. Margaret Hawkins DDS,MEM000453,FAC017,2026-04-16T17:00:00,99213,105.75,Chennai,CLEAN
CLM-AFD00168,1000000083,Dr. Paul Jones,MEM000637,FAC011,2026-04-11T15:00:00,99215,222.02,Chennai,CLEAN
CLM-53D2011B,1000000157,Dr. Jason Stein,MEM000679,FAC034,2026-06-08T12:00:00,93000,58.75,Chennai,CLEAN
CLM-16D4B166,1000000158,Dr. Melissa Gates,MEM000562,FAC028,2026-03-21T17:00:00,71045,81.08,Chennai,CLEAN
CLM-3322BD6B,1000000176,Dr. Michael Elliott,MEM000913,FAC005,2026-03-25T14:00:00,93000,57.13,Chennai,CLEAN
CLM-31C0AE90,1000000080,Dr. Kelly Donovan,MEM000822,FAC042,2026-01-13T10:00:00,99213,102.27,Chennai,CLEAN
CLM-4283A2E8,1000000184,Dr. Lindsay Martinez,MEM000613,FAC043,2026-02-16T09:00:00,71045,87.91,Chennai,CLEAN
CLM-3E10D2D8,1000000063,Dr. Donald Wright,MEM000713,FAC024,2026-06-27T09:00:00,99215,202.99,Chennai,CLEAN
CLM-049C6598,1000000121,Dr. Kenneth Scott,MEM000080,FAC027,2026-06-24T09:00:00,99214,159.98,Chennai,CLEAN
CLM-87D274F7,1000000137,Dr. Courtney Gonzalez,MEM000770,FAC049,2026-05-23T15:00:00,99214,147.64,Chennai,CLEAN
CLM-05E1D050,1000000063,Dr. Donald Wright,MEM000420,FAC045,2026-06-15T11:00:00,99213,100.29,Chennai,CLEAN
CLM-12BB8F41,1000000066,Dr. Tracy House,MEM000335,FAC023,2026-06-03T09:00:00,71045,79.77,Chennai,CLEAN
CLM-82D6D370,1000000012,Dr. Lisa Hensley,MEM000025,FAC038,2026-06-17T13:00:00,99214,143.96,Chennai,CLEAN
CLM-487D9BE6,1000000148,Dr. Kathy Rivas,MEM000256,FAC011,2026-01-13T13:00:00,71045,87.98,Chennai,CLEAN
CLM-083AC1BD,1000000174,Dr. Nicole Herring,MEM000885,FAC017,2026-05-23T15:00:00,71045,79.96,Chennai,CLEAN
CLM-3C0351E5,1000000012,Dr. Lisa Hensley,MEM000334,FAC027,2026-03-09T11:00:00,99213,106.4,Chennai,CLEAN
CLM-3DE37F31,1000000079,Dr. Lisa Barnes,MEM000322,FAC027,2026-04-04T16:00:00,71045,77.44,Chennai,CLEAN
CLM-15083450,1000000007,Dr. Gina Moore,MEM000584,FAC028,2026-03-20T14:00:00,99214,140.77,Chennai,CLEAN
CLM-1BC557F5,1000000129,Dr. Megan Orr,MEM000824,FAC038,2026-01-08T15:00:00,99214,142.28,Chennai,CLEAN
CLM-CAF38240,1999999999,Dr. Synthetic-A (Phantom),MEM000378,FAC016,2026-04-14T15:00:00,99214,160.63,Chennai,CLEAN
CLM-C3B34D3D,1000000047,Dr. Shane Henderson,MEM000788,FAC026,2026-03-28T13:00:00,99213,92.17,Chennai,CLEAN
CLM-7CAA3D5F,1000000161,Dr. Jennifer Adkins,MEM000342,FAC038,2026-06-05T14:00:00,99214,162.76,Chennai,CLEAN
CLM-61B17D66,1000000002,Dr. Angie Henderson,MEM000711,FAC043,2026-04-19T11:00:00,99214,138.55,Chennai,CLEAN
CLM-844D51FF,1000000038,Dr. Elizabeth Fowler,MEM000301,FAC011,2026-04-26T15:00:00,71045,83.1,Chennai,CLEAN
CLM-B4A8E300,1000000121,Dr. Kenneth Scott,MEM000318,FAC025,2026-02-04T14:00:00,93000,54.81,Chennai,CLEAN
CLM-64CD5917,1000000007,Dr. Gina Moore,MEM000106,FAC005,2026-02-15T13:00:00,99213,91.85,Chennai,CLEAN
CLM-571F076D,1000000128,Dr. Cameron Fisher,MEM000834,FAC016,2026-05-17T17:00:00,71045,87.89,Chennai,CLEAN
CLM-99321779,1000000001,Dr. Noah Rhodes,MEM000778,FAC034,2026-01-04T10:00:00,71045,81.42,Chennai,CLEAN
CLM-92450D67,1000000101,Dr. Cameron Parker,MEM000492,FAC045,2026-05-07T17:00:00,99214,140.88,Chennai,CLEAN
CLM-32DFE9F8,1000000020,Dr. Margaret Hawkins DDS,MEM000177,FAC036,2026-06-02T14:00:00,71045,86.89,Chennai,CLEAN
CLM-1108BB40,1000000003,Dr. Daniel Wagner,MEM000953,FAC017,2026-04-25T11:00:00,71045,84.68,Chennai,CLEAN
CLM-EF69AFB6,1000000042,Dr. Sherry Decker,MEM000653,FAC027,2026-01-20T11:00:00,99213,108.39,Chennai,CLEAN
CLM-1FE72D78,1000000013,Dr. Michele Williams,MEM000208,FAC033,2026-03-06T12:00:00,71045,77.47,Chennai,CLEAN
CLM-65471D21,1000000110,Dr. Richard Rodriguez,MEM000354,FAC044,2026-05-31T15:00:00,93000,54.58,Chennai,CLEAN
CLM-AE20920F,1000000141,Dr. David Douglas Jr.,MEM000358,FAC040,2026-02-13T14:00:00,99215,239.71,Chennai,CLEAN
CLM-1953EA21,1000000044,Dr. Angelica Tucker,MEM000317,FAC008,2026-02-01T17:00:00,99214,150.1,Chennai,CLEAN
CLM-EB6A282C,1000000064,Dr. Jessica Callahan,MEM000370,FAC048,2026-03-10T09:00:00,99213,103.52,Chennai,CLEAN
CLM-2B769067,1000000109,Dr. Sharon Cochran,MEM000260,FAC019,2026-06-17T14:00:00,99215,226.7,Chennai,CLEAN
CLM-DF1B0318,1000000086,Dr. Shirley Suarez,MEM000757,FAC009,2026-02-20T10:00:00,99213,92.8,Chennai,CLEAN
CLM-ABC82154,1000000049,Dr. Eric Carney,MEM000157,FAC045,2026-04-25T13:00:00,93000,61.38,Chennai,CLEAN
CLM-7D3C7181,1000000188,Dr. Madison Poole,MEM000748,FAC031,2026-06-24T10:00:00,71045,79.01,Chennai,CLEAN
CLM-02DC51C4,1000000198,Dr. Adam Vaughan,MEM000407,FAC048,2026-02-22T12:00:00,99215,226.38,Chennai,CLEAN
CLM-70ED9211,1000000173,Dr. Matthew Harrington,MEM000760,FAC010,2026-05-06T11:00:00,99213,93.83,Chennai,CLEAN
CLM-8B34B110,1000000142,Dr. Patricia Rodriguez,MEM000551,FAC024,2026-06-25T11:00:00,99213,107.95,Chennai,CLEAN
CLM-7B8A5A30,1000000090,Dr. Matthew Mcmillan,MEM000731,FAC000,2026-06-17T17:00:00,99213,106.02,Chennai,CLEAN
CLM-F8C46A54,1000000017,Dr. Derek Zuniga,MEM000621,FAC024,2026-03-05T09:00:00,99215,212.47,Chennai,CLEAN
CLM-5D430577,1000000162,Dr. Lindsey Walker,MEM000199,FAC002,2026-04-09T12:00:00,99215,229.64,Chennai,CLEAN
CLM-88955495,1000000128,Dr. Cameron Fisher,MEM000849,FAC009,2026-03-10T12:00:00,99215,235.3,Chennai,CLEAN
CLM-A15CAB6A,1000000078,Dr. Steve Sanchez,MEM000012,FAC002,2026-06-29T10:00:00,93000,54.83,Chennai,CLEAN
CLM-1910CE73,1000000101,Dr. Cameron Parker,MEM000451,FAC030,2026-05-10T13:00:00,93000,64.86,Chennai,CLEAN
CLM-CE0AEE17,1000000108,Dr. Evelyn Galvan,MEM000353,FAC011,2026-03-13T13:00:00,99215,238.34,Chennai,CLEAN
CLM-74FBCC09,1000000092,Dr. Denise Jacobs,MEM000267,FAC016,2026-04-20T09:00:00,93000,56.52,Chennai,CLEAN
CLM-111F906A,1000000136,Dr. Robert Potter,MEM000900,FAC023,2026-06-26T10:00:00,71045,81.64,Chennai,CLEAN
CLM-A9F0A271,1000000055,Dr. Michael Lewis,MEM000461,FAC045,2026-05-22T10:00:00,99213,102.84,Chennai,CLEAN
CLM-8DAFE7E6,1000000166,Dr. Alyssa Long,MEM000773,FAC046,2026-06-21T14:00:00,99214,154.31,Chennai,CLEAN
CLM-F9650133,1000000031,Dr. James Ferrell,MEM000150,FAC034,2026-04-27T17:00:00,93000,61.93,Chennai,CLEAN
CLM-EB0DD88E,1000000137,Dr. Courtney Gonzalez,MEM000752,FAC024,2026-06-09T15:00:00,93000,60.33,Chennai,CLEAN
CLM-9F590112,1000000198,Dr. Adam Vaughan,MEM000158,FAC048,2026-06-26T09:00:00,99215,241.7,Chennai,CLEAN
CLM-DF29D8FF,1000000080,Dr. Kelly Donovan,MEM000492,FAC037,2026-06-29T11:00:00,71045,73.67,Chennai,CLEAN
CLM-9E2B998D,1000000115,Dr. Diana May,MEM000697,FAC008,2026-03-06T15:00:00,99214,136.09,Chennai,CLEAN
CLM-BCC1D228,1000000022,Dr. Ethan Adams,MEM000882,FAC046,2026-06-03T17:00:00,71045,83.37,Chennai,CLEAN
CLM-D4BFC515,1000000044,Dr. Angelica Tucker,MEM000274,FAC008,2026-02-22T17:00:00,99214,152.77,Chennai,CLEAN
CLM-B5228E13,1000000041,Dr. Fred Smith,MEM000533,FAC015,2026-03-02T10:00:00,99214,164.27,Chennai,CLEAN
CLM-0766CE4D,1000000165,Dr. John Anderson,MEM000675,FAC035,2026-05-08T09:00:00,71045,86.72,Chennai,CLEAN
CLM-7E077FC5,1000000040,Dr. Paula Moreno,MEM000966,FAC036,2026-02-23T11:00:00,93000,64.4,Chennai,CLEAN
CLM-1EFEDD01,1000000012,Dr. Lisa Hensley,MEM000728,FAC036,2026-05-23T12:00:00,99214,139.37,Chennai,CLEAN
CLM-BEE21E38,1000000011,Dr. Jamie Arnold,MEM000835,FAC007,2026-01-04T11:00:00,99214,140.27,Chennai,CLEAN
CLM-8BD88546,1000000000,Dr. Allison Hill,MEM000016,FAC004,2026-06-27T17:00:00,71045,79.38,Chennai,CLEAN
CLM-B3B90310,1000000097,Dr. Deborah Figueroa,MEM000117,FAC002,2026-01-08T17:00:00,93000,62.06,Chennai,CLEAN
CLM-F27731C8,1000000142,Dr. Patricia Rodriguez,MEM000941,FAC043,2026-05-04T15:00:00,99213,90.22,Chennai,CLEAN
CLM-BD76D682,1000000021,Dr. Patty Perez,MEM000837,FAC018,2026-02-18T14:00:00,71045,84.75,Chennai,CLEAN
CLM-97DF7C54,1000000073,Dr. Lauren Daniels,MEM000063,FAC046,2026-03-02T17:00:00,99215,238.86,Chennai,CLEAN
CLM-83BE7C2A,1000000166,Dr. Alyssa Long,MEM000249,FAC041,2026-01-22T17:00:00,99213,105.72,Chennai,CLEAN
CLM-51F4897B,1000000070,Dr. Jordan Henderson,MEM000431,FAC048,2026-05-21T11:00:00,99214,144.45,Chennai,CLEAN
CLM-D4910FF3,1000000104,Dr. Richard Henson,MEM000887,FAC037,2026-03-22T10:00:00,99213,90.07,Chennai,CLEAN
CLM-85743747,1000000187,Dr. Samantha Garcia,MEM000791,FAC001,2026-04-28T15:00:00,99214,135.11,Chennai,CLEAN
CLM-EFCAC7C5,1000000071,Dr. Whitney Peters,MEM000966,FAC021,2026-05-31T15:00:00,71045,85.35,Chennai,CLEAN
CLM-8206CDBA,1000000084,Dr. Zachary Ferrell,MEM000020,FAC044,2026-01-12T15:00:00,71045,87.56,Chennai,CLEAN
CLM-3FBC3D77,1000000171,Dr. Darlene Miller,MEM000399,FAC027,2026-03-10T10:00:00,99213,90.26,Chennai,CLEAN
CLM-AA7A321A,1000000165,Dr. John Anderson,MEM000402,FAC023,2026-03-18T10:00:00,99213,104.08,Chennai,CLEAN
CLM-10A13E16,1000000057,Dr. Richard Aguirre,MEM000288,FAC000,2026-04-25T17:00:00,99215,202.43,Chennai,CLEAN
CLM-8A88E730,1000000157,Dr. Jason Stein,MEM000837,FAC037,2026-03-10T16:00:00,99213,100.46,Chennai,CLEAN
CLM-F3357923,1000000003,Dr. Daniel Wagner,MEM000376,FAC049,2026-05-24T12:00:00,71045,78.72,Chennai,CLEAN
CLM-64A26818,1000000051,Dr. Danny Morgan,MEM000301,FAC035,2026-02-06T15:00:00,93000,62.71,Chennai,CLEAN
CLM-545E7467,1000000144,Dr. Amber Wright,MEM000636,FAC025,2026-02-10T15:00:00,93000,59.51,Chennai,CLEAN
CLM-99ECBBBD,1000000003,Dr. Daniel Wagner,MEM000540,FAC014,2026-05-19T15:00:00,93000,60.67,Chennai,CLEAN
CLM-18E7E12A,1000000162,Dr. Lindsey Walker,MEM000579,FAC007,2026-05-01T17:00:00,71045,84.51,Chennai,CLEAN
CLM-03021ED7,1000000018,Dr. Lisa Jackson,MEM000372,FAC001,2026-04-05T15:00:00,99214,145.89,Chennai,CLEAN
CLM-4469EB4A,1000000019,Dr. Carla Gray,MEM000583,FAC029,2026-04-07T09:00:00,93000,56.84,Chennai,CLEAN
CLM-08745E7F,1000000005,Dr. Connie Lawrence,MEM000965,FAC005,2026-02-03T15:00:00,99215,218.0,Chennai,CLEAN
CLM-0237196F,1000000161,Dr. Jennifer Adkins,MEM000534,FAC036,2026-05-24T11:00:00,71045,72.24,Chennai,CLEAN
CLM-85B0A73F,1000000020,Dr. Margaret Hawkins DDS,MEM000566,FAC000,2026-05-27T14:00:00,99214,163.22,Chennai,CLEAN
CLM-0F353D91,1999999999,Dr. Synthetic-A (Phantom),MEM000472,FAC023,2026-03-27T17:00:00,99215,240.75,Chennai,CLEAN
CLM-A1DD4052,1000000030,Dr. Rebecca Henderson,MEM000471,FAC031,2026-04-27T13:00:00,99213,103.42,Chennai,CLEAN
CLM-7B447D93,1000000035,Dr. Jeffrey Chavez,MEM000499,FAC018,2026-04-09T11:00:00,99213,91.93,Chennai,CLEAN
CLM-0B990CEC,1000000172,Dr. Joshua Cooke,MEM000816,FAC041,2026-05-22T11:00:00,99215,202.04,Chennai,CLEAN
CLM-E34FDD9C,1000000182,Dr. Angela Vaughn,MEM000606,FAC025,2026-02-05T15:00:00,99215,205.79,Chennai,CLEAN
CLM-CAC70187,1000000036,Dr. Sherri Baker,MEM000617,FAC030,2026-03-27T17:00:00,93000,54.89,Chennai,CLEAN
CLM-2FC1D1BD,1000000013,Dr. Michele Williams,MEM000830,FAC045,2026-03-09T14:00:00,99215,238.31,Chennai,CLEAN
CLM-5EF04EE7,1000000026,Dr. Justin Baker,MEM000843,FAC035,2026-03-30T13:00:00,99215,219.39,Chennai,CLEAN
CLM-F43881A1,1000000011,Dr. Jamie Arnold,MEM000326,FAC027,2026-05-10T11:00:00,99213,106.9,Chennai,CLEAN
CLM-6F889094,1000000036,Dr. Sherri Baker,MEM000129,FAC023,2026-05-08T09:00:00,93000,54.22,Chennai,CLEAN
CLM-23F0ACAD,1000000187,Dr. Samantha Garcia,MEM000050,FAC004,2026-06-11T15:00:00,99214,162.76,Chennai,CLEAN
CLM-BD6100A8,1000000087,Dr. Christopher Bass,MEM000419,FAC017,2026-01-14T16:00:00,99214,141.34,Chennai,CLEAN
CLM-FE0652C6,1000000034,Dr. Debra Davidson,MEM000285,FAC030,2026-02-15T17:00:00,99214,162.59,Chennai,CLEAN
CLM-9C2CEE69,1000000156,Dr. Joshua Perry,MEM000335,FAC046,2026-03-13T09:00:00,99213,91.78,Chennai,CLEAN
CLM-BB190BC7,1000000133,Dr. Daniel Kennedy,MEM000667,FAC033,2026-02-16T11:00:00,99215,229.55,Chennai,CLEAN
CLM-1475DC43,1000000061,Dr. Gerald Hensley,MEM000092,FAC008,2026-04-18T10:00:00,71045,87.07,Chennai,CLEAN
CLM-BB173F53,1000000138,Dr. David Alvarez,MEM000946,FAC049,2026-04-06T09:00:00,71045,73.05,Chennai,CLEAN
CLM-920B87FA,1888888888,Dr. Synthetic-B (Teleport),MEM000359,FAC035,2026-06-14T09:00:00,99213,92.32,Chennai,CLEAN
CLM-D739CFEB,1000000095,Dr. Anna Henderson,MEM000998,FAC000,2026-06-06T11:00:00,71045,86.17,Chennai,CLEAN
CLM-C4AB68F5,1000000027,Dr. Stephanie Ross,MEM000835,FAC042,2026-01-23T14:00:00,99214,147.82,Chennai,CLEAN
CLM-BB4EBB48,1000000191,Dr. Karen Graham,MEM000901,FAC002,2026-04-03T12:00:00,71045,72.85,Chennai,CLEAN
CLM-8E568D6B,1000000145,Dr. Joyce Solis,MEM000139,FAC012,2026-01-12T09:00:00,71045,73.13,Chennai,CLEAN
CLM-4FE07F2C,1000000110,Dr. Richard Rodriguez,MEM000607,FAC020,2026-06-24T09:00:00,99213,109.14,Chennai,CLEAN
CLM-6E45BCD6,1000000065,Dr. Amber Kidd,MEM000927,FAC044,2026-06-17T10:00:00,93000,60.89,Chennai,CLEAN
CLM-F2091A56,1000000079,Dr. Lisa Barnes,MEM000575,FAC045,2026-03-25T13:00:00,99214,159.32,Chennai,CLEAN
CLM-F8E83F8B,1000000036,Dr. Sherri Baker,MEM000816,FAC036,2026-05-14T16:00:00,71045,81.49,Chennai,CLEAN
CLM-83C1B65F,1000000146,Dr. Victoria Larson,MEM000218,FAC026,2026-03-30T11:00:00,93000,57.09,Chennai,CLEAN
CLM-94F7C84F,1000000120,Dr. Larry Dixon,MEM000784,FAC007,2026-04-16T10:00:00,93000,63.52,Chennai,CLEAN
CLM-6ACDD700,1000000131,Dr. Dustin Jordan,MEM000947,FAC009,2026-05-02T12:00:00,99215,233.68,Chennai,CLEAN
CLM-4893F0BD,1000000021,Dr. Patty Perez,MEM000218,FAC049,2026-01-19T09:00:00,99215,212.62,Chennai,CLEAN
CLM-2680EAF2,1000000039,Dr. Brittany Farmer,MEM000360,FAC049,2026-05-24T15:00:00,99214,155.54,Chennai,CLEAN
CLM-62A7AD0F,1000000017,Dr. Derek Zuniga,MEM000479,FAC018,2026-02-24T14:00:00,71045,76.1,Chennai,CLEAN
CLM-270D616E,1000000195,Dr. Allen Rosales,MEM000902,FAC015,2026-03-28T11:00:00,71045,80.48,Chennai,CLEAN
CLM-63B65B0F,1000000103,Dr. Christine Wright,MEM000882,FAC017,2026-05-20T15:00:00,99213,104.91,Chennai,CLEAN
CLM-DE3EE57C,1000000114,Dr. Garrett Lin,MEM000198,FAC037,2026-05-21T12:00:00,99215,237.2,Chennai,CLEAN
CLM-7AF2A70C,1000000138,Dr. David Alvarez,MEM000515,FAC012,2026-05-21T13:00:00,99214,144.54,Chennai,CLEAN
CLM-6794F340,1000000058,Dr. Brent Jordan,MEM000391,FAC040,2026-03-18T15:00:00,99214,151.21,Chennai,CLEAN
CLM-8FDD5B88,1000000084,Dr. Zachary Ferrell,MEM000342,FAC003,2026-04-25T16:00:00,99215,229.01,Chennai,CLEAN
CLM-539B6237,1000000100,Dr. Sandra Aguilar,MEM000368,FAC028,2026-06-08T14:00:00,99215,201.52,Chennai,CLEAN
CLM-013FC306,1000000101,Dr. Cameron Parker,MEM000163,FAC013,2026-05-25T11:00:00,99213,101.88,Chennai,CLEAN
CLM-ECF8EFAF,1000000138,Dr. David Alvarez,MEM000959,FAC021,2026-03-25T10:00:00,99213,99.87,Chennai,CLEAN
CLM-1A9D03A6,1000000179,Dr. Robert Oconnell,MEM000316,FAC046,2026-01-08T10:00:00,99214,137.99,Chennai,CLEAN
CLM-64B4A7B0,1000000021,Dr. Patty Perez,MEM000102,FAC029,2026-05-10T15:00:00,99213,102.02,Chennai,CLEAN
CLM-4FC3CC71,1000000175,Dr. Alex Hernandez,MEM000019,FAC009,2026-03-26T13:00:00,71045,82.91,Chennai,CLEAN
CLM-8BF1742A,1000000013,Dr. Michele Williams,MEM000703,FAC044,2026-02-15T11:00:00,99213,98.12,Chennai,CLEAN
CLM-0A0C9E15,1000000158,Dr. Melissa Gates,MEM000379,FAC014,2026-03-22T13:00:00,99213,103.65,Chennai,CLEAN
CLM-64E1E888,1000000000,Dr. Allison Hill,MEM000914,FAC005,2026-06-20T11:00:00,99214,148.13,Chennai,CLEAN
CLM-C91C4AEE,1000000080,Dr. Kelly Donovan,MEM000803,FAC036,2026-04-02T09:00:00,99213,93.16,Chennai,CLEAN
CLM-DE0AA575,1000000106,Dr. Sharon Cherry,MEM000777,FAC044,2026-01-13T10:00:00,99215,202.88,Chennai,CLEAN
CLM-1EB8FA22,1000000054,Dr. Shannon Jones,MEM000883,FAC046,2026-02-16T14:00:00,93000,57.12,Chennai,CLEAN
CLM-14955EEC,1000000162,Dr. Lindsey Walker,MEM000911,FAC039,2026-03-28T09:00:00,71045,76.52,Chennai,CLEAN
CLM-C70AF9A7,1000000126,Dr. Michelle Evans,MEM000102,FAC048,2026-04-24T12:00:00,99214,148.91,Chennai,CLEAN
CLM-3D7A600E,1000000140,Dr. Cheyenne Horton,MEM000050,FAC022,2026-06-01T14:00:00,99213,108.27,Chennai,CLEAN
CLM-B4A0E4BF,1000000170,Dr. Jamie Walton,MEM000769,FAC004,2026-01-13T09:00:00,71045,76.61,Chennai,CLEAN
CLM-13033D44,1000000173,Dr. Matthew Harrington,MEM000636,FAC013,2026-03-19T09:00:00,99214,155.7,Chennai,CLEAN
CLM-3CB4DB4F,1000000148,Dr. Kathy Rivas,MEM000121,FAC000,2026-03-13T14:00:00,99214,163.13,Chennai,CLEAN
CLM-D19F016F,1000000054,Dr. Shannon Jones,MEM000438,FAC002,2026-05-10T13:00:00,99213,91.44,Chennai,CLEAN
CLM-56BEB421,1000000076,Dr. Angela Lopez,MEM000641,FAC039,2026-01-25T12:00:00,99215,236.74,Chennai,CLEAN
CLM-4EFCA8C1,1000000157,Dr. Jason Stein,MEM000913,FAC011,2026-05-20T14:00:00,99215,231.44,Chennai,CLEAN
CLM-8E2B1D21,1000000062,Dr. Connor West,MEM000931,FAC023,2026-06-25T14:00:00,99214,136.37,Chennai,CLEAN
CLM-1EBE2722,1000000099,Dr. Stephen Mckee,MEM000072,FAC002,2026-01-16T15:00:00,71045,81.11,Chennai,CLEAN
CLM-F6DF0D4D,1000000147,Dr. Stephanie Salazar,MEM000013,FAC041,2026-01-05T15:00:00,93000,59.14,Chennai,CLEAN
CLM-4326FE62,1000000140,Dr. Cheyenne Horton,MEM000060,FAC004,2026-05-20T15:00:00,71045,79.64,Chennai,CLEAN
CLM-8C374D61,1000000011,Dr. Jamie Arnold,MEM000796,FAC044,2026-03-03T16:00:00,93000,57.2,Chennai,CLEAN
CLM-492356BD,1000000174,Dr. Nicole Herring,MEM000128,FAC045,2026-02-25T12:00:00,93000,64.18,Chennai,CLEAN
CLM-DBB8022F,1000000078,Dr. Steve Sanchez,MEM000594,FAC044,2026-04-06T12:00:00,99213,90.06,Chennai,CLEAN
CLM-F6F9B753,1000000125,Dr. Erin Edwards,MEM000469,FAC024,2026-02-10T14:00:00,99215,198.35,Chennai,CLEAN
CLM-FE71CF0F,1000000041,Dr. Fred Smith,MEM000648,FAC022,2026-01-03T10:00:00,71045,75.4,Chennai,CLEAN
CLM-E9FF8BAE,1000000097,Dr. Deborah Figueroa,MEM000320,FAC016,2026-02-03T15:00:00,99214,143.58,Chennai,CLEAN
CLM-8C59A802,1000000117,Dr. Ashley Waller,MEM000550,FAC016,2026-02-17T09:00:00,99214,154.84,Chennai,CLEAN
CLM-5C4DE9E8,1000000146,Dr. Victoria Larson,MEM000719,FAC049,2026-02-08T12:00:00,99214,144.23,Chennai,CLEAN
CLM-3722AD25,1000000024,Dr. Matthew Foster,MEM000071,FAC000,2026-01-09T09:00:00,71045,85.42,Chennai,CLEAN
CLM-B8BC0A65,1000000011,Dr. Jamie Arnold,MEM000364,FAC015,2026-01-02T17:00:00,93000,64.96,Chennai,CLEAN
CLM-6615A86B,1000000130,Dr. Elizabeth Kelley,MEM000259,FAC015,2026-01-04T11:00:00,99213,91.77,Chennai,CLEAN
CLM-1FD138E3,1000000100,Dr. Sandra Aguilar,MEM000454,FAC014,2026-02-04T09:00:00,99215,237.44,Chennai,CLEAN
CLM-9BD90694,1000000085,Dr. Daniel Baker,MEM000980,FAC029,2026-03-27T17:00:00,93000,59.41,Chennai,CLEAN
CLM-F8159DB5,1000000144,Dr. Amber Wright,MEM000881,FAC011,2026-01-23T11:00:00,93000,62.84,Chennai,CLEAN
CLM-D47EF188,1000000197,Dr. Spencer Haynes,MEM000433,FAC019,2026-02-12T15:00:00,99213,94.62,Chennai,CLEAN
CLM-9D4A8A97,1000000061,Dr. Gerald Hensley,MEM000429,FAC042,2026-02-15T09:00:00,99214,148.73,Chennai,CLEAN
CLM-69F76649,1000000090,Dr. Matthew Mcmillan,MEM000533,FAC011,2026-01-20T13:00:00,71045,87.73,Chennai,CLEAN
CLM-1323D47D,1000000006,Dr. Abigail Shaffer,MEM000711,FAC038,2026-02-02T09:00:00,71045,73.83,Chennai,CLEAN
CLM-F9399427,1000000088,Dr. Lisa Archer,MEM000862,FAC010,2026-02-27T17:00:00,99213,93.62,Chennai,CLEAN
CLM-BB61FE72,1000000110,Dr. Richard Rodriguez,MEM000717,FAC010,2026-01-26T11:00:00,99213,97.05,Chennai,CLEAN
CLM-A04AFD20,1000000134,Dr. Rebecca Jackson,MEM000804,FAC007,2026-05-14T16:00:00,99213,103.73,Chennai,CLEAN
CLM-CC092AF7,1000000144,Dr. Amber Wright,MEM000096,FAC027,2026-01-28T10:00:00,93000,59.24,Chennai,CLEAN
CLM-86174BE1,1000000137,Dr. Courtney Gonzalez,MEM000380,FAC021,2026-05-21T17:00:00,99213,104.61,Chennai,CLEAN
CLM-09325BC1,1000000080,Dr. Kelly Donovan,MEM000582,FAC047,2026-04-29T16:00:00,99214,156.12,Chennai,CLEAN
CLM-FB66DF1A,1000000024,Dr. Matthew Foster,MEM000390,FAC035,2026-05-13T09:00:00,99213,105.01,Chennai,CLEAN
CLM-5D7270A3,1000000197,Dr. Spencer Haynes,MEM000347,FAC015,2026-05-03T17:00:00,93000,64.3,Chennai,CLEAN
CLM-C6FCE82E,1000000017,Dr. Derek Zuniga,MEM000560,FAC024,2026-06-05T11:00:00,93000,64.9,Chennai,CLEAN
CLM-4418635C,1000000122,Dr. April Frost,MEM000920,FAC011,2026-05-11T13:00:00,99215,240.3,Chennai,CLEAN
CLM-48542FF6,1000000079,Dr. Lisa Barnes,MEM000887,FAC003,2026-06-18T10:00:00,93000,55.66,Chennai,CLEAN
CLM-6FB764A1,1000000184,Dr. Lindsay Martinez,MEM000772,FAC030,2026-02-11T09:00:00,99213,93.55,Chennai,CLEAN
CLM-663B496D,1000000054,Dr. Shannon Jones,MEM000629,FAC018,2026-05-18T11:00:00,99214,139.06,Chennai,CLEAN
CLM-3F101AF8,1000000039,Dr. Brittany Farmer,MEM000060,FAC016,2026-01-23T13:00:00,99215,219.44,Chennai,CLEAN
CLM-790F2B01,1000000071,Dr. Whitney Peters,MEM000670,FAC013,2026-02-03T17:00:00,99213,91.32,Chennai,CLEAN
CLM-C831651E,1000000092,Dr. Denise Jacobs,MEM000591,FAC038,2026-02-20T09:00:00,99214,157.07,Chennai,CLEAN
CLM-055D41DB,1000000188,Dr. Madison Poole,MEM000013,FAC008,2026-01-10T12:00:00,99213,95.54,Chennai,CLEAN
CLM-C895F69A,1000000182,Dr. Angela Vaughn,MEM000712,FAC009,2026-02-26T11:00:00,99214,156.51,Chennai,CLEAN
CLM-9CBF6AE9,1000000127,Dr. Jason Powell,MEM000367,FAC008,2026-06-28T10:00:00,99214,146.19,Chennai,CLEAN
CLM-4D5D4B27,1000000049,Dr. Eric Carney,MEM000042,FAC049,2026-02-03T17:00:00,99213,98.36,Chennai,CLEAN
CLM-0094976A,1000000012,Dr. Lisa Hensley,MEM000416,FAC016,2026-04-12T12:00:00,99213,103.64,Chennai,CLEAN
CLM-FAEFF804,1000000014,Dr. Dylan Miller,MEM000352,FAC045,2026-06-02T12:00:00,71045,79.31,Chennai,CLEAN
CLM-42E1A830,1000000091,Dr. Brian Rodriguez,MEM000407,FAC037,2026-01-25T17:00:00,99214,138.96,Chennai,CLEAN
CLM-3403B0BF,1000000018,Dr. Lisa Jackson,MEM000700,FAC001,2026-06-16T11:00:00,93000,55.08,Chennai,CLEAN
CLM-25DE9AD3,1000000174,Dr. Nicole Herring,MEM000904,FAC043,2026-01-19T16:00:00,99215,214.64,Chennai,CLEAN
CLM-8D169AF5,1000000155,Dr. Michelle Brown,MEM000041,FAC010,2026-05-30T17:00:00,99214,138.58,Chennai,CLEAN
CLM-3CDAD6FD,1888888888,Dr. Synthetic-B (Teleport),MEM000029,FAC016,2026-03-05T17:00:00,99215,200.94,Chennai,CLEAN
CLM-027855DC,1000000099,Dr. Stephen Mckee,MEM000401,FAC010,2026-02-08T10:00:00,99214,163.17,Chennai,CLEAN
CLM-F18F8CD4,1000000107,Dr. Sierra Johnson,MEM000498,FAC000,2026-05-09T09:00:00,99215,215.86,Chennai,CLEAN
CLM-6DAC3759,1000000094,Dr. John Whitehead,MEM000992,FAC026,2026-04-11T16:00:00,99213,97.66,Chennai,CLEAN
CLM-2F091CFA,1000000179,Dr. Robert Oconnell,MEM000403,FAC009,2026-01-22T17:00:00,71045,77.79,Chennai,CLEAN
CLM-2491D882,1000000015,Dr. Brian Ramirez,MEM000310,FAC037,2026-03-15T13:00:00,99215,226.87,Chennai,CLEAN
CLM-609CA80A,1000000112,Dr. Julia Torres,MEM000988,FAC027,2026-04-11T12:00:00,99215,224.61,Chennai,CLEAN
CLM-CC92CE75,1000000048,Dr. Joshua Blair,MEM000734,FAC014,2026-05-26T15:00:00,99215,198.38,Chennai,CLEAN
CLM-43D27E98,1000000165,Dr. John Anderson,MEM000619,FAC024,2026-02-12T16:00:00,99214,138.88,Chennai,CLEAN
CLM-8231A072,1000000043,Dr. Anthony Humphrey,MEM000394,FAC008,2026-04-22T10:00:00,99213,95.91,Chennai,CLEAN
CLM-98EB8BC0,1000000037,Dr. Cassandra Gaines,MEM000261,FAC013,2026-04-16T11:00:00,99215,239.4,Chennai,CLEAN
CLM-F0017090,1000000142,Dr. Patricia Rodriguez,MEM000712,FAC020,2026-03-10T11:00:00,99213,103.58,Chennai,CLEAN
CLM-257B41CC,1000000131,Dr. Dustin Jordan,MEM000651,FAC002,2026-05-17T16:00:00,93000,65.4,Chennai,CLEAN
CLM-DD7DCA54,1000000158,Dr. Melissa Gates,MEM000100,FAC047,2026-06-09T15:00:00,99214,154.18,Chennai,CLEAN
CLM-F4EAF05D,1000000185,Dr. Dr. Hannah Patterson,MEM000318,FAC045,2026-01-22T15:00:00,99215,207.71,Chennai,CLEAN
CLM-43D5B3CD,1000000143,Dr. Christopher Rubio,MEM000346,FAC015,2026-02-04T13:00:00,71045,87.59,Chennai,CLEAN
CLM-50CAEA9D,1000000047,Dr. Shane Henderson,MEM000910,FAC023,2026-06-20T09:00:00,99215,221.39,Chennai,CLEAN
CLM-6879382C,1000000057,Dr. Richard Aguirre,MEM000251,FAC016,2026-02-21T09:00:00,99214,137.33,Chennai,CLEAN
CLM-FC2F07B7,1000000180,Dr. Alexander Collins,MEM000854,FAC023,2026-06-21T17:00:00,71045,78.49,Chennai,CLEAN
CLM-5D4A5B4B,1000000095,Dr. Anna Henderson,MEM000736,FAC017,2026-04-05T16:00:00,71045,86.66,Chennai,CLEAN
CLM-69821CBA,1000000144,Dr. Amber Wright,MEM000691,FAC017,2026-05-08T14:00:00,71045,78.42,Chennai,CLEAN
CLM-A96BBCDA,1000000182,Dr. Angela Vaughn,MEM000916,FAC046,2026-03-10T14:00:00,99214,145.81,Chennai,CLEAN
CLM-4E53C296,1000000061,Dr. Gerald Hensley,MEM000447,FAC023,2026-05-25T16:00:00,99215,215.29,Chennai,CLEAN
CLM-3AC38689,1000000186,Dr. Jonathan Peterson,MEM000608,FAC049,2026-05-09T15:00:00,99213,98.62,Chennai,CLEAN
CLM-03F35A9B,1000000071,Dr. Whitney Peters,MEM000129,FAC005,2026-02-15T14:00:00,99215,214.28,Chennai,CLEAN
CLM-4140789E,1000000137,Dr. Courtney Gonzalez,MEM000714,FAC000,2026-05-27T14:00:00,93000,65.0,Chennai,CLEAN
CLM-51186889,1000000078,Dr. Steve Sanchez,MEM000520,FAC005,2026-03-29T11:00:00,71045,81.54,Chennai,CLEAN
CLM-4071725D,1000000082,Dr. Michael Evans,MEM000805,FAC023,2026-05-28T15:00:00,71045,76.83,Chennai,CLEAN
CLM-3EA6BD2F,1000000114,Dr. Garrett Lin,MEM000186,FAC007,2026-03-03T09:00:00,71045,85.92,Chennai,CLEAN
CLM-307B831E,1000000070,Dr. Jordan Henderson,MEM000139,FAC015,2026-04-05T10:00:00,99215,205.99,Chennai,CLEAN
CLM-26092AE6,1000000031,Dr. James Ferrell,MEM000955,FAC018,2026-01-14T13:00:00,93000,61.0,Chennai,CLEAN
CLM-CD7B80CE,1000000063,Dr. Donald Wright,MEM000811,FAC010,2026-04-17T10:00:00,99215,232.18,Chennai,CLEAN
CLM-90E180B3,1000000079,Dr. Lisa Barnes,MEM000218,FAC045,2026-01-15T16:00:00,93000,58.95,Chennai,CLEAN
CLM-856699FF,1000000168,Dr. Joel Williams,MEM000788,FAC029,2026-02-27T10:00:00,99213,90.6,Chennai,CLEAN
CLM-DCA20F47,1000000165,Dr. John Anderson,MEM000702,FAC046,2026-02-01T16:00:00,93000,63.86,Chennai,CLEAN
CLM-DF2CF8D2,1000000042,Dr. Sherry Decker,MEM000145,FAC007,2026-01-21T14:00:00,93000,59.36,Chennai,CLEAN
CLM-3579ED0D,1000000142,Dr. Patricia Rodriguez,MEM000287,FAC020,2026-02-10T12:00:00,99215,233.89,Chennai,CLEAN
CLM-05E3EA6D,1000000168,Dr. Joel Williams,MEM000286,FAC047,2026-02-15T15:00:00,93000,63.57,Chennai,CLEAN
CLM-D7D6962E,1000000066,Dr. Tracy House,MEM000273,FAC043,2026-06-16T16:00:00,99213,92.25,Chennai,CLEAN
CLM-3347D286,1000000049,Dr. Eric Carney,MEM000658,FAC010,2026-06-15T09:00:00,93000,58.93,Chennai,CLEAN
CLM-0CFD931C,1000000087,Dr. Christopher Bass,MEM000896,FAC047,2026-02-07T12:00:00,71045,79.4,Chennai,CLEAN
CLM-336F7DF6,1000000033,Dr. Nathan Maldonado,MEM000591,FAC027,2026-04-13T14:00:00,71045,75.01,Chennai,CLEAN
CLM-CDE95B2A,1000000119,Dr. Jeffrey Chandler,MEM000003,FAC007,2026-03-13T09:00:00,99213,108.5,Chennai,CLEAN
CLM-908F9BB5,1000000161,Dr. Jennifer Adkins,MEM000717,FAC022,2026-02-09T16:00:00,93000,54.75,Chennai,CLEAN
CLM-C958C4EA,1000000094,Dr. John Whitehead,MEM000333,FAC041,2026-05-13T09:00:00,99213,90.51,Chennai,CLEAN
CLM-0DD26548,1000000038,Dr. Elizabeth Fowler,MEM000495,FAC043,2026-02-15T11:00:00,99213,96.18,Chennai,CLEAN
CLM-8F3BD63A,1000000081,Dr. Mike Allen,MEM000474,FAC042,2026-02-19T10:00:00,71045,72.42,Chennai,CLEAN
CLM-860B5CCA,1000000077,Dr. Megan Young,MEM000232,FAC036,2026-06-27T10:00:00,99214,157.89,Chennai,CLEAN
CLM-4D368309,1000000135,Dr. Jose Schultz,MEM000825,FAC040,2026-06-27T10:00:00,71045,87.9,Chennai,CLEAN
CLM-BC80FFCD,1000000008,Dr. Gabrielle Davis,MEM000203,FAC007,2026-02-20T15:00:00,93000,58.15,Chennai,CLEAN
CLM-31EEFE0F,1000000181,Dr. Tina Sanders,MEM000157,FAC033,2026-04-11T11:00:00,99213,102.02,Chennai,CLEAN
CLM-E379E06D,1000000047,Dr. Shane Henderson,MEM000589,FAC046,2026-06-11T16:00:00,99214,145.32,Chennai,CLEAN
CLM-72A70990,1000000184,Dr. Lindsay Martinez,MEM000382,FAC039,2026-04-01T12:00:00,99214,139.45,Chennai,CLEAN
CLM-FC301C6C,1000000038,Dr. Elizabeth Fowler,MEM000655,FAC044,2026-04-24T12:00:00,93000,56.28,Chennai,CLEAN
CLM-F016207C,1000000133,Dr. Daniel Kennedy,MEM000617,FAC038,2026-02-14T09:00:00,99215,214.0,Chennai,CLEAN
CLM-65D3F4F3,1000000121,Dr. Kenneth Scott,MEM000707,FAC044,2026-02-26T14:00:00,99214,138.88,Chennai,CLEAN
CLM-0C01B942,1000000108,Dr. Evelyn Galvan,MEM000437,FAC005,2026-05-10T14:00:00,99213,99.39,Chennai,CLEAN
CLM-65F22D36,1000000023,Dr. Tommy Walter,MEM000929,FAC003,2026-05-22T16:00:00,99213,100.23,Chennai,CLEAN
CLM-DFF400E8,1000000099,Dr. Stephen Mckee,MEM000621,FAC031,2026-01-31T17:00:00,99214,159.89,Chennai,CLEAN
CLM-5737BE70,1000000051,Dr. Danny Morgan,MEM000390,FAC002,2026-01-26T09:00:00,71045,73.99,Chennai,CLEAN
CLM-205567A8,1000000101,Dr. Cameron Parker,MEM000102,FAC022,2026-06-15T17:00:00,99214,161.79,Chennai,CLEAN
CLM-291CE2C5,1000000142,Dr. Patricia Rodriguez,MEM000694,FAC035,2026-06-11T11:00:00,99213,109.27,Chennai,CLEAN
CLM-EA91185D,1000000126,Dr. Michelle Evans,MEM000682,FAC040,2026-04-22T13:00:00,93000,64.31,Chennai,CLEAN
CLM-8E6C4D8E,1000000199,Dr. Nathan Freeman,MEM000412,FAC030,2026-02-21T14:00:00,71045,84.06,Chennai,CLEAN
CLM-EAA653ED,1000000033,Dr. Nathan Maldonado,MEM000148,FAC013,2026-02-25T11:00:00,99214,163.57,Chennai,CLEAN
CLM-2549E7A3,1000000182,Dr. Angela Vaughn,MEM000520,FAC001,2026-06-12T10:00:00,93000,57.5,Chennai,CLEAN
CLM-C300E638,1000000039,Dr. Brittany Farmer,MEM000354,FAC035,2026-06-21T11:00:00,99214,140.36,Chennai,CLEAN
CLM-391617DD,1000000090,Dr. Matthew Mcmillan,MEM000414,FAC003,2026-04-07T11:00:00,93000,65.91,Chennai,CLEAN
CLM-77468F52,1000000086,Dr. Shirley Suarez,MEM000216,FAC023,2026-06-17T09:00:00,71045,75.88,Chennai,CLEAN
CLM-52AF04B9,1000000162,Dr. Lindsey Walker,MEM000809,FAC046,2026-05-03T12:00:00,99213,107.1,Chennai,CLEAN
CLM-05BC49ED,1000000029,Dr. Anthony Rodriguez,MEM000544,FAC003,2026-03-11T15:00:00,71045,76.41,Chennai,CLEAN
CLM-0D73340A,1000000060,Dr. Victoria Garcia,MEM000006,FAC031,2026-06-21T14:00:00,99214,160.7,Chennai,CLEAN
CLM-E04B7ECA,1000000078,Dr. Steve Sanchez,MEM000790,FAC007,2026-06-17T17:00:00,99215,204.53,Chennai,CLEAN
CLM-683E7AE7,1000000168,Dr. Joel Williams,MEM000073,FAC014,2026-04-09T11:00:00,71045,82.58,Chennai,CLEAN
CLM-4420B94A,1000000130,Dr. Elizabeth Kelley,MEM000803,FAC018,2026-06-19T15:00:00,99214,152.13,Chennai,CLEAN
CLM-B0472605,1000000184,Dr. Lindsay Martinez,MEM000484,FAC042,2026-04-04T15:00:00,99213,96.28,Chennai,CLEAN
CLM-38C3517C,1000000070,Dr. Jordan Henderson,MEM000809,FAC030,2026-01-12T14:00:00,99215,209.06,Chennai,CLEAN
CLM-23219ACA,1000000018,Dr. Lisa Jackson,MEM000818,FAC011,2026-06-10T10:00:00,99215,201.81,Chennai,CLEAN
CLM-4B932E05,1000000184,Dr. Lindsay Martinez,MEM000274,FAC004,2026-01-20T14:00:00,99215,216.84,Chennai,CLEAN
CLM-CDCFEF01,1000000004,Dr. Cristian Santos,MEM000583,FAC042,2026-01-24T15:00:00,93000,65.82,Chennai,CLEAN
CLM-257FF0AA,1000000151,Dr. Pamela Boyd,MEM000328,FAC028,2026-05-21T16:00:00,99215,233.41,Chennai,CLEAN
CLM-5997E31C,1000000015,Dr. Brian Ramirez,MEM000488,FAC000,2026-02-05T09:00:00,99215,205.42,Chennai,CLEAN
CLM-EB289483,1000000040,Dr. Paula Moreno,MEM000682,FAC000,2026-01-19T16:00:00,99213,92.72,Chennai,CLEAN
CLM-7896BF28,1000000169,Dr. Daniel Murphy,MEM000091,FAC009,2026-03-20T10:00:00,99214,152.15,Chennai,CLEAN
CLM-F6DA0CA1,1000000192,Dr. Debra Christian,MEM000733,FAC027,2026-06-08T15:00:00,71045,80.51,Chennai,CLEAN
CLM-0DD39AC7,1000000165,Dr. John Anderson,MEM000464,FAC025,2026-01-10T17:00:00,71045,75.45,Chennai,CLEAN
CLM-3307CA92,1000000042,Dr. Sherry Decker,MEM000436,FAC031,2026-05-04T12:00:00,99213,105.96,Chennai,CLEAN
CLM-32298362,1000000197,Dr. Spencer Haynes,MEM000189,FAC008,2026-04-23T15:00:00,99213,99.21,Chennai,CLEAN
CLM-057E04B1,1000000086,Dr. Shirley Suarez,MEM000712,FAC036,2026-05-16T17:00:00,93000,59.7,Chennai,CLEAN
CLM-BDA5DFC5,1000000139,Dr. Angel Perry,MEM000430,FAC022,2026-03-02T12:00:00,93000,64.8,Chennai,CLEAN
CLM-C26FD728,1000000178,Dr. Lawrence Adkins,MEM000709,FAC019,2026-02-21T10:00:00,93000,55.1,Chennai,CLEAN
CLM-61723C1D,1000000197,Dr. Spencer Haynes,MEM000391,FAC021,2026-03-21T12:00:00,99213,109.08,Chennai,CLEAN
CLM-58E0BF76,1000000172,Dr. Joshua Cooke,MEM000742,FAC037,2026-06-13T14:00:00,99214,142.0,Chennai,CLEAN
CLM-079199C5,1000000037,Dr. Cassandra Gaines,MEM000046,FAC010,2026-01-31T10:00:00,99215,235.06,Chennai,CLEAN
CLM-7FE2A33D,1000000198,Dr. Adam Vaughan,MEM000357,FAC031,2026-04-07T13:00:00,99215,222.77,Chennai,CLEAN
CLM-E1438AE6,1000000116,Dr. William Herrera,MEM000818,FAC018,2026-05-03T09:00:00,99213,90.02,Chennai,CLEAN
CLM-87B57DDD,1000000107,Dr. Sierra Johnson,MEM000991,FAC035,2026-04-29T15:00:00,99215,211.6,Chennai,CLEAN
CLM-779D490C,1000000170,Dr. Jamie Walton,MEM000780,FAC027,2026-05-08T15:00:00,99215,223.19,Chennai,CLEAN
CLM-419157FD,1000000151,Dr. Pamela Boyd,MEM000460,FAC019,2026-01-23T15:00:00,99214,146.57,Chennai,CLEAN
CLM-28A7394A,1000000088,Dr. Lisa Archer,MEM000436,FAC044,2026-01-09T13:00:00,99215,199.45,Chennai,CLEAN
CLM-65CAB1E0,1000000104,Dr. Richard Henson,MEM000250,FAC022,2026-03-22T12:00:00,71045,75.19,Chennai,CLEAN
CLM-9CE3493F,1000000150,Dr. David Wright,MEM000756,FAC024,2026-03-11T15:00:00,93000,56.24,Chennai,CLEAN
CLM-9823395F,1000000118,Dr. Victor Baker,MEM000451,FAC005,2026-01-29T14:00:00,99214,152.08,Chennai,CLEAN
CLM-919253D6,1000000097,Dr. Deborah Figueroa,MEM000228,FAC020,2026-02-22T09:00:00,99215,224.12,Chennai,CLEAN
CLM-6D0953F6,1000000184,Dr. Lindsay Martinez,MEM000008,FAC011,2026-04-05T14:00:00,99213,93.23,Chennai,CLEAN
CLM-D8CBC0D2,1000000041,Dr. Fred Smith,MEM000473,FAC026,2026-06-22T12:00:00,71045,76.8,Chennai,CLEAN
CLM-70D5DC9F,1000000020,Dr. Margaret Hawkins DDS,MEM000873,FAC020,2026-06-07T13:00:00,93000,61.45,Chennai,CLEAN
CLM-BDDEED84,1000000143,Dr. Christopher Rubio,MEM000860,FAC036,2026-03-27T15:00:00,99215,238.59,Chennai,CLEAN
CLM-47A33F72,1000000105,Dr. Marc Moore,MEM000673,FAC027,2026-03-05T13:00:00,99215,231.16,Chennai,CLEAN
CLM-A42772C1,1000000074,Dr. Amy Silva,MEM000763,FAC014,2026-03-20T13:00:00,99213,105.83,Chennai,CLEAN
CLM-3BA9FD53,1000000078,Dr. Steve Sanchez,MEM000626,FAC007,2026-04-12T12:00:00,93000,56.91,Chennai,CLEAN
CLM-F05E04E0,1000000180,Dr. Alexander Collins,MEM000967,FAC016,2026-03-12T16:00:00,99215,207.96,Chennai,CLEAN
CLM-7920B90B,1000000069,Dr. William Baker,MEM000898,FAC026,2026-03-09T09:00:00,93000,63.11,Chennai,CLEAN
CLM-70D3CCE4,1000000168,Dr. Joel Williams,MEM000716,FAC035,2026-02-13T11:00:00,99214,136.43,Chennai,CLEAN
CLM-D0EE0357,1000000084,Dr. Zachary Ferrell,MEM000512,FAC026,2026-02-02T16:00:00,99214,164.65,Chennai,CLEAN
CLM-C17FD25B,1000000171,Dr. Darlene Miller,MEM000837,FAC034,2026-06-14T17:00:00,93000,64.3,Chennai,CLEAN
CLM-AC2CDC99,1000000069,Dr. William Baker,MEM000102,FAC015,2026-02-10T10:00:00,99213,109.95,Chennai,CLEAN
CLM-EC395609,1000000194,Dr. John Bishop,MEM000584,FAC028,2026-02-03T09:00:00,99214,138.45,Chennai,CLEAN
CLM-0F9203F7,1000000122,Dr. April Frost,MEM000779,FAC002,2026-05-03T14:00:00,99215,237.57,Chennai,CLEAN
CLM-8667AE74,1000000132,Dr. Mary Marshall,MEM000356,FAC012,2026-03-15T15:00:00,99215,212.81,Chennai,CLEAN
CLM-5B5ABD85,1000000149,Dr. Stephanie Manning,MEM000135,FAC049,2026-02-02T09:00:00,99214,135.3,Chennai,CLEAN
CLM-EEDB0699,1000000077,Dr. Megan Young,MEM000284,FAC036,2026-04-21T13:00:00,71045,86.86,Chennai,CLEAN
CLM-6E4E240C,1000000037,Dr. Cassandra Gaines,MEM000740,FAC039,2026-02-27T09:00:00,99213,92.83,Chennai,CLEAN
CLM-56BC3B09,1000000188,Dr. Madison Poole,MEM000895,FAC022,2026-01-28T11:00:00,99213,94.08,Chennai,CLEAN
CLM-02E4265C,1000000118,Dr. Victor Baker,MEM000341,FAC025,2026-04-02T17:00:00,93000,58.7,Chennai,CLEAN
CLM-13BCD725,1000000084,Dr. Zachary Ferrell,MEM000596,FAC021,2026-06-10T16:00:00,99213,101.11,Chennai,CLEAN
CLM-6E596B08,1000000110,Dr. Richard Rodriguez,MEM000994,FAC005,2026-05-27T12:00:00,99213,95.22,Chennai,CLEAN
CLM-4D417CD5,1000000092,Dr. Denise Jacobs,MEM000565,FAC019,2026-02-18T13:00:00,99215,215.45,Chennai,CLEAN
CLM-A2D6A63D,1000000056,Dr. Timothy Duncan,MEM000086,FAC004,2026-02-27T17:00:00,93000,58.45,Chennai,CLEAN
CLM-D1868A36,1000000052,Dr. Crystal Robinson,MEM000303,FAC011,2026-02-18T15:00:00,99214,162.98,Chennai,CLEAN
CLM-4CEA4793,1000000189,Dr. Jessica Gross,MEM000138,FAC002,2026-03-05T12:00:00,99215,218.13,Chennai,CLEAN
CLM-EB20FA12,1000000046,Dr. John Pierce,MEM000271,FAC026,2026-02-23T10:00:00,99213,96.03,Chennai,CLEAN
CLM-CA85CCB7,1000000169,Dr. Daniel Murphy,MEM000461,FAC045,2026-05-29T15:00:00,93000,62.9,Chennai,CLEAN
CLM-8E0E3897,1000000172,Dr. Joshua Cooke,MEM000820,FAC042,2026-04-12T17:00:00,99213,90.65,Chennai,CLEAN
CLM-9991916B,1777777777,Dr. Synthetic-C (Upcoder),MEM000923,FAC041,2026-03-22T11:00:00,93000,64.32,Mumbai,CLEAN
CLM-EC415990,1000000097,Dr. Deborah Figueroa,MEM000771,FAC037,2026-01-13T11:00:00,99213,102.93,Chennai,CLEAN
CLM-E7DF1867,1000000124,Dr. Helen Jones,MEM000448,FAC018,2026-01-17T16:00:00,99215,206.29,Chennai,CLEAN
CLM-2F12062F,1000000009,Dr. Ryan Munoz,MEM000309,FAC013,2026-03-23T09:00:00,99214,141.85,Chennai,CLEAN
CLM-79106CF3,1777777777,Dr. Synthetic-C (Upcoder),MEM000854,FAC023,2026-01-13T11:00:00,99214,159.45,Mumbai,CLEAN
CLM-85FDD89F,1000000156,Dr. Joshua Perry,MEM000966,FAC017,2026-04-19T15:00:00,99215,205.97,Chennai,CLEAN
CLM-76B86B07,1000000192,Dr. Debra Christian,MEM000344,FAC046,2026-02-10T12:00:00,99214,139.0,Chennai,CLEAN
CLM-2D4BD450,1000000039,Dr. Brittany Farmer,MEM000638,FAC014,2026-01-03T11:00:00,99213,92.69,Chennai,CLEAN
CLM-4C5EB341,1000000102,Dr. Rebecca Valencia,MEM000587,FAC006,2026-02-25T12:00:00,99213,94.59,Chennai,CLEAN
CLM-F163196D,1000000056,Dr. Timothy Duncan,MEM000202,FAC016,2026-04-15T16:00:00,71045,73.08,Chennai,CLEAN
CLM-69961F93,1000000177,Dr. Michael Wang,MEM000125,FAC042,2026-04-20T16:00:00,99215,239.04,Chennai,CLEAN
CLM-E22BB512,1000000002,Dr. Angie Henderson,MEM000448,FAC027,2026-02-06T16:00:00,93000,61.32,Chennai,CLEAN
CLM-EE3FF705,1000000192,Dr. Debra Christian,MEM000833,FAC020,2026-03-05T09:00:00,99214,143.34,Chennai,CLEAN
CLM-D090A172,1000000094,Dr. John Whitehead,MEM000215,FAC003,2026-01-21T11:00:00,99214,157.04,Chennai,CLEAN
CLM-7F4800AB,1000000142,Dr. Patricia Rodriguez,MEM000788,FAC016,2026-05-05T11:00:00,99214,135.87,Chennai,CLEAN
CLM-B2EC83E7,1000000069,Dr. William Baker,MEM000733,FAC008,2026-01-12T11:00:00,93000,57.55,Chennai,CLEAN
CLM-B2294DB8,1000000017,Dr. Derek Zuniga,MEM000969,FAC037,2026-01-05T10:00:00,71045,83.48,Chennai,CLEAN
CLM-20DBEF81,1000000041,Dr. Fred Smith,MEM000677,FAC008,2026-03-16T09:00:00,99215,200.57,Chennai,CLEAN
CLM-9021FB6B,1000000184,Dr. Lindsay Martinez,MEM000423,FAC016,2026-06-19T17:00:00,71045,83.67,Chennai,CLEAN
CLM-835AC922,1000000026,Dr. Justin Baker,MEM000851,FAC030,2026-06-14T16:00:00,99215,234.29,Chennai,CLEAN
CLM-9142BB54,1000000105,Dr. Marc Moore,MEM000108,FAC039,2026-06-03T11:00:00,99215,200.2,Chennai,CLEAN
CLM-EDE7122F,1000000092,Dr. Denise Jacobs,MEM000655,FAC034,2026-02-28T17:00:00,71045,74.47,Chennai,CLEAN
CLM-D32AB355,1000000173,Dr. Matthew Harrington,MEM000480,FAC040,2026-02-07T14:00:00,93000,64.47,Chennai,CLEAN
CLM-47575FE6,1000000016,Dr. Holly Wood,MEM000184,FAC009,2026-03-23T09:00:00,93000,63.38,Chennai,CLEAN
CLM-6B880F7C,1000000087,Dr. Christopher Bass,MEM000394,FAC025,2026-05-17T13:00:00,99215,238.25,Chennai,CLEAN
CLM-9E622D6F,1000000185,Dr. Dr. Hannah Patterson,MEM000757,FAC009,2026-03-05T16:00:00,99214,153.82,Chennai,CLEAN
CLM-DB1C005F,1000000115,Dr. Diana May,MEM000587,FAC049,2026-01-20T11:00:00,99213,92.6,Chennai,CLEAN
CLM-D8CEB2F6,1000000022,Dr. Ethan Adams,MEM000048,FAC007,2026-05-16T16:00:00,93000,54.5,Chennai,CLEAN
CLM-BB718210,1000000178,Dr. Lawrence Adkins,MEM000354,FAC044,2026-05-22T15:00:00,93000,54.6,Chennai,CLEAN
CLM-BA2F1FD9,1000000018,Dr. Lisa Jackson,MEM000465,FAC003,2026-05-05T13:00:00,99213,105.96,Chennai,CLEAN
CLM-2253F248,1000000057,Dr. Richard Aguirre,MEM000612,FAC009,2026-04-01T10:00:00,93000,65.66,Chennai,CLEAN
CLM-2D8302A6,1000000158,Dr. Melissa Gates,MEM000257,FAC044,2026-04-01T11:00:00,93000,57.82,Chennai,CLEAN
CLM-48C87F84,1000000195,Dr. Allen Rosales,MEM000112,FAC031,2026-01-27T11:00:00,99214,139.26,Chennai,CLEAN
CLM-5974BA17,1000000126,Dr. Michelle Evans,MEM000968,FAC024,2026-03-07T12:00:00,99214,151.73,Chennai,CLEAN
CLM-0824937C,1000000046,Dr. John Pierce,MEM000167,FAC001,2026-04-03T13:00:00,99214,139.33,Chennai,CLEAN
CLM-27947C7E,1000000096,Dr. Aaron Wise,MEM000180,FAC024,2026-06-23T14:00:00,99215,224.01,Chennai,CLEAN
CLM-9A29C85D,1000000165,Dr. John Anderson,MEM000391,FAC012,2026-02-19T09:00:00,93000,63.8,Chennai,CLEAN
CLM-6A4C4DFB,1000000051,Dr. Danny Morgan,MEM000999,FAC018,2026-03-17T13:00:00,71045,86.04,Chennai,CLEAN
CLM-750CA9B7,1000000004,Dr. Cristian Santos,MEM000312,FAC032,2026-05-13T16:00:00,93000,61.19,Chennai,CLEAN
CLM-C02FA60A,1000000084,Dr. Zachary Ferrell,MEM000012,FAC017,2026-04-29T09:00:00,99214,135.31,Chennai,CLEAN
CLM-72CF0934,1000000095,Dr. Anna Henderson,MEM000628,FAC043,2026-04-07T17:00:00,99215,201.14,Chennai,CLEAN
CLM-F237605E,1000000196,Dr. Daniel Salinas,MEM000895,FAC020,2026-02-18T16:00:00,71045,76.12,Chennai,CLEAN
CLM-62649943,1000000179,Dr. Robert Oconnell,MEM000925,FAC011,2026-04-12T15:00:00,99214,139.8,Chennai,CLEAN
CLM-49B529BD,1000000153,Dr. Devon Flores,MEM000758,FAC020,2026-04-17T12:00:00,99215,206.14,Chennai,CLEAN
CLM-EEF18DC0,1000000127,Dr. Jason Powell,MEM000485,FAC020,2026-02-13T11:00:00,99215,222.96,Chennai,CLEAN
CLM-0752A5E6,1000000004,Dr. Cristian Santos,MEM000428,FAC005,2026-04-13T14:00:00,93000,55.0,Chennai,CLEAN
CLM-57CAB248,1000000154,Dr. Brenda Hall,MEM000137,FAC001,2026-06-17T14:00:00,93000,62.7,Chennai,CLEAN
CLM-55030DC6,1000000040,Dr. Paula Moreno,MEM000154,FAC037,2026-03-15T10:00:00,99213,96.45,Chennai,CLEAN
CLM-EA7F45C3,1000000196,Dr. Daniel Salinas,MEM000420,FAC013,2026-01-11T11:00:00,93000,57.81,Chennai,CLEAN
CLM-614F4013,1000000193,Dr. Angelica Keith,MEM000680,FAC044,2026-05-29T15:00:00,99214,148.08,Chennai,CLEAN
CLM-727C38A7,1000000118,Dr. Victor Baker,MEM000684,FAC046,2026-02-09T15:00:00,99214,159.8,Chennai,CLEAN
CLM-8E54C2EA,1000000185,Dr. Dr. Hannah Patterson,MEM000303,FAC042,2026-02-16T09:00:00,71045,78.03,Chennai,CLEAN
CLM-053F2003,1000000085,Dr. Daniel Baker,MEM000679,FAC016,2026-06-09T17:00:00,99213,102.93,Chennai,CLEAN
CLM-362CD3E4,1000000141,Dr. David Douglas Jr.,MEM000347,FAC006,2026-02-19T12:00:00,99213,94.46,Chennai,CLEAN
CLM-F074208D,1000000137,Dr. Courtney Gonzalez,MEM000778,FAC002,2026-01-12T13:00:00,93000,60.41,Chennai,CLEAN
CLM-CE438F0B,1000000057,Dr. Richard Aguirre,MEM000721,FAC010,2026-01-17T10:00:00,99214,160.52,Chennai,CLEAN
CLM-E1B9C3BC,1000000024,Dr. Matthew Foster,MEM000972,FAC011,2026-01-20T14:00:00,99215,220.5,Chennai,CLEAN
CLM-5DBB3FA9,1000000028,Dr. Zachary Hicks,MEM000728,FAC023,2026-05-18T11:00:00,71045,80.7,Chennai,CLEAN
CLM-8A5DF60E,1000000137,Dr. Courtney Gonzalez,MEM000511,FAC025,2026-03-18T09:00:00,99213,105.27,Chennai,CLEAN
CLM-295D96EF,1000000028,Dr. Zachary Hicks,MEM000543,FAC020,2026-03-09T17:00:00,93000,54.7,Chennai,CLEAN
CLM-E931AF1C,1000000079,Dr. Lisa Barnes,MEM000312,FAC048,2026-02-04T09:00:00,99213,105.89,Chennai,CLEAN
CLM-338AC25A,1000000045,Dr. Philip Cannon,MEM000583,FAC032,2026-05-08T16:00:00,93000,59.77,Chennai,CLEAN
CLM-1EC10642,1000000080,Dr. Kelly Donovan,MEM000533,FAC020,2026-04-10T15:00:00,99215,239.61,Chennai,CLEAN
CLM-8E215AE6,1000000102,Dr. Rebecca Valencia,MEM000766,FAC019,2026-01-31T15:00:00,99214,141.53,Chennai,CLEAN
CLM-97D2C506,1000000168,Dr. Joel Williams,MEM000184,FAC007,2026-06-06T11:00:00,71045,84.94,Chennai,CLEAN
CLM-03ABDC19,1000000045,Dr. Philip Cannon,MEM000076,FAC012,2026-02-16T09:00:00,99215,228.37,Chennai,CLEAN
CLM-96E5FCB5,1000000011,Dr. Jamie Arnold,MEM000291,FAC010,2026-06-06T13:00:00,93000,56.6,Chennai,CLEAN
CLM-92068BB0,1000000028,Dr. Zachary Hicks,MEM000288,FAC046,2026-05-05T17:00:00,93000,63.27,Chennai,CLEAN
CLM-913D02FA,1000000179,Dr. Robert Oconnell,MEM000886,FAC007,2026-01-24T16:00:00,93000,59.36,Chennai,CLEAN
CLM-E9F8C69C,1000000194,Dr. John Bishop,MEM000416,FAC037,2026-06-06T13:00:00,93000,62.29,Chennai,CLEAN
CLM-A9A2F765,1000000024,Dr. Matthew Foster,MEM000667,FAC010,2026-05-12T12:00:00,99213,104.71,Chennai,CLEAN
CLM-E50B4C13,1000000005,Dr. Connie Lawrence,MEM000058,FAC014,2026-04-21T15:00:00,71045,72.33,Chennai,CLEAN
CLM-4A517D92,1000000176,Dr. Michael Elliott,MEM000763,FAC010,2026-06-30T09:00:00,99213,90.11,Chennai,CLEAN
CLM-50573C15,1000000050,Dr. Jessica Holmes,MEM000765,FAC010,2026-05-19T14:00:00,99214,151.32,Chennai,CLEAN
CLM-1BBBE25B,1000000048,Dr. Joshua Blair,MEM000893,FAC006,2026-01-01T14:00:00,99213,96.53,Chennai,CLEAN
CLM-C5C5162A,1000000045,Dr. Philip Cannon,MEM000276,FAC015,2026-05-16T12:00:00,93000,62.52,Chennai,CLEAN
CLM-8F518F48,1000000090,Dr. Matthew Mcmillan,MEM000566,FAC044,2026-02-11T15:00:00,93000,56.05,Chennai,CLEAN
CLM-0211E9FC,1000000199,Dr. Nathan Freeman,MEM000578,FAC049,2026-06-06T09:00:00,99213,99.02,Chennai,CLEAN
CLM-AA4FD2CE,1000000136,Dr. Robert Potter,MEM000714,FAC027,2026-02-11T16:00:00,71045,86.94,Chennai,CLEAN
CLM-27197B7A,1000000058,Dr. Brent Jordan,MEM000181,FAC035,2026-02-22T17:00:00,93000,64.72,Chennai,CLEAN
CLM-877BC1BF,1000000172,Dr. Joshua Cooke,MEM000808,FAC013,2026-02-24T16:00:00,71045,86.4,Chennai,CLEAN
CLM-355B401F,1000000021,Dr. Patty Perez,MEM000517,FAC021,2026-06-12T10:00:00,93000,64.96,Chennai,CLEAN
CLM-35862DD6,1000000192,Dr. Debra Christian,MEM000847,FAC049,2026-04-14T11:00:00,71045,79.28,Chennai,CLEAN
CLM-F46625A5,1000000063,Dr. Donald Wright,MEM000444,FAC035,2026-03-20T10:00:00,99213,109.46,Chennai,CLEAN
CLM-FC0FA23C,1000000048,Dr. Joshua Blair,MEM000158,FAC042,2026-05-10T11:00:00,99214,162.0,Chennai,CLEAN
CLM-0DB09B0C,1000000183,Dr. Ashley Barton,MEM000623,FAC009,2026-01-26T17:00:00,93000,62.77,Chennai,CLEAN
CLM-58D5C53C,1000000057,Dr. Richard Aguirre,MEM000357,FAC011,2026-04-29T10:00:00,93000,59.72,Chennai,CLEAN
CLM-FB242566,1000000181,Dr. Tina Sanders,MEM000960,FAC048,2026-06-29T09:00:00,71045,87.24,Chennai,CLEAN
CLM-ABC7101D,1000000123,Dr. Michelle Harmon,MEM000504,FAC024,2026-01-25T09:00:00,71045,84.09,Chennai,CLEAN
CLM-C2A056BC,1000000185,Dr. Dr. Hannah Patterson,MEM000379,FAC037,2026-02-12T09:00:00,93000,60.27,Chennai,CLEAN
CLM-34B952DC,1000000167,Dr. Alyssa Day,MEM000832,FAC017,2026-03-05T10:00:00,93000,55.53,Chennai,CLEAN
CLM-00BB76C8,1000000155,Dr. Michelle Brown,MEM000455,FAC026,2026-01-30T16:00:00,93000,62.34,Chennai,CLEAN
CLM-A013B3F7,1000000090,Dr. Matthew Mcmillan,MEM000993,FAC037,2026-04-18T17:00:00,99214,151.23,Chennai,CLEAN
CLM-7C7F1315,1000000076,Dr. Angela Lopez,MEM000358,FAC042,2026-05-08T11:00:00,99213,109.81,Chennai,CLEAN
CLM-788B7A01,1000000187,Dr. Samantha Garcia,MEM000154,FAC044,2026-04-11T15:00:00,99215,228.62,Chennai,CLEAN
CLM-0E519B13,1000000102,Dr. Rebecca Valencia,MEM000546,FAC024,2026-02-13T14:00:00,93000,63.95,Chennai,CLEAN
CLM-41B890DE,1000000035,Dr. Jeffrey Chavez,MEM000331,FAC028,2026-02-22T13:00:00,93000,60.09,Chennai,CLEAN
CLM-68B09113,1000000144,Dr. Amber Wright,MEM000912,FAC010,2026-03-29T14:00:00,99214,153.07,Chennai,CLEAN
CLM-BA169925,1000000171,Dr. Darlene Miller,MEM000445,FAC040,2026-06-12T09:00:00,71045,83.81,Chennai,CLEAN
CLM-A8D06B24,1000000034,Dr. Debra Davidson,MEM000593,FAC038,2026-01-06T16:00:00,99215,225.61,Chennai,CLEAN
CLM-6937E970,1000000036,Dr. Sherri Baker,MEM000783,FAC039,2026-04-16T15:00:00,93000,65.86,Chennai,CLEAN
CLM-F4C3E648,1000000077,Dr. Megan Young,MEM000064,FAC048,2026-04-23T15:00:00,71045,72.35,Chennai,CLEAN
CLM-C6A3FADD,1000000000,Dr. Allison Hill,MEM000566,FAC038,2026-04-28T13:00:00,71045,76.08,Chennai,CLEAN
CLM-71B76E34,1000000090,Dr. Matthew Mcmillan,MEM000702,FAC039,2026-05-27T13:00:00,71045,76.41,Chennai,CLEAN
CLM-A4949F0B,1000000130,Dr. Elizabeth Kelley,MEM000198,FAC038,2026-05-10T13:00:00,99213,98.22,Chennai,CLEAN
CLM-FCCCB36C,1000000062,Dr. Connor West,MEM000295,FAC029,2026-05-13T14:00:00,99214,146.96,Chennai,CLEAN
CLM-7CA96C11,1000000148,Dr. Kathy Rivas,MEM000549,FAC034,2026-01-28T15:00:00,99215,232.16,Chennai,CLEAN
CLM-DB524CF6,1000000136,Dr. Robert Potter,MEM000028,FAC016,2026-03-16T14:00:00,99213,105.85,Chennai,CLEAN
CLM-1621CA91,1000000042,Dr. Sherry Decker,MEM000678,FAC040,2026-05-12T15:00:00,99213,96.53,Chennai,CLEAN
CLM-C0545E7C,1000000043,Dr. Anthony Humphrey,MEM000121,FAC002,2026-02-11T15:00:00,99214,163.84,Chennai,CLEAN
CLM-D30BD9D5,1000000010,Dr. Monica Herrera,MEM000406,FAC025,2026-03-16T17:00:00,93000,64.82,Chennai,CLEAN
CLM-094B108A,1000000004,Dr. Cristian Santos,MEM000860,FAC034,2026-02-15T13:00:00,93000,64.0,Chennai,CLEAN
CLM-DF80C105,1000000091,Dr. Brian Rodriguez,MEM000532,FAC006,2026-02-26T09:00:00,93000,64.53,Chennai,CLEAN
CLM-E5095D50,1000000146,Dr. Victoria Larson,MEM000568,FAC012,2026-06-20T09:00:00,99215,219.23,Chennai,CLEAN
CLM-8D39519B,1000000170,Dr. Jamie Walton,MEM000834,FAC034,2026-05-22T12:00:00,93000,61.14,Chennai,CLEAN
CLM-8399F5BD,1000000121,Dr. Kenneth Scott,MEM000268,FAC047,2026-01-28T17:00:00,99215,216.3,Chennai,CLEAN
CLM-74BE4631,1000000060,Dr. Victoria Garcia,MEM000014,FAC009,2026-04-25T14:00:00,99213,90.94,Chennai,CLEAN
CLM-396B57AC,1000000054,Dr. Shannon Jones,MEM000047,FAC043,2026-03-30T15:00:00,71045,73.63,Chennai,CLEAN
CLM-4C89D6B6,1000000199,Dr. Nathan Freeman,MEM000610,FAC022,2026-06-15T12:00:00,99213,108.22,Chennai,CLEAN
CLM-B5D0899C,1000000091,Dr. Brian Rodriguez,MEM000396,FAC018,2026-01-25T17:00:00,99215,231.76,Chennai,CLEAN
CLM-E0F43898,1000000049,Dr. Eric Carney,MEM000845,FAC028,2026-05-19T13:00:00,71045,79.18,Chennai,CLEAN
CLM-89C63FE0,1000000013,Dr. Michele Williams,MEM000514,FAC048,2026-05-03T09:00:00,99213,100.62,Chennai,CLEAN
CLM-F5BEC7AD,1000000041,Dr. Fred Smith,MEM000424,FAC041,2026-01-09T09:00:00,99213,102.62,Chennai,CLEAN
CLM-D6845B36,1000000052,Dr. Crystal Robinson,MEM000437,FAC023,2026-06-26T10:00:00,99213,94.62,Chennai,CLEAN
CLM-D719DADD,1000000075,Dr. Sarah Moore,MEM000310,FAC016,2026-02-03T09:00:00,71045,79.74,Chennai,CLEAN
CLM-0E616EDE,1000000170,Dr. Jamie Walton,MEM000351,FAC027,2026-05-24T15:00:00,99215,205.25,Chennai,CLEAN
CLM-B8F599BF,1000000009,Dr. Ryan Munoz,MEM000386,FAC009,2026-02-02T10:00:00,99215,238.05,Chennai,CLEAN
CLM-0EEB29E7,1000000156,Dr. Joshua Perry,MEM000611,FAC027,2026-05-03T11:00:00,99215,239.03,Chennai,CLEAN
CLM-C3287DAA,1000000196,Dr. Daniel Salinas,MEM000182,FAC011,2026-02-16T10:00:00,93000,54.09,Chennai,CLEAN
CLM-D22706E0,1000000060,Dr. Victoria Garcia,MEM000220,FAC040,2026-06-15T13:00:00,71045,84.69,Chennai,CLEAN
CLM-F7D02AFA,1000000066,Dr. Tracy House,MEM000510,FAC019,2026-05-03T15:00:00,99215,221.81,Chennai,CLEAN
CLM-454B4D49,1000000175,Dr. Alex Hernandez,MEM000804,FAC020,2026-04-06T12:00:00,93000,59.24,Chennai,CLEAN
CLM-C8A81631,1000000043,Dr. Anthony Humphrey,MEM000098,FAC014,2026-05-17T12:00:00,99215,198.27,Chennai,CLEAN
CLM-2E7C215C,1000000020,Dr. Margaret Hawkins DDS,MEM000992,FAC008,2026-03-15T14:00:00,99215,207.6,Chennai,CLEAN
CLM-7CC389AF,1000000042,Dr. Sherry Decker,MEM000718,FAC038,2026-01-15T09:00:00,99214,146.83,Chennai,CLEAN
CLM-B20A6A9A,1000000168,Dr. Joel Williams,MEM000189,FAC005,2026-01-18T16:00:00,99214,162.69,Chennai,CLEAN
CLM-71E9BB5C,1000000163,Dr. Jeffrey Johnson,MEM000146,FAC040,2026-04-29T16:00:00,99214,147.77,Chennai,CLEAN
CLM-F767BFD3,1000000069,Dr. William Baker,MEM000548,FAC041,2026-05-20T12:00:00,93000,58.16,Chennai,CLEAN
CLM-2C8CC4B2,1000000082,Dr. Michael Evans,MEM000729,FAC043,2026-03-24T17:00:00,99215,205.52,Chennai,CLEAN
CLM-F835DCAE,1000000149,Dr. Stephanie Manning,MEM000684,FAC019,2026-02-13T14:00:00,99214,156.38,Chennai,CLEAN
CLM-0BC53F91,1000000080,Dr. Kelly Donovan,MEM000103,FAC025,2026-01-30T17:00:00,99215,219.53,Chennai,CLEAN
CLM-32C1F8DB,1000000157,Dr. Jason Stein,MEM000086,FAC028,2026-01-18T09:00:00,99215,238.31,Chennai,CLEAN
CLM-5ADF2422,1000000135,Dr. Jose Schultz,MEM000872,FAC040,2026-01-13T14:00:00,99215,224.37,Chennai,CLEAN
CLM-554D8069,1000000066,Dr. Tracy House,MEM000458,FAC029,2026-03-20T13:00:00,71045,75.69,Chennai,CLEAN
CLM-01281231,1000000093,Dr. Christina Walters,MEM000653,FAC013,2026-04-02T11:00:00,99215,217.29,Chennai,CLEAN
CLM-3E83145A,1000000135,Dr. Jose Schultz,MEM000749,FAC047,2026-03-17T10:00:00,71045,73.91,Chennai,CLEAN
CLM-AD80C773,1000000148,Dr. Kathy Rivas,MEM000307,FAC044,2026-05-27T16:00:00,99214,142.8,Chennai,CLEAN
CLM-6CBA1B3A,1000000154,Dr. Brenda Hall,MEM000208,FAC002,2026-03-27T12:00:00,71045,80.17,Chennai,CLEAN
CLM-32F403A5,1000000007,Dr. Gina Moore,MEM000227,FAC012,2026-02-01T17:00:00,99214,147.64,Chennai,CLEAN
CLM-4160A418,1888888888,Dr. Synthetic-B (Teleport),MEM000070,FAC044,2026-02-21T12:00:00,93000,65.02,Chennai,CLEAN
CLM-0EAFE5D8,1000000046,Dr. John Pierce,MEM000437,FAC002,2026-05-12T16:00:00,93000,60.42,Chennai,CLEAN
CLM-B406657C,1000000044,Dr. Angelica Tucker,MEM000831,FAC035,2026-01-18T14:00:00,99214,149.4,Chennai,CLEAN
CLM-0B9DCDDA,1000000121,Dr. Kenneth Scott,MEM000201,FAC000,2026-03-15T17:00:00,71045,74.94,Chennai,CLEAN
CLM-DD036313,1000000175,Dr. Alex Hernandez,MEM000064,FAC020,2026-02-16T10:00:00,71045,83.06,Chennai,CLEAN
CLM-502C0723,1000000104,Dr. Richard Henson,MEM000334,FAC042,2026-02-24T14:00:00,99214,149.48,Chennai,CLEAN
CLM-F70B80A3,1999999999,Dr. Synthetic-A (Phantom),MEM000524,FAC003,2026-01-26T17:00:00,93000,64.36,Chennai,CLEAN
CLM-C4F81066,1000000091,Dr. Brian Rodriguez,MEM000435,FAC043,2026-05-03T12:00:00,99215,210.29,Chennai,CLEAN
CLM-EFBAEB23,1000000097,Dr. Deborah Figueroa,MEM000508,FAC005,2026-05-03T16:00:00,71045,86.94,Chennai,CLEAN
CLM-9E1A8C0E,1000000151,Dr. Pamela Boyd,MEM000828,FAC025,2026-05-31T10:00:00,99215,207.88,Chennai,CLEAN
CLM-FA3D03CF,1000000101,Dr. Cameron Parker,MEM000139,FAC037,2026-06-04T13:00:00,71045,82.07,Chennai,CLEAN
CLM-B442EE51,1000000110,Dr. Richard Rodriguez,MEM000268,FAC021,2026-01-14T09:00:00,99213,92.24,Chennai,CLEAN
CLM-90298A1D,1000000136,Dr. Robert Potter,MEM000609,FAC035,2026-03-29T16:00:00,99214,152.32,Chennai,CLEAN
CLM-22F3665C,1000000136,Dr. Robert Potter,MEM000927,FAC014,2026-06-25T14:00:00,99214,137.86,Chennai,CLEAN
CLM-A88677E1,1000000021,Dr. Patty Perez,MEM000553,FAC038,2026-04-15T17:00:00,99215,237.8,Chennai,CLEAN
CLM-F2E4E195,1000000043,Dr. Anthony Humphrey,MEM000666,FAC018,2026-04-10T13:00:00,93000,63.32,Chennai,CLEAN
CLM-0EC5BC1C,1000000076,Dr. Angela Lopez,MEM000634,FAC048,2026-06-21T16:00:00,93000,58.45,Chennai,CLEAN
CLM-B008CB41,1000000043,Dr. Anthony Humphrey,MEM000574,FAC023,2026-05-06T14:00:00,93000,58.18,Chennai,CLEAN
CLM-FEEEED20,1000000133,Dr. Daniel Kennedy,MEM000129,FAC033,2026-01-29T09:00:00,99214,139.3,Chennai,CLEAN
CLM-CE26F0D8,1000000112,Dr. Julia Torres,MEM000763,FAC037,2026-04-29T17:00:00,93000,61.92,Chennai,CLEAN
CLM-573A4877,1000000169,Dr. Daniel Murphy,MEM000866,FAC040,2026-01-19T11:00:00,99215,221.27,Chennai,CLEAN
CLM-FD74B647,1000000048,Dr. Joshua Blair,MEM000654,FAC038,2026-04-26T10:00:00,71045,72.23,Chennai,CLEAN
CLM-7C4B6933,1000000084,Dr. Zachary Ferrell,MEM000768,FAC037,2026-05-16T13:00:00,99215,238.72,Chennai,CLEAN
CLM-66C3420D,1000000025,Dr. Judy Baker,MEM000808,FAC017,2026-02-22T15:00:00,71045,84.17,Chennai,CLEAN
CLM-E8EBE4D2,1000000040,Dr. Paula Moreno,MEM000535,FAC025,2026-05-14T10:00:00,99213,93.64,Chennai,CLEAN
CLM-EA60DBF3,1000000055,Dr. Michael Lewis,MEM000653,FAC001,2026-02-23T17:00:00,93000,58.1,Chennai,CLEAN
CLM-FA97B2EF,1000000111,Dr. Shannon Walker,MEM000869,FAC034,2026-01-30T10:00:00,93000,56.95,Chennai,CLEAN
CLM-14EFDBC6,1000000125,Dr. Erin Edwards,MEM000854,FAC034,2026-01-21T13:00:00,99215,223.36,Chennai,CLEAN
CLM-4C1BE4B0,1000000005,Dr. Connie Lawrence,MEM000755,FAC039,2026-06-18T11:00:00,99213,98.91,Chennai,CLEAN
CLM-4DE13FAA,1000000147,Dr. Stephanie Salazar,MEM000048,FAC023,2026-03-22T11:00:00,93000,64.34,Chennai,CLEAN
CLM-42C10226,1000000108,Dr. Evelyn Galvan,MEM000599,FAC013,2026-02-26T14:00:00,99213,102.56,Chennai,CLEAN
CLM-771BF63B,1000000168,Dr. Joel Williams,MEM000320,FAC047,2026-05-10T17:00:00,99213,105.09,Chennai,CLEAN
CLM-C58362C4,1000000118,Dr. Victor Baker,MEM000984,FAC047,2026-01-04T14:00:00,99214,138.8,Chennai,CLEAN
CLM-EE43EA39,1000000101,Dr. Cameron Parker,MEM000020,FAC047,2026-02-01T10:00:00,93000,56.89,Chennai,CLEAN
CLM-165348E3,1000000149,Dr. Stephanie Manning,MEM000081,FAC000,2026-03-05T17:00:00,99214,160.58,Chennai,CLEAN
CLM-BFA71F80,1000000121,Dr. Kenneth Scott,MEM000314,FAC008,2026-06-15T14:00:00,99215,203.34,Chennai,CLEAN
CLM-A5AAFE7E,1000000185,Dr. Dr. Hannah Patterson,MEM000436,FAC002,2026-05-27T09:00:00,93000,57.94,Chennai,CLEAN
CLM-30C21D7E,1000000136,Dr. Robert Potter,MEM000816,FAC006,2026-05-09T10:00:00,99213,95.67,Chennai,CLEAN
CLM-9A07BBA2,1000000015,Dr. Brian Ramirez,MEM000900,FAC008,2026-03-18T12:00:00,71045,75.31,Chennai,CLEAN
CLM-F25DF085,1000000017,Dr. Derek Zuniga,MEM000927,FAC021,2026-06-28T17:00:00,71045,75.29,Chennai,CLEAN
CLM-DA9D77D6,1000000193,Dr. Angelica Keith,MEM000411,FAC008,2026-04-23T10:00:00,99214,155.71,Chennai,CLEAN
CLM-7D53FBF8,1000000130,Dr. Elizabeth Kelley,MEM000737,FAC038,2026-04-13T12:00:00,99214,145.6,Chennai,CLEAN
CLM-A85B7A85,1000000158,Dr. Melissa Gates,MEM000061,FAC045,2026-01-02T14:00:00,93000,57.86,Chennai,CLEAN
CLM-D4CEC997,1000000192,Dr. Debra Christian,MEM000861,FAC027,2026-01-24T14:00:00,99215,217.82,Chennai,CLEAN
CLM-F804117B,1000000063,Dr. Donald Wright,MEM000088,FAC041,2026-03-27T15:00:00,71045,75.83,Chennai,CLEAN
CLM-59889046,1000000124,Dr. Helen Jones,MEM000581,FAC011,2026-04-02T14:00:00,99213,92.03,Chennai,CLEAN
CLM-B4EC147C,1000000074,Dr. Amy Silva,MEM000252,FAC025,2026-06-23T09:00:00,99214,160.15,Chennai,CLEAN
CLM-C5B3CEFF,1000000061,Dr. Gerald Hensley,MEM000482,FAC031,2026-02-16T16:00:00,99213,107.11,Chennai,CLEAN
CLM-09E45EAE,1000000139,Dr. Angel Perry,MEM000608,FAC026,2026-06-16T15:00:00,71045,72.07,Chennai,CLEAN
CLM-03120A00,1000000063,Dr. Donald Wright,MEM000302,FAC011,2026-05-14T10:00:00,71045,84.92,Chennai,CLEAN
CLM-E9A61936,1000000065,Dr. Amber Kidd,MEM000070,FAC045,2026-06-24T15:00:00,99213,90.7,Chennai,CLEAN
CLM-A3990E3C,1000000026,Dr. Justin Baker,MEM000638,FAC044,2026-04-29T14:00:00,99214,145.04,Chennai,CLEAN
CLM-55347B4A,1000000162,Dr. Lindsey Walker,MEM000941,FAC019,2026-04-15T13:00:00,99213,109.51,Chennai,CLEAN
CLM-47753047,1000000031,Dr. James Ferrell,MEM000038,FAC012,2026-06-21T17:00:00,93000,54.01,Chennai,CLEAN
CLM-1BE0AEA5,1000000125,Dr. Erin Edwards,MEM000219,FAC000,2026-03-09T11:00:00,71045,78.72,Chennai,CLEAN
CLM-9B829CE7,1000000108,Dr. Evelyn Galvan,MEM000137,FAC032,2026-01-27T13:00:00,99215,227.76,Chennai,CLEAN
CLM-A61CAE35,1000000116,Dr. William Herrera,MEM000118,FAC033,2026-05-29T12:00:00,93000,57.8,Chennai,CLEAN
CLM-76655CDC,1000000054,Dr. Shannon Jones,MEM000948,FAC001,2026-05-28T15:00:00,93000,63.57,Chennai,CLEAN
CLM-2BCCCB59,1000000107,Dr. Sierra Johnson,MEM000507,FAC025,2026-03-08T09:00:00,93000,56.08,Chennai,CLEAN
CLM-A505A89D,1000000129,Dr. Megan Orr,MEM000549,FAC048,2026-03-13T17:00:00,71045,84.24,Chennai,CLEAN
CLM-B9F27253,1000000081,Dr. Mike Allen,MEM000772,FAC022,2026-01-29T12:00:00,99215,221.66,Chennai,CLEAN
CLM-BBAA8CFA,1000000116,Dr. William Herrera,MEM000139,FAC031,2026-02-01T16:00:00,99215,237.08,Chennai,CLEAN
CLM-A8577ED9,1000000005,Dr. Connie Lawrence,MEM000657,FAC027,2026-05-22T17:00:00,99213,105.78,Chennai,CLEAN
CLM-219F1351,1000000193,Dr. Angelica Keith,MEM000392,FAC017,2026-01-09T12:00:00,99215,239.67,Chennai,CLEAN
CLM-D147E7C8,1000000151,Dr. Pamela Boyd,MEM000515,FAC048,2026-05-14T10:00:00,93000,59.92,Chennai,CLEAN
CLM-CA94BBD9,1000000140,Dr. Cheyenne Horton,MEM000481,FAC028,2026-06-16T14:00:00,93000,56.67,Chennai,CLEAN
CLM-E614DA20,1000000059,Dr. John Daniel,MEM000219,FAC025,2026-03-14T16:00:00,71045,72.22,Chennai,CLEAN
CLM-0ABADE89,1000000064,Dr. Jessica Callahan,MEM000096,FAC014,2026-01-03T09:00:00,93000,64.96,Chennai,CLEAN
CLM-C71E462B,1000000089,Dr. Aimee Montoya,MEM000197,FAC032,2026-06-13T15:00:00,99213,93.73,Chennai,CLEAN
CLM-147ADFF1,1000000032,Dr. Tricia Valencia,MEM000405,FAC008,2026-03-31T13:00:00,99214,164.1,Chennai,CLEAN
CLM-C3CFFD1C,1000000067,Dr. Carol Tucker,MEM000069,FAC041,2026-02-13T12:00:00,99213,102.22,Chennai,CLEAN
CLM-CF90B69A,1000000185,Dr. Dr. Hannah Patterson,MEM000668,FAC022,2026-04-26T16:00:00,99214,135.22,Chennai,CLEAN
CLM-4717F4ED,1000000194,Dr. John Bishop,MEM000286,FAC004,2026-01-06T09:00:00,71045,83.03,Chennai,CLEAN
CLM-6DA48F88,1000000180,Dr. Alexander Collins,MEM000278,FAC006,2026-05-25T12:00:00,99214,143.12,Chennai,CLEAN
CLM-AF440382,1000000199,Dr. Nathan Freeman,MEM000245,FAC035,2026-06-14T10:00:00,99213,102.43,Chennai,CLEAN
CLM-CCAF6871,1000000182,Dr. Angela Vaughn,MEM000630,FAC019,2026-01-26T11:00:00,99214,157.52,Chennai,CLEAN
CLM-E25ABB6B,1000000139,Dr. Angel Perry,MEM000974,FAC029,2026-01-08T17:00:00,71045,74.42,Chennai,CLEAN
CLM-2FC118C9,1000000099,Dr. Stephen Mckee,MEM000261,FAC036,2026-04-15T12:00:00,99214,140.32,Chennai,CLEAN
CLM-D5674CC3,1000000020,Dr. Margaret Hawkins DDS,MEM000507,FAC019,2026-02-06T11:00:00,99215,198.62,Chennai,CLEAN
CLM-6462A96E,1000000177,Dr. Michael Wang,MEM000661,FAC043,2026-02-24T11:00:00,71045,73.59,Chennai,CLEAN
CLM-191CEB82,1000000136,Dr. Robert Potter,MEM000848,FAC039,2026-01-14T09:00:00,99214,144.16,Chennai,CLEAN
CLM-9625D555,1000000134,Dr. Rebecca Jackson,MEM000441,FAC006,2026-06-26T15:00:00,99214,136.51,Chennai,CLEAN
CLM-7B4EC6FA,1000000003,Dr. Daniel Wagner,MEM000152,FAC034,2026-04-13T16:00:00,99214,136.68,Chennai,CLEAN
CLM-743356DF,1000000038,Dr. Elizabeth Fowler,MEM000797,FAC002,2026-01-09T14:00:00,99214,146.73,Chennai,CLEAN
CLM-F8978743,1000000106,Dr. Sharon Cherry,MEM000738,FAC008,2026-01-18T14:00:00,99214,147.28,Chennai,CLEAN
CLM-C1EE2744,1000000139,Dr. Angel Perry,MEM000597,FAC001,2026-01-03T14:00:00,71045,79.61,Chennai,CLEAN
CLM-D409942B,1000000080,Dr. Kelly Donovan,MEM000030,FAC003,2026-01-25T16:00:00,99214,139.1,Chennai,CLEAN
CLM-967822CB,1000000144,Dr. Amber Wright,MEM000988,FAC000,2026-01-07T16:00:00,99214,153.46,Chennai,CLEAN
CLM-3F450B32,1000000022,Dr. Ethan Adams,MEM000194,FAC048,2026-01-09T16:00:00,99214,139.81,Chennai,CLEAN
CLM-C952EBC3,1000000027,Dr. Stephanie Ross,MEM000209,FAC034,2026-04-08T09:00:00,93000,59.67,Chennai,CLEAN
CLM-9BB97F0E,1000000019,Dr. Carla Gray,MEM000670,FAC024,2026-05-07T11:00:00,99214,138.6,Chennai,CLEAN
CLM-90DCC330,1000000064,Dr. Jessica Callahan,MEM000323,FAC045,2026-03-13T15:00:00,99213,109.98,Chennai,CLEAN
CLM-7AB335F9,1000000028,Dr. Zachary Hicks,MEM000583,FAC010,2026-05-21T10:00:00,71045,85.35,Chennai,CLEAN
CLM-09E7DCD7,1000000116,Dr. William Herrera,MEM000262,FAC019,2026-03-04T15:00:00,99213,109.67,Chennai,CLEAN
CLM-6FEEA729,1000000037,Dr. Cassandra Gaines,MEM000844,FAC014,2026-03-19T13:00:00,99214,140.51,Chennai,CLEAN
CLM-7409EEDF,1000000036,Dr. Sherri Baker,MEM000095,FAC041,2026-04-12T09:00:00,99214,145.27,Chennai,CLEAN
CLM-20D7F5E9,1000000054,Dr. Shannon Jones,MEM000933,FAC037,2026-03-11T10:00:00,99214,163.63,Chennai,CLEAN
CLM-A18C5622,1000000170,Dr. Jamie Walton,MEM000747,FAC001,2026-05-30T13:00:00,99215,230.64,Chennai,CLEAN
CLM-5FBFE07A,1000000114,Dr. Garrett Lin,MEM000816,FAC030,2026-02-16T15:00:00,93000,54.27,Chennai,CLEAN
CLM-599F50D5,1000000172,Dr. Joshua Cooke,MEM000187,FAC026,2026-06-14T14:00:00,99215,202.15,Chennai,CLEAN
CLM-39EEBDFC,1000000033,Dr. Nathan Maldonado,MEM000481,FAC026,2026-01-21T16:00:00,93000,63.82,Chennai,CLEAN
CLM-22D21BB4,1000000184,Dr. Lindsay Martinez,MEM000570,FAC001,2026-06-23T11:00:00,99215,239.71,Chennai,CLEAN
CLM-73EB9808,1000000177,Dr. Michael Wang,MEM000367,FAC037,2026-05-19T14:00:00,99213,97.65,Chennai,CLEAN
CLM-94BD2CD9,1000000033,Dr. Nathan Maldonado,MEM000108,FAC006,2026-05-28T10:00:00,99215,240.02,Chennai,CLEAN
CLM-D438B78F,1000000137,Dr. Courtney Gonzalez,MEM000595,FAC005,2026-02-13T15:00:00,93000,64.57,Chennai,CLEAN
CLM-B235B253,1000000193,Dr. Angelica Keith,MEM000719,FAC018,2026-06-05T17:00:00,71045,76.08,Chennai,CLEAN
CLM-1F38FB99,1000000142,Dr. Patricia Rodriguez,MEM000438,FAC032,2026-06-22T15:00:00,99214,141.42,Chennai,CLEAN
CLM-00B5D20A,1000000097,Dr. Deborah Figueroa,MEM000060,FAC000,2026-05-09T17:00:00,99215,211.73,Chennai,CLEAN
CLM-F7B9F04D,1000000066,Dr. Tracy House,MEM000024,FAC032,2026-03-01T16:00:00,93000,65.72,Chennai,CLEAN
CLM-6D0DD1E1,1000000144,Dr. Amber Wright,MEM000112,FAC036,2026-01-09T16:00:00,99215,225.27,Chennai,CLEAN
CLM-685548C0,1000000145,Dr. Joyce Solis,MEM000133,FAC005,2026-04-22T13:00:00,99213,91.01,Chennai,CLEAN
CLM-938C1C57,1000000146,Dr. Victoria Larson,MEM000754,FAC046,2026-05-16T12:00:00,71045,81.73,Chennai,CLEAN
CLM-A47A2A7D,1000000186,Dr. Jonathan Peterson,MEM000640,FAC008,2026-02-20T14:00:00,99214,143.36,Chennai,CLEAN
CLM-0D2AFA88,1000000068,Dr. James Brown,MEM000522,FAC027,2026-03-11T16:00:00,99213,100.08,Chennai,CLEAN
CLM-06CC5BA4,1000000030,Dr. Rebecca Henderson,MEM000229,FAC036,2026-05-16T15:00:00,99215,210.07,Chennai,CLEAN
CLM-97DF0BA9,1000000047,Dr. Shane Henderson,MEM000151,FAC045,2026-01-03T11:00:00,99213,109.96,Chennai,CLEAN
CLM-0696CD56,1000000051,Dr. Danny Morgan,MEM000761,FAC046,2026-05-06T11:00:00,99213,97.19,Chennai,CLEAN
CLM-790537F6,1000000084,Dr. Zachary Ferrell,MEM000001,FAC013,2026-02-25T09:00:00,99213,90.41,Chennai,CLEAN
CLM-D907B177,1000000140,Dr. Cheyenne Horton,MEM000531,FAC024,2026-03-05T13:00:00,71045,79.25,Chennai,CLEAN
CLM-EC631D73,1000000151,Dr. Pamela Boyd,MEM000113,FAC039,2026-01-02T09:00:00,93000,60.25,Chennai,CLEAN
CLM-B2229049,1000000196,Dr. Daniel Salinas,MEM000796,FAC036,2026-01-24T10:00:00,99215,203.24,Chennai,CLEAN
CLM-7E080EE8,1000000000,Dr. Allison Hill,MEM000023,FAC037,2026-01-24T15:00:00,93000,63.04,Chennai,CLEAN
CLM-EC897226,1000000160,Dr. Paul Castaneda,MEM000155,FAC015,2026-02-05T16:00:00,99214,163.01,Chennai,CLEAN
CLM-1364B66D,1000000189,Dr. Jessica Gross,MEM000851,FAC037,2026-06-22T17:00:00,93000,62.72,Chennai,CLEAN
CLM-22313A39,1000000189,Dr. Jessica Gross,MEM000733,FAC039,2026-01-12T15:00:00,99213,100.84,Chennai,CLEAN
CLM-DDF3ACFA,1000000187,Dr. Samantha Garcia,MEM000344,FAC019,2026-05-20T10:00:00,93000,59.1,Chennai,CLEAN
CLM-BCD61ABA,1000000066,Dr. Tracy House,MEM000397,FAC015,2026-01-11T09:00:00,99213,108.43,Chennai,CLEAN
CLM-2A250120,1000000150,Dr. David Wright,MEM000527,FAC017,2026-06-25T12:00:00,99214,148.04,Chennai,CLEAN
CLM-693E0986,1000000024,Dr. Matthew Foster,MEM000740,FAC015,2026-04-25T10:00:00,99213,100.47,Chennai,CLEAN
CLM-022A045D,1000000021,Dr. Patty Perez,MEM000325,FAC005,2026-06-19T17:00:00,99215,228.55,Chennai,CLEAN
CLM-AE2BE53C,1000000084,Dr. Zachary Ferrell,MEM000513,FAC009,2026-05-27T13:00:00,99214,164.18,Chennai,CLEAN
CLM-BF31EF43,1000000048,Dr. Joshua Blair,MEM000651,FAC016,2026-06-20T09:00:00,99213,97.26,Chennai,CLEAN
CLM-EC9E20B3,1000000082,Dr. Michael Evans,MEM000780,FAC015,2026-03-13T15:00:00,71045,72.48,Chennai,CLEAN
CLM-3001F743,1000000082,Dr. Michael Evans,MEM000384,FAC036,2026-06-05T13:00:00,99215,223.61,Chennai,CLEAN
CLM-FC6A225A,1000000180,Dr. Alexander Collins,MEM000279,FAC025,2026-04-21T16:00:00,99214,156.48,Chennai,CLEAN
CLM-7B2B6C83,1000000024,Dr. Matthew Foster,MEM000059,FAC035,2026-02-05T13:00:00,99213,106.2,Chennai,CLEAN
CLM-2F9C678C,1000000180,Dr. Alexander Collins,MEM000788,FAC034,2026-01-24T17:00:00,99214,162.62,Chennai,CLEAN
CLM-663D3AD6,1000000167,Dr. Alyssa Day,MEM000227,FAC032,2026-04-25T13:00:00,99213,92.99,Chennai,CLEAN
CLM-92EC99D5,1000000100,Dr. Sandra Aguilar,MEM000144,FAC002,2026-05-16T14:00:00,93000,64.65,Chennai,CLEAN
CLM-A4D5AC9E,1000000127,Dr. Jason Powell,MEM000268,FAC044,2026-03-25T11:00:00,71045,75.64,Chennai,CLEAN
CLM-A362537D,1000000091,Dr. Brian Rodriguez,MEM000652,FAC012,2026-04-16T13:00:00,99214,163.53,Chennai,CLEAN
CLM-FE65F9DA,1000000056,Dr. Timothy Duncan,MEM000352,FAC029,2026-01-05T09:00:00,99215,201.84,Chennai,CLEAN
CLM-663AD856,1000000158,Dr. Melissa Gates,MEM000096,FAC049,2026-05-24T11:00:00,93000,62.41,Chennai,CLEAN
CLM-95AC7580,1000000027,Dr. Stephanie Ross,MEM000562,FAC007,2026-06-25T15:00:00,99213,102.57,Chennai,CLEAN
CLM-B10FF330,1888888888,Dr. Synthetic-B (Teleport),MEM000646,FAC020,2026-03-30T09:00:00,99215,227.28,Chennai,CLEAN
CLM-3AC9B228,1000000101,Dr. Cameron Parker,MEM000117,FAC002,2026-01-16T16:00:00,93000,56.07,Chennai,CLEAN
CLM-37C8C71E,1000000014,Dr. Dylan Miller,MEM000270,FAC027,2026-04-15T09:00:00,99213,91.71,Chennai,CLEAN
CLM-FFA29B14,1000000143,Dr. Christopher Rubio,MEM000248,FAC033,2026-02-06T16:00:00,99213,90.59,Chennai,CLEAN
CLM-B12ACAA0,1000000185,Dr. Dr. Hannah Patterson,MEM000900,FAC047,2026-02-14T12:00:00,99214,152.03,Chennai,CLEAN
CLM-CA1F5ED4,1000000160,Dr. Paul Castaneda,MEM000437,FAC004,2026-03-31T10:00:00,99214,135.88,Chennai,CLEAN
CLM-002F3F69,1000000067,Dr. Carol Tucker,MEM000969,FAC034,2026-04-06T09:00:00,71045,83.77,Chennai,CLEAN
CLM-8DB5E6FB,1000000111,Dr. Shannon Walker,MEM000769,FAC020,2026-02-27T13:00:00,99215,214.8,Chennai,CLEAN
CLM-6C3E3176,1000000011,Dr. Jamie Arnold,MEM000993,FAC019,2026-06-17T11:00:00,99214,164.35,Chennai,CLEAN
CLM-BC84626A,1000000107,Dr. Sierra Johnson,MEM000224,FAC040,2026-03-18T15:00:00,99213,92.14,Chennai,CLEAN
CLM-337D8E24,1000000022,Dr. Ethan Adams,MEM000340,FAC015,2026-01-02T14:00:00,71045,83.51,Chennai,CLEAN
CLM-BB7BBF11,1000000160,Dr. Paul Castaneda,MEM000209,FAC046,2026-03-21T16:00:00,99214,142.78,Chennai,CLEAN
CLM-BDBD3787,1000000089,Dr. Aimee Montoya,MEM000571,FAC026,2026-01-22T16:00:00,71045,80.56,Chennai,CLEAN
CLM-E67A76E7,1000000041,Dr. Fred Smith,MEM000962,FAC020,2026-01-26T11:00:00,71045,82.69,Chennai,CLEAN
CLM-6F7CF5E4,1000000046,Dr. John Pierce,MEM000403,FAC028,2026-01-01T17:00:00,71045,85.56,Chennai,CLEAN
CLM-868B6F2B,1000000180,Dr. Alexander Collins,MEM000828,FAC024,2026-03-31T15:00:00,99214,160.68,Chennai,CLEAN
CLM-E50EA567,1000000070,Dr. Jordan Henderson,MEM000078,FAC039,2026-04-24T15:00:00,93000,59.3,Chennai,CLEAN
CLM-C6DC1EB9,1000000069,Dr. William Baker,MEM000809,FAC039,2026-03-17T16:00:00,71045,85.28,Chennai,CLEAN
CLM-64010019,1000000169,Dr. Daniel Murphy,MEM000163,FAC037,2026-01-16T12:00:00,99215,198.66,Chennai,CLEAN
CLM-2D23A96E,1000000105,Dr. Marc Moore,MEM000998,FAC006,2026-05-11T13:00:00,93000,60.79,Chennai,CLEAN
CLM-B80307E3,1000000077,Dr. Megan Young,MEM000996,FAC009,2026-02-02T12:00:00,99215,236.02,Chennai,CLEAN
CLM-7EE6C096,1000000053,Dr. Mark Perez,MEM000314,FAC003,2026-03-20T15:00:00,71045,80.76,Chennai,CLEAN
CLM-C0A599FD,1000000028,Dr. Zachary Hicks,MEM000154,FAC005,2026-03-28T15:00:00,99215,224.6,Chennai,CLEAN
CLM-0A4FEE74,1000000192,Dr. Debra Christian,MEM000364,FAC010,2026-04-02T13:00:00,93000,63.43,Chennai,CLEAN
CLM-949F449D,1000000004,Dr. Cristian Santos,MEM000993,FAC025,2026-06-18T13:00:00,99215,226.28,Chennai,CLEAN
CLM-48A0CA40,1000000022,Dr. Ethan Adams,MEM000784,FAC007,2026-01-26T16:00:00,99214,151.4,Chennai,CLEAN
CLM-7615698D,1000000020,Dr. Margaret Hawkins DDS,MEM000543,FAC009,2026-04-29T12:00:00,99213,107.14,Chennai,CLEAN
CLM-002E359F,1000000109,Dr. Sharon Cochran,MEM000239,FAC019,2026-02-27T14:00:00,93000,63.47,Chennai,CLEAN
CLM-A210C686,1000000128,Dr. Cameron Fisher,MEM000895,FAC032,2026-02-15T10:00:00,93000,60.2,Chennai,CLEAN
CLM-A95063F7,1000000150,Dr. David Wright,MEM000820,FAC026,2026-05-18T09:00:00,71045,78.48,Chennai,CLEAN
CLM-C5FCD4E2,1000000198,Dr. Adam Vaughan,MEM000018,FAC022,2026-01-26T10:00:00,99213,93.63,Chennai,CLEAN
CLM-15E45B4F,1000000041,Dr. Fred Smith,MEM000834,FAC023,2026-03-21T12:00:00,99215,201.62,Chennai,CLEAN
CLM-F1AD9E2E,1000000185,Dr. Dr. Hannah Patterson,MEM000190,FAC015,2026-01-08T10:00:00,71045,72.82,Chennai,CLEAN
CLM-68B99525,1000000156,Dr. Joshua Perry,MEM000761,FAC033,2026-04-19T09:00:00,99214,149.9,Chennai,CLEAN
CLM-85953D8D,1000000025,Dr. Judy Baker,MEM000730,FAC046,2026-06-14T17:00:00,71045,72.85,Chennai,CLEAN
CLM-3C74E4F4,1000000014,Dr. Dylan Miller,MEM000207,FAC010,2026-01-16T12:00:00,99213,101.89,Chennai,CLEAN
CLM-1C3A0937,1000000140,Dr. Cheyenne Horton,MEM000847,FAC037,2026-06-09T09:00:00,99213,91.79,Chennai,CLEAN
CLM-26EFAD7C,1000000070,Dr. Jordan Henderson,MEM000033,FAC000,2026-02-23T13:00:00,71045,85.01,Chennai,CLEAN
CLM-1644DB03,1000000061,Dr. Gerald Hensley,MEM000109,FAC048,2026-06-26T16:00:00,99213,101.79,Chennai,CLEAN
CLM-3A02559C,1000000119,Dr. Jeffrey Chandler,MEM000780,FAC041,2026-05-23T15:00:00,99213,105.61,Chennai,CLEAN
CLM-8E612AD8,1000000026,Dr. Justin Baker,MEM000905,FAC040,2026-04-10T11:00:00,99215,228.08,Chennai,CLEAN
CLM-C0485ED4,1000000157,Dr. Jason Stein,MEM000769,FAC003,2026-05-10T13:00:00,99213,101.64,Chennai,CLEAN
CLM-5D7969AB,1000000072,Dr. Brittney Phillips,MEM000865,FAC040,2026-04-30T17:00:00,99215,236.16,Chennai,CLEAN
CLM-9A1B4811,1000000002,Dr. Angie Henderson,MEM000643,FAC007,2026-01-20T12:00:00,71045,77.45,Chennai,CLEAN
CLM-4C607D98,1000000086,Dr. Shirley Suarez,MEM000542,FAC010,2026-06-30T10:00:00,99213,99.45,Chennai,CLEAN
CLM-66E46149,1000000042,Dr. Sherry Decker,MEM000571,FAC033,2026-06-23T16:00:00,93000,62.94,Chennai,CLEAN
CLM-DC6E1408,1000000120,Dr. Larry Dixon,MEM000140,FAC049,2026-04-30T09:00:00,99214,149.04,Chennai,CLEAN
CLM-B9A76840,1000000106,Dr. Sharon Cherry,MEM000108,FAC027,2026-01-08T17:00:00,93000,55.33,Chennai,CLEAN
CLM-BFB4C609,1000000157,Dr. Jason Stein,MEM000481,FAC009,2026-02-03T12:00:00,93000,64.55,Chennai,CLEAN
CLM-C1F37526,1000000150,Dr. David Wright,MEM000648,FAC024,2026-03-06T16:00:00,71045,84.4,Chennai,CLEAN
CLM-F1CA01D9,1000000137,Dr. Courtney Gonzalez,MEM000202,FAC031,2026-03-28T12:00:00,99213,98.95,Chennai,CLEAN
CLM-9C6FF7B4,1000000107,Dr. Sierra Johnson,MEM000573,FAC006,2026-01-02T11:00:00,99215,222.07,Chennai,CLEAN
CLM-5349C09C,1000000172,Dr. Joshua Cooke,MEM000740,FAC045,2026-05-21T14:00:00,99215,218.48,Chennai,CLEAN
CLM-B9553D56,1000000128,Dr. Cameron Fisher,MEM000032,FAC000,2026-02-13T13:00:00,99215,206.54,Chennai,CLEAN
CLM-5FB5321D,1000000196,Dr. Daniel Salinas,MEM000138,FAC013,2026-04-12T11:00:00,99214,164.11,Chennai,CLEAN
CLM-2F8393C4,1000000031,Dr. James Ferrell,MEM000400,FAC037,2026-01-10T15:00:00,93000,62.03,Chennai,CLEAN
CLM-2C0502E0,1000000097,Dr. Deborah Figueroa,MEM000564,FAC022,2026-04-27T13:00:00,71045,82.66,Chennai,CLEAN
CLM-5216129A,1000000005,Dr. Connie Lawrence,MEM000398,FAC028,2026-06-24T14:00:00,99213,98.74,Chennai,CLEAN
CLM-A87D7325,1000000176,Dr. Michael Elliott,MEM000121,FAC015,2026-05-28T14:00:00,99214,137.68,Chennai,CLEAN
CLM-399B78F8,1000000014,Dr. Dylan Miller,MEM000753,FAC007,2026-04-15T13:00:00,99214,146.65,Chennai,CLEAN
CLM-EE9C6D30,1000000001,Dr. Noah Rhodes,MEM000491,FAC000,2026-02-25T12:00:00,99215,200.04,Chennai,CLEAN
CLM-6245B98C,1000000166,Dr. Alyssa Long,MEM000535,FAC049,2026-03-08T11:00:00,99215,235.34,Chennai,CLEAN
CLM-E2B02A83,1000000179,Dr. Robert Oconnell,MEM000766,FAC044,2026-01-29T17:00:00,99214,152.34,Chennai,CLEAN
CLM-732D529B,1000000073,Dr. Lauren Daniels,MEM000554,FAC018,2026-05-09T10:00:00,99214,135.71,Chennai,CLEAN
CLM-DBF8B7B2,1000000077,Dr. Megan Young,MEM000934,FAC006,2026-04-19T10:00:00,99213,96.33,Chennai,CLEAN
CLM-B73D817C,1000000058,Dr. Brent Jordan,MEM000047,FAC009,2026-01-26T14:00:00,99213,97.54,Chennai,CLEAN
CLM-8EFB2FD4,1000000184,Dr. Lindsay Martinez,MEM000373,FAC048,2026-05-21T15:00:00,99215,215.79,Chennai,CLEAN
CLM-995C7996,1000000062,Dr. Connor West,MEM000236,FAC042,2026-06-07T14:00:00,99214,144.3,Chennai,CLEAN
CLM-5B0AA6C8,1000000023,Dr. Tommy Walter,MEM000095,FAC000,2026-03-25T09:00:00,99213,107.61,Chennai,CLEAN
CLM-8F0D1E54,1000000070,Dr. Jordan Henderson,MEM000933,FAC031,2026-04-18T13:00:00,99214,149.72,Chennai,CLEAN
CLM-F88F6280,1000000149,Dr. Stephanie Manning,MEM000806,FAC027,2026-02-01T14:00:00,71045,75.95,Chennai,CLEAN
CLM-6FC9F6A0,1000000086,Dr. Shirley Suarez,MEM000328,FAC047,2026-01-29T11:00:00,93000,63.25,Chennai,CLEAN
CLM-EA2DB688,1000000114,Dr. Garrett Lin,MEM000929,FAC031,2026-03-26T10:00:00,99214,142.03,Chennai,CLEAN
CLM-06152EAB,1000000095,Dr. Anna Henderson,MEM000783,FAC036,2026-05-08T17:00:00,99213,96.83,Chennai,CLEAN
CLM-DB65D07C,1000000066,Dr. Tracy House,MEM000158,FAC024,2026-06-13T09:00:00,93000,59.54,Chennai,CLEAN
CLM-FF19C578,1000000058,Dr. Brent Jordan,MEM000751,FAC024,2026-01-05T11:00:00,99215,232.62,Chennai,CLEAN
CLM-A08E3096,1000000111,Dr. Shannon Walker,MEM000776,FAC047,2026-04-05T13:00:00,71045,84.37,Chennai,CLEAN
CLM-8D043F2B,1000000119,Dr. Jeffrey Chandler,MEM000144,FAC002,2026-04-02T10:00:00,71045,73.63,Chennai,CLEAN
CLM-55597C13,1000000117,Dr. Ashley Waller,MEM000208,FAC003,2026-05-09T16:00:00,99213,97.23,Chennai,CLEAN
CLM-A0BC567C,1000000067,Dr. Carol Tucker,MEM000772,FAC041,2026-05-04T17:00:00,99214,149.43,Chennai,CLEAN
CLM-8631925A,1000000185,Dr. Dr. Hannah Patterson,MEM000062,FAC013,2026-01-26T16:00:00,99215,211.5,Chennai,CLEAN
CLM-5A68BA31,1000000058,Dr. Brent Jordan,MEM000542,FAC001,2026-02-17T16:00:00,99215,234.14,Chennai,CLEAN
CLM-1D254243,1000000077,Dr. Megan Young,MEM000515,FAC020,2026-06-30T16:00:00,99214,146.5,Chennai,CLEAN
CLM-1CA2E708,1000000041,Dr. Fred Smith,MEM000576,FAC011,2026-03-27T13:00:00,71045,82.96,Chennai,CLEAN
CLM-7186176E,1000000103,Dr. Christine Wright,MEM000151,FAC028,2026-02-17T17:00:00,93000,64.01,Chennai,CLEAN
CLM-11DD130E,1000000011,Dr. Jamie Arnold,MEM000459,FAC026,2026-04-20T13:00:00,99214,135.31,Chennai,CLEAN
CLM-AB71400E,1000000167,Dr. Alyssa Day,MEM000913,FAC024,2026-06-24T12:00:00,99214,149.35,Chennai,CLEAN
CLM-43D64206,1000000017,Dr. Derek Zuniga,MEM000880,FAC045,2026-02-22T14:00:00,99214,156.8,Chennai,CLEAN
CLM-18BBB65E,1000000102,Dr. Rebecca Valencia,MEM000487,FAC026,2026-06-27T11:00:00,99215,224.56,Chennai,CLEAN
CLM-6D6921CB,1000000055,Dr. Michael Lewis,MEM000914,FAC033,2026-04-21T17:00:00,71045,81.72,Chennai,CLEAN
CLM-216CB5E9,1000000104,Dr. Richard Henson,MEM000917,FAC042,2026-06-27T09:00:00,99215,220.75,Chennai,CLEAN
CLM-F7F3F041,1000000133,Dr. Daniel Kennedy,MEM000402,FAC037,2026-06-23T12:00:00,99214,136.73,Chennai,CLEAN
CLM-470E2955,1000000085,Dr. Daniel Baker,MEM000798,FAC023,2026-03-02T13:00:00,99213,96.94,Chennai,CLEAN
CLM-D2163B1B,1000000006,Dr. Abigail Shaffer,MEM000703,FAC033,2026-06-04T11:00:00,71045,75.2,Chennai,CLEAN
CLM-BD9AEA14,1000000107,Dr. Sierra Johnson,MEM000760,FAC005,2026-03-25T16:00:00,71045,87.22,Chennai,CLEAN
CLM-B59FFC56,1000000198,Dr. Adam Vaughan,MEM000009,FAC020,2026-02-19T14:00:00,71045,79.2,Chennai,CLEAN
CLM-F1C4834F,1000000188,Dr. Madison Poole,MEM000485,FAC032,2026-06-02T16:00:00,71045,83.37,Chennai,CLEAN
CLM-537AD9AB,1000000088,Dr. Lisa Archer,MEM000260,FAC010,2026-04-22T10:00:00,93000,62.45,Chennai,CLEAN
CLM-129A83CE,1000000007,Dr. Gina Moore,MEM000247,FAC033,2026-03-08T11:00:00,99214,149.31,Chennai,CLEAN
CLM-38B7DB19,1000000103,Dr. Christine Wright,MEM000767,FAC008,2026-04-27T12:00:00,99214,136.79,Chennai,CLEAN
CLM-DD438620,1000000045,Dr. Philip Cannon,MEM000179,FAC041,2026-02-07T16:00:00,99213,92.13,Chennai,CLEAN
CLM-6190BB3C,1000000019,Dr. Carla Gray,MEM000855,FAC029,2026-04-05T16:00:00,71045,81.71,Chennai,CLEAN
CLM-A4A3A7F8,1000000125,Dr. Erin Edwards,MEM000109,FAC027,2026-02-12T09:00:00,99215,204.94,Chennai,CLEAN
CLM-FCEDD232,1000000139,Dr. Angel Perry,MEM000380,FAC007,2026-03-15T13:00:00,93000,58.85,Chennai,CLEAN
CLM-27D1E03B,1000000141,Dr. David Douglas Jr.,MEM000238,FAC002,2026-04-06T11:00:00,99213,106.71,Chennai,CLEAN
CLM-E6F32A0B,1000000148,Dr. Kathy Rivas,MEM000008,FAC013,2026-05-30T11:00:00,99214,135.89,Chennai,CLEAN
CLM-E4E47094,1000000046,Dr. John Pierce,MEM000764,FAC026,2026-05-26T17:00:00,99213,91.91,Chennai,CLEAN
CLM-439BEB43,1000000068,Dr. James Brown,MEM000188,FAC043,2026-04-12T13:00:00,71045,85.26,Chennai,CLEAN
CLM-EF7410B1,1000000015,Dr. Brian Ramirez,MEM000432,FAC034,2026-01-07T10:00:00,71045,79.43,Chennai,CLEAN
CLM-D5D5B693,1000000194,Dr. John Bishop,MEM000019,FAC013,2026-01-21T15:00:00,99214,148.37,Chennai,CLEAN
CLM-B1BD8F67,1000000199,Dr. Nathan Freeman,MEM000040,FAC021,2026-06-25T09:00:00,99213,95.82,Chennai,CLEAN
CLM-A3D369F8,1000000050,Dr. Jessica Holmes,MEM000213,FAC011,2026-04-16T16:00:00,99214,142.61,Chennai,CLEAN
CLM-4A82786C,1000000071,Dr. Whitney Peters,MEM000385,FAC036,2026-02-27T10:00:00,71045,74.56,Chennai,CLEAN
CLM-DDA418F2,1000000071,Dr. Whitney Peters,MEM000801,FAC028,2026-04-21T12:00:00,93000,54.06,Chennai,CLEAN
CLM-7429A146,1000000056,Dr. Timothy Duncan,MEM000980,FAC036,2026-01-09T15:00:00,99215,209.44,Chennai,CLEAN
CLM-EE987AC6,1000000040,Dr. Paula Moreno,MEM000902,FAC022,2026-06-07T17:00:00,99215,202.78,Chennai,CLEAN
CLM-056E452E,1000000154,Dr. Brenda Hall,MEM000224,FAC047,2026-06-04T12:00:00,99214,148.86,Chennai,CLEAN
CLM-90A6F763,1000000040,Dr. Paula Moreno,MEM000776,FAC031,2026-02-16T17:00:00,99213,93.2,Chennai,CLEAN
CLM-A080FF7F,1000000146,Dr. Victoria Larson,MEM000120,FAC024,2026-02-26T14:00:00,99213,95.97,Chennai,CLEAN
CLM-A1016A85,1000000197,Dr. Spencer Haynes,MEM000576,FAC027,2026-01-16T11:00:00,71045,83.5,Chennai,CLEAN
CLM-6BD22D0B,1000000115,Dr. Diana May,MEM000404,FAC041,2026-03-26T11:00:00,71045,85.81,Chennai,CLEAN
CLM-F9F72954,1000000141,Dr. David Douglas Jr.,MEM000659,FAC019,2026-04-02T12:00:00,93000,59.87,Chennai,CLEAN
CLM-51971156,1000000159,Dr. Jamie Smith,MEM000766,FAC040,2026-05-31T14:00:00,99213,99.05,Chennai,CLEAN
CLM-8F0518C4,1000000000,Dr. Allison Hill,MEM000517,FAC034,2026-04-22T13:00:00,99213,98.37,Chennai,CLEAN
CLM-944E744B,1000000126,Dr. Michelle Evans,MEM000372,FAC048,2026-04-16T09:00:00,99214,136.34,Chennai,CLEAN
CLM-3FD57951,1000000002,Dr. Angie Henderson,MEM000681,FAC045,2026-01-27T11:00:00,93000,54.56,Chennai,CLEAN
CLM-1B0D477D,1000000047,Dr. Shane Henderson,MEM000790,FAC004,2026-04-06T13:00:00,99214,153.59,Chennai,CLEAN
CLM-0C6ABCAD,1000000071,Dr. Whitney Peters,MEM000265,FAC034,2026-05-27T09:00:00,93000,56.7,Chennai,CLEAN
CLM-94B171AC,1000000040,Dr. Paula Moreno,MEM000356,FAC012,2026-03-05T12:00:00,99214,135.2,Chennai,CLEAN
CLM-1F6C4CEC,1000000042,Dr. Sherry Decker,MEM000250,FAC022,2026-01-18T09:00:00,99214,159.29,Chennai,CLEAN
CLM-AFA91757,1000000166,Dr. Alyssa Long,MEM000824,FAC021,2026-03-30T09:00:00,99213,102.36,Chennai,CLEAN
CLM-28F8EA44,1000000186,Dr. Jonathan Peterson,MEM000231,FAC021,2026-03-14T14:00:00,99213,94.52,Chennai,CLEAN
CLM-750782E4,1000000103,Dr. Christine Wright,MEM000594,FAC032,2026-05-22T17:00:00,99215,228.59,Chennai,CLEAN
CLM-9B402CF5,1000000053,Dr. Mark Perez,MEM000638,FAC012,2026-03-04T12:00:00,99214,143.84,Chennai,CLEAN
CLM-1EBE0FB8,1000000063,Dr. Donald Wright,MEM000403,FAC010,2026-06-01T15:00:00,99214,135.22,Chennai,CLEAN
CLM-3DCC2EA0,1000000137,Dr. Courtney Gonzalez,MEM000027,FAC022,2026-05-25T17:00:00,99214,138.67,Chennai,CLEAN
CLM-CD332893,1888888888,Dr. Synthetic-B (Teleport),MEM000275,FAC048,2026-03-11T10:00:00,99214,161.39,Chennai,CLEAN
CLM-92E65710,1000000014,Dr. Dylan Miller,MEM000454,FAC049,2026-03-27T15:00:00,99215,237.94,Chennai,CLEAN
CLM-F4E23318,1000000156,Dr. Joshua Perry,MEM000615,FAC039,2026-02-04T09:00:00,99213,92.85,Chennai,CLEAN
CLM-CCCD20B6,1000000127,Dr. Jason Powell,MEM000411,FAC012,2026-01-20T16:00:00,71045,76.94,Chennai,CLEAN
CLM-C7AB24C3,1000000095,Dr. Anna Henderson,MEM000284,FAC010,2026-01-17T09:00:00,71045,74.92,Chennai,CLEAN
CLM-E76B049A,1000000198,Dr. Adam Vaughan,MEM000887,FAC017,2026-06-14T10:00:00,93000,56.44,Chennai,CLEAN
CLM-50A17144,1000000114,Dr. Garrett Lin,MEM000350,FAC039,2026-01-26T11:00:00,99214,146.87,Chennai,CLEAN
CLM-9D77E3F0,1000000019,Dr. Carla Gray,MEM000719,FAC014,2026-01-26T16:00:00,99215,208.21,Chennai,CLEAN
CLM-C11C6967,1000000102,Dr. Rebecca Valencia,MEM000131,FAC027,2026-03-12T16:00:00,99215,204.65,Chennai,CLEAN
CLM-AEC65B52,1000000130,Dr. Elizabeth Kelley,MEM000644,FAC025,2026-03-06T15:00:00,99213,107.95,Chennai,CLEAN
CLM-348E0278,1000000036,Dr. Sherri Baker,MEM000718,FAC001,2026-06-08T15:00:00,99213,98.97,Chennai,CLEAN
CLM-9A92B455,1000000196,Dr. Daniel Salinas,MEM000234,FAC001,2026-01-02T11:00:00,93000,64.83,Chennai,CLEAN
CLM-C4C647D6,1000000080,Dr. Kelly Donovan,MEM000895,FAC008,2026-03-11T09:00:00,99214,139.99,Chennai,CLEAN
CLM-EDC8581A,1000000027,Dr. Stephanie Ross,MEM000064,FAC022,2026-06-26T12:00:00,99215,213.6,Chennai,CLEAN
CLM-42E24DBE,1000000081,Dr. Mike Allen,MEM000096,FAC017,2026-02-23T11:00:00,99213,101.64,Chennai,CLEAN
CLM-D8CDAC04,1000000026,Dr. Justin Baker,MEM000306,FAC015,2026-06-20T09:00:00,93000,64.22,Chennai,CLEAN
CLM-BEBD1B64,1000000124,Dr. Helen Jones,MEM000939,FAC037,2026-04-29T11:00:00,99215,218.51,Chennai,CLEAN
CLM-B12DCC4F,1000000032,Dr. Tricia Valencia,MEM000383,FAC044,2026-03-06T11:00:00,99214,164.12,Chennai,CLEAN
CLM-FFAEDC5D,1000000128,Dr. Cameron Fisher,MEM000558,FAC015,2026-03-07T14:00:00,93000,63.49,Chennai,CLEAN
CLM-5C5D0A55,1000000151,Dr. Pamela Boyd,MEM000184,FAC047,2026-01-02T13:00:00,93000,59.8,Chennai,CLEAN
CLM-53891D87,1000000010,Dr. Monica Herrera,MEM000441,FAC031,2026-06-12T15:00:00,93000,56.38,Chennai,CLEAN
CLM-96442C5E,1000000053,Dr. Mark Perez,MEM000901,FAC015,2026-02-13T17:00:00,71045,77.67,Chennai,CLEAN
CLM-07E0525D,1000000091,Dr. Brian Rodriguez,MEM000893,FAC039,2026-01-15T11:00:00,99215,218.56,Chennai,CLEAN
CLM-1E425CA5,1000000138,Dr. David Alvarez,MEM000681,FAC018,2026-04-21T13:00:00,99213,107.67,Chennai,CLEAN
CLM-9720E94C,1000000085,Dr. Daniel Baker,MEM000651,FAC032,2026-04-02T17:00:00,93000,56.31,Chennai,CLEAN
CLM-F85C52D7,1000000189,Dr. Jessica Gross,MEM000554,FAC010,2026-03-24T15:00:00,71045,74.16,Chennai,CLEAN
CLM-4D072751,1888888888,Dr. Synthetic-B (Teleport),MEM000176,FAC001,2026-05-11T13:00:00,71045,79.72,Chennai,CLEAN
CLM-892FEDE7,1000000168,Dr. Joel Williams,MEM000598,FAC049,2026-02-13T14:00:00,99215,238.66,Chennai,CLEAN
CLM-57244566,1000000199,Dr. Nathan Freeman,MEM000652,FAC020,2026-04-06T10:00:00,93000,58.7,Chennai,CLEAN
CLM-2CC8C334,1000000142,Dr. Patricia Rodriguez,MEM000162,FAC011,2026-02-16T14:00:00,99213,105.1,Chennai,CLEAN
CLM-509DBF25,1000000136,Dr. Robert Potter,MEM000187,FAC022,2026-06-19T15:00:00,99214,157.71,Chennai,CLEAN
CLM-2274F602,1000000076,Dr. Angela Lopez,MEM000457,FAC011,2026-05-22T15:00:00,99214,152.67,Chennai,CLEAN
CLM-5CE8038F,1000000064,Dr. Jessica Callahan,MEM000901,FAC011,2026-06-15T09:00:00,99213,107.02,Chennai,CLEAN
CLM-FE2B7052,1000000043,Dr. Anthony Humphrey,MEM000811,FAC010,2026-03-04T13:00:00,99213,95.75,Chennai,CLEAN
CLM-BD61D957,1000000146,Dr. Victoria Larson,MEM000179,FAC038,2026-01-03T09:00:00,93000,62.43,Chennai,CLEAN
CLM-FD566555,1000000106,Dr. Sharon Cherry,MEM000403,FAC010,2026-06-27T16:00:00,99213,92.69,Chennai,CLEAN
CLM-7075DB82,1000000102,Dr. Rebecca Valencia,MEM000000,FAC016,2026-03-29T09:00:00,93000,58.34,Chennai,CLEAN
CLM-D810C83F,1000000049,Dr. Eric Carney,MEM000189,FAC004,2026-05-03T13:00:00,99213,90.38,Chennai,CLEAN
CLM-56B1EFD8,1000000059,Dr. John Daniel,MEM000629,FAC004,2026-01-13T10:00:00,93000,56.64,Chennai,CLEAN
CLM-21D39140,1000000094,Dr. John Whitehead,MEM000781,FAC012,2026-05-18T11:00:00,99214,139.81,Chennai,CLEAN
CLM-1BC6B17F,1000000118,Dr. Victor Baker,MEM000095,FAC005,2026-06-01T12:00:00,71045,85.63,Chennai,CLEAN
CLM-BBF3F197,1000000177,Dr. Michael Wang,MEM000047,FAC026,2026-01-06T17:00:00,99214,148.84,Chennai,CLEAN
CLM-7AFD8DBB,1000000168,Dr. Joel Williams,MEM000038,FAC020,2026-04-13T13:00:00,71045,73.77,Chennai,CLEAN
CLM-56F70012,1000000175,Dr. Alex Hernandez,MEM000766,FAC026,2026-01-15T16:00:00,71045,85.92,Chennai,CLEAN
CLM-501BF3FF,1000000100,Dr. Sandra Aguilar,MEM000288,FAC013,2026-05-15T14:00:00,99213,90.29,Chennai,CLEAN
CLM-EEAFD0F9,1000000083,Dr. Paul Jones,MEM000233,FAC029,2026-02-14T12:00:00,99215,216.64,Chennai,CLEAN
CLM-2153FDF5,1000000113,Dr. Crystal Johnson,MEM000845,FAC027,2026-06-18T11:00:00,99214,155.2,Chennai,CLEAN
CLM-08E9AED4,1000000052,Dr. Crystal Robinson,MEM000888,FAC012,2026-04-16T10:00:00,99213,102.86,Chennai,CLEAN
CLM-6055404B,1777777777,Dr. Synthetic-C (Upcoder),MEM000632,FAC016,2026-03-14T10:00:00,71045,76.79,Mumbai,CLEAN
CLM-7756358E,1000000051,Dr. Danny Morgan,MEM000732,FAC006,2026-04-10T14:00:00,99215,237.6,Chennai,CLEAN
CLM-DB3FECC4,1000000073,Dr. Lauren Daniels,MEM000119,FAC047,2026-02-20T16:00:00,99214,148.92,Chennai,CLEAN
CLM-26A3C36A,1000000168,Dr. Joel Williams,MEM000916,FAC024,2026-05-14T14:00:00,71045,87.22,Chennai,CLEAN
CLM-5DDD2D09,1000000192,Dr. Debra Christian,MEM000032,FAC027,2026-06-27T12:00:00,99215,224.59,Chennai,CLEAN
CLM-CC50B6EE,1000000046,Dr. John Pierce,MEM000638,FAC002,2026-03-13T15:00:00,99213,99.47,Chennai,CLEAN
CLM-BA92CFB0,1000000087,Dr. Christopher Bass,MEM000102,FAC032,2026-05-21T16:00:00,99213,109.96,Chennai,CLEAN
CLM-A08F65EF,1000000126,Dr. Michelle Evans,MEM000634,FAC039,2026-05-25T12:00:00,99214,143.99,Chennai,CLEAN
CLM-C07ADE03,1000000046,Dr. John Pierce,MEM000042,FAC010,2026-03-15T17:00:00,99214,148.36,Chennai,CLEAN
CLM-FB94F176,1000000068,Dr. James Brown,MEM000790,FAC017,2026-01-20T16:00:00,99214,141.57,Chennai,CLEAN
CLM-38E0D458,1000000088,Dr. Lisa Archer,MEM000438,FAC049,2026-03-27T12:00:00,93000,63.89,Chennai,CLEAN
CLM-76307C2B,1000000146,Dr. Victoria Larson,MEM000261,FAC028,2026-05-26T09:00:00,99214,145.77,Chennai,CLEAN
CLM-0EDF4FDA,1000000075,Dr. Sarah Moore,MEM000791,FAC034,2026-04-05T12:00:00,71045,85.47,Chennai,CLEAN
CLM-3CB012BE,1000000035,Dr. Jeffrey Chavez,MEM000428,FAC035,2026-05-26T09:00:00,99215,228.28,Chennai,CLEAN
CLM-2C83363C,1000000044,Dr. Angelica Tucker,MEM000202,FAC033,2026-04-22T13:00:00,99213,103.06,Chennai,CLEAN
CLM-2E6BBD6E,1000000000,Dr. Allison Hill,MEM000609,FAC021,2026-02-28T17:00:00,99215,225.54,Chennai,CLEAN
CLM-1C607EA8,1000000080,Dr. Kelly Donovan,MEM000493,FAC047,2026-03-10T11:00:00,99213,97.82,Chennai,CLEAN
CLM-FC30498D,1000000071,Dr. Whitney Peters,MEM000240,FAC020,2026-06-01T09:00:00,99213,101.63,Chennai,CLEAN
CLM-8EF08A81,1000000056,Dr. Timothy Duncan,MEM000488,FAC034,2026-01-20T13:00:00,71045,72.8,Chennai,CLEAN
CLM-AA17512A,1000000125,Dr. Erin Edwards,MEM000866,FAC041,2026-06-12T15:00:00,99213,95.87,Chennai,CLEAN
CLM-06BB6467,1000000116,Dr. William Herrera,MEM000517,FAC033,2026-03-09T13:00:00,99214,148.71,Chennai,CLEAN
CLM-E796867E,1000000101,Dr. Cameron Parker,MEM000745,FAC024,2026-01-22T17:00:00,71045,85.49,Chennai,CLEAN
CLM-E5B5B7D1,1000000089,Dr. Aimee Montoya,MEM000899,FAC026,2026-03-07T15:00:00,71045,74.1,Chennai,CLEAN
CLM-1FF75D6E,1000000099,Dr. Stephen Mckee,MEM000773,FAC014,2026-04-14T17:00:00,99213,97.35,Chennai,CLEAN
CLM-C64A6A6A,1000000076,Dr. Angela Lopez,MEM000903,FAC044,2026-01-23T17:00:00,99215,233.92,Chennai,CLEAN
CLM-98493E05,1000000191,Dr. Karen Graham,MEM000623,FAC036,2026-01-09T09:00:00,99214,148.58,Chennai,CLEAN
CLM-278C1149,1000000178,Dr. Lawrence Adkins,MEM000170,FAC036,2026-01-29T09:00:00,93000,57.7,Chennai,CLEAN
CLM-0A77E1D6,1000000010,Dr. Monica Herrera,MEM000714,FAC029,2026-06-16T17:00:00,71045,72.33,Chennai,CLEAN
CLM-0D8B1E0D,1000000060,Dr. Victoria Garcia,MEM000372,FAC026,2026-04-20T09:00:00,99215,237.57,Chennai,CLEAN
CLM-7081D88E,1000000058,Dr. Brent Jordan,MEM000722,FAC015,2026-04-24T13:00:00,71045,81.47,Chennai,CLEAN
CLM-7C217882,1000000062,Dr. Connor West,MEM000216,FAC001,2026-04-12T16:00:00,71045,82.65,Chennai,CLEAN
CLM-6183E057,1000000005,Dr. Connie Lawrence,MEM000837,FAC025,2026-05-01T10:00:00,93000,65.2,Chennai,CLEAN
CLM-5A8518C5,1000000046,Dr. John Pierce,MEM000752,FAC011,2026-04-18T15:00:00,71045,86.58,Chennai,CLEAN
CLM-C7A9ADDA,1000000164,Dr. Michael Powell,MEM000287,FAC049,2026-01-21T09:00:00,93000,59.43,Chennai,CLEAN
CLM-801B7695,1000000165,Dr. John Anderson,MEM000519,FAC027,2026-03-26T12:00:00,93000,63.12,Chennai,CLEAN
CLM-9DED636A,1000000173,Dr. Matthew Harrington,MEM000612,FAC002,2026-04-10T16:00:00,99214,152.18,Chennai,CLEAN
CLM-B53B179B,1000000052,Dr. Crystal Robinson,MEM000311,FAC043,2026-02-13T17:00:00,93000,64.42,Chennai,CLEAN
CLM-88D77E47,1000000128,Dr. Cameron Fisher,MEM000774,FAC030,2026-04-13T09:00:00,99215,233.15,Chennai,CLEAN
CLM-BE946FB8,1000000163,Dr. Jeffrey Johnson,MEM000330,FAC001,2026-06-21T13:00:00,93000,55.66,Chennai,CLEAN
CLM-CDB86B76,1000000030,Dr. Rebecca Henderson,MEM000711,FAC029,2026-01-16T13:00:00,93000,59.07,Chennai,CLEAN
CLM-361B40F6,1000000179,Dr. Robert Oconnell,MEM000783,FAC004,2026-05-20T15:00:00,71045,72.48,Chennai,CLEAN
CLM-1A320709,1000000100,Dr. Sandra Aguilar,MEM000210,FAC011,2026-01-16T10:00:00,71045,84.21,Chennai,CLEAN
CLM-1A67157F,1000000147,Dr. Stephanie Salazar,MEM000953,FAC043,2026-01-04T16:00:00,99214,163.31,Chennai,CLEAN
CLM-F746E99E,1000000148,Dr. Kathy Rivas,MEM000595,FAC011,2026-05-11T10:00:00,93000,63.8,Chennai,CLEAN
CLM-23BC8710,1000000040,Dr. Paula Moreno,MEM000502,FAC007,2026-05-24T11:00:00,71045,83.24,Chennai,CLEAN
CLM-746031F7,1000000196,Dr. Daniel Salinas,MEM000208,FAC049,2026-03-01T16:00:00,99213,99.15,Chennai,CLEAN
CLM-D9A4D882,1000000001,Dr. Noah Rhodes,MEM000546,FAC027,2026-03-20T13:00:00,99214,147.16,Chennai,CLEAN
CLM-D9F1400A,1000000074,Dr. Amy Silva,MEM000161,FAC001,2026-02-22T17:00:00,99214,164.17,Chennai,CLEAN
CLM-FF25498D,1000000022,Dr. Ethan Adams,MEM000690,FAC049,2026-03-02T14:00:00,99215,228.23,Chennai,CLEAN
CLM-DF156A54,1000000163,Dr. Jeffrey Johnson,MEM000615,FAC044,2026-01-05T10:00:00,99215,213.79,Chennai,CLEAN
CLM-AF563901,1000000144,Dr. Amber Wright,MEM000625,FAC026,2026-04-26T09:00:00,71045,81.58,Chennai,CLEAN
CLM-5648EFAC,1000000016,Dr. Holly Wood,MEM000631,FAC021,2026-05-18T16:00:00,99214,135.06,Chennai,CLEAN
CLM-840C342D,1000000066,Dr. Tracy House,MEM000621,FAC033,2026-02-11T13:00:00,99214,151.84,Chennai,CLEAN
CLM-71463F9C,1000000131,Dr. Dustin Jordan,MEM000760,FAC049,2026-03-13T12:00:00,99213,103.95,Chennai,CLEAN
CLM-18D39F8D,1999999999,Dr. Synthetic-A (Phantom),MEM000892,FAC044,2026-06-23T10:00:00,71045,83.59,Chennai,CLEAN
CLM-00B355EE,1000000028,Dr. Zachary Hicks,MEM000424,FAC030,2026-05-09T09:00:00,71045,82.14,Chennai,CLEAN
CLM-D5B529B9,1000000164,Dr. Michael Powell,MEM000277,FAC042,2026-02-26T10:00:00,99215,236.85,Chennai,CLEAN
CLM-6AC7C883,1000000135,Dr. Jose Schultz,MEM000593,FAC048,2026-01-14T10:00:00,71045,82.41,Chennai,CLEAN
CLM-8BDCBA61,1000000064,Dr. Jessica Callahan,MEM000903,FAC049,2026-05-29T11:00:00,93000,55.12,Chennai,CLEAN
CLM-964B049B,1000000000,Dr. Allison Hill,MEM000204,FAC028,2026-01-12T10:00:00,71045,72.87,Chennai,CLEAN
CLM-C4E5735F,1000000153,Dr. Devon Flores,MEM000159,FAC026,2026-06-11T13:00:00,99213,98.93,Chennai,CLEAN
CLM-1654925E,1000000012,Dr. Lisa Hensley,MEM000208,FAC001,2026-05-12T17:00:00,99213,100.35,Chennai,CLEAN
CLM-84FA6E79,1000000016,Dr. Holly Wood,MEM000465,FAC010,2026-04-13T11:00:00,93000,55.99,Chennai,CLEAN
CLM-AF404353,1000000106,Dr. Sharon Cherry,MEM000563,FAC011,2026-06-16T13:00:00,99215,235.07,Chennai,CLEAN
CLM-EAD8E2E5,1000000083,Dr. Paul Jones,MEM000770,FAC001,2026-06-19T09:00:00,71045,74.36,Chennai,CLEAN
CLM-DC1286F5,1000000129,Dr. Megan Orr,MEM000675,FAC037,2026-03-28T11:00:00,71045,82.1,Chennai,CLEAN
CLM-84B158CC,1000000022,Dr. Ethan Adams,MEM000077,FAC026,2026-05-19T09:00:00,71045,86.99,Chennai,CLEAN
CLM-CBC27752,1000000175,Dr. Alex Hernandez,MEM000115,FAC046,2026-06-03T15:00:00,99213,93.43,Chennai,CLEAN
CLM-7E90DE9A,1000000120,Dr. Larry Dixon,MEM000415,FAC025,2026-02-03T09:00:00,93000,54.4,Chennai,CLEAN
CLM-043F93C4,1000000034,Dr. Debra Davidson,MEM000860,FAC001,2026-03-03T10:00:00,71045,72.91,Chennai,CLEAN
CLM-A1B7BF14,1000000193,Dr. Angelica Keith,MEM000823,FAC011,2026-04-18T12:00:00,99215,210.35,Chennai,CLEAN
CLM-C5AAE9B6,1000000055,Dr. Michael Lewis,MEM000333,FAC038,2026-04-08T11:00:00,99215,212.7,Chennai,CLEAN
CLM-781E62D7,1000000133,Dr. Daniel Kennedy,MEM000696,FAC031,2026-01-02T10:00:00,99214,135.33,Chennai,CLEAN
CLM-03CAFA5F,1000000191,Dr. Karen Graham,MEM000302,FAC042,2026-06-18T11:00:00,99215,205.14,Chennai,CLEAN
CLM-7DFA598A,1000000095,Dr. Anna Henderson,MEM000220,FAC026,2026-06-02T09:00:00,93000,55.08,Chennai,CLEAN
CLM-FF8C7D79,1000000039,Dr. Brittany Farmer,MEM000979,FAC014,2026-04-28T14:00:00,99214,135.27,Chennai,CLEAN
CLM-DEBAFC95,1000000141,Dr. David Douglas Jr.,MEM000931,FAC017,2026-05-26T16:00:00,71045,85.17,Chennai,CLEAN
CLM-ABB0A679,1000000180,Dr. Alexander Collins,MEM000060,FAC015,2026-06-06T15:00:00,71045,72.01,Chennai,CLEAN
CLM-3A783DE5,1000000193,Dr. Angelica Keith,MEM000300,FAC015,2026-04-07T14:00:00,99214,160.33,Chennai,CLEAN
CLM-7D639412,1000000176,Dr. Michael Elliott,MEM000315,FAC002,2026-04-01T14:00:00,99214,155.95,Chennai,CLEAN
CLM-272FE951,1000000108,Dr. Evelyn Galvan,MEM000261,FAC032,2026-01-21T17:00:00,71045,84.64,Chennai,CLEAN
CLM-1FAB78C1,1000000199,Dr. Nathan Freeman,MEM000964,FAC017,2026-06-23T09:00:00,99214,161.21,Chennai,CLEAN
CLM-A2A59E74,1000000179,Dr. Robert Oconnell,MEM000278,FAC032,2026-05-20T11:00:00,99213,97.05,Chennai,CLEAN
CLM-7648C988,1000000183,Dr. Ashley Barton,MEM000583,FAC028,2026-05-08T12:00:00,93000,58.43,Chennai,CLEAN
CLM-FFEB1A55,1000000182,Dr. Angela Vaughn,MEM000409,FAC026,2026-02-08T12:00:00,99214,141.92,Chennai,CLEAN
CLM-553FBCC0,1000000009,Dr. Ryan Munoz,MEM000390,FAC025,2026-04-29T17:00:00,71045,76.54,Chennai,CLEAN
CLM-9549664E,1000000018,Dr. Lisa Jackson,MEM000132,FAC023,2026-05-29T13:00:00,93000,63.8,Chennai,CLEAN
CLM-49798ACF,1000000170,Dr. Jamie Walton,MEM000926,FAC011,2026-02-04T09:00:00,99215,206.18,Chennai,CLEAN
CLM-8F8694A9,1000000134,Dr. Rebecca Jackson,MEM000396,FAC011,2026-02-12T15:00:00,93000,61.44,Chennai,CLEAN
CLM-69977378,1000000002,Dr. Angie Henderson,MEM000393,FAC026,2026-04-12T10:00:00,71045,87.18,Chennai,CLEAN
CLM-56A5DFAC,1000000145,Dr. Joyce Solis,MEM000597,FAC026,2026-02-15T12:00:00,99215,214.59,Chennai,CLEAN
CLM-C8A02B48,1000000151,Dr. Pamela Boyd,MEM000930,FAC038,2026-06-18T11:00:00,93000,64.98,Chennai,CLEAN
CLM-D54631F3,1000000154,Dr. Brenda Hall,MEM000810,FAC046,2026-05-21T12:00:00,99214,144.62,Chennai,CLEAN
CLM-97A9DACD,1000000141,Dr. David Douglas Jr.,MEM000752,FAC030,2026-04-13T17:00:00,93000,59.57,Chennai,CLEAN
CLM-0FA7AC46,1000000126,Dr. Michelle Evans,MEM000461,FAC039,2026-02-17T14:00:00,71045,72.2,Chennai,CLEAN
CLM-C7A53FE8,1000000031,Dr. James Ferrell,MEM000252,FAC016,2026-05-15T11:00:00,99213,100.47,Chennai,CLEAN
CLM-7950FA08,1000000064,Dr. Jessica Callahan,MEM000916,FAC038,2026-03-05T10:00:00,99215,206.81,Chennai,CLEAN
CLM-76F09D92,1000000135,Dr. Jose Schultz,MEM000763,FAC012,2026-06-03T10:00:00,99214,164.73,Chennai,CLEAN
CLM-5ED38B1F,1000000103,Dr. Christine Wright,MEM000010,FAC001,2026-01-02T10:00:00,99215,211.09,Chennai,CLEAN
CLM-DF379690,1000000167,Dr. Alyssa Day,MEM000674,FAC044,2026-04-30T15:00:00,99214,160.2,Chennai,CLEAN
CLM-EB926A16,1000000185,Dr. Dr. Hannah Patterson,MEM000764,FAC004,2026-03-20T12:00:00,99213,107.41,Chennai,CLEAN
CLM-DA93730E,1000000187,Dr. Samantha Garcia,MEM000958,FAC036,2026-01-19T12:00:00,99215,203.2,Chennai,CLEAN
CLM-11A178F8,1000000052,Dr. Crystal Robinson,MEM000528,FAC036,2026-05-07T14:00:00,99214,162.03,Chennai,CLEAN
CLM-52E3AC2C,1000000139,Dr. Angel Perry,MEM000481,FAC008,2026-01-09T17:00:00,71045,82.31,Chennai,CLEAN
CLM-19B6467A,1000000171,Dr. Darlene Miller,MEM000392,FAC019,2026-02-10T11:00:00,99215,237.98,Chennai,CLEAN
CLM-ED6E90E3,1000000084,Dr. Zachary Ferrell,MEM000635,FAC045,2026-06-16T11:00:00,99213,100.37,Chennai,CLEAN
CLM-EBD78277,1000000059,Dr. John Daniel,MEM000344,FAC014,2026-01-08T16:00:00,71045,78.85,Chennai,CLEAN
CLM-57981B06,1000000026,Dr. Justin Baker,MEM000637,FAC016,2026-05-24T15:00:00,99214,162.46,Chennai,CLEAN
CLM-3143B9F0,1000000145,Dr. Joyce Solis,MEM000962,FAC049,2026-05-20T09:00:00,99215,215.7,Chennai,CLEAN
CLM-6D63167D,1000000033,Dr. Nathan Maldonado,MEM000900,FAC000,2026-01-22T16:00:00,99215,208.82,Chennai,CLEAN
CLM-CE01F4D4,1000000000,Dr. Allison Hill,MEM000459,FAC039,2026-04-15T15:00:00,99213,108.73,Chennai,CLEAN
CLM-798144D4,1000000110,Dr. Richard Rodriguez,MEM000585,FAC021,2026-05-03T11:00:00,99215,235.38,Chennai,CLEAN
CLM-A20392DA,1000000001,Dr. Noah Rhodes,MEM000317,FAC015,2026-03-20T16:00:00,99215,203.3,Chennai,CLEAN
CLM-5984F6CF,1000000041,Dr. Fred Smith,MEM000325,FAC014,2026-01-19T12:00:00,71045,82.57,Chennai,CLEAN
CLM-B40909F2,1000000080,Dr. Kelly Donovan,MEM000870,FAC025,2026-01-25T09:00:00,99213,99.92,Chennai,CLEAN
CLM-B5996B15,1000000126,Dr. Michelle Evans,MEM000201,FAC041,2026-02-13T10:00:00,71045,87.85,Chennai,CLEAN
CLM-ADAFEB3A,1000000089,Dr. Aimee Montoya,MEM000063,FAC014,2026-04-18T10:00:00,93000,63.14,Chennai,CLEAN
CLM-8E3617C5,1000000045,Dr. Philip Cannon,MEM000989,FAC002,2026-02-07T14:00:00,93000,62.93,Chennai,CLEAN
CLM-39330584,1000000149,Dr. Stephanie Manning,MEM000611,FAC046,2026-01-19T12:00:00,93000,59.81,Chennai,CLEAN
CLM-F38B08F9,1000000053,Dr. Mark Perez,MEM000470,FAC002,2026-02-18T13:00:00,99214,159.31,Chennai,CLEAN
CLM-21B2E70D,1000000079,Dr. Lisa Barnes,MEM000281,FAC028,2026-03-15T17:00:00,93000,54.0,Chennai,CLEAN
CLM-8DAB6CE6,1000000069,Dr. William Baker,MEM000505,FAC027,2026-01-07T16:00:00,93000,58.99,Chennai,CLEAN
CLM-7CF911CD,1000000032,Dr. Tricia Valencia,MEM000793,FAC014,2026-03-22T10:00:00,99213,103.84,Chennai,CLEAN
CLM-81E57059,1000000120,Dr. Larry Dixon,MEM000423,FAC020,2026-01-20T10:00:00,71045,82.08,Chennai,CLEAN
CLM-8D96ECA4,1000000176,Dr. Michael Elliott,MEM000570,FAC049,2026-04-02T10:00:00,71045,83.12,Chennai,CLEAN
CLM-192331C5,1000000168,Dr. Joel Williams,MEM000170,FAC034,2026-06-01T14:00:00,99213,95.36,Chennai,CLEAN
CLM-2563947E,1000000098,Dr. Jessica Smith,MEM000197,FAC016,2026-01-10T10:00:00,93000,63.54,Chennai,CLEAN
CLM-7EA66FA1,1000000130,Dr. Elizabeth Kelley,MEM000001,FAC022,2026-03-30T17:00:00,99213,104.58,Chennai,CLEAN
CLM-9F892C67,1000000024,Dr. Matthew Foster,MEM000328,FAC028,2026-03-08T13:00:00,93000,58.71,Chennai,CLEAN
CLM-CB780C00,1000000093,Dr. Christina Walters,MEM000254,FAC038,2026-06-20T10:00:00,71045,72.75,Chennai,CLEAN
CLM-ED8077DE,1000000125,Dr. Erin Edwards,MEM000840,FAC030,2026-01-01T09:00:00,99215,198.5,Chennai,CLEAN
CLM-2E4CE2A5,1000000062,Dr. Connor West,MEM000913,FAC000,2026-03-21T14:00:00,99215,203.16,Chennai,CLEAN
CLM-97A2C083,1000000070,Dr. Jordan Henderson,MEM000018,FAC048,2026-03-05T17:00:00,99214,140.35,Chennai,CLEAN
CLM-39E753AC,1000000138,Dr. David Alvarez,MEM000024,FAC043,2026-02-23T15:00:00,71045,84.3,Chennai,CLEAN
CLM-A5F50F50,1000000196,Dr. Daniel Salinas,MEM000962,FAC047,2026-01-11T12:00:00,93000,58.46,Chennai,CLEAN
CLM-F23D2493,1000000139,Dr. Angel Perry,MEM000567,FAC025,2026-06-25T13:00:00,99213,103.2,Chennai,CLEAN
CLM-05A6A15E,1000000136,Dr. Robert Potter,MEM000553,FAC000,2026-02-08T15:00:00,99215,204.93,Chennai,CLEAN
CLM-EE35A620,1000000178,Dr. Lawrence Adkins,MEM000346,FAC005,2026-04-08T13:00:00,71045,83.35,Chennai,CLEAN
CLM-C58275DE,1000000052,Dr. Crystal Robinson,MEM000887,FAC013,2026-03-02T14:00:00,71045,74.11,Chennai,CLEAN
CLM-37686C7E,1000000014,Dr. Dylan Miller,MEM000954,FAC012,2026-06-04T16:00:00,99215,209.6,Chennai,CLEAN
CLM-7334CFEB,1000000005,Dr. Connie Lawrence,MEM000515,FAC032,2026-01-14T15:00:00,71045,72.68,Chennai,CLEAN
CLM-777E1B9E,1000000184,Dr. Lindsay Martinez,MEM000988,FAC038,2026-05-23T16:00:00,99213,101.93,Chennai,CLEAN
CLM-929F5C8D,1000000010,Dr. Monica Herrera,MEM000695,FAC045,2026-01-31T10:00:00,93000,64.07,Chennai,CLEAN
CLM-39576930,1000000177,Dr. Michael Wang,MEM000644,FAC018,2026-02-26T10:00:00,99213,93.99,Chennai,CLEAN
CLM-3F12CC8B,1000000037,Dr. Cassandra Gaines,MEM000830,FAC024,2026-04-07T10:00:00,99213,96.71,Chennai,CLEAN
CLM-E35665FE,1000000070,Dr. Jordan Henderson,MEM000566,FAC021,2026-05-24T09:00:00,99215,205.17,Chennai,CLEAN
CLM-4C220A33,1000000102,Dr. Rebecca Valencia,MEM000246,FAC011,2026-06-18T10:00:00,99213,101.88,Chennai,CLEAN
CLM-8223F999,1000000103,Dr. Christine Wright,MEM000033,FAC018,2026-04-27T11:00:00,99214,135.54,Chennai,CLEAN
CLM-B1DCDA89,1000000057,Dr. Richard Aguirre,MEM000615,FAC030,2026-06-23T09:00:00,71045,79.64,Chennai,CLEAN
CLM-79A27C84,1000000069,Dr. William Baker,MEM000372,FAC045,2026-03-13T13:00:00,71045,83.62,Chennai,CLEAN
CLM-D5C61FA2,1777777777,Dr. Synthetic-C (Upcoder),MEM000058,FAC034,2026-06-23T11:00:00,99214,137.4,Mumbai,CLEAN
CLM-18F21A68,1000000192,Dr. Debra Christian,MEM000065,FAC018,2026-04-10T10:00:00,93000,60.87,Chennai,CLEAN
CLM-C1E92E87,1000000186,Dr. Jonathan Peterson,MEM000249,FAC036,2026-03-11T15:00:00,71045,84.86,Chennai,CLEAN
CLM-1E45A247,1000000104,Dr. Richard Henson,MEM000135,FAC026,2026-02-16T12:00:00,99215,228.94,Chennai,CLEAN
CLM-2B87BF80,1000000147,Dr. Stephanie Salazar,MEM000384,FAC000,2026-04-04T12:00:00,99213,92.76,Chennai,CLEAN
CLM-93310C05,1000000098,Dr. Jessica Smith,MEM000075,FAC047,2026-05-17T13:00:00,99213,92.59,Chennai,CLEAN
CLM-5D40D683,1000000124,Dr. Helen Jones,MEM000832,FAC035,2026-04-25T09:00:00,99214,162.21,Chennai,CLEAN
CLM-A9F24C2E,1000000132,Dr. Mary Marshall,MEM000410,FAC003,2026-03-26T09:00:00,71045,75.78,Chennai,CLEAN
CLM-7E1AC7C0,1000000101,Dr. Cameron Parker,MEM000405,FAC015,2026-04-22T09:00:00,99215,199.94,Chennai,CLEAN
CLM-7F928972,1000000187,Dr. Samantha Garcia,MEM000543,FAC041,2026-01-23T15:00:00,99215,234.85,Chennai,CLEAN
CLM-79238BDE,1000000159,Dr. Jamie Smith,MEM000558,FAC037,2026-01-31T09:00:00,99214,152.6,Chennai,CLEAN
CLM-2C9C2884,1000000151,Dr. Pamela Boyd,MEM000121,FAC010,2026-01-16T12:00:00,99213,92.86,Chennai,CLEAN
CLM-BEBE3A76,1000000034,Dr. Debra Davidson,MEM000023,FAC038,2026-03-09T14:00:00,99214,155.66,Chennai,CLEAN
CLM-6B60BAD4,1000000196,Dr. Daniel Salinas,MEM000965,FAC029,2026-04-05T16:00:00,93000,58.4,Chennai,CLEAN
CLM-48BAAA80,1000000028,Dr. Zachary Hicks,MEM000588,FAC041,2026-02-17T15:00:00,99213,90.99,Chennai,CLEAN
CLM-854CDC9F,1000000183,Dr. Ashley Barton,MEM000546,FAC027,2026-01-12T11:00:00,71045,77.58,Chennai,CLEAN
CLM-CC794740,1000000126,Dr. Michelle Evans,MEM000956,FAC018,2026-06-19T14:00:00,99215,233.7,Chennai,CLEAN
CLM-A6598590,1000000161,Dr. Jennifer Adkins,MEM000604,FAC008,2026-01-12T14:00:00,99215,230.88,Chennai,CLEAN
CLM-62453DEB,1000000154,Dr. Brenda Hall,MEM000288,FAC044,2026-03-15T14:00:00,99214,150.41,Chennai,CLEAN
CLM-945BC386,1000000031,Dr. James Ferrell,MEM000570,FAC001,2026-06-11T17:00:00,99213,104.37,Chennai,CLEAN
CLM-A3083213,1000000152,Dr. Denise Jones,MEM000398,FAC022,2026-06-11T14:00:00,93000,56.54,Chennai,CLEAN
CLM-A9524163,1000000072,Dr. Brittney Phillips,MEM000780,FAC021,2026-04-12T15:00:00,99214,161.01,Chennai,CLEAN
CLM-0B53E0D1,1000000152,Dr. Denise Jones,MEM000813,FAC043,2026-04-05T11:00:00,99213,99.87,Chennai,CLEAN
CLM-1026E4C4,1000000126,Dr. Michelle Evans,MEM000053,FAC020,2026-06-29T15:00:00,71045,72.19,Chennai,CLEAN
CLM-A19D6E3C,1000000104,Dr. Richard Henson,MEM000105,FAC026,2026-02-05T13:00:00,93000,59.08,Chennai,CLEAN
CLM-EAD8EFC5,1000000114,Dr. Garrett Lin,MEM000010,FAC018,2026-04-25T11:00:00,71045,86.43,Chennai,CLEAN
CLM-9DC0536D,1000000103,Dr. Christine Wright,MEM000016,FAC008,2026-02-20T14:00:00,99213,97.32,Chennai,CLEAN
CLM-21BB3269,1000000093,Dr. Christina Walters,MEM000027,FAC004,2026-04-06T12:00:00,99213,91.36,Chennai,CLEAN
CLM-25A904AA,1000000058,Dr. Brent Jordan,MEM000695,FAC046,2026-06-12T10:00:00,71045,79.95,Chennai,CLEAN
CLM-42CABDBD,1000000024,Dr. Matthew Foster,MEM000323,FAC027,2026-01-14T14:00:00,93000,59.28,Chennai,CLEAN
CLM-2FD51A91,1000000015,Dr. Brian Ramirez,MEM000382,FAC008,2026-02-15T13:00:00,99215,201.3,Chennai,CLEAN
CLM-4BF87F17,1000000062,Dr. Connor West,MEM000604,FAC020,2026-03-20T16:00:00,93000,57.18,Chennai,CLEAN
CLM-D69DB8D7,1000000181,Dr. Tina Sanders,MEM000384,FAC016,2026-04-04T12:00:00,99213,103.6,Chennai,CLEAN
CLM-CF0215D0,1000000081,Dr. Mike Allen,MEM000711,FAC029,2026-05-30T09:00:00,99215,229.8,Chennai,CLEAN
CLM-900492D0,1000000031,Dr. James Ferrell,MEM000586,FAC047,2026-01-21T17:00:00,93000,60.38,Chennai,CLEAN
CLM-A3232968,1000000111,Dr. Shannon Walker,MEM000987,FAC047,2026-03-18T15:00:00,93000,56.58,Chennai,CLEAN
CLM-664B4501,1000000084,Dr. Zachary Ferrell,MEM000397,FAC007,2026-05-22T12:00:00,99214,161.43,Chennai,CLEAN
CLM-ED254893,1000000182,Dr. Angela Vaughn,MEM000621,FAC031,2026-03-09T17:00:00,71045,78.34,Chennai,CLEAN
CLM-BDB7E2EA,1000000001,Dr. Noah Rhodes,MEM000383,FAC043,2026-04-30T09:00:00,99214,164.12,Chennai,CLEAN
CLM-34FB62D9,1000000190,Dr. Debra Morton,MEM000710,FAC030,2026-05-02T10:00:00,93000,57.18,Chennai,CLEAN
CLM-3C392392,1000000001,Dr. Noah Rhodes,MEM000825,FAC041,2026-01-26T11:00:00,99214,135.77,Chennai,CLEAN
CLM-BF9961EA,1000000092,Dr. Denise Jacobs,MEM000442,FAC031,2026-03-03T12:00:00,99214,160.51,Chennai,CLEAN
CLM-2E10EC5F,1000000036,Dr. Sherri Baker,MEM000706,FAC045,2026-06-04T16:00:00,99214,158.58,Chennai,CLEAN
CLM-3D18C6F7,1000000034,Dr. Debra Davidson,MEM000215,FAC036,2026-04-14T13:00:00,99215,199.76,Chennai,CLEAN
CLM-5A71E956,1000000143,Dr. Christopher Rubio,MEM000943,FAC008,2026-03-24T12:00:00,99214,159.46,Chennai,CLEAN
CLM-8D47801D,1000000117,Dr. Ashley Waller,MEM000385,FAC039,2026-06-01T11:00:00,99215,205.27,Chennai,CLEAN
CLM-6D8FB7EE,1000000121,Dr. Kenneth Scott,MEM000940,FAC015,2026-06-09T11:00:00,99214,156.63,Chennai,CLEAN
CLM-CB59EBC5,1000000086,Dr. Shirley Suarez,MEM000667,FAC009,2026-01-12T11:00:00,99214,155.58,Chennai,CLEAN
CLM-6159EB4F,1000000005,Dr. Connie Lawrence,MEM000589,FAC006,2026-03-06T09:00:00,99213,98.47,Chennai,CLEAN
CLM-8E99A0C0,1000000048,Dr. Joshua Blair,MEM000233,FAC048,2026-02-14T17:00:00,99215,210.91,Chennai,CLEAN
CLM-77E3D03A,1000000054,Dr. Shannon Jones,MEM000984,FAC019,2026-05-07T10:00:00,93000,61.09,Chennai,CLEAN
CLM-59C2D293,1000000038,Dr. Elizabeth Fowler,MEM000910,FAC038,2026-01-03T16:00:00,99215,234.07,Chennai,CLEAN
CLM-AE530824,1000000021,Dr. Patty Perez,MEM000336,FAC017,2026-06-26T14:00:00,99214,161.9,Chennai,CLEAN
CLM-09C9D132,1000000014,Dr. Dylan Miller,MEM000936,FAC028,2026-03-24T15:00:00,93000,62.28,Chennai,CLEAN
CLM-E5632851,1000000159,Dr. Jamie Smith,MEM000071,FAC012,2026-05-22T12:00:00,99213,90.59,Chennai,CLEAN
CLM-AFD65B32,1000000183,Dr. Ashley Barton,MEM000852,FAC025,2026-03-14T12:00:00,99214,155.2,Chennai,CLEAN
CLM-EA823178,1000000047,Dr. Shane Henderson,MEM000792,FAC048,2026-04-21T11:00:00,99214,149.78,Chennai,CLEAN
CLM-3E6EB7DB,1000000119,Dr. Jeffrey Chandler,MEM000478,FAC013,2026-02-22T10:00:00,71045,86.19,Chennai,CLEAN
CLM-0251E498,1000000129,Dr. Megan Orr,MEM000716,FAC002,2026-04-12T15:00:00,99215,230.12,Chennai,CLEAN
CLM-B95CF7AD,1000000007,Dr. Gina Moore,MEM000947,FAC028,2026-01-01T12:00:00,93000,58.34,Chennai,CLEAN
CLM-FC638046,1000000060,Dr. Victoria Garcia,MEM000387,FAC002,2026-03-27T14:00:00,99214,153.72,Chennai,CLEAN
CLM-3B917446,1000000077,Dr. Megan Young,MEM000138,FAC040,2026-03-15T10:00:00,99213,102.81,Chennai,CLEAN
CLM-F2F6B884,1777777777,Dr. Synthetic-C (Upcoder),MEM000725,FAC019,2026-01-14T11:00:00,71045,76.32,Mumbai,CLEAN
CLM-7A052E2B,1000000172,Dr. Joshua Cooke,MEM000663,FAC027,2026-05-02T14:00:00,93000,56.0,Chennai,CLEAN
CLM-D66B1DFB,1000000116,Dr. William Herrera,MEM000430,FAC008,2026-04-06T09:00:00,71045,85.29,Chennai,CLEAN
CLM-34A1CF12,1000000003,Dr. Daniel Wagner,MEM000862,FAC002,2026-03-04T15:00:00,99214,159.15,Chennai,CLEAN
CLM-F7151A4B,1000000169,Dr. Daniel Murphy,MEM000365,FAC040,2026-04-14T13:00:00,71045,83.66,Chennai,CLEAN
CLM-B18F6BFE,1000000072,Dr. Brittney Phillips,MEM000587,FAC028,2026-03-10T14:00:00,93000,59.83,Chennai,CLEAN
CLM-404767DA,1000000150,Dr. David Wright,MEM000213,FAC006,2026-05-14T12:00:00,93000,62.39,Chennai,CLEAN
CLM-08263ABD,1000000146,Dr. Victoria Larson,MEM000695,FAC031,2026-05-28T17:00:00,99215,235.05,Chennai,CLEAN
CLM-0B1CFB70,1000000153,Dr. Devon Flores,MEM000808,FAC004,2026-03-07T17:00:00,71045,72.55,Chennai,CLEAN
CLM-9587A5DD,1000000189,Dr. Jessica Gross,MEM000635,FAC020,2026-03-22T09:00:00,99215,224.28,Chennai,CLEAN
CLM-70BE30E4,1000000169,Dr. Daniel Murphy,MEM000212,FAC009,2026-04-17T15:00:00,99215,207.53,Chennai,CLEAN
CLM-E1801206,1000000033,Dr. Nathan Maldonado,MEM000763,FAC014,2026-06-01T13:00:00,71045,73.62,Chennai,CLEAN
CLM-F180E67A,1000000025,Dr. Judy Baker,MEM000160,FAC045,2026-05-21T17:00:00,99213,103.21,Chennai,CLEAN
CLM-89538C5A,1000000026,Dr. Justin Baker,MEM000337,FAC039,2026-03-15T17:00:00,99215,208.03,Chennai,CLEAN
CLM-2550040C,1000000004,Dr. Cristian Santos,MEM000004,FAC044,2026-01-19T11:00:00,71045,78.99,Chennai,CLEAN
CLM-0E048E42,1000000178,Dr. Lawrence Adkins,MEM000941,FAC010,2026-02-05T12:00:00,93000,65.67,Chennai,CLEAN
CLM-CA22C80A,1000000180,Dr. Alexander Collins,MEM000937,FAC019,2026-05-08T13:00:00,99214,159.8,Chennai,CLEAN
CLM-9DECB78B,1000000163,Dr. Jeffrey Johnson,MEM000165,FAC021,2026-04-12T16:00:00,93000,62.35,Chennai,CLEAN
CLM-85EC2111,1000000016,Dr. Holly Wood,MEM000867,FAC032,2026-05-09T17:00:00,99214,162.27,Chennai,CLEAN
CLM-2281CED5,1000000032,Dr. Tricia Valencia,MEM000209,FAC028,2026-05-15T17:00:00,71045,72.92,Chennai,CLEAN
CLM-8FE8BE75,1000000168,Dr. Joel Williams,MEM000559,FAC018,2026-01-18T15:00:00,93000,54.59,Chennai,CLEAN
CLM-87FC7469,1000000178,Dr. Lawrence Adkins,MEM000078,FAC046,2026-02-21T13:00:00,93000,61.71,Chennai,CLEAN
CLM-3689FD13,1000000102,Dr. Rebecca Valencia,MEM000313,FAC029,2026-05-28T17:00:00,99215,215.22,Chennai,CLEAN
CLM-CD0BE8E7,1000000192,Dr. Debra Christian,MEM000695,FAC020,2026-05-12T15:00:00,71045,81.98,Chennai,CLEAN
CLM-61BC5D94,1000000145,Dr. Joyce Solis,MEM000793,FAC024,2026-02-19T17:00:00,99214,164.13,Chennai,CLEAN
CLM-EDC5A912,1000000158,Dr. Melissa Gates,MEM000878,FAC028,2026-02-09T12:00:00,71045,84.86,Chennai,CLEAN
CLM-48A3D76B,1000000012,Dr. Lisa Hensley,MEM000859,FAC034,2026-01-16T11:00:00,71045,73.34,Chennai,CLEAN
CLM-BBC92D3E,1000000102,Dr. Rebecca Valencia,MEM000135,FAC000,2026-01-26T15:00:00,99215,213.68,Chennai,CLEAN
CLM-EDDDC54F,1000000081,Dr. Mike Allen,MEM000750,FAC028,2026-06-25T17:00:00,71045,87.22,Chennai,CLEAN
CLM-08D553F4,1000000084,Dr. Zachary Ferrell,MEM000511,FAC042,2026-05-14T15:00:00,99215,212.42,Chennai,CLEAN
CLM-38368907,1000000194,Dr. John Bishop,MEM000367,FAC031,2026-04-01T10:00:00,99214,142.64,Chennai,CLEAN
CLM-D9ACC2C8,1000000110,Dr. Richard Rodriguez,MEM000281,FAC000,2026-01-02T09:00:00,71045,80.38,Chennai,CLEAN
CLM-1ECFB3A5,1000000086,Dr. Shirley Suarez,MEM000533,FAC026,2026-05-16T11:00:00,99215,228.06,Chennai,CLEAN
CLM-716B29CE,1000000091,Dr. Brian Rodriguez,MEM000073,FAC026,2026-04-08T14:00:00,99215,212.3,Chennai,CLEAN
CLM-4FDF92F5,1000000039,Dr. Brittany Farmer,MEM000179,FAC016,2026-03-19T13:00:00,99213,105.4,Chennai,CLEAN
CLM-B4A0214C,1000000150,Dr. David Wright,MEM000626,FAC030,2026-03-17T09:00:00,99214,159.05,Chennai,CLEAN
CLM-3763BEE2,1000000051,Dr. Danny Morgan,MEM000206,FAC033,2026-04-15T17:00:00,71045,72.27,Chennai,CLEAN
CLM-FC3B2F34,1000000198,Dr. Adam Vaughan,MEM000238,FAC020,2026-05-01T09:00:00,99213,99.05,Chennai,CLEAN
CLM-04EDA4D6,1000000062,Dr. Connor West,MEM000418,FAC012,2026-01-12T13:00:00,99215,204.77,Chennai,CLEAN
CLM-C9B9773D,1000000054,Dr. Shannon Jones,MEM000524,FAC041,2026-04-16T09:00:00,99214,136.36,Chennai,CLEAN
CLM-30E3DCE3,1000000177,Dr. Michael Wang,MEM000340,FAC046,2026-01-13T17:00:00,93000,62.83,Chennai,CLEAN
CLM-BEDD0344,1000000057,Dr. Richard Aguirre,MEM000031,FAC038,2026-03-13T10:00:00,99214,143.07,Chennai,CLEAN
CLM-25ACC630,1000000148,Dr. Kathy Rivas,MEM000012,FAC037,2026-04-21T10:00:00,93000,59.71,Chennai,CLEAN
CLM-46549CEA,1000000124,Dr. Helen Jones,MEM000888,FAC036,2026-05-05T11:00:00,99215,212.81,Chennai,CLEAN
CLM-58D599E8,1000000039,Dr. Brittany Farmer,MEM000568,FAC017,2026-01-29T12:00:00,99215,215.13,Chennai,CLEAN
CLM-7E984C49,1000000069,Dr. William Baker,MEM000539,FAC000,2026-03-18T14:00:00,99213,99.28,Chennai,CLEAN
CLM-D7A4964F,1000000090,Dr. Matthew Mcmillan,MEM000771,FAC049,2026-04-07T16:00:00,99215,241.47,Chennai,CLEAN
CLM-78C3BA45,1000000003,Dr. Daniel Wagner,MEM000586,FAC020,2026-05-08T12:00:00,93000,57.01,Chennai,CLEAN
CLM-4FD2860F,1000000004,Dr. Cristian Santos,MEM000909,FAC021,2026-05-30T17:00:00,99213,92.81,Chennai,CLEAN
CLM-837C9467,1000000110,Dr. Richard Rodriguez,MEM000001,FAC010,2026-06-07T13:00:00,99215,204.47,Chennai,CLEAN
CLM-2CCFCBB7,1000000011,Dr. Jamie Arnold,MEM000820,FAC014,2026-01-24T14:00:00,93000,61.21,Chennai,CLEAN
CLM-54C9016E,1000000195,Dr. Allen Rosales,MEM000143,FAC021,2026-05-14T13:00:00,93000,64.1,Chennai,CLEAN
CLM-F0F49322,1000000004,Dr. Cristian Santos,MEM000479,FAC012,2026-03-21T11:00:00,99213,94.55,Chennai,CLEAN
CLM-28D4F9C9,1000000144,Dr. Amber Wright,MEM000761,FAC028,2026-06-20T16:00:00,71045,76.57,Chennai,CLEAN
CLM-67CC7DF1,1000000111,Dr. Shannon Walker,MEM000471,FAC023,2026-06-06T14:00:00,99213,103.13,Chennai,CLEAN
CLM-056298D0,1000000017,Dr. Derek Zuniga,MEM000525,FAC027,2026-03-10T17:00:00,99214,141.04,Chennai,CLEAN
CLM-EEDE7298,1000000128,Dr. Cameron Fisher,MEM000534,FAC048,2026-02-03T14:00:00,93000,64.49,Chennai,CLEAN
CLM-1E62E16B,1000000178,Dr. Lawrence Adkins,MEM000526,FAC017,2026-01-28T15:00:00,99214,142.34,Chennai,CLEAN
CLM-A471A49F,1000000196,Dr. Daniel Salinas,MEM000225,FAC010,2026-04-20T09:00:00,99215,229.79,Chennai,CLEAN
CLM-33A66B4D,1000000096,Dr. Aaron Wise,MEM000733,FAC039,2026-03-13T11:00:00,71045,78.72,Chennai,CLEAN
CLM-FE97FB7B,1000000123,Dr. Michelle Harmon,MEM000299,FAC033,2026-02-23T10:00:00,71045,75.08,Chennai,CLEAN
CLM-32B03A1B,1000000000,Dr. Allison Hill,MEM000393,FAC025,2026-02-16T12:00:00,99213,97.43,Chennai,CLEAN
CLM-7026DC44,1000000135,Dr. Jose Schultz,MEM000945,FAC048,2026-01-24T16:00:00,93000,60.01,Chennai,CLEAN
CLM-3F989390,1000000075,Dr. Sarah Moore,MEM000797,FAC009,2026-04-08T14:00:00,99215,222.78,Chennai,CLEAN
CLM-5779DCFD,1000000106,Dr. Sharon Cherry,MEM000637,FAC035,2026-06-01T09:00:00,71045,86.85,Chennai,CLEAN
CLM-814E30AC,1000000060,Dr. Victoria Garcia,MEM000136,FAC029,2026-02-06T12:00:00,71045,73.9,Chennai,CLEAN
CLM-1B979EDA,1000000159,Dr. Jamie Smith,MEM000514,FAC037,2026-01-07T11:00:00,99214,141.84,Chennai,CLEAN
CLM-656B68B4,1000000173,Dr. Matthew Harrington,MEM000847,FAC036,2026-01-15T09:00:00,71045,77.06,Chennai,CLEAN
CLM-C556BA17,1000000069,Dr. William Baker,MEM000893,FAC045,2026-05-19T16:00:00,99213,103.42,Chennai,CLEAN
CLM-98F55F2B,1000000141,Dr. David Douglas Jr.,MEM000287,FAC029,2026-04-25T14:00:00,99215,201.11,Chennai,CLEAN
CLM-78C203D3,1777777777,Dr. Synthetic-C (Upcoder),MEM000455,FAC026,2026-05-08T14:00:00,99215,206.91,Mumbai,CLEAN
CLM-A007DB71,1000000134,Dr. Rebecca Jackson,MEM000079,FAC034,2026-05-19T09:00:00,71045,83.98,Chennai,CLEAN
CLM-51D1BE54,1000000118,Dr. Victor Baker,MEM000526,FAC004,2026-04-01T10:00:00,99215,219.74,Chennai,CLEAN
CLM-7A4CB39C,1000000014,Dr. Dylan Miller,MEM000571,FAC037,2026-03-19T14:00:00,93000,65.85,Chennai,CLEAN
CLM-25A7806B,1000000195,Dr. Allen Rosales,MEM000729,FAC040,2026-04-10T11:00:00,71045,85.23,Chennai,CLEAN
CLM-D3997FD6,1000000053,Dr. Mark Perez,MEM000517,FAC016,2026-05-21T17:00:00,71045,78.58,Chennai,CLEAN
CLM-30DD5AD7,1000000134,Dr. Rebecca Jackson,MEM000023,FAC009,2026-01-05T16:00:00,71045,73.27,Chennai,CLEAN
CLM-448E299A,1000000060,Dr. Victoria Garcia,MEM000607,FAC025,2026-06-24T10:00:00,99214,138.44,Chennai,CLEAN
CLM-5FCA44E7,1000000161,Dr. Jennifer Adkins,MEM000805,FAC042,2026-06-04T09:00:00,99215,230.48,Chennai,CLEAN
CLM-1CD17738,1000000140,Dr. Cheyenne Horton,MEM000899,FAC034,2026-01-26T11:00:00,93000,61.76,Chennai,CLEAN
CLM-A56955B7,1000000138,Dr. David Alvarez,MEM000535,FAC041,2026-04-10T10:00:00,93000,63.2,Chennai,CLEAN
CLM-7F4280F6,1000000006,Dr. Abigail Shaffer,MEM000664,FAC031,2026-01-02T15:00:00,71045,83.44,Chennai,CLEAN
CLM-E7B3C370,1000000152,Dr. Denise Jones,MEM000037,FAC007,2026-01-13T16:00:00,93000,55.58,Chennai,CLEAN
CLM-DBAC3C96,1000000123,Dr. Michelle Harmon,MEM000798,FAC009,2026-05-31T17:00:00,99214,146.63,Chennai,CLEAN
CLM-B15D7A02,1000000155,Dr. Michelle Brown,MEM000914,FAC014,2026-02-27T13:00:00,93000,61.95,Chennai,CLEAN
CLM-F27D3700,1000000111,Dr. Shannon Walker,MEM000677,FAC019,2026-06-05T16:00:00,99213,94.85,Chennai,CLEAN
CLM-5D8B9918,1000000080,Dr. Kelly Donovan,MEM000045,FAC026,2026-05-06T14:00:00,71045,80.18,Chennai,CLEAN
CLM-A5C97152,1000000105,Dr. Marc Moore,MEM000882,FAC033,2026-02-27T12:00:00,99215,213.59,Chennai,CLEAN
CLM-3FF0FF4C,1000000114,Dr. Garrett Lin,MEM000013,FAC031,2026-04-24T12:00:00,99213,105.32,Chennai,CLEAN
CLM-3B88689F,1000000168,Dr. Joel Williams,MEM000920,FAC013,2026-01-26T14:00:00,99215,212.97,Chennai,CLEAN
CLM-24806F81,1000000010,Dr. Monica Herrera,MEM000697,FAC049,2026-03-23T16:00:00,99213,97.15,Chennai,CLEAN
CLM-3FB6726E,1000000164,Dr. Michael Powell,MEM000095,FAC033,2026-05-03T12:00:00,93000,57.29,Chennai,CLEAN
CLM-FD2386CD,1000000071,Dr. Whitney Peters,MEM000269,FAC002,2026-03-21T14:00:00,93000,60.45,Chennai,CLEAN
CLM-F78A697D,1000000026,Dr. Justin Baker,MEM000995,FAC004,2026-03-21T10:00:00,99215,237.06,Chennai,CLEAN
CLM-685230E4,1000000013,Dr. Michele Williams,MEM000667,FAC044,2026-01-27T11:00:00,99214,164.33,Chennai,CLEAN
CLM-355D0308,1000000082,Dr. Michael Evans,MEM000871,FAC003,2026-02-20T15:00:00,93000,65.89,Chennai,CLEAN
CLM-5122CA1F,1000000029,Dr. Anthony Rodriguez,MEM000332,FAC040,2026-04-11T17:00:00,93000,54.9,Chennai,CLEAN
CLM-3DD1F573,1000000009,Dr. Ryan Munoz,MEM000596,FAC040,2026-04-23T16:00:00,93000,59.36,Chennai,CLEAN
CLM-18C9C07E,1000000013,Dr. Michele Williams,MEM000894,FAC009,2026-03-01T13:00:00,99215,213.72,Chennai,CLEAN
CLM-F4AF207F,1000000131,Dr. Dustin Jordan,MEM000298,FAC016,2026-04-16T16:00:00,93000,63.72,Chennai,CLEAN
CLM-266E6939,1000000006,Dr. Abigail Shaffer,MEM000936,FAC048,2026-03-01T15:00:00,71045,87.26,Chennai,CLEAN
CLM-D49EEB77,1000000005,Dr. Connie Lawrence,MEM000067,FAC027,2026-02-25T11:00:00,93000,57.83,Chennai,CLEAN
CLM-0BD6D3A2,1000000055,Dr. Michael Lewis,MEM000776,FAC031,2026-05-10T12:00:00,99213,97.1,Chennai,CLEAN
CLM-FE92833B,1000000127,Dr. Jason Powell,MEM000374,FAC028,2026-06-30T11:00:00,93000,64.92,Chennai,CLEAN
CLM-FCF00EF7,1000000171,Dr. Darlene Miller,MEM000150,FAC042,2026-04-23T12:00:00,99213,100.18,Chennai,CLEAN
CLM-9C33113E,1000000143,Dr. Christopher Rubio,MEM000792,FAC047,2026-02-23T09:00:00,99214,151.95,Chennai,CLEAN
CLM-C85A80C7,1000000022,Dr. Ethan Adams,MEM000339,FAC035,2026-04-05T13:00:00,99214,164.88,Chennai,CLEAN
CLM-C94BF68D,1000000058,Dr. Brent Jordan,MEM000232,FAC011,2026-03-18T10:00:00,71045,85.67,Chennai,CLEAN
CLM-97932CF3,1000000188,Dr. Madison Poole,MEM000381,FAC004,2026-05-21T14:00:00,99215,221.65,Chennai,CLEAN
CLM-8BD69118,1000000149,Dr. Stephanie Manning,MEM000443,FAC024,2026-01-07T16:00:00,99214,144.0,Chennai,CLEAN
CLM-29609FC7,1000000098,Dr. Jessica Smith,MEM000866,FAC030,2026-03-07T15:00:00,99214,156.81,Chennai,CLEAN
CLM-57DACBFD,1000000088,Dr. Lisa Archer,MEM000760,FAC040,2026-05-27T14:00:00,93000,57.4,Chennai,CLEAN
CLM-5C316B8C,1000000021,Dr. Patty Perez,MEM000943,FAC040,2026-05-05T13:00:00,93000,55.38,Chennai,CLEAN
CLM-4E63F459,1000000016,Dr. Holly Wood,MEM000452,FAC000,2026-03-28T09:00:00,99214,161.93,Chennai,CLEAN
CLM-2914FA2F,1000000019,Dr. Carla Gray,MEM000525,FAC042,2026-01-25T15:00:00,93000,60.62,Chennai,CLEAN
CLM-CC4B19C3,1000000165,Dr. John Anderson,MEM000854,FAC018,2026-01-26T12:00:00,99215,234.86,Chennai,CLEAN
CLM-34134F35,1000000170,Dr. Jamie Walton,MEM000491,FAC024,2026-06-28T09:00:00,93000,57.06,Chennai,CLEAN
CLM-675882C1,1000000143,Dr. Christopher Rubio,MEM000208,FAC044,2026-05-05T16:00:00,99215,199.14,Chennai,CLEAN
CLM-F8360A04,1000000032,Dr. Tricia Valencia,MEM000605,FAC046,2026-02-02T17:00:00,71045,76.62,Chennai,CLEAN
CLM-5555B8D6,1000000163,Dr. Jeffrey Johnson,MEM000247,FAC012,2026-01-08T11:00:00,71045,87.39,Chennai,CLEAN
CLM-A1512EF5,1000000162,Dr. Lindsey Walker,MEM000356,FAC047,2026-01-08T15:00:00,99214,138.5,Chennai,CLEAN
CLM-8EE8FFC2,1000000048,Dr. Joshua Blair,MEM000425,FAC024,2026-04-26T16:00:00,99213,102.0,Chennai,CLEAN
CLM-A35C1D9E,1000000096,Dr. Aaron Wise,MEM000425,FAC026,2026-04-22T10:00:00,99213,92.79,Chennai,CLEAN
CLM-D7064C36,1000000080,Dr. Kelly Donovan,MEM000764,FAC025,2026-03-03T13:00:00,99214,159.34,Chennai,CLEAN
CLM-2E3441AE,1000000008,Dr. Gabrielle Davis,MEM000137,FAC008,2026-02-04T12:00:00,99215,225.0,Chennai,CLEAN
CLM-C5709E49,1000000139,Dr. Angel Perry,MEM000040,FAC004,2026-02-23T16:00:00,71045,80.86,Chennai,CLEAN
CLM-9A5A372B,1000000107,Dr. Sierra Johnson,MEM000499,FAC022,2026-06-08T09:00:00,99213,99.49,Chennai,CLEAN
CLM-3B860D6B,1000000115,Dr. Diana May,MEM000629,FAC004,2026-03-25T11:00:00,99215,210.15,Chennai,CLEAN
CLM-CB5A87D0,1000000103,Dr. Christine Wright,MEM000123,FAC017,2026-03-17T09:00:00,93000,55.97,Chennai,CLEAN
CLM-E20EA4AE,1000000062,Dr. Connor West,MEM000795,FAC022,2026-01-17T16:00:00,99215,235.46,Chennai,CLEAN
CLM-D1EBCF20,1000000092,Dr. Denise Jacobs,MEM000444,FAC019,2026-02-05T15:00:00,99213,92.2,Chennai,CLEAN
CLM-FE4C424F,1000000098,Dr. Jessica Smith,MEM000252,FAC031,2026-02-02T15:00:00,99214,136.99,Chennai,CLEAN
CLM-4390C6BB,1000000149,Dr. Stephanie Manning,MEM000801,FAC048,2026-04-02T15:00:00,93000,61.6,Chennai,CLEAN
CLM-9F3C6A7D,1000000091,Dr. Brian Rodriguez,MEM000596,FAC048,2026-02-10T11:00:00,71045,82.96,Chennai,CLEAN
CLM-900AB507,1000000096,Dr. Aaron Wise,MEM000871,FAC016,2026-01-24T13:00:00,93000,54.54,Chennai,CLEAN
CLM-3595A654,1000000055,Dr. Michael Lewis,MEM000949,FAC035,2026-03-24T09:00:00,99214,157.29,Chennai,CLEAN
CLM-1DB4FA17,1000000085,Dr. Daniel Baker,MEM000351,FAC004,2026-02-23T13:00:00,99215,238.72,Chennai,CLEAN
CLM-BA95581B,1000000065,Dr. Amber Kidd,MEM000896,FAC035,2026-04-13T16:00:00,99214,140.42,Chennai,CLEAN
CLM-A1846EB0,1000000137,Dr. Courtney Gonzalez,MEM000234,FAC036,2026-01-01T13:00:00,71045,84.08,Chennai,CLEAN
CLM-238ADCC9,1000000059,Dr. John Daniel,MEM000067,FAC016,2026-04-03T13:00:00,71045,83.7,Chennai,CLEAN
CLM-24E6F9EC,1000000178,Dr. Lawrence Adkins,MEM000085,FAC023,2026-06-25T16:00:00,99215,223.53,Chennai,CLEAN
CLM-FEA6AEE6,1000000050,Dr. Jessica Holmes,MEM000152,FAC022,2026-01-24T10:00:00,99215,228.65,Chennai,CLEAN
CLM-D48EAD39,1000000150,Dr. David Wright,MEM000468,FAC033,2026-05-13T16:00:00,93000,63.89,Chennai,CLEAN
CLM-6F5BA47A,1000000054,Dr. Shannon Jones,MEM000065,FAC008,2026-06-26T09:00:00,99215,198.61,Chennai,CLEAN
CLM-3D2758C5,1000000082,Dr. Michael Evans,MEM000292,FAC015,2026-04-23T16:00:00,71045,78.8,Chennai,CLEAN
CLM-27D5B59C,1000000131,Dr. Dustin Jordan,MEM000198,FAC003,2026-06-28T17:00:00,99215,220.09,Chennai,CLEAN
CLM-88A55242,1000000015,Dr. Brian Ramirez,MEM000102,FAC046,2026-06-28T17:00:00,71045,87.44,Chennai,CLEAN
CLM-445714A4,1000000021,Dr. Patty Perez,MEM000319,FAC013,2026-05-30T10:00:00,99215,202.05,Chennai,CLEAN
CLM-66F6E6D7,1000000016,Dr. Holly Wood,MEM000256,FAC014,2026-04-21T16:00:00,93000,58.95,Chennai,CLEAN
CLM-F950993B,1000000161,Dr. Jennifer Adkins,MEM000106,FAC000,2026-05-05T17:00:00,99213,100.98,Chennai,CLEAN
CLM-8A1E005B,1000000024,Dr. Matthew Foster,MEM000046,FAC039,2026-06-21T15:00:00,93000,57.84,Chennai,CLEAN
CLM-B5F069E1,1000000077,Dr. Megan Young,MEM000131,FAC021,2026-04-27T09:00:00,71045,82.28,Chennai,CLEAN
CLM-2379303C,1000000166,Dr. Alyssa Long,MEM000857,FAC000,2026-02-06T15:00:00,93000,61.88,Chennai,CLEAN
CLM-06562927,1000000062,Dr. Connor West,MEM000946,FAC046,2026-01-19T14:00:00,99215,205.89,Chennai,CLEAN
CLM-7C1B96B5,1000000190,Dr. Debra Morton,MEM000200,FAC000,2026-04-14T09:00:00,99213,93.69,Chennai,CLEAN
CLM-98078C61,1000000013,Dr. Michele Williams,MEM000189,FAC032,2026-04-21T14:00:00,99215,238.04,Chennai,CLEAN
CLM-AF293F58,1000000004,Dr. Cristian Santos,MEM000691,FAC020,2026-02-05T11:00:00,99215,230.6,Chennai,CLEAN
CLM-1C62D2CC,1000000024,Dr. Matthew Foster,MEM000296,FAC009,2026-01-07T15:00:00,71045,79.69,Chennai,CLEAN
CLM-80FFF064,1000000026,Dr. Justin Baker,MEM000322,FAC004,2026-03-07T14:00:00,93000,60.8,Chennai,CLEAN
CLM-55FC707D,1000000004,Dr. Cristian Santos,MEM000097,FAC025,2026-04-19T12:00:00,99214,160.46,Chennai,CLEAN
CLM-C4C1FFDA,1000000132,Dr. Mary Marshall,MEM000144,FAC008,2026-02-04T11:00:00,99215,199.64,Chennai,CLEAN
CLM-8596499F,1000000081,Dr. Mike Allen,MEM000237,FAC037,2026-02-03T11:00:00,99214,136.42,Chennai,CLEAN
CLM-AF1FFD80,1000000096,Dr. Aaron Wise,MEM000143,FAC041,2026-01-08T10:00:00,93000,63.09,Chennai,CLEAN
CLM-868560B2,1000000019,Dr. Carla Gray,MEM000116,FAC048,2026-02-23T13:00:00,93000,57.68,Chennai,CLEAN
CLM-F7E985E7,1000000057,Dr. Richard Aguirre,MEM000589,FAC006,2026-02-19T12:00:00,99214,145.91,Chennai,CLEAN
CLM-A5F5CEB4,1000000132,Dr. Mary Marshall,MEM000387,FAC007,2026-02-24T11:00:00,99214,156.99,Chennai,CLEAN
CLM-7BF0E0AE,1000000065,Dr. Amber Kidd,MEM000343,FAC026,2026-06-23T13:00:00,99215,203.55,Chennai,CLEAN
CLM-3A33072B,1000000077,Dr. Megan Young,MEM000190,FAC032,2026-04-13T13:00:00,99215,224.81,Chennai,CLEAN
CLM-8B77F596,1000000109,Dr. Sharon Cochran,MEM000812,FAC000,2026-02-14T13:00:00,93000,60.14,Chennai,CLEAN
CLM-243882A5,1000000109,Dr. Sharon Cochran,MEM000197,FAC017,2026-02-14T09:00:00,93000,65.41,Chennai,CLEAN
CLM-690BF4D5,1000000063,Dr. Donald Wright,MEM000447,FAC048,2026-04-27T16:00:00,99214,143.3,Chennai,CLEAN
CLM-8B4EF62B,1000000146,Dr. Victoria Larson,MEM000563,FAC040,2026-06-10T14:00:00,99214,153.65,Chennai,CLEAN
CLM-048EC93C,1000000059,Dr. John Daniel,MEM000364,FAC025,2026-01-24T14:00:00,99214,164.92,Chennai,CLEAN
CLM-E324C03A,1000000103,Dr. Christine Wright,MEM000379,FAC021,2026-05-25T10:00:00,99215,219.47,Chennai,CLEAN
CLM-2F01BE4C,1000000099,Dr. Stephen Mckee,MEM000983,FAC010,2026-04-05T12:00:00,93000,54.73,Chennai,CLEAN
CLM-2CC9BCB8,1000000106,Dr. Sharon Cherry,MEM000426,FAC019,2026-01-27T13:00:00,71045,84.52,Chennai,CLEAN
CLM-3FB01B72,1000000094,Dr. John Whitehead,MEM000224,FAC015,2026-04-14T14:00:00,99214,143.66,Chennai,CLEAN
CLM-008BE3D7,1000000113,Dr. Crystal Johnson,MEM000796,FAC017,2026-04-11T15:00:00,99215,227.34,Chennai,CLEAN
CLM-7906144B,1000000086,Dr. Shirley Suarez,MEM000213,FAC035,2026-05-29T15:00:00,99214,157.86,Chennai,CLEAN
CLM-C11593F4,1000000196,Dr. Daniel Salinas,MEM000590,FAC035,2026-03-28T12:00:00,99214,143.69,Chennai,CLEAN
CLM-90232F06,1000000181,Dr. Tina Sanders,MEM000773,FAC024,2026-05-07T11:00:00,99215,202.54,Chennai,CLEAN
CLM-DBF36052,1000000121,Dr. Kenneth Scott,MEM000083,FAC010,2026-06-14T16:00:00,71045,87.21,Chennai,CLEAN
CLM-759F6B37,1000000190,Dr. Debra Morton,MEM000640,FAC035,2026-02-27T14:00:00,99215,207.35,Chennai,CLEAN
CLM-01C1AF9F,1000000168,Dr. Joel Williams,MEM000293,FAC026,2026-05-21T14:00:00,93000,62.99,Chennai,CLEAN
CLM-2E79E063,1000000063,Dr. Donald Wright,MEM000684,FAC036,2026-01-07T15:00:00,99213,97.87,Chennai,CLEAN
CLM-B59DEE5B,1000000137,Dr. Courtney Gonzalez,MEM000150,FAC018,2026-05-25T16:00:00,93000,61.67,Chennai,CLEAN
CLM-7A353D53,1000000157,Dr. Jason Stein,MEM000623,FAC048,2026-05-20T10:00:00,71045,73.54,Chennai,CLEAN
CLM-6FD09AA8,1000000057,Dr. Richard Aguirre,MEM000689,FAC032,2026-01-22T10:00:00,71045,86.35,Chennai,CLEAN
CLM-23F8E844,1000000131,Dr. Dustin Jordan,MEM000671,FAC012,2026-06-27T16:00:00,99213,90.58,Chennai,CLEAN
CLM-C2AA4ACE,1000000005,Dr. Connie Lawrence,MEM000509,FAC013,2026-05-02T11:00:00,71045,72.94,Chennai,CLEAN
CLM-BCAD253E,1000000176,Dr. Michael Elliott,MEM000170,FAC049,2026-01-02T10:00:00,99215,221.6,Chennai,CLEAN
CLM-B4D8C54B,1000000108,Dr. Evelyn Galvan,MEM000834,FAC030,2026-05-22T09:00:00,93000,64.75,Chennai,CLEAN
CLM-5A85275A,1000000098,Dr. Jessica Smith,MEM000749,FAC017,2026-05-27T12:00:00,99213,92.64,Chennai,CLEAN
CLM-BCB2A3F4,1000000031,Dr. James Ferrell,MEM000292,FAC025,2026-02-20T13:00:00,71045,78.35,Chennai,CLEAN
CLM-4112EF3B,1000000082,Dr. Michael Evans,MEM000657,FAC017,2026-02-06T11:00:00,71045,85.48,Chennai,CLEAN
CLM-14ABD126,1000000075,Dr. Sarah Moore,MEM000352,FAC048,2026-04-14T12:00:00,99214,152.94,Chennai,CLEAN
CLM-A08E35ED,1000000117,Dr. Ashley Waller,MEM000142,FAC047,2026-05-30T13:00:00,99213,94.3,Chennai,CLEAN
CLM-8150D7EC,1000000146,Dr. Victoria Larson,MEM000268,FAC032,2026-06-20T10:00:00,99213,93.63,Chennai,CLEAN
CLM-73A0CFB6,1000000105,Dr. Marc Moore,MEM000719,FAC024,2026-03-16T16:00:00,99213,102.41,Chennai,CLEAN
CLM-E8F09B39,1000000115,Dr. Diana May,MEM000688,FAC001,2026-04-16T17:00:00,99214,141.55,Chennai,CLEAN
CLM-58C1FC27,1000000056,Dr. Timothy Duncan,MEM000614,FAC007,2026-01-09T10:00:00,71045,73.72,Chennai,CLEAN
CLM-5B21B904,1000000089,Dr. Aimee Montoya,MEM000804,FAC049,2026-05-27T09:00:00,99213,98.03,Chennai,CLEAN
CLM-B4DFA750,1000000183,Dr. Ashley Barton,MEM000252,FAC036,2026-06-04T13:00:00,93000,54.41,Chennai,CLEAN
CLM-5B3CB27E,1000000193,Dr. Angelica Keith,MEM000083,FAC012,2026-02-27T12:00:00,99215,240.77,Chennai,CLEAN
CLM-85E3F1AA,1000000055,Dr. Michael Lewis,MEM000487,FAC042,2026-04-18T16:00:00,99214,163.71,Chennai,CLEAN
CLM-91048B58,1000000070,Dr. Jordan Henderson,MEM000546,FAC006,2026-03-14T09:00:00,93000,60.55,Chennai,CLEAN
CLM-7D446F69,1000000176,Dr. Michael Elliott,MEM000271,FAC005,2026-01-16T10:00:00,71045,79.9,Chennai,CLEAN
CLM-3065BA35,1000000055,Dr. Michael Lewis,MEM000038,FAC004,2026-03-06T17:00:00,99213,92.07,Chennai,CLEAN
CLM-498ED22D,1000000002,Dr. Angie Henderson,MEM000998,FAC018,2026-05-29T10:00:00,99213,90.95,Chennai,CLEAN
CLM-300E6473,1000000079,Dr. Lisa Barnes,MEM000671,FAC010,2026-01-10T11:00:00,93000,60.74,Chennai,CLEAN
CLM-F07B8B2B,1000000106,Dr. Sharon Cherry,MEM000873,FAC026,2026-01-31T15:00:00,93000,65.99,Chennai,CLEAN
CLM-62ECEA6E,1000000191,Dr. Karen Graham,MEM000987,FAC004,2026-06-08T09:00:00,99214,143.76,Chennai,CLEAN
CLM-AB800430,1000000031,Dr. James Ferrell,MEM000977,FAC049,2026-02-21T13:00:00,93000,64.74,Chennai,CLEAN
CLM-4F77F128,1000000084,Dr. Zachary Ferrell,MEM000309,FAC035,2026-03-08T11:00:00,99213,94.19,Chennai,CLEAN
CLM-60F01969,1000000050,Dr. Jessica Holmes,MEM000076,FAC027,2026-01-16T16:00:00,93000,65.81,Chennai,CLEAN
CLM-06A20C26,1000000024,Dr. Matthew Foster,MEM000497,FAC037,2026-01-26T12:00:00,93000,58.59,Chennai,CLEAN
CLM-2624A6CA,1000000020,Dr. Margaret Hawkins DDS,MEM000331,FAC030,2026-01-26T10:00:00,71045,73.86,Chennai,CLEAN
CLM-CD89A0FC,1000000034,Dr. Debra Davidson,MEM000801,FAC045,2026-01-26T13:00:00,99213,109.93,Chennai,CLEAN
CLM-D83718C5,1000000077,Dr. Megan Young,MEM000927,FAC029,2026-06-21T09:00:00,99214,164.12,Chennai,CLEAN
CLM-011031D6,1000000133,Dr. Daniel Kennedy,MEM000568,FAC041,2026-01-23T13:00:00,99213,92.38,Chennai,CLEAN
CLM-68569ACE,1000000136,Dr. Robert Potter,MEM000470,FAC040,2026-03-18T14:00:00,99214,162.26,Chennai,CLEAN
CLM-BFE4D00A,1000000178,Dr. Lawrence Adkins,MEM000076,FAC049,2026-06-05T12:00:00,71045,79.62,Chennai,CLEAN
CLM-D9C5D6C8,1000000130,Dr. Elizabeth Kelley,MEM000377,FAC031,2026-04-08T13:00:00,71045,75.0,Chennai,CLEAN
CLM-1DA36859,1000000018,Dr. Lisa Jackson,MEM000244,FAC035,2026-01-21T09:00:00,71045,76.83,Chennai,CLEAN
CLM-641B0222,1000000028,Dr. Zachary Hicks,MEM000673,FAC024,2026-02-01T13:00:00,99214,142.49,Chennai,CLEAN
CLM-27F1F2C9,1000000038,Dr. Elizabeth Fowler,MEM000121,FAC022,2026-03-14T09:00:00,99213,104.2,Chennai,CLEAN
CLM-C62B3BD9,1000000021,Dr. Patty Perez,MEM000942,FAC021,2026-02-25T14:00:00,99213,98.22,Chennai,CLEAN
CLM-36856F3D,1000000169,Dr. Daniel Murphy,MEM000443,FAC042,2026-02-17T15:00:00,99213,98.13,Chennai,CLEAN
CLM-C5EC33E8,1000000064,Dr. Jessica Callahan,MEM000833,FAC022,2026-03-28T11:00:00,99215,205.72,Chennai,CLEAN
CLM-3377B712,1000000167,Dr. Alyssa Day,MEM000508,FAC047,2026-03-21T10:00:00,99213,92.78,Chennai,CLEAN
CLM-25B677B5,1000000093,Dr. Christina Walters,MEM000289,FAC031,2026-01-17T16:00:00,93000,60.51,Chennai,CLEAN
CLM-98363724,1000000180,Dr. Alexander Collins,MEM000628,FAC017,2026-05-14T17:00:00,99215,216.74,Chennai,CLEAN
CLM-B9304024,1000000154,Dr. Brenda Hall,MEM000289,FAC032,2026-05-26T12:00:00,99213,90.61,Chennai,CLEAN
CLM-C4029296,1000000027,Dr. Stephanie Ross,MEM000605,FAC040,2026-06-29T14:00:00,71045,79.22,Chennai,CLEAN
CLM-3DB65427,1000000169,Dr. Daniel Murphy,MEM000939,FAC025,2026-02-23T14:00:00,99215,232.25,Chennai,CLEAN
CLM-D3483FB7,1000000075,Dr. Sarah Moore,MEM000907,FAC009,2026-02-17T16:00:00,99213,99.11,Chennai,CLEAN
CLM-8CAD7674,1000000099,Dr. Stephen Mckee,MEM000413,FAC008,2026-06-17T14:00:00,71045,77.87,Chennai,CLEAN
CLM-843F00DC,1000000066,Dr. Tracy House,MEM000391,FAC000,2026-05-02T09:00:00,99213,91.66,Chennai,CLEAN
CLM-4C93619B,1000000167,Dr. Alyssa Day,MEM000943,FAC017,2026-01-29T12:00:00,99213,109.74,Chennai,CLEAN
CLM-98F866D3,1000000096,Dr. Aaron Wise,MEM000521,FAC041,2026-04-18T11:00:00,99215,199.78,Chennai,CLEAN
CLM-F63B1F61,1000000179,Dr. Robert Oconnell,MEM000524,FAC028,2026-01-27T09:00:00,99213,109.37,Chennai,CLEAN
CLM-BA5340B7,1000000105,Dr. Marc Moore,MEM000418,FAC034,2026-06-03T09:00:00,99215,241.48,Chennai,CLEAN
CLM-946ED1FE,1000000194,Dr. John Bishop,MEM000102,FAC031,2026-02-04T17:00:00,99214,135.23,Chennai,CLEAN
CLM-5328729E,1000000104,Dr. Richard Henson,MEM000172,FAC012,2026-05-09T10:00:00,99213,97.02,Chennai,CLEAN
CLM-F41B660C,1777777777,Dr. Synthetic-C (Upcoder),MEM000675,FAC010,2026-02-05T12:00:00,99214,151.57,Mumbai,CLEAN
CLM-6B0400F3,1000000046,Dr. John Pierce,MEM000179,FAC035,2026-02-09T13:00:00,99213,100.72,Chennai,CLEAN
CLM-C7E589DA,1000000120,Dr. Larry Dixon,MEM000334,FAC009,2026-05-15T12:00:00,99215,242.0,Chennai,CLEAN
CLM-D911FFE7,1000000151,Dr. Pamela Boyd,MEM000609,FAC019,2026-01-09T09:00:00,99215,202.06,Chennai,CLEAN
CLM-2A857AE2,1000000185,Dr. Dr. Hannah Patterson,MEM000769,FAC035,2026-03-10T16:00:00,93000,63.63,Chennai,CLEAN
CLM-07D9361E,1000000058,Dr. Brent Jordan,MEM000381,FAC006,2026-06-30T10:00:00,99214,145.41,Chennai,CLEAN
CLM-F61C65FF,1000000007,Dr. Gina Moore,MEM000845,FAC049,2026-03-22T12:00:00,99215,240.56,Chennai,CLEAN
CLM-EAE6C59E,1000000113,Dr. Crystal Johnson,MEM000949,FAC009,2026-02-12T17:00:00,93000,55.58,Chennai,CLEAN
CLM-13CA93DD,1000000001,Dr. Noah Rhodes,MEM000810,FAC027,2026-03-16T10:00:00,99215,240.09,Chennai,CLEAN
CLM-37D9DDD6,1000000142,Dr. Patricia Rodriguez,MEM000041,FAC038,2026-04-29T17:00:00,99214,135.88,Chennai,CLEAN
CLM-9FE5A330,1000000138,Dr. David Alvarez,MEM000017,FAC004,2026-01-07T13:00:00,99213,102.44,Chennai,CLEAN
CLM-8E4D636E,1000000182,Dr. Angela Vaughn,MEM000965,FAC021,2026-03-04T13:00:00,99213,102.27,Chennai,CLEAN
CLM-2F67A708,1000000194,Dr. John Bishop,MEM000129,FAC048,2026-05-11T10:00:00,99215,210.67,Chennai,CLEAN
CLM-EDD817C2,1000000142,Dr. Patricia Rodriguez,MEM000419,FAC029,2026-03-15T11:00:00,93000,54.44,Chennai,CLEAN
CLM-D10A490C,1000000021,Dr. Patty Perez,MEM000656,FAC032,2026-06-22T17:00:00,93000,56.68,Chennai,CLEAN
CLM-690831AB,1000000098,Dr. Jessica Smith,MEM000227,FAC048,2026-03-30T16:00:00,93000,61.71,Chennai,CLEAN
CLM-8750A9C2,1000000006,Dr. Abigail Shaffer,MEM000689,FAC014,2026-04-29T17:00:00,93000,63.28,Chennai,CLEAN
CLM-0FC5750D,1000000170,Dr. Jamie Walton,MEM000149,FAC006,2026-02-26T16:00:00,99215,238.97,Chennai,CLEAN
CLM-7F21C94B,1000000061,Dr. Gerald Hensley,MEM000841,FAC046,2026-04-14T09:00:00,99215,233.83,Chennai,CLEAN
CLM-F6ED6B59,1000000141,Dr. David Douglas Jr.,MEM000330,FAC022,2026-05-07T14:00:00,93000,60.87,Chennai,CLEAN
CLM-A24F1B81,1000000178,Dr. Lawrence Adkins,MEM000786,FAC001,2026-05-20T13:00:00,99214,152.28,Chennai,CLEAN
CLM-4D10E7D9,1000000188,Dr. Madison Poole,MEM000000,FAC026,2026-06-04T15:00:00,93000,61.65,Chennai,CLEAN
CLM-54E0DDF5,1000000176,Dr. Michael Elliott,MEM000305,FAC022,2026-02-09T17:00:00,93000,63.61,Chennai,CLEAN
CLM-EF6A9E0A,1000000109,Dr. Sharon Cochran,MEM000015,FAC024,2026-01-18T09:00:00,71045,77.3,Chennai,CLEAN
CLM-12F38FF4,1000000117,Dr. Ashley Waller,MEM000246,FAC014,2026-04-26T13:00:00,99215,217.54,Chennai,CLEAN
CLM-76E01722,1000000011,Dr. Jamie Arnold,MEM000084,FAC025,2026-03-23T11:00:00,71045,78.63,Chennai,CLEAN
CLM-C19DEF97,1000000057,Dr. Richard Aguirre,MEM000428,FAC042,2026-05-24T10:00:00,99215,223.86,Chennai,CLEAN
CLM-1D8CC8AA,1000000141,Dr. David Douglas Jr.,MEM000059,FAC008,2026-04-02T12:00:00,99213,100.24,Chennai,CLEAN
CLM-05EA2A11,1000000049,Dr. Eric Carney,MEM000490,FAC046,2026-04-13T11:00:00,93000,64.19,Chennai,CLEAN
CLM-DA1D5D3A,1000000075,Dr. Sarah Moore,MEM000275,FAC019,2026-04-28T16:00:00,99214,144.69,Chennai,CLEAN
CLM-2BF8F218,1000000002,Dr. Angie Henderson,MEM000544,FAC018,2026-06-22T11:00:00,99214,157.32,Chennai,CLEAN
CLM-02871E5A,1000000064,Dr. Jessica Callahan,MEM000178,FAC013,2026-03-19T17:00:00,99213,105.34,Chennai,CLEAN
CLM-6FE9DAC1,1000000070,Dr. Jordan Henderson,MEM000081,FAC029,2026-02-02T13:00:00,99213,104.4,Chennai,CLEAN
CLM-5AD2689C,1000000087,Dr. Christopher Bass,MEM000252,FAC025,2026-06-03T10:00:00,99215,221.52,Chennai,CLEAN
CLM-085EA3DF,1000000080,Dr. Kelly Donovan,MEM000469,FAC018,2026-05-30T09:00:00,71045,74.79,Chennai,CLEAN
CLM-4A6F3D76,1000000127,Dr. Jason Powell,MEM000576,FAC024,2026-01-04T11:00:00,99215,205.24,Chennai,CLEAN
CLM-C40B9F55,1000000115,Dr. Diana May,MEM000062,FAC015,2026-02-24T12:00:00,99214,153.62,Chennai,CLEAN
CLM-CB6A38AE,1000000086,Dr. Shirley Suarez,MEM000691,FAC038,2026-03-16T14:00:00,99214,162.93,Chennai,CLEAN
CLM-768988FA,1000000021,Dr. Patty Perez,MEM000329,FAC040,2026-05-18T11:00:00,93000,58.64,Chennai,CLEAN
CLM-F437429B,1000000011,Dr. Jamie Arnold,MEM000286,FAC001,2026-02-05T15:00:00,71045,74.94,Chennai,CLEAN
CLM-34F0A1CA,1000000176,Dr. Michael Elliott,MEM000632,FAC038,2026-01-24T16:00:00,99214,137.98,Chennai,CLEAN
CLM-D483822B,1000000075,Dr. Sarah Moore,MEM000974,FAC010,2026-06-03T11:00:00,99214,135.79,Chennai,CLEAN
CLM-E9519FA4,1000000022,Dr. Ethan Adams,MEM000417,FAC029,2026-05-19T11:00:00,99213,97.18,Chennai,CLEAN
CLM-82F1D246,1000000061,Dr. Gerald Hensley,MEM000604,FAC011,2026-04-14T15:00:00,93000,56.52,Chennai,CLEAN
CLM-D91200FD,1000000001,Dr. Noah Rhodes,MEM000405,FAC014,2026-02-02T14:00:00,99213,109.42,Chennai,CLEAN
CLM-7C2AE9CF,1000000031,Dr. James Ferrell,MEM000859,FAC014,2026-05-31T11:00:00,93000,54.54,Chennai,CLEAN
CLM-C9BD0E01,1000000136,Dr. Robert Potter,MEM000798,FAC022,2026-01-02T11:00:00,99214,136.35,Chennai,CLEAN
CLM-CCF89D8E,1000000024,Dr. Matthew Foster,MEM000687,FAC037,2026-01-13T10:00:00,93000,56.87,Chennai,CLEAN
CLM-6F5348BB,1000000062,Dr. Connor West,MEM000216,FAC023,2026-06-08T12:00:00,71045,81.67,Chennai,CLEAN
CLM-6E849E3F,1000000021,Dr. Patty Perez,MEM000618,FAC003,2026-01-01T09:00:00,99213,93.68,Chennai,CLEAN
CLM-00F5A1AA,1000000148,Dr. Kathy Rivas,MEM000663,FAC021,2026-04-21T10:00:00,71045,74.34,Chennai,CLEAN
CLM-2691AC29,1000000087,Dr. Christopher Bass,MEM000385,FAC045,2026-06-23T13:00:00,71045,73.02,Chennai,CLEAN
CLM-75EC3437,1000000189,Dr. Jessica Gross,MEM000377,FAC022,2026-06-03T13:00:00,99213,104.54,Chennai,CLEAN
CLM-8B36D7F4,1000000148,Dr. Kathy Rivas,MEM000636,FAC009,2026-02-28T09:00:00,99215,232.93,Chennai,CLEAN
CLM-9619E0BC,1000000088,Dr. Lisa Archer,MEM000744,FAC013,2026-02-04T12:00:00,99213,109.25,Chennai,CLEAN
CLM-88E2DAD6,1000000166,Dr. Alyssa Long,MEM000642,FAC029,2026-04-30T17:00:00,99213,95.7,Chennai,CLEAN
CLM-9DC7CDB6,1000000096,Dr. Aaron Wise,MEM000296,FAC028,2026-03-15T12:00:00,71045,72.21,Chennai,CLEAN
CLM-D4C35BFD,1000000189,Dr. Jessica Gross,MEM000121,FAC039,2026-03-17T14:00:00,99214,155.33,Chennai,CLEAN
CLM-7A17FE5D,1000000179,Dr. Robert Oconnell,MEM000934,FAC006,2026-01-21T16:00:00,71045,78.85,Chennai,CLEAN
CLM-5052AE56,1000000107,Dr. Sierra Johnson,MEM000728,FAC027,2026-03-29T09:00:00,99215,205.78,Chennai,CLEAN
CLM-025FE72B,1000000120,Dr. Larry Dixon,MEM000663,FAC048,2026-04-18T10:00:00,99214,135.8,Chennai,CLEAN
CLM-9FB4A4F4,1000000147,Dr. Stephanie Salazar,MEM000163,FAC035,2026-01-23T14:00:00,71045,80.76,Chennai,CLEAN
CLM-99A9E590,1000000104,Dr. Richard Henson,MEM000678,FAC004,2026-06-09T09:00:00,99214,138.96,Chennai,CLEAN
CLM-F85E2421,1000000017,Dr. Derek Zuniga,MEM000691,FAC007,2026-04-11T16:00:00,93000,62.16,Chennai,CLEAN
CLM-8540DA2F,1000000113,Dr. Crystal Johnson,MEM000024,FAC024,2026-06-11T16:00:00,71045,75.27,Chennai,CLEAN
CLM-F0F9CC02,1000000062,Dr. Connor West,MEM000138,FAC009,2026-02-20T16:00:00,99213,100.78,Chennai,CLEAN
CLM-37894DFA,1000000149,Dr. Stephanie Manning,MEM000159,FAC004,2026-02-05T15:00:00,93000,62.65,Chennai,CLEAN
CLM-0FE41602,1000000165,Dr. John Anderson,MEM000524,FAC023,2026-04-17T12:00:00,71045,73.34,Chennai,CLEAN
CLM-B601BE27,1000000073,Dr. Lauren Daniels,MEM000866,FAC009,2026-06-05T13:00:00,99214,135.65,Chennai,CLEAN
CLM-B3F2015C,1000000007,Dr. Gina Moore,MEM000961,FAC047,2026-03-04T16:00:00,99215,232.01,Chennai,CLEAN
CLM-E4CC2C0D,1000000062,Dr. Connor West,MEM000583,FAC048,2026-05-18T11:00:00,99214,156.09,Chennai,CLEAN
CLM-3F35BDEE,1000000018,Dr. Lisa Jackson,MEM000212,FAC009,2026-03-08T15:00:00,99215,224.38,Chennai,CLEAN
CLM-07205BB7,1000000160,Dr. Paul Castaneda,MEM000514,FAC024,2026-04-08T12:00:00,99214,164.13,Chennai,CLEAN
CLM-9FA5D184,1000000193,Dr. Angelica Keith,MEM000987,FAC034,2026-03-08T10:00:00,71045,82.55,Chennai,CLEAN
CLM-0F5A3FE5,1000000051,Dr. Danny Morgan,MEM000820,FAC043,2026-05-08T15:00:00,99215,223.09,Chennai,CLEAN
CLM-FE57C4A9,1000000087,Dr. Christopher Bass,MEM000917,FAC013,2026-05-15T11:00:00,99213,91.88,Chennai,CLEAN
CLM-1D044A99,1000000199,Dr. Nathan Freeman,MEM000281,FAC042,2026-01-08T15:00:00,99215,205.2,Chennai,CLEAN
CLM-935C4C80,1000000109,Dr. Sharon Cochran,MEM000402,FAC018,2026-02-17T15:00:00,71045,85.85,Chennai,CLEAN
CLM-2DC1BB4D,1000000056,Dr. Timothy Duncan,MEM000892,FAC023,2026-01-17T11:00:00,71045,74.93,Chennai,CLEAN
CLM-30360F3E,1000000071,Dr. Whitney Peters,MEM000323,FAC022,2026-02-26T12:00:00,71045,87.2,Chennai,CLEAN
CLM-CFC66A63,1000000093,Dr. Christina Walters,MEM000688,FAC025,2026-03-22T15:00:00,93000,59.63,Chennai,CLEAN
CLM-B9EEF833,1000000105,Dr. Marc Moore,MEM000266,FAC033,2026-04-23T17:00:00,99215,223.9,Chennai,CLEAN
CLM-01EB0A67,1000000040,Dr. Paula Moreno,MEM000168,FAC017,2026-05-28T13:00:00,99215,234.54,Chennai,CLEAN
CLM-749442AA,1000000005,Dr. Connie Lawrence,MEM000314,FAC026,2026-06-10T11:00:00,99215,198.26,Chennai,CLEAN
CLM-0FAB9C53,1000000105,Dr. Marc Moore,MEM000592,FAC008,2026-05-26T15:00:00,99215,214.86,Chennai,CLEAN
CLM-4DB02C57,1000000085,Dr. Daniel Baker,MEM000879,FAC007,2026-02-06T09:00:00,71045,84.25,Chennai,CLEAN
CLM-D896865C,1000000192,Dr. Debra Christian,MEM000458,FAC026,2026-05-07T11:00:00,93000,65.34,Chennai,CLEAN
CLM-55E295FF,1000000189,Dr. Jessica Gross,MEM000327,FAC044,2026-01-06T16:00:00,93000,63.33,Chennai,CLEAN
CLM-2F09F201,1000000065,Dr. Amber Kidd,MEM000701,FAC017,2026-02-05T10:00:00,99214,152.27,Chennai,CLEAN
CLM-E919EE62,1000000077,Dr. Megan Young,MEM000447,FAC042,2026-04-06T09:00:00,99214,139.42,Chennai,CLEAN
CLM-46D771DA,1000000050,Dr. Jessica Holmes,MEM000299,FAC031,2026-04-29T17:00:00,99213,95.74,Chennai,CLEAN
CLM-F47D387F,1000000088,Dr. Lisa Archer,MEM000995,FAC031,2026-05-26T16:00:00,99214,146.21,Chennai,CLEAN
CLM-6A743FC3,1000000133,Dr. Daniel Kennedy,MEM000298,FAC044,2026-06-17T09:00:00,71045,72.39,Chennai,CLEAN
CLM-4155F091,1000000058,Dr. Brent Jordan,MEM000665,FAC039,2026-05-16T11:00:00,99213,95.85,Chennai,CLEAN
CLM-15AD075B,1000000142,Dr. Patricia Rodriguez,MEM000696,FAC009,2026-03-04T12:00:00,71045,82.32,Chennai,CLEAN
CLM-98E01E55,1000000039,Dr. Brittany Farmer,MEM000710,FAC003,2026-05-26T13:00:00,99215,200.82,Chennai,CLEAN
CLM-42D597BD,1000000101,Dr. Cameron Parker,MEM000499,FAC025,2026-04-24T09:00:00,71045,75.15,Chennai,CLEAN
CLM-5055585D,1000000161,Dr. Jennifer Adkins,MEM000224,FAC042,2026-02-05T17:00:00,71045,75.21,Chennai,CLEAN
CLM-490DE927,1000000028,Dr. Zachary Hicks,MEM000068,FAC008,2026-02-08T09:00:00,99213,107.83,Chennai,CLEAN
CLM-CC0DFC29,1000000184,Dr. Lindsay Martinez,MEM000692,FAC033,2026-03-16T17:00:00,99215,203.57,Chennai,CLEAN
CLM-2CEA645E,1000000064,Dr. Jessica Callahan,MEM000791,FAC034,2026-02-22T12:00:00,99214,147.69,Chennai,CLEAN
CLM-977831A4,1000000115,Dr. Diana May,MEM000691,FAC036,2026-04-08T09:00:00,93000,56.0,Chennai,CLEAN
CLM-078800E6,1000000176,Dr. Michael Elliott,MEM000553,FAC038,2026-04-14T16:00:00,99213,103.95,Chennai,CLEAN
CLM-84223965,1000000097,Dr. Deborah Figueroa,MEM000008,FAC021,2026-06-13T13:00:00,93000,65.01,Chennai,CLEAN
CLM-A983C041,1000000111,Dr. Shannon Walker,MEM000897,FAC038,2026-02-04T09:00:00,93000,65.82,Chennai,CLEAN
CLM-84459CE0,1000000107,Dr. Sierra Johnson,MEM000286,FAC036,2026-01-14T10:00:00,99214,139.37,Chennai,CLEAN
CLM-86864674,1000000159,Dr. Jamie Smith,MEM000378,FAC048,2026-01-24T12:00:00,99215,200.2,Chennai,CLEAN
CLM-7C49FF58,1000000167,Dr. Alyssa Day,MEM000992,FAC000,2026-01-20T10:00:00,99215,210.84,Chennai,CLEAN
CLM-6AB0C556,1000000028,Dr. Zachary Hicks,MEM000486,FAC022,2026-05-16T09:00:00,93000,64.53,Chennai,CLEAN
CLM-ADFF47CE,1000000055,Dr. Michael Lewis,MEM000974,FAC033,2026-05-11T09:00:00,99215,209.23,Chennai,CLEAN
CLM-3386C3D1,1000000017,Dr. Derek Zuniga,MEM000062,FAC018,2026-01-16T13:00:00,99214,136.92,Chennai,CLEAN
CLM-0FFD2287,1000000103,Dr. Christine Wright,MEM000394,FAC032,2026-03-29T10:00:00,99214,160.01,Chennai,CLEAN
CLM-D011751E,1000000048,Dr. Joshua Blair,MEM000534,FAC040,2026-06-17T10:00:00,99215,220.66,Chennai,CLEAN
CLM-CCB2C9E1,1000000055,Dr. Michael Lewis,MEM000488,FAC019,2026-04-28T14:00:00,99215,220.25,Chennai,CLEAN
CLM-9D415334,1000000050,Dr. Jessica Holmes,MEM000043,FAC039,2026-06-13T09:00:00,99213,108.44,Chennai,CLEAN
CLM-629A76E3,1000000132,Dr. Mary Marshall,MEM000953,FAC020,2026-04-08T13:00:00,71045,73.76,Chennai,CLEAN
CLM-EA4DD88F,1000000115,Dr. Diana May,MEM000562,FAC016,2026-01-10T10:00:00,93000,54.45,Chennai,CLEAN
CLM-6635A35D,1000000118,Dr. Victor Baker,MEM000809,FAC042,2026-01-27T15:00:00,93000,60.33,Chennai,CLEAN
CLM-5578164E,1000000143,Dr. Christopher Rubio,MEM000661,FAC045,2026-02-22T16:00:00,99213,98.72,Chennai,CLEAN
CLM-AEC6F98C,1000000027,Dr. Stephanie Ross,MEM000374,FAC033,2026-04-10T15:00:00,93000,65.73,Chennai,CLEAN
CLM-D5ECF02E,1000000028,Dr. Zachary Hicks,MEM000087,FAC036,2026-05-27T16:00:00,71045,79.02,Chennai,CLEAN
CLM-4E2403E8,1000000148,Dr. Kathy Rivas,MEM000753,FAC045,2026-05-14T12:00:00,99214,139.79,Chennai,CLEAN
CLM-CA87E4D2,1000000016,Dr. Holly Wood,MEM000487,FAC002,2026-03-24T09:00:00,99215,240.66,Chennai,CLEAN
CLM-2C71C24F,1000000137,Dr. Courtney Gonzalez,MEM000212,FAC023,2026-02-18T13:00:00,99215,226.32,Chennai,CLEAN
CLM-A9F85141,1000000017,Dr. Derek Zuniga,MEM000602,FAC022,2026-04-19T14:00:00,71045,83.29,Chennai,CLEAN
CLM-9AA366BC,1000000139,Dr. Angel Perry,MEM000378,FAC015,2026-04-04T12:00:00,99214,152.36,Chennai,CLEAN
CLM-14853B62,1000000151,Dr. Pamela Boyd,MEM000788,FAC048,2026-05-11T11:00:00,99215,205.01,Chennai,CLEAN
CLM-B479144E,1000000102,Dr. Rebecca Valencia,MEM000675,FAC009,2026-01-25T16:00:00,71045,77.36,Chennai,CLEAN
CLM-028A8A38,1000000011,Dr. Jamie Arnold,MEM000068,FAC043,2026-03-26T17:00:00,99215,238.88,Chennai,CLEAN
CLM-9E0C5FA9,1000000109,Dr. Sharon Cochran,MEM000561,FAC031,2026-06-04T12:00:00,99213,106.3,Chennai,CLEAN
CLM-168C56B4,1000000198,Dr. Adam Vaughan,MEM000207,FAC000,2026-02-08T17:00:00,99215,207.0,Chennai,CLEAN
CLM-49B58A92,1000000118,Dr. Victor Baker,MEM000183,FAC030,2026-04-09T15:00:00,93000,60.72,Chennai,CLEAN
CLM-3502AE6C,1000000165,Dr. John Anderson,MEM000227,FAC016,2026-03-23T10:00:00,99215,233.68,Chennai,CLEAN
CLM-0BF77A1F,1000000181,Dr. Tina Sanders,MEM000062,FAC010,2026-03-23T11:00:00,93000,58.45,Chennai,CLEAN
CLM-0DF0C0BF,1000000076,Dr. Angela Lopez,MEM000436,FAC006,2026-03-03T09:00:00,93000,59.61,Chennai,CLEAN
CLM-83070E65,1000000048,Dr. Joshua Blair,MEM000963,FAC000,2026-05-18T16:00:00,99214,161.58,Chennai,CLEAN
CLM-A0B1A850,1000000002,Dr. Angie Henderson,MEM000654,FAC029,2026-02-27T17:00:00,99214,163.5,Chennai,CLEAN
CLM-252E589D,1000000121,Dr. Kenneth Scott,MEM000480,FAC029,2026-01-30T10:00:00,93000,57.51,Chennai,CLEAN
CLM-B27E544C,1000000081,Dr. Mike Allen,MEM000131,FAC044,2026-05-04T17:00:00,71045,75.17,Chennai,CLEAN
CLM-E93C6177,1000000199,Dr. Nathan Freeman,MEM000617,FAC003,2026-01-03T16:00:00,99213,92.93,Chennai,CLEAN
CLM-7D0599E9,1000000012,Dr. Lisa Hensley,MEM000847,FAC009,2026-03-13T11:00:00,99214,143.86,Chennai,CLEAN
CLM-95F23E6B,1000000074,Dr. Amy Silva,MEM000500,FAC013,2026-06-23T09:00:00,99215,230.51,Chennai,CLEAN
CLM-9212CD52,1000000123,Dr. Michelle Harmon,MEM000869,FAC044,2026-06-19T16:00:00,71045,73.5,Chennai,CLEAN
CLM-D282042F,1000000158,Dr. Melissa Gates,MEM000854,FAC045,2026-04-20T10:00:00,93000,60.99,Chennai,CLEAN
CLM-AD2CBAEE,1000000121,Dr. Kenneth Scott,MEM000110,FAC024,2026-04-04T15:00:00,99215,231.96,Chennai,CLEAN
CLM-25565907,1000000103,Dr. Christine Wright,MEM000788,FAC029,2026-04-15T13:00:00,99213,102.15,Chennai,CLEAN
CLM-48452B2F,1000000185,Dr. Dr. Hannah Patterson,MEM000697,FAC024,2026-05-15T12:00:00,99214,143.63,Chennai,CLEAN
CLM-CB93DC9C,1000000068,Dr. James Brown,MEM000016,FAC001,2026-06-07T14:00:00,99214,139.84,Chennai,CLEAN
CLM-6036EE73,1000000072,Dr. Brittney Phillips,MEM000967,FAC008,2026-06-22T15:00:00,99215,206.64,Chennai,CLEAN
CLM-2C636B33,1000000117,Dr. Ashley Waller,MEM000639,FAC012,2026-06-27T11:00:00,99214,160.13,Chennai,CLEAN
CLM-90F339BD,1000000148,Dr. Kathy Rivas,MEM000077,FAC048,2026-03-08T12:00:00,93000,62.44,Chennai,CLEAN
CLM-C7F678DC,1000000117,Dr. Ashley Waller,MEM000021,FAC023,2026-06-27T13:00:00,71045,82.75,Chennai,CLEAN
CLM-C03D3B60,1000000107,Dr. Sierra Johnson,MEM000051,FAC048,2026-01-30T14:00:00,71045,84.62,Chennai,CLEAN
CLM-E1E4F402,1000000150,Dr. David Wright,MEM000117,FAC005,2026-03-26T09:00:00,99213,90.88,Chennai,CLEAN
CLM-BC6E4A76,1000000101,Dr. Cameron Parker,MEM000725,FAC009,2026-04-18T09:00:00,99213,100.08,Chennai,CLEAN
CLM-0D49C494,1000000034,Dr. Debra Davidson,MEM000410,FAC022,2026-05-24T12:00:00,99215,235.17,Chennai,CLEAN
CLM-7291188E,1000000086,Dr. Shirley Suarez,MEM000612,FAC029,2026-05-23T12:00:00,99214,144.56,Chennai,CLEAN
CLM-DA18403C,1000000129,Dr. Megan Orr,MEM000512,FAC045,2026-02-22T14:00:00,71045,86.31,Chennai,CLEAN
CLM-5EDC3E8F,1000000153,Dr. Devon Flores,MEM000191,FAC006,2026-03-14T15:00:00,71045,81.12,Chennai,CLEAN
CLM-AC487C64,1000000064,Dr. Jessica Callahan,MEM000393,FAC015,2026-05-10T15:00:00,71045,85.65,Chennai,CLEAN
CLM-3239269C,1000000173,Dr. Matthew Harrington,MEM000851,FAC015,2026-02-09T09:00:00,99214,137.75,Chennai,CLEAN
CLM-F7BD4BB8,1000000126,Dr. Michelle Evans,MEM000709,FAC008,2026-06-18T15:00:00,71045,77.84,Chennai,CLEAN
CLM-470FB2AD,1000000199,Dr. Nathan Freeman,MEM000530,FAC009,2026-03-21T15:00:00,93000,58.0,Chennai,CLEAN
CLM-0BA07DD3,1000000151,Dr. Pamela Boyd,MEM000923,FAC010,2026-05-08T11:00:00,99215,198.12,Chennai,CLEAN
CLM-9F8E0828,1000000008,Dr. Gabrielle Davis,MEM000705,FAC047,2026-06-22T11:00:00,99213,100.92,Chennai,CLEAN
CLM-66732684,1000000170,Dr. Jamie Walton,MEM000050,FAC005,2026-03-19T15:00:00,99213,96.39,Chennai,CLEAN
CLM-97EC5617,1000000150,Dr. David Wright,MEM000024,FAC035,2026-03-28T13:00:00,99214,159.72,Chennai,CLEAN
CLM-12966498,1000000126,Dr. Michelle Evans,MEM000898,FAC007,2026-04-13T12:00:00,99213,107.58,Chennai,CLEAN
CLM-3E831091,1000000178,Dr. Lawrence Adkins,MEM000742,FAC012,2026-03-02T14:00:00,71045,85.52,Chennai,CLEAN
CLM-E1F09649,1000000055,Dr. Michael Lewis,MEM000390,FAC038,2026-02-21T09:00:00,99213,108.14,Chennai,CLEAN
CLM-74142A23,1000000014,Dr. Dylan Miller,MEM000739,FAC002,2026-05-31T09:00:00,93000,63.85,Chennai,CLEAN
CLM-554D572E,1000000150,Dr. David Wright,MEM000240,FAC004,2026-05-22T16:00:00,93000,55.37,Chennai,CLEAN
CLM-9CEBB783,1000000000,Dr. Allison Hill,MEM000828,FAC019,2026-05-17T09:00:00,99214,150.8,Chennai,CLEAN
CLM-D19EB9FF,1000000059,Dr. John Daniel,MEM000343,FAC044,2026-03-13T10:00:00,99215,221.93,Chennai,CLEAN
CLM-A1C6C712,1000000153,Dr. Devon Flores,MEM000774,FAC011,2026-06-09T09:00:00,93000,62.88,Chennai,CLEAN
CLM-ED0F4392,1000000012,Dr. Lisa Hensley,MEM000945,FAC016,2026-06-30T12:00:00,71045,78.67,Chennai,CLEAN
CLM-5442F891,1000000022,Dr. Ethan Adams,MEM000248,FAC049,2026-04-17T15:00:00,99214,151.01,Chennai,CLEAN
CLM-889C6125,1000000164,Dr. Michael Powell,MEM000025,FAC032,2026-01-22T11:00:00,99214,155.23,Chennai,CLEAN
CLM-4A885297,1000000109,Dr. Sharon Cochran,MEM000532,FAC004,2026-03-31T13:00:00,71045,86.31,Chennai,CLEAN
CLM-0A5CB709,1000000065,Dr. Amber Kidd,MEM000787,FAC029,2026-01-01T14:00:00,99214,137.21,Chennai,CLEAN
CLM-A2F10816,1000000022,Dr. Ethan Adams,MEM000037,FAC022,2026-06-24T17:00:00,99214,155.23,Chennai,CLEAN
CLM-7F1457F9,1000000189,Dr. Jessica Gross,MEM000250,FAC000,2026-06-06T15:00:00,71045,86.88,Chennai,CLEAN
CLM-E936CBDF,1000000154,Dr. Brenda Hall,MEM000458,FAC039,2026-05-09T13:00:00,99214,137.84,Chennai,CLEAN
CLM-91C77B3C,1000000149,Dr. Stephanie Manning,MEM000127,FAC047,2026-03-20T11:00:00,71045,81.7,Chennai,CLEAN
CLM-7E33BEF4,1000000121,Dr. Kenneth Scott,MEM000417,FAC046,2026-04-02T09:00:00,99213,98.11,Chennai,CLEAN
CLM-99994ECB,1000000124,Dr. Helen Jones,MEM000437,FAC030,2026-06-26T10:00:00,93000,59.94,Chennai,CLEAN
CLM-E07C0BB1,1000000101,Dr. Cameron Parker,MEM000890,FAC008,2026-06-18T17:00:00,93000,63.73,Chennai,CLEAN
CLM-3FF53CEE,1000000055,Dr. Michael Lewis,MEM000418,FAC015,2026-04-21T17:00:00,93000,64.87,Chennai,CLEAN
CLM-A6A9E078,1000000170,Dr. Jamie Walton,MEM000366,FAC001,2026-01-23T15:00:00,99214,148.8,Chennai,CLEAN
CLM-B545760B,1000000102,Dr. Rebecca Valencia,MEM000176,FAC037,2026-02-10T11:00:00,71045,78.92,Chennai,CLEAN
CLM-2D8A2FD9,1000000113,Dr. Crystal Johnson,MEM000527,FAC044,2026-05-12T09:00:00,93000,62.39,Chennai,CLEAN
CLM-A569129D,1000000049,Dr. Eric Carney,MEM000458,FAC041,2026-04-12T10:00:00,71045,87.83,Chennai,CLEAN
CLM-DCD4A074,1000000083,Dr. Paul Jones,MEM000173,FAC011,2026-05-21T17:00:00,93000,54.01,Chennai,CLEAN
CLM-6E04DC00,1000000074,Dr. Amy Silva,MEM000594,FAC037,2026-03-03T14:00:00,93000,60.43,Chennai,CLEAN
CLM-76158D45,1000000034,Dr. Debra Davidson,MEM000331,FAC021,2026-06-09T16:00:00,71045,79.44,Chennai,CLEAN
CLM-E9DD00EE,1000000111,Dr. Shannon Walker,MEM000330,FAC038,2026-05-07T15:00:00,99215,199.1,Chennai,CLEAN
CLM-F4E9B3A2,1000000048,Dr. Joshua Blair,MEM000934,FAC035,2026-04-05T17:00:00,99213,96.34,Chennai,CLEAN
CLM-05CBB8AF,1000000018,Dr. Lisa Jackson,MEM000940,FAC045,2026-03-16T10:00:00,71045,73.75,Chennai,CLEAN
CLM-FD43FEAD,1000000199,Dr. Nathan Freeman,MEM000396,FAC021,2026-05-04T17:00:00,93000,56.26,Chennai,CLEAN
CLM-0139B8FC,1000000017,Dr. Derek Zuniga,MEM000976,FAC008,2026-06-01T14:00:00,71045,77.61,Chennai,CLEAN
CLM-57181B0E,1000000023,Dr. Tommy Walter,MEM000547,FAC034,2026-04-23T10:00:00,99213,106.83,Chennai,CLEAN
CLM-05FEBE82,1000000078,Dr. Steve Sanchez,MEM000538,FAC027,2026-01-11T09:00:00,99215,232.05,Chennai,CLEAN
CLM-57FBBFB0,1000000001,Dr. Noah Rhodes,MEM000735,FAC038,2026-02-17T13:00:00,99215,224.15,Chennai,CLEAN
CLM-74ED82B5,1000000163,Dr. Jeffrey Johnson,MEM000185,FAC033,2026-04-25T17:00:00,71045,77.59,Chennai,CLEAN
CLM-C931191A,1000000118,Dr. Victor Baker,MEM000050,FAC040,2026-03-01T09:00:00,99214,152.69,Chennai,CLEAN
CLM-E208B602,1000000004,Dr. Cristian Santos,MEM000126,FAC006,2026-02-08T14:00:00,99213,91.28,Chennai,CLEAN
CLM-3953C1F8,1000000129,Dr. Megan Orr,MEM000400,FAC040,2026-01-10T16:00:00,99215,205.52,Chennai,CLEAN
CLM-0C3EF90B,1000000193,Dr. Angelica Keith,MEM000992,FAC001,2026-04-13T14:00:00,99214,164.86,Chennai,CLEAN
CLM-E6905F5C,1000000041,Dr. Fred Smith,MEM000232,FAC012,2026-04-15T12:00:00,99213,102.68,Chennai,CLEAN
CLM-7230CDFF,1000000004,Dr. Cristian Santos,MEM000393,FAC010,2026-01-11T09:00:00,71045,82.22,Chennai,CLEAN
CLM-A6F17A21,1000000005,Dr. Connie Lawrence,MEM000962,FAC008,2026-03-08T11:00:00,71045,82.42,Chennai,CLEAN
CLM-001A413F,1000000108,Dr. Evelyn Galvan,MEM000142,FAC016,2026-06-29T16:00:00,99215,208.53,Chennai,CLEAN
CLM-9214716D,1777777777,Dr. Synthetic-C (Upcoder),MEM000752,FAC040,2026-03-15T09:00:00,99215,219.77,Mumbai,CLEAN
CLM-962945A8,1999999999,Dr. Synthetic-A (Phantom),MEM000706,FAC005,2026-06-14T13:00:00,99215,215.21,Chennai,CLEAN
CLM-E9AB6F98,1000000169,Dr. Daniel Murphy,MEM000984,FAC038,2026-04-05T15:00:00,71045,76.09,Chennai,CLEAN
CLM-A1F3CE31,1000000184,Dr. Lindsay Martinez,MEM000389,FAC034,2026-05-07T12:00:00,99215,226.42,Chennai,CLEAN
CLM-B3689A9A,1000000064,Dr. Jessica Callahan,MEM000962,FAC023,2026-02-26T13:00:00,99215,229.88,Chennai,CLEAN
CLM-4A3C9B50,1000000071,Dr. Whitney Peters,MEM000389,FAC041,2026-04-20T17:00:00,93000,61.95,Chennai,CLEAN
CLM-938BBAFB,1000000107,Dr. Sierra Johnson,MEM000362,FAC032,2026-02-20T13:00:00,93000,56.38,Chennai,CLEAN
CLM-54219903,1000000075,Dr. Sarah Moore,MEM000575,FAC047,2026-02-28T14:00:00,93000,65.34,Chennai,CLEAN
CLM-3EA6999A,1000000161,Dr. Jennifer Adkins,MEM000163,FAC026,2026-05-07T12:00:00,71045,87.66,Chennai,CLEAN
CLM-1E797FE6,1000000076,Dr. Angela Lopez,MEM000530,FAC020,2026-03-03T11:00:00,99213,107.21,Chennai,CLEAN
CLM-3EB7DDB6,1000000117,Dr. Ashley Waller,MEM000484,FAC023,2026-05-15T16:00:00,99213,108.49,Chennai,CLEAN
CLM-3B76B577,1000000155,Dr. Michelle Brown,MEM000297,FAC015,2026-02-10T15:00:00,93000,60.73,Chennai,CLEAN
CLM-0C50EEDE,1000000168,Dr. Joel Williams,MEM000849,FAC041,2026-03-06T13:00:00,99214,161.14,Chennai,CLEAN
CLM-8049A491,1000000186,Dr. Jonathan Peterson,MEM000440,FAC038,2026-06-26T14:00:00,93000,54.38,Chennai,CLEAN
CLM-94009EBE,1000000006,Dr. Abigail Shaffer,MEM000781,FAC046,2026-03-20T14:00:00,99213,97.22,Chennai,CLEAN
CLM-6AF89487,1000000184,Dr. Lindsay Martinez,MEM000032,FAC038,2026-02-14T17:00:00,99215,215.64,Chennai,CLEAN
CLM-E403CB1F,1000000042,Dr. Sherry Decker,MEM000750,FAC000,2026-01-14T16:00:00,99214,143.41,Chennai,CLEAN
CLM-EDBD87B9,1000000194,Dr. John Bishop,MEM000617,FAC048,2026-02-20T09:00:00,71045,79.15,Chennai,CLEAN
CLM-493B469F,1000000189,Dr. Jessica Gross,MEM000501,FAC009,2026-06-01T14:00:00,99215,225.94,Chennai,CLEAN
CLM-EBB2090F,1000000088,Dr. Lisa Archer,MEM000682,FAC040,2026-06-25T09:00:00,99214,151.87,Chennai,CLEAN
CLM-EE673233,1000000007,Dr. Gina Moore,MEM000064,FAC026,2026-02-05T14:00:00,93000,65.91,Chennai,CLEAN
CLM-6EEFD69C,1000000028,Dr. Zachary Hicks,MEM000362,FAC002,2026-06-23T11:00:00,99213,96.0,Chennai,CLEAN
CLM-44E737DB,1000000087,Dr. Christopher Bass,MEM000023,FAC042,2026-02-17T17:00:00,99213,96.23,Chennai,CLEAN
CLM-19485E81,1000000087,Dr. Christopher Bass,MEM000232,FAC004,2026-02-05T16:00:00,93000,57.18,Chennai,CLEAN
CLM-F1E49EC2,1000000175,Dr. Alex Hernandez,MEM000703,FAC043,2026-06-25T12:00:00,99214,157.52,Chennai,CLEAN
CLM-C8FF854A,1000000158,Dr. Melissa Gates,MEM000879,FAC048,2026-03-26T12:00:00,99213,105.95,Chennai,CLEAN
CLM-1CBE8851,1000000185,Dr. Dr. Hannah Patterson,MEM000927,FAC006,2026-01-29T11:00:00,99214,154.7,Chennai,CLEAN
CLM-6718701B,1000000147,Dr. Stephanie Salazar,MEM000029,FAC017,2026-02-12T15:00:00,99215,206.12,Chennai,CLEAN
CLM-D0619E39,1000000117,Dr. Ashley Waller,MEM000836,FAC016,2026-02-08T17:00:00,71045,85.45,Chennai,CLEAN
CLM-F05CD0CF,1000000097,Dr. Deborah Figueroa,MEM000927,FAC011,2026-06-20T14:00:00,99213,103.84,Chennai,CLEAN
CLM-0B13936A,1000000134,Dr. Rebecca Jackson,MEM000372,FAC031,2026-02-27T17:00:00,99214,151.62,Chennai,CLEAN
CLM-69D898B7,1000000173,Dr. Matthew Harrington,MEM000358,FAC022,2026-03-16T14:00:00,99213,95.19,Chennai,CLEAN
CLM-F6353596,1000000193,Dr. Angelica Keith,MEM000441,FAC002,2026-06-04T10:00:00,93000,56.79,Chennai,CLEAN
CLM-C334BF6A,1000000024,Dr. Matthew Foster,MEM000080,FAC030,2026-06-20T13:00:00,99215,234.47,Chennai,CLEAN
CLM-FEFD01C5,1000000080,Dr. Kelly Donovan,MEM000773,FAC043,2026-02-26T16:00:00,99213,108.48,Chennai,CLEAN
CLM-C48D0563,1000000106,Dr. Sharon Cherry,MEM000138,FAC030,2026-02-17T17:00:00,99213,98.31,Chennai,CLEAN
CLM-E083DCA8,1000000051,Dr. Danny Morgan,MEM000253,FAC028,2026-03-06T15:00:00,99213,109.95,Chennai,CLEAN
CLM-79D6317A,1000000035,Dr. Jeffrey Chavez,MEM000866,FAC005,2026-06-20T14:00:00,71045,77.99,Chennai,CLEAN
CLM-65B45485,1000000108,Dr. Evelyn Galvan,MEM000736,FAC046,2026-02-12T15:00:00,99215,236.85,Chennai,CLEAN
CLM-78EAE558,1000000044,Dr. Angelica Tucker,MEM000771,FAC027,2026-01-08T17:00:00,99215,221.13,Chennai,CLEAN
CLM-E1EDE09E,1000000130,Dr. Elizabeth Kelley,MEM000999,FAC041,2026-04-24T15:00:00,99214,135.42,Chennai,CLEAN
CLM-A2D40849,1000000159,Dr. Jamie Smith,MEM000955,FAC003,2026-04-19T12:00:00,99213,102.07,Chennai,CLEAN
CLM-53BDF9B8,1000000110,Dr. Richard Rodriguez,MEM000246,FAC001,2026-03-02T14:00:00,99213,98.72,Chennai,CLEAN
CLM-5C87E47E,1000000126,Dr. Michelle Evans,MEM000963,FAC003,2026-03-21T14:00:00,99213,104.25,Chennai,CLEAN
CLM-338ED267,1000000184,Dr. Lindsay Martinez,MEM000630,FAC037,2026-05-19T11:00:00,99214,162.43,Chennai,CLEAN
CLM-E389F8A1,1000000180,Dr. Alexander Collins,MEM000740,FAC026,2026-04-23T12:00:00,99213,108.95,Chennai,CLEAN
CLM-E7094F44,1000000194,Dr. John Bishop,MEM000220,FAC017,2026-02-28T17:00:00,93000,60.37,Chennai,CLEAN
CLM-C0A1A9FF,1000000009,Dr. Ryan Munoz,MEM000315,FAC032,2026-03-30T10:00:00,99215,226.61,Chennai,CLEAN
CLM-4455ED71,1000000014,Dr. Dylan Miller,MEM000148,FAC023,2026-06-05T12:00:00,71045,76.76,Chennai,CLEAN
CLM-A5E98001,1000000011,Dr. Jamie Arnold,MEM000879,FAC043,2026-02-07T17:00:00,99214,158.56,Chennai,CLEAN
CLM-34BB3006,1000000060,Dr. Victoria Garcia,MEM000109,FAC015,2026-03-07T11:00:00,71045,77.79,Chennai,CLEAN
CLM-B1C72E66,1000000094,Dr. John Whitehead,MEM000452,FAC024,2026-04-30T11:00:00,93000,61.32,Chennai,CLEAN
CLM-CBA24BE7,1000000028,Dr. Zachary Hicks,MEM000735,FAC021,2026-03-16T09:00:00,99215,225.66,Chennai,CLEAN
CLM-2710D654,1000000049,Dr. Eric Carney,MEM000916,FAC005,2026-05-14T12:00:00,99215,208.94,Chennai,CLEAN
CLM-D321109F,1000000157,Dr. Jason Stein,MEM000381,FAC014,2026-01-22T09:00:00,99214,154.93,Chennai,CLEAN
CLM-2B469343,1000000149,Dr. Stephanie Manning,MEM000495,FAC030,2026-01-31T10:00:00,99215,198.7,Chennai,CLEAN
CLM-DA9ACBBC,1000000037,Dr. Cassandra Gaines,MEM000699,FAC037,2026-01-30T16:00:00,93000,55.52,Chennai,CLEAN
CLM-BCC15D39,1999999999,Dr. Synthetic-A (Phantom),MEM000982,FAC021,2026-01-17T16:00:00,99214,160.72,Chennai,CLEAN
CLM-3C2B9C61,1000000130,Dr. Elizabeth Kelley,MEM000114,FAC027,2026-02-06T10:00:00,99213,104.62,Chennai,CLEAN
CLM-8DBEDE41,1000000125,Dr. Erin Edwards,MEM000234,FAC039,2026-02-09T11:00:00,99213,101.87,Chennai,CLEAN
CLM-C58FEFC5,1000000063,Dr. Donald Wright,MEM000406,FAC036,2026-01-20T14:00:00,71045,75.49,Chennai,CLEAN
CLM-FFE57A30,1000000117,Dr. Ashley Waller,MEM000445,FAC049,2026-05-04T10:00:00,99213,97.18,Chennai,CLEAN
CLM-E26CBB9E,1000000144,Dr. Amber Wright,MEM000526,FAC043,2026-04-26T16:00:00,99213,98.84,Chennai,CLEAN
CLM-43AACC90,1000000074,Dr. Amy Silva,MEM000354,FAC038,2026-06-08T10:00:00,99215,235.99,Chennai,CLEAN
CLM-AB3B2C03,1000000014,Dr. Dylan Miller,MEM000260,FAC017,2026-03-23T09:00:00,99213,106.18,Chennai,CLEAN
CLM-9363CB47,1000000045,Dr. Philip Cannon,MEM000006,FAC008,2026-06-15T15:00:00,93000,56.93,Chennai,CLEAN
CLM-88D227BA,1000000126,Dr. Michelle Evans,MEM000568,FAC039,2026-01-09T12:00:00,99215,226.07,Chennai,CLEAN
CLM-2E4B5214,1000000014,Dr. Dylan Miller,MEM000174,FAC038,2026-03-22T17:00:00,71045,79.24,Chennai,CLEAN
CLM-6A045698,1000000101,Dr. Cameron Parker,MEM000048,FAC015,2026-06-16T09:00:00,99215,198.37,Chennai,CLEAN
CLM-796A3544,1000000199,Dr. Nathan Freeman,MEM000736,FAC013,2026-03-11T15:00:00,71045,82.87,Chennai,CLEAN
CLM-7E44BB69,1000000076,Dr. Angela Lopez,MEM000640,FAC004,2026-05-18T11:00:00,99214,158.66,Chennai,CLEAN
CLM-E18E9C29,1000000138,Dr. David Alvarez,MEM000517,FAC006,2026-01-12T10:00:00,99214,159.9,Chennai,CLEAN
CLM-1795E3DF,1000000170,Dr. Jamie Walton,MEM000135,FAC028,2026-02-14T10:00:00,99213,107.43,Chennai,CLEAN
CLM-BA27AFCE,1000000080,Dr. Kelly Donovan,MEM000102,FAC015,2026-03-04T13:00:00,71045,72.96,Chennai,CLEAN
CLM-6226B735,1000000139,Dr. Angel Perry,MEM000317,FAC010,2026-02-08T09:00:00,99213,94.7,Chennai,CLEAN
CLM-52FC33B8,1000000168,Dr. Joel Williams,MEM000560,FAC010,2026-04-03T12:00:00,99214,135.95,Chennai,CLEAN
CLM-38274633,1000000140,Dr. Cheyenne Horton,MEM000757,FAC012,2026-06-25T10:00:00,71045,80.37,Chennai,CLEAN
CLM-3AFF8D61,1000000185,Dr. Dr. Hannah Patterson,MEM000798,FAC040,2026-04-16T12:00:00,71045,85.46,Chennai,CLEAN
CLM-C5E6E460,1000000060,Dr. Victoria Garcia,MEM000550,FAC036,2026-06-23T10:00:00,71045,87.85,Chennai,CLEAN
CLM-A9B8BFE7,1000000188,Dr. Madison Poole,MEM000389,FAC038,2026-01-04T16:00:00,93000,61.11,Chennai,CLEAN
CLM-F0466FC8,1000000078,Dr. Steve Sanchez,MEM000663,FAC031,2026-04-20T16:00:00,99214,136.39,Chennai,CLEAN
CLM-265AC9C4,1000000005,Dr. Connie Lawrence,MEM000362,FAC008,2026-01-21T13:00:00,99213,105.61,Chennai,CLEAN
CLM-5F4EC073,1000000121,Dr. Kenneth Scott,MEM000935,FAC000,2026-04-27T10:00:00,71045,75.86,Chennai,CLEAN
CLM-BABAE6DB,1000000143,Dr. Christopher Rubio,MEM000373,FAC001,2026-06-17T17:00:00,93000,57.85,Chennai,CLEAN
CLM-52126B8C,1000000046,Dr. John Pierce,MEM000221,FAC029,2026-01-02T17:00:00,99215,201.56,Chennai,CLEAN
CLM-5D313B9E,1000000028,Dr. Zachary Hicks,MEM000903,FAC049,2026-05-30T10:00:00,93000,57.18,Chennai,CLEAN
CLM-7359E0B3,1000000164,Dr. Michael Powell,MEM000311,FAC023,2026-03-08T14:00:00,71045,81.69,Chennai,CLEAN
CLM-5B07BAD3,1000000036,Dr. Sherri Baker,MEM000631,FAC025,2026-03-30T14:00:00,71045,85.16,Chennai,CLEAN
CLM-E9667372,1000000153,Dr. Devon Flores,MEM000190,FAC029,2026-04-20T16:00:00,99213,94.73,Chennai,CLEAN
CLM-FC52764A,1000000114,Dr. Garrett Lin,MEM000751,FAC043,2026-01-30T17:00:00,93000,58.98,Chennai,CLEAN
CLM-48BC29AC,1000000036,Dr. Sherri Baker,MEM000866,FAC027,2026-03-03T14:00:00,71045,73.7,Chennai,CLEAN
CLM-1F84455C,1000000189,Dr. Jessica Gross,MEM000411,FAC048,2026-04-08T16:00:00,93000,56.63,Chennai,CLEAN
CLM-3A9765EC,1000000006,Dr. Abigail Shaffer,MEM000381,FAC023,2026-05-07T12:00:00,71045,73.58,Chennai,CLEAN
CLM-A8F4475A,1000000139,Dr. Angel Perry,MEM000866,FAC033,2026-05-03T13:00:00,99213,93.32,Chennai,CLEAN
CLM-F8FFD8C0,1000000035,Dr. Jeffrey Chavez,MEM000222,FAC043,2026-06-17T13:00:00,71045,87.38,Chennai,CLEAN
CLM-EB05C7D2,1000000077,Dr. Megan Young,MEM000304,FAC025,2026-04-08T11:00:00,71045,78.79,Chennai,CLEAN
CLM-CEC028DF,1000000186,Dr. Jonathan Peterson,MEM000223,FAC000,2026-03-17T10:00:00,99213,106.11,Chennai,CLEAN
CLM-4C941491,1000000106,Dr. Sharon Cherry,MEM000797,FAC006,2026-06-25T13:00:00,99214,153.79,Chennai,CLEAN
CLM-98D6D118,1000000026,Dr. Justin Baker,MEM000383,FAC011,2026-03-17T17:00:00,99214,138.38,Chennai,CLEAN
CLM-7F9CBB79,1000000101,Dr. Cameron Parker,MEM000544,FAC047,2026-04-18T12:00:00,71045,76.19,Chennai,CLEAN
CLM-30958BCE,1000000006,Dr. Abigail Shaffer,MEM000861,FAC016,2026-04-10T14:00:00,71045,80.62,Chennai,CLEAN
CLM-8AB8FE18,1000000144,Dr. Amber Wright,MEM000396,FAC037,2026-05-11T16:00:00,99213,94.33,Chennai,CLEAN
CLM-6CEA7156,1000000141,Dr. David Douglas Jr.,MEM000572,FAC049,2026-03-01T09:00:00,99213,95.57,Chennai,CLEAN
CLM-F1B6EF82,1000000056,Dr. Timothy Duncan,MEM000498,FAC043,2026-06-04T12:00:00,71045,83.66,Chennai,CLEAN
CLM-A8B48E95,1000000176,Dr. Michael Elliott,MEM000863,FAC005,2026-03-30T11:00:00,99214,158.38,Chennai,CLEAN
CLM-818A67A0,1000000180,Dr. Alexander Collins,MEM000970,FAC038,2026-01-30T11:00:00,71045,86.96,Chennai,CLEAN
CLM-AD0F1888,1000000098,Dr. Jessica Smith,MEM000337,FAC038,2026-02-27T13:00:00,99213,90.87,Chennai,CLEAN
CLM-AF6C447A,1000000067,Dr. Carol Tucker,MEM000051,FAC024,2026-06-25T11:00:00,93000,55.13,Chennai,CLEAN
CLM-8A9F84C2,1000000139,Dr. Angel Perry,MEM000462,FAC010,2026-02-02T17:00:00,99214,143.42,Chennai,CLEAN
CLM-96200E97,1000000031,Dr. James Ferrell,MEM000531,FAC012,2026-01-06T10:00:00,93000,55.37,Chennai,CLEAN
CLM-AFF319CF,1000000178,Dr. Lawrence Adkins,MEM000597,FAC049,2026-04-13T09:00:00,71045,77.35,Chennai,CLEAN
CLM-12765D54,1000000114,Dr. Garrett Lin,MEM000538,FAC039,2026-05-14T13:00:00,93000,59.72,Chennai,CLEAN
CLM-22765EBA,1000000072,Dr. Brittney Phillips,MEM000595,FAC039,2026-04-25T09:00:00,99215,205.09,Chennai,CLEAN
CLM-1819F79B,1000000034,Dr. Debra Davidson,MEM000109,FAC031,2026-02-01T10:00:00,99215,222.04,Chennai,CLEAN
CLM-47D353C1,1000000104,Dr. Richard Henson,MEM000809,FAC021,2026-04-17T14:00:00,93000,62.85,Chennai,CLEAN
CLM-41DAD1F8,1000000141,Dr. David Douglas Jr.,MEM000634,FAC034,2026-06-19T10:00:00,99213,98.65,Chennai,CLEAN
CLM-39B01544,1000000126,Dr. Michelle Evans,MEM000216,FAC040,2026-06-25T14:00:00,71045,85.79,Chennai,CLEAN
CLM-F60C6921,1000000024,Dr. Matthew Foster,MEM000417,FAC012,2026-01-25T11:00:00,93000,59.53,Chennai,CLEAN
CLM-091CF64D,1000000093,Dr. Christina Walters,MEM000852,FAC022,2026-04-25T11:00:00,71045,73.65,Chennai,CLEAN
CLM-A8B2741C,1000000152,Dr. Denise Jones,MEM000312,FAC038,2026-04-16T12:00:00,71045,86.62,Chennai,CLEAN
CLM-CF9E86F0,1000000129,Dr. Megan Orr,MEM000072,FAC005,2026-05-27T12:00:00,93000,64.24,Chennai,CLEAN
CLM-CE92162A,1000000181,Dr. Tina Sanders,MEM000604,FAC041,2026-05-29T09:00:00,71045,80.49,Chennai,CLEAN
CLM-5F1E4C44,1000000042,Dr. Sherry Decker,MEM000714,FAC003,2026-01-30T12:00:00,99213,99.99,Chennai,CLEAN
CLM-3BCB07A7,1000000109,Dr. Sharon Cochran,MEM000505,FAC022,2026-02-18T11:00:00,99213,97.78,Chennai,CLEAN
CLM-8BAF1A8A,1000000176,Dr. Michael Elliott,MEM000199,FAC026,2026-01-31T12:00:00,99213,99.4,Chennai,CLEAN
CLM-ECFDA013,1000000134,Dr. Rebecca Jackson,MEM000337,FAC017,2026-05-29T09:00:00,99213,96.21,Chennai,CLEAN
CLM-B0EB2313,1000000154,Dr. Brenda Hall,MEM000854,FAC003,2026-03-04T16:00:00,99214,153.04,Chennai,CLEAN
CLM-42EDADDF,1000000191,Dr. Karen Graham,MEM000302,FAC023,2026-05-13T14:00:00,93000,56.7,Chennai,CLEAN
CLM-A5DAD36A,1000000177,Dr. Michael Wang,MEM000431,FAC015,2026-06-24T17:00:00,99213,93.06,Chennai,CLEAN
CLM-FACE15A2,1000000071,Dr. Whitney Peters,MEM000750,FAC013,2026-06-04T11:00:00,99214,162.32,Chennai,CLEAN
CLM-46827807,1000000198,Dr. Adam Vaughan,MEM000984,FAC021,2026-01-28T16:00:00,99215,201.07,Chennai,CLEAN
CLM-078A946F,1000000153,Dr. Devon Flores,MEM000717,FAC047,2026-02-17T14:00:00,93000,64.57,Chennai,CLEAN
CLM-8D646B09,1000000017,Dr. Derek Zuniga,MEM000644,FAC047,2026-03-07T16:00:00,71045,86.37,Chennai,CLEAN
CLM-F127D322,1000000027,Dr. Stephanie Ross,MEM000838,FAC045,2026-02-16T12:00:00,71045,84.98,Chennai,CLEAN
CLM-AFCA644D,1000000031,Dr. James Ferrell,MEM000712,FAC034,2026-04-12T12:00:00,93000,61.18,Chennai,CLEAN
CLM-177F8622,1000000091,Dr. Brian Rodriguez,MEM000264,FAC006,2026-02-23T17:00:00,99215,212.01,Chennai,CLEAN
CLM-11F6D087,1000000024,Dr. Matthew Foster,MEM000321,FAC024,2026-02-25T09:00:00,93000,56.91,Chennai,CLEAN
CLM-7C38F656,1000000197,Dr. Spencer Haynes,MEM000820,FAC030,2026-06-03T15:00:00,93000,61.94,Chennai,CLEAN
CLM-0CB704BB,1000000086,Dr. Shirley Suarez,MEM000793,FAC039,2026-01-12T15:00:00,99215,213.94,Chennai,CLEAN
CLM-2E39EC78,1888888888,Dr. Synthetic-B (Teleport),MEM000593,FAC034,2026-04-29T11:00:00,99215,238.25,Chennai,CLEAN
CLM-8CE7577B,1000000008,Dr. Gabrielle Davis,MEM000575,FAC047,2026-06-06T11:00:00,99213,99.22,Chennai,CLEAN
CLM-B020D86C,1000000162,Dr. Lindsey Walker,MEM000795,FAC012,2026-03-26T10:00:00,71045,78.41,Chennai,CLEAN
CLM-EAF05F2E,1000000016,Dr. Holly Wood,MEM000068,FAC013,2026-02-25T16:00:00,99214,163.03,Chennai,CLEAN
CLM-25DEC6D9,1000000115,Dr. Diana May,MEM000029,FAC030,2026-06-27T11:00:00,99213,99.58,Chennai,CLEAN
CLM-5EA0C6E6,1000000057,Dr. Richard Aguirre,MEM000723,FAC018,2026-01-03T11:00:00,99215,203.83,Chennai,CLEAN
CLM-6D45D966,1000000043,Dr. Anthony Humphrey,MEM000661,FAC010,2026-03-11T10:00:00,93000,60.3,Chennai,CLEAN
CLM-14587501,1777777777,Dr. Synthetic-C (Upcoder),MEM000859,FAC046,2026-02-28T09:00:00,71045,82.78,Mumbai,CLEAN
CLM-77E9CD87,1000000062,Dr. Connor West,MEM000189,FAC046,2026-03-02T15:00:00,99215,211.58,Chennai,CLEAN
CLM-AF80FA1F,1000000003,Dr. Daniel Wagner,MEM000096,FAC034,2026-01-26T13:00:00,99215,209.81,Chennai,CLEAN
CLM-5BAA9498,1000000075,Dr. Sarah Moore,MEM000779,FAC035,2026-03-11T11:00:00,99213,93.15,Chennai,CLEAN
CLM-10E08546,1000000071,Dr. Whitney Peters,MEM000250,FAC048,2026-04-05T09:00:00,93000,57.69,Chennai,CLEAN
CLM-A89182C8,1000000105,Dr. Marc Moore,MEM000359,FAC044,2026-01-24T10:00:00,93000,59.11,Chennai,CLEAN
CLM-C9DF6767,1000000016,Dr. Holly Wood,MEM000344,FAC026,2026-03-12T09:00:00,93000,63.63,Chennai,CLEAN
CLM-AFBCF299,1000000072,Dr. Brittney Phillips,MEM000105,FAC019,2026-05-07T14:00:00,99214,153.63,Chennai,CLEAN
CLM-E44E3358,1000000158,Dr. Melissa Gates,MEM000723,FAC004,2026-02-19T16:00:00,99213,96.4,Chennai,CLEAN
CLM-DA983EC7,1000000162,Dr. Lindsey Walker,MEM000137,FAC019,2026-03-25T10:00:00,93000,54.67,Chennai,CLEAN
CLM-5A916FE5,1000000045,Dr. Philip Cannon,MEM000394,FAC004,2026-06-20T10:00:00,99213,102.86,Chennai,CLEAN
CLM-993A8648,1000000081,Dr. Mike Allen,MEM000392,FAC020,2026-06-07T13:00:00,99214,157.48,Chennai,CLEAN
CLM-FD5E0140,1000000151,Dr. Pamela Boyd,MEM000179,FAC002,2026-06-12T11:00:00,99214,149.41,Chennai,CLEAN
CLM-D4A9CA66,1000000182,Dr. Angela Vaughn,MEM000390,FAC027,2026-05-30T15:00:00,93000,56.08,Chennai,CLEAN
CLM-78686B38,1000000042,Dr. Sherry Decker,MEM000583,FAC022,2026-03-01T12:00:00,93000,58.6,Chennai,CLEAN
CLM-2C9429FD,1000000145,Dr. Joyce Solis,MEM000256,FAC005,2026-01-17T17:00:00,99214,153.26,Chennai,CLEAN
CLM-5DAC3716,1000000004,Dr. Cristian Santos,MEM000855,FAC039,2026-03-01T13:00:00,99214,143.41,Chennai,CLEAN
CLM-05B5EA87,1000000161,Dr. Jennifer Adkins,MEM000879,FAC009,2026-03-17T09:00:00,71045,78.79,Chennai,CLEAN
CLM-FFBD0FC0,1000000045,Dr. Philip Cannon,MEM000524,FAC047,2026-02-18T13:00:00,71045,75.06,Chennai,CLEAN
CLM-26A75CFA,1000000076,Dr. Angela Lopez,MEM000690,FAC033,2026-05-18T12:00:00,99214,142.72,Chennai,CLEAN
CLM-B5F82DBF,1000000120,Dr. Larry Dixon,MEM000379,FAC006,2026-05-15T15:00:00,71045,86.44,Chennai,CLEAN
CLM-5D7DD198,1000000065,Dr. Amber Kidd,MEM000749,FAC002,2026-05-10T15:00:00,99215,233.73,Chennai,CLEAN
CLM-397DACFD,1000000044,Dr. Angelica Tucker,MEM000291,FAC015,2026-05-24T11:00:00,71045,87.1,Chennai,CLEAN
CLM-9C9D1982,1000000034,Dr. Debra Davidson,MEM000567,FAC021,2026-03-29T09:00:00,71045,76.3,Chennai,CLEAN
CLM-F8E8E474,1000000087,Dr. Christopher Bass,MEM000840,FAC001,2026-05-28T14:00:00,99214,164.22,Chennai,CLEAN
CLM-4273AC8C,1000000143,Dr. Christopher Rubio,MEM000648,FAC033,2026-06-09T14:00:00,93000,57.26,Chennai,CLEAN
CLM-25346C48,1000000122,Dr. April Frost,MEM000863,FAC040,2026-01-03T12:00:00,93000,59.12,Chennai,CLEAN
CLM-D1294992,1000000154,Dr. Brenda Hall,MEM000894,FAC027,2026-03-14T14:00:00,99214,144.68,Chennai,CLEAN
CLM-CBC97721,1000000024,Dr. Matthew Foster,MEM000859,FAC030,2026-04-14T14:00:00,99213,95.17,Chennai,CLEAN
CLM-912A89E8,1000000031,Dr. James Ferrell,MEM000821,FAC035,2026-05-14T12:00:00,99213,90.75,Chennai,CLEAN
CLM-14B6CBE2,1000000151,Dr. Pamela Boyd,MEM000817,FAC037,2026-03-29T13:00:00,99214,151.51,Chennai,CLEAN
CLM-A80D74FD,1000000116,Dr. William Herrera,MEM000217,FAC017,2026-03-14T15:00:00,71045,80.26,Chennai,CLEAN
CLM-DED55AAE,1000000111,Dr. Shannon Walker,MEM000440,FAC028,2026-05-31T17:00:00,93000,60.95,Chennai,CLEAN
CLM-04ADEDE1,1000000116,Dr. William Herrera,MEM000016,FAC026,2026-06-29T10:00:00,71045,83.2,Chennai,CLEAN
CLM-7B922D61,1000000164,Dr. Michael Powell,MEM000022,FAC027,2026-05-30T09:00:00,99213,106.93,Chennai,CLEAN
CLM-ED26EC13,1000000159,Dr. Jamie Smith,MEM000450,FAC005,2026-01-21T09:00:00,99214,158.95,Chennai,CLEAN
CLM-DD07E662,1000000066,Dr. Tracy House,MEM000815,FAC045,2026-04-25T10:00:00,99215,215.26,Chennai,CLEAN
CLM-0200F6F1,1000000091,Dr. Brian Rodriguez,MEM000428,FAC027,2026-03-25T09:00:00,99215,201.37,Chennai,CLEAN
CLM-64CA8C63,1000000186,Dr. Jonathan Peterson,MEM000517,FAC027,2026-01-06T10:00:00,71045,79.86,Chennai,CLEAN
CLM-60E6E690,1000000074,Dr. Amy Silva,MEM000267,FAC036,2026-06-24T11:00:00,99214,143.52,Chennai,CLEAN
CLM-A535C674,1000000053,Dr. Mark Perez,MEM000992,FAC023,2026-06-06T15:00:00,93000,60.21,Chennai,CLEAN
CLM-416FD065,1000000004,Dr. Cristian Santos,MEM000904,FAC017,2026-03-24T09:00:00,99215,232.39,Chennai,CLEAN
CLM-C0FCAFEF,1000000104,Dr. Richard Henson,MEM000877,FAC045,2026-05-28T12:00:00,71045,77.49,Chennai,CLEAN
CLM-8F3AA1DB,1000000011,Dr. Jamie Arnold,MEM000138,FAC045,2026-03-09T11:00:00,93000,59.22,Chennai,CLEAN
CLM-64485EE7,1000000120,Dr. Larry Dixon,MEM000851,FAC044,2026-05-18T11:00:00,99215,233.27,Chennai,CLEAN
CLM-A3543F13,1000000031,Dr. James Ferrell,MEM000307,FAC002,2026-02-03T14:00:00,99213,109.61,Chennai,CLEAN
CLM-767345EE,1000000174,Dr. Nicole Herring,MEM000879,FAC015,2026-05-18T14:00:00,71045,78.85,Chennai,CLEAN
CLM-582D74DF,1000000044,Dr. Angelica Tucker,MEM000773,FAC024,2026-03-19T17:00:00,99213,102.58,Chennai,CLEAN
CLM-A701BE8B,1000000194,Dr. John Bishop,MEM000774,FAC015,2026-05-13T13:00:00,93000,56.93,Chennai,CLEAN
CLM-2CC2DCBE,1000000191,Dr. Karen Graham,MEM000416,FAC035,2026-01-14T15:00:00,99214,144.69,Chennai,CLEAN
CLM-7870C237,1000000089,Dr. Aimee Montoya,MEM000226,FAC001,2026-01-22T09:00:00,99213,107.0,Chennai,CLEAN
CLM-DB2505B6,1000000036,Dr. Sherri Baker,MEM000449,FAC035,2026-05-28T15:00:00,93000,58.0,Chennai,CLEAN
CLM-045BFB60,1000000156,Dr. Joshua Perry,MEM000664,FAC013,2026-01-01T13:00:00,93000,64.32,Chennai,CLEAN
CLM-21D503C5,1000000037,Dr. Cassandra Gaines,MEM000928,FAC045,2026-05-06T16:00:00,99215,221.06,Chennai,CLEAN
CLM-580955B0,1000000194,Dr. John Bishop,MEM000486,FAC003,2026-02-25T15:00:00,99215,216.26,Chennai,CLEAN
CLM-75594ACE,1000000013,Dr. Michele Williams,MEM000968,FAC012,2026-04-19T12:00:00,99215,211.38,Chennai,CLEAN
CLM-C7924387,1000000072,Dr. Brittney Phillips,MEM000216,FAC040,2026-06-02T13:00:00,71045,80.14,Chennai,CLEAN
CLM-418A4ACC,1000000153,Dr. Devon Flores,MEM000386,FAC047,2026-03-04T12:00:00,99213,100.74,Chennai,CLEAN
CLM-C6AACD7E,1000000172,Dr. Joshua Cooke,MEM000986,FAC009,2026-02-20T12:00:00,99215,217.35,Chennai,CLEAN
CLM-367BAF99,1000000107,Dr. Sierra Johnson,MEM000090,FAC030,2026-01-13T16:00:00,99214,160.15,Chennai,CLEAN
CLM-D2E8AA18,1000000114,Dr. Garrett Lin,MEM000308,FAC017,2026-04-02T16:00:00,71045,86.18,Chennai,CLEAN
CLM-5FAA0FE1,1000000044,Dr. Angelica Tucker,MEM000691,FAC026,2026-02-04T15:00:00,99214,163.3,Chennai,CLEAN
CLM-EED00A4D,1000000113,Dr. Crystal Johnson,MEM000551,FAC020,2026-06-28T09:00:00,93000,61.37,Chennai,CLEAN
CLM-7774009C,1000000141,Dr. David Douglas Jr.,MEM000936,FAC038,2026-05-06T16:00:00,99215,232.48,Chennai,CLEAN
CLM-296DD5E8,1000000197,Dr. Spencer Haynes,MEM000879,FAC023,2026-06-06T13:00:00,99215,226.6,Chennai,CLEAN
CLM-FB28197F,1000000073,Dr. Lauren Daniels,MEM000859,FAC032,2026-03-27T11:00:00,93000,58.25,Chennai,CLEAN
CLM-A5164C5A,1000000048,Dr. Joshua Blair,MEM000456,FAC047,2026-04-28T13:00:00,99213,109.25,Chennai,CLEAN
CLM-FF402CC3,1999999999,Dr. Synthetic-A (Phantom),MEM000245,FAC030,2026-04-10T16:00:00,71045,80.92,Chennai,CLEAN
CLM-AE5016DC,1000000072,Dr. Brittney Phillips,MEM000025,FAC016,2026-02-08T09:00:00,71045,78.74,Chennai,CLEAN
CLM-BB24C51C,1000000090,Dr. Matthew Mcmillan,MEM000082,FAC019,2026-06-02T16:00:00,99215,206.79,Chennai,CLEAN
CLM-B0991DE2,1000000022,Dr. Ethan Adams,MEM000077,FAC020,2026-05-01T12:00:00,99214,136.78,Chennai,CLEAN
CLM-E8755806,1000000150,Dr. David Wright,MEM000059,FAC002,2026-06-14T09:00:00,93000,64.21,Chennai,CLEAN
CLM-1985753B,1000000189,Dr. Jessica Gross,MEM000034,FAC026,2026-04-06T15:00:00,99215,229.94,Chennai,CLEAN
CLM-5F4D0D02,1000000038,Dr. Elizabeth Fowler,MEM000247,FAC047,2026-03-16T13:00:00,99215,208.74,Chennai,CLEAN
CLM-0433EBEA,1000000085,Dr. Daniel Baker,MEM000670,FAC042,2026-04-19T14:00:00,99214,145.26,Chennai,CLEAN
CLM-BD995638,1000000046,Dr. John Pierce,MEM000935,FAC012,2026-06-23T11:00:00,71045,78.88,Chennai,CLEAN
CLM-F90C3842,1000000008,Dr. Gabrielle Davis,MEM000646,FAC043,2026-06-21T09:00:00,99213,95.2,Chennai,CLEAN
CLM-EE1D3389,1000000007,Dr. Gina Moore,MEM000875,FAC036,2026-01-21T10:00:00,99213,104.71,Chennai,CLEAN
CLM-02D85701,1000000078,Dr. Steve Sanchez,MEM000598,FAC048,2026-06-20T14:00:00,71045,73.24,Chennai,CLEAN
CLM-7B69162B,1000000153,Dr. Devon Flores,MEM000705,FAC048,2026-06-03T17:00:00,93000,61.1,Chennai,CLEAN
CLM-43FF54A5,1000000102,Dr. Rebecca Valencia,MEM000853,FAC020,2026-01-21T10:00:00,93000,55.22,Chennai,CLEAN
CLM-A21C43B8,1000000081,Dr. Mike Allen,MEM000514,FAC013,2026-04-25T13:00:00,71045,78.82,Chennai,CLEAN
CLM-F257ACD5,1000000079,Dr. Lisa Barnes,MEM000747,FAC019,2026-05-01T16:00:00,71045,86.77,Chennai,CLEAN
CLM-4ED8DB72,1000000130,Dr. Elizabeth Kelley,MEM000658,FAC048,2026-06-15T15:00:00,93000,59.84,Chennai,CLEAN
CLM-37304363,1000000000,Dr. Allison Hill,MEM000287,FAC046,2026-04-29T15:00:00,71045,82.74,Chennai,CLEAN
CLM-D2E4257B,1999999999,Dr. Synthetic-A (Phantom),MEM000853,FAC024,2026-05-21T11:00:00,93000,54.19,Chennai,CLEAN
CLM-9C08D977,1000000095,Dr. Anna Henderson,MEM000729,FAC008,2026-04-05T15:00:00,99215,241.03,Chennai,CLEAN
CLM-5C41465A,1000000150,Dr. David Wright,MEM000383,FAC001,2026-05-15T10:00:00,99215,229.61,Chennai,CLEAN
CLM-DC6BEA3E,1000000179,Dr. Robert Oconnell,MEM000238,FAC044,2026-03-01T09:00:00,99214,152.23,Chennai,CLEAN
CLM-0F20C546,1000000047,Dr. Shane Henderson,MEM000508,FAC027,2026-03-15T09:00:00,99215,210.24,Chennai,CLEAN
CLM-71389790,1000000123,Dr. Michelle Harmon,MEM000696,FAC015,2026-06-09T17:00:00,71045,74.8,Chennai,CLEAN
CLM-20975480,1000000039,Dr. Brittany Farmer,MEM000068,FAC016,2026-01-15T14:00:00,99213,94.33,Chennai,CLEAN
CLM-910B798B,1000000022,Dr. Ethan Adams,MEM000544,FAC024,2026-04-07T09:00:00,99215,219.32,Chennai,CLEAN
CLM-445D2192,1000000115,Dr. Diana May,MEM000888,FAC015,2026-02-24T17:00:00,93000,64.06,Chennai,CLEAN
CLM-A9336C5F,1000000064,Dr. Jessica Callahan,MEM000464,FAC046,2026-05-09T14:00:00,99214,142.83,Chennai,CLEAN
CLM-06570837,1000000076,Dr. Angela Lopez,MEM000885,FAC019,2026-02-02T09:00:00,99214,144.82,Chennai,CLEAN
CLM-FE8D0257,1000000067,Dr. Carol Tucker,MEM000288,FAC006,2026-01-05T11:00:00,99214,158.49,Chennai,CLEAN
CLM-C896D0EB,1000000123,Dr. Michelle Harmon,MEM000660,FAC014,2026-04-02T10:00:00,93000,64.99,Chennai,CLEAN
CLM-E360C7FE,1000000174,Dr. Nicole Herring,MEM000716,FAC048,2026-04-15T15:00:00,99215,238.73,Chennai,CLEAN
CLM-F969A312,1000000127,Dr. Jason Powell,MEM000490,FAC019,2026-01-25T12:00:00,99213,109.39,Chennai,CLEAN
CLM-133427C5,1000000093,Dr. Christina Walters,MEM000078,FAC032,2026-06-22T12:00:00,99213,92.83,Chennai,CLEAN
CLM-D689F36C,1000000131,Dr. Dustin Jordan,MEM000382,FAC012,2026-03-10T15:00:00,99215,221.52,Chennai,CLEAN
CLM-5DF1E4F2,1000000020,Dr. Margaret Hawkins DDS,MEM000357,FAC013,2026-06-09T17:00:00,93000,58.38,Chennai,CLEAN
CLM-454AE2A3,1000000042,Dr. Sherry Decker,MEM000710,FAC007,2026-05-06T17:00:00,93000,57.93,Chennai,CLEAN
CLM-A15C1A9A,1000000159,Dr. Jamie Smith,MEM000826,FAC039,2026-01-15T17:00:00,99215,229.06,Chennai,CLEAN
CLM-87207BB8,1000000173,Dr. Matthew Harrington,MEM000812,FAC004,2026-02-13T17:00:00,71045,77.28,Chennai,CLEAN
CLM-E11C3BDA,1000000132,Dr. Mary Marshall,MEM000859,FAC007,2026-04-07T16:00:00,99215,231.35,Chennai,CLEAN
CLM-DEFF84C5,1000000045,Dr. Philip Cannon,MEM000220,FAC034,2026-02-22T10:00:00,93000,56.64,Chennai,CLEAN
CLM-2D1C1E16,1000000136,Dr. Robert Potter,MEM000780,FAC036,2026-01-24T17:00:00,99213,104.65,Chennai,CLEAN
CLM-826C9DF8,1000000050,Dr. Jessica Holmes,MEM000983,FAC034,2026-01-17T13:00:00,71045,75.03,Chennai,CLEAN
CLM-CAE88F19,1000000032,Dr. Tricia Valencia,MEM000720,FAC038,2026-02-14T13:00:00,99214,138.08,Chennai,CLEAN
CLM-504E31AF,1000000155,Dr. Michelle Brown,MEM000897,FAC023,2026-05-28T16:00:00,99214,164.34,Chennai,CLEAN
CLM-286CC1A0,1000000013,Dr. Michele Williams,MEM000860,FAC037,2026-01-27T11:00:00,99213,100.3,Chennai,CLEAN
CLM-BE871684,1000000039,Dr. Brittany Farmer,MEM000483,FAC012,2026-03-17T10:00:00,99213,95.91,Chennai,CLEAN
CLM-F61A8BC8,1000000102,Dr. Rebecca Valencia,MEM000090,FAC012,2026-03-05T10:00:00,99215,236.84,Chennai,CLEAN
CLM-BE1933A1,1000000091,Dr. Brian Rodriguez,MEM000371,FAC012,2026-01-14T10:00:00,99215,207.83,Chennai,CLEAN
CLM-F16C3884,1000000048,Dr. Joshua Blair,MEM000060,FAC019,2026-03-17T09:00:00,71045,79.06,Chennai,CLEAN
CLM-9ADAB92F,1000000022,Dr. Ethan Adams,MEM000687,FAC045,2026-01-26T09:00:00,93000,66.0,Chennai,CLEAN
CLM-5B375B28,1000000189,Dr. Jessica Gross,MEM000417,FAC023,2026-06-07T17:00:00,99215,227.2,Chennai,CLEAN
CLM-EBE8BE54,1000000080,Dr. Kelly Donovan,MEM000327,FAC029,2026-04-15T15:00:00,99214,157.48,Chennai,CLEAN
CLM-6B0A8085,1000000078,Dr. Steve Sanchez,MEM000333,FAC019,2026-01-31T17:00:00,99214,152.93,Chennai,CLEAN
CLM-E0642DAA,1000000025,Dr. Judy Baker,MEM000144,FAC026,2026-06-07T13:00:00,99215,204.72,Chennai,CLEAN
CLM-B47A36CA,1000000106,Dr. Sharon Cherry,MEM000314,FAC043,2026-01-22T10:00:00,99213,98.39,Chennai,CLEAN
CLM-F5AE3E2C,1000000026,Dr. Justin Baker,MEM000939,FAC044,2026-04-08T15:00:00,93000,55.12,Chennai,CLEAN
CLM-8828E1A9,1000000015,Dr. Brian Ramirez,MEM000916,FAC048,2026-06-29T17:00:00,99214,139.8,Chennai,CLEAN
CLM-0EBEFA56,1000000064,Dr. Jessica Callahan,MEM000137,FAC047,2026-02-01T15:00:00,93000,55.7,Chennai,CLEAN
CLM-C370E858,1000000128,Dr. Cameron Fisher,MEM000947,FAC008,2026-02-08T10:00:00,71045,77.69,Chennai,CLEAN
CLM-89B00A84,1000000163,Dr. Jeffrey Johnson,MEM000411,FAC010,2026-06-16T15:00:00,93000,60.82,Chennai,CLEAN
CLM-3CFB8B3D,1000000097,Dr. Deborah Figueroa,MEM000977,FAC009,2026-01-08T17:00:00,99214,153.94,Chennai,CLEAN
CLM-5D43C889,1000000127,Dr. Jason Powell,MEM000586,FAC045,2026-01-23T09:00:00,99213,96.91,Chennai,CLEAN
CLM-262A47AC,1000000058,Dr. Brent Jordan,MEM000142,FAC042,2026-06-12T14:00:00,71045,74.07,Chennai,CLEAN
CLM-E951195F,1000000033,Dr. Nathan Maldonado,MEM000564,FAC040,2026-04-27T09:00:00,99214,139.74,Chennai,CLEAN
CLM-7AC940E8,1000000007,Dr. Gina Moore,MEM000047,FAC041,2026-06-19T16:00:00,99215,222.59,Chennai,CLEAN
CLM-1FA53777,1000000157,Dr. Jason Stein,MEM000505,FAC047,2026-02-02T13:00:00,99214,151.7,Chennai,CLEAN
CLM-3ED813BA,1000000031,Dr. James Ferrell,MEM000148,FAC039,2026-03-31T10:00:00,99215,212.73,Chennai,CLEAN
CLM-35415EC8,1000000183,Dr. Ashley Barton,MEM000830,FAC002,2026-03-26T17:00:00,99213,104.13,Chennai,CLEAN
CLM-FB7FF3FB,1000000037,Dr. Cassandra Gaines,MEM000935,FAC040,2026-05-13T15:00:00,99213,106.12,Chennai,CLEAN
CLM-7537232E,1000000011,Dr. Jamie Arnold,MEM000294,FAC035,2026-01-08T11:00:00,99214,142.86,Chennai,CLEAN
CLM-60262279,1000000107,Dr. Sierra Johnson,MEM000801,FAC022,2026-03-18T16:00:00,99215,217.85,Chennai,CLEAN
CLM-FE5447EA,1000000102,Dr. Rebecca Valencia,MEM000709,FAC038,2026-03-29T09:00:00,93000,54.28,Chennai,CLEAN
CLM-FCEC4F18,1000000021,Dr. Patty Perez,MEM000649,FAC032,2026-05-30T17:00:00,99215,217.17,Chennai,CLEAN
CLM-7725181E,1000000176,Dr. Michael Elliott,MEM000265,FAC013,2026-01-10T10:00:00,71045,77.27,Chennai,CLEAN
CLM-950651B0,1000000090,Dr. Matthew Mcmillan,MEM000441,FAC008,2026-02-26T17:00:00,93000,59.91,Chennai,CLEAN
CLM-5940AF62,1000000130,Dr. Elizabeth Kelley,MEM000948,FAC032,2026-04-24T15:00:00,99215,216.72,Chennai,CLEAN
CLM-98AB4903,1000000157,Dr. Jason Stein,MEM000638,FAC015,2026-01-19T12:00:00,71045,82.54,Chennai,CLEAN
CLM-AFE403F4,1000000013,Dr. Michele Williams,MEM000426,FAC041,2026-02-02T11:00:00,93000,54.28,Chennai,CLEAN
CLM-E32ED143,1000000022,Dr. Ethan Adams,MEM000100,FAC046,2026-02-19T17:00:00,71045,72.15,Chennai,CLEAN
CLM-DDDC94A9,1000000071,Dr. Whitney Peters,MEM000493,FAC037,2026-03-12T16:00:00,99213,105.07,Chennai,CLEAN
CLM-EA3B17D1,1000000157,Dr. Jason Stein,MEM000015,FAC013,2026-05-11T09:00:00,99214,144.88,Chennai,CLEAN
CLM-D5BEB177,1000000194,Dr. John Bishop,MEM000738,FAC046,2026-03-07T17:00:00,93000,63.57,Chennai,CLEAN
CLM-217FEEDC,1000000195,Dr. Allen Rosales,MEM000330,FAC046,2026-03-04T17:00:00,99214,163.52,Chennai,CLEAN
CLM-0F445F3D,1000000145,Dr. Joyce Solis,MEM000296,FAC019,2026-01-19T10:00:00,99215,218.22,Chennai,CLEAN
CLM-DD3EF612,1000000144,Dr. Amber Wright,MEM000748,FAC003,2026-04-03T12:00:00,99215,217.38,Chennai,CLEAN
CLM-054428AA,1000000143,Dr. Christopher Rubio,MEM000245,FAC037,2026-04-02T10:00:00,71045,79.59,Chennai,CLEAN
CLM-B3F27F7B,1000000163,Dr. Jeffrey Johnson,MEM000057,FAC036,2026-03-26T12:00:00,99214,154.73,Chennai,CLEAN
CLM-F352F709,1000000100,Dr. Sandra Aguilar,MEM000505,FAC000,2026-05-23T13:00:00,93000,63.11,Chennai,CLEAN
CLM-4919325B,1000000103,Dr. Christine Wright,MEM000834,FAC040,2026-05-16T15:00:00,99215,214.72,Chennai,CLEAN
CLM-AF40C6DB,1000000169,Dr. Daniel Murphy,MEM000152,FAC037,2026-02-12T14:00:00,93000,61.96,Chennai,CLEAN
CLM-B1858B2A,1000000040,Dr. Paula Moreno,MEM000538,FAC010,2026-05-18T09:00:00,99213,100.54,Chennai,CLEAN
CLM-77B64006,1000000039,Dr. Brittany Farmer,MEM000251,FAC023,2026-02-23T09:00:00,71045,86.37,Chennai,CLEAN
CLM-58499A3F,1000000131,Dr. Dustin Jordan,MEM000351,FAC027,2026-05-18T13:00:00,71045,79.76,Chennai,CLEAN
CLM-B40149C3,1000000104,Dr. Richard Henson,MEM000654,FAC031,2026-05-09T09:00:00,93000,65.39,Chennai,CLEAN
CLM-6EC5283B,1000000071,Dr. Whitney Peters,MEM000331,FAC035,2026-02-26T16:00:00,99215,230.3,Chennai,CLEAN
CLM-DE7ECECB,1000000147,Dr. Stephanie Salazar,MEM000333,FAC036,2026-05-02T14:00:00,99214,137.38,Chennai,CLEAN
CLM-0A85E38D,1000000091,Dr. Brian Rodriguez,MEM000651,FAC012,2026-01-21T16:00:00,99215,237.48,Chennai,CLEAN
CLM-957AC171,1000000175,Dr. Alex Hernandez,MEM000806,FAC045,2026-03-26T11:00:00,93000,62.4,Chennai,CLEAN
CLM-77466BA1,1000000125,Dr. Erin Edwards,MEM000281,FAC034,2026-04-28T13:00:00,99213,109.34,Chennai,CLEAN
CLM-BD781428,1000000016,Dr. Holly Wood,MEM000722,FAC040,2026-03-16T17:00:00,71045,82.94,Chennai,CLEAN
CLM-2AEA0CAB,1000000040,Dr. Paula Moreno,MEM000438,FAC028,2026-03-24T10:00:00,99213,105.8,Chennai,CLEAN
CLM-74D0D8C9,1000000158,Dr. Melissa Gates,MEM000504,FAC027,2026-03-07T14:00:00,99214,143.05,Chennai,CLEAN
CLM-62A2F85B,1000000104,Dr. Richard Henson,MEM000364,FAC020,2026-01-19T14:00:00,71045,76.97,Chennai,CLEAN
CLM-5A343E31,1000000028,Dr. Zachary Hicks,MEM000626,FAC025,2026-04-23T17:00:00,93000,59.12,Chennai,CLEAN
CLM-38ECE1B2,1000000184,Dr. Lindsay Martinez,MEM000008,FAC003,2026-05-25T12:00:00,99215,230.4,Chennai,CLEAN
CLM-2343595B,1000000047,Dr. Shane Henderson,MEM000062,FAC007,2026-04-12T12:00:00,99213,91.72,Chennai,CLEAN
CLM-A8D46D1E,1000000188,Dr. Madison Poole,MEM000335,FAC036,2026-05-02T11:00:00,99214,162.66,Chennai,CLEAN
CLM-608AE0C0,1000000037,Dr. Cassandra Gaines,MEM000129,FAC033,2026-03-13T17:00:00,99214,144.16,Chennai,CLEAN
CLM-7EC49F09,1000000169,Dr. Daniel Murphy,MEM000614,FAC010,2026-05-03T15:00:00,71045,80.85,Chennai,CLEAN
CLM-53056D7B,1000000145,Dr. Joyce Solis,MEM000643,FAC033,2026-03-07T15:00:00,99213,109.1,Chennai,CLEAN
CLM-CDB7D545,1000000162,Dr. Lindsey Walker,MEM000895,FAC032,2026-01-09T13:00:00,99213,105.87,Chennai,CLEAN
CLM-BF665DCC,1000000050,Dr. Jessica Holmes,MEM000931,FAC019,2026-05-22T09:00:00,99213,106.77,Chennai,CLEAN
CLM-BF3A6DBB,1000000085,Dr. Daniel Baker,MEM000891,FAC014,2026-04-23T12:00:00,99215,232.96,Chennai,CLEAN
CLM-2CA13F18,1000000134,Dr. Rebecca Jackson,MEM000408,FAC025,2026-05-05T10:00:00,99215,212.36,Chennai,CLEAN
CLM-12599801,1000000069,Dr. William Baker,MEM000426,FAC001,2026-03-30T12:00:00,93000,55.85,Chennai,CLEAN
CLM-FC7A0283,1000000100,Dr. Sandra Aguilar,MEM000041,FAC039,2026-04-22T16:00:00,99215,238.98,Chennai,CLEAN
CLM-3D9794E4,1000000103,Dr. Christine Wright,MEM000648,FAC044,2026-02-05T16:00:00,99214,136.44,Chennai,CLEAN
CLM-17356F28,1000000085,Dr. Daniel Baker,MEM000767,FAC013,2026-04-12T13:00:00,93000,60.88,Chennai,CLEAN
CLM-0BC0ACE4,1000000027,Dr. Stephanie Ross,MEM000613,FAC044,2026-02-09T17:00:00,99215,215.99,Chennai,CLEAN
CLM-82822EDA,1000000189,Dr. Jessica Gross,MEM000641,FAC043,2026-02-09T17:00:00,99215,230.47,Chennai,CLEAN
CLM-C952383B,1000000043,Dr. Anthony Humphrey,MEM000087,FAC022,2026-03-24T12:00:00,93000,56.95,Chennai,CLEAN
CLM-DBF475EC,1000000005,Dr. Connie Lawrence,MEM000689,FAC031,2026-04-27T14:00:00,99215,222.16,Chennai,CLEAN
CLM-88DC9E57,1000000022,Dr. Ethan Adams,MEM000936,FAC010,2026-04-09T11:00:00,71045,76.16,Chennai,CLEAN
CLM-F6578D4B,1000000155,Dr. Michelle Brown,MEM000379,FAC025,2026-05-03T17:00:00,99215,210.7,Chennai,CLEAN
CLM-D9735D21,1000000101,Dr. Cameron Parker,MEM000002,FAC028,2026-05-24T09:00:00,71045,85.28,Chennai,CLEAN
CLM-64FCD0D3,1000000021,Dr. Patty Perez,MEM000682,FAC036,2026-06-28T10:00:00,93000,60.06,Chennai,CLEAN
CLM-A4793712,1000000116,Dr. William Herrera,MEM000494,FAC023,2026-04-05T10:00:00,99214,152.18,Chennai,CLEAN
CLM-50B712EB,1000000176,Dr. Michael Elliott,MEM000283,FAC019,2026-01-25T13:00:00,93000,63.37,Chennai,CLEAN
CLM-1AADEA85,1000000086,Dr. Shirley Suarez,MEM000210,FAC043,2026-01-26T15:00:00,99215,225.28,Chennai,CLEAN
CLM-48F6EEDD,1000000045,Dr. Philip Cannon,MEM000532,FAC048,2026-06-22T12:00:00,93000,63.37,Chennai,CLEAN
CLM-CDE0EA56,1000000086,Dr. Shirley Suarez,MEM000678,FAC036,2026-05-02T13:00:00,71045,79.12,Chennai,CLEAN
CLM-7BD0474C,1000000089,Dr. Aimee Montoya,MEM000388,FAC049,2026-03-23T09:00:00,71045,72.3,Chennai,CLEAN
CLM-67C86FBE,1000000083,Dr. Paul Jones,MEM000310,FAC046,2026-06-06T13:00:00,99214,154.16,Chennai,CLEAN
CLM-5F885771,1000000078,Dr. Steve Sanchez,MEM000227,FAC049,2026-04-21T17:00:00,71045,82.52,Chennai,CLEAN
CLM-46EFBFD9,1000000026,Dr. Justin Baker,MEM000344,FAC026,2026-05-25T11:00:00,99214,156.78,Chennai,CLEAN
CLM-8C152F02,1000000149,Dr. Stephanie Manning,MEM000272,FAC049,2026-06-06T09:00:00,71045,78.48,Chennai,CLEAN
CLM-8C271AC0,1000000177,Dr. Michael Wang,MEM000246,FAC019,2026-01-29T14:00:00,99214,145.8,Chennai,CLEAN
CLM-1C5272A8,1000000118,Dr. Victor Baker,MEM000477,FAC007,2026-01-14T09:00:00,99213,92.46,Chennai,CLEAN
CLM-F1C9C799,1000000085,Dr. Daniel Baker,MEM000658,FAC016,2026-04-29T16:00:00,99214,157.99,Chennai,CLEAN
CLM-8C29DEED,1000000157,Dr. Jason Stein,MEM000984,FAC016,2026-03-03T10:00:00,99215,228.55,Chennai,CLEAN
CLM-76F64A69,1000000123,Dr. Michelle Harmon,MEM000136,FAC011,2026-04-01T14:00:00,71045,87.39,Chennai,CLEAN
CLM-12C1BE35,1000000086,Dr. Shirley Suarez,MEM000410,FAC016,2026-01-27T12:00:00,99215,209.9,Chennai,CLEAN
CLM-582476C5,1000000187,Dr. Samantha Garcia,MEM000649,FAC031,2026-03-21T10:00:00,71045,80.54,Chennai,CLEAN
CLM-6F94CA74,1000000166,Dr. Alyssa Long,MEM000383,FAC029,2026-02-24T14:00:00,99214,142.13,Chennai,CLEAN
CLM-ACE8810A,1000000037,Dr. Cassandra Gaines,MEM000549,FAC023,2026-04-06T14:00:00,93000,54.21,Chennai,CLEAN
CLM-80439840,1000000198,Dr. Adam Vaughan,MEM000690,FAC047,2026-05-30T14:00:00,71045,83.95,Chennai,CLEAN
CLM-AE20850B,1000000077,Dr. Megan Young,MEM000852,FAC031,2026-04-03T17:00:00,99213,103.07,Chennai,CLEAN
CLM-9176C590,1000000103,Dr. Christine Wright,MEM000045,FAC009,2026-05-16T13:00:00,99213,105.53,Chennai,CLEAN
CLM-CD76473A,1000000105,Dr. Marc Moore,MEM000171,FAC015,2026-02-24T13:00:00,71045,72.03,Chennai,CLEAN
CLM-1614515D,1000000004,Dr. Cristian Santos,MEM000476,FAC006,2026-03-06T15:00:00,93000,65.97,Chennai,CLEAN
CLM-F1966DB8,1000000113,Dr. Crystal Johnson,MEM000648,FAC045,2026-01-25T13:00:00,71045,82.71,Chennai,CLEAN
CLM-CD1066BE,1000000125,Dr. Erin Edwards,MEM000737,FAC044,2026-03-04T13:00:00,99213,101.12,Chennai,CLEAN
CLM-938930EB,1000000182,Dr. Angela Vaughn,MEM000327,FAC036,2026-03-29T09:00:00,93000,62.55,Chennai,CLEAN
CLM-028965D5,1000000127,Dr. Jason Powell,MEM000961,FAC018,2026-04-06T15:00:00,99213,92.45,Chennai,CLEAN
CLM-E60FCAA4,1000000006,Dr. Abigail Shaffer,MEM000195,FAC038,2026-04-10T10:00:00,99213,91.56,Chennai,CLEAN
CLM-B74D844D,1000000089,Dr. Aimee Montoya,MEM000630,FAC043,2026-01-08T09:00:00,99213,98.77,Chennai,CLEAN
CLM-2CC20F30,1000000009,Dr. Ryan Munoz,MEM000962,FAC024,2026-04-28T13:00:00,93000,54.4,Chennai,CLEAN
CLM-4BB7A7E3,1000000139,Dr. Angel Perry,MEM000442,FAC044,2026-06-02T11:00:00,93000,57.75,Chennai,CLEAN
CLM-5DE65B5D,1000000174,Dr. Nicole Herring,MEM000100,FAC025,2026-06-30T11:00:00,99213,104.99,Chennai,CLEAN
CLM-E081C9E4,1000000093,Dr. Christina Walters,MEM000592,FAC049,2026-03-02T17:00:00,93000,59.09,Chennai,CLEAN
CLM-1A8C50C9,1000000102,Dr. Rebecca Valencia,MEM000693,FAC015,2026-04-01T12:00:00,71045,79.79,Chennai,CLEAN
CLM-13EC20D6,1000000061,Dr. Gerald Hensley,MEM000376,FAC043,2026-04-02T17:00:00,93000,58.89,Chennai,CLEAN
CLM-27CFDBC7,1000000125,Dr. Erin Edwards,MEM000059,FAC029,2026-02-02T11:00:00,93000,60.46,Chennai,CLEAN
CLM-A97C8737,1000000069,Dr. William Baker,MEM000797,FAC005,2026-02-24T12:00:00,99215,234.09,Chennai,CLEAN
CLM-15A026FD,1000000192,Dr. Debra Christian,MEM000198,FAC039,2026-01-02T10:00:00,99215,206.34,Chennai,CLEAN
CLM-5A343366,1000000154,Dr. Brenda Hall,MEM000479,FAC019,2026-02-12T16:00:00,99215,240.93,Chennai,CLEAN
CLM-EAC363BA,1000000058,Dr. Brent Jordan,MEM000442,FAC025,2026-06-22T12:00:00,99215,219.11,Chennai,CLEAN
CLM-AF031130,1000000197,Dr. Spencer Haynes,MEM000744,FAC036,2026-04-16T16:00:00,99213,109.01,Chennai,CLEAN
CLM-6C70BA2B,1000000068,Dr. James Brown,MEM000532,FAC001,2026-02-20T09:00:00,99213,108.28,Chennai,CLEAN
CLM-43311DC9,1000000172,Dr. Joshua Cooke,MEM000738,FAC014,2026-04-04T15:00:00,99215,222.67,Chennai,CLEAN
CLM-39773C7B,1000000039,Dr. Brittany Farmer,MEM000399,FAC001,2026-05-12T11:00:00,99215,205.98,Chennai,CLEAN
CLM-C5312C7A,1000000171,Dr. Darlene Miller,MEM000425,FAC015,2026-05-01T13:00:00,99213,92.83,Chennai,CLEAN
CLM-C8FC913B,1000000129,Dr. Megan Orr,MEM000884,FAC048,2026-05-14T15:00:00,71045,87.02,Chennai,CLEAN
CLM-319FE081,1000000026,Dr. Justin Baker,MEM000090,FAC008,2026-06-22T11:00:00,99214,158.9,Chennai,CLEAN
CLM-31079441,1000000042,Dr. Sherry Decker,MEM000077,FAC016,2026-06-10T11:00:00,99215,236.14,Chennai,CLEAN
CLM-56E14A14,1000000096,Dr. Aaron Wise,MEM000084,FAC006,2026-05-30T16:00:00,93000,60.81,Chennai,CLEAN
CLM-A0B7A706,1000000037,Dr. Cassandra Gaines,MEM000863,FAC021,2026-06-08T13:00:00,71045,87.63,Chennai,CLEAN
CLM-7E896835,1000000194,Dr. John Bishop,MEM000326,FAC028,2026-03-09T13:00:00,71045,86.64,Chennai,CLEAN
CLM-C5D8450B,1000000179,Dr. Robert Oconnell,MEM000219,FAC011,2026-04-06T14:00:00,99215,210.6,Chennai,CLEAN
CLM-F25AD11D,1000000019,Dr. Carla Gray,MEM000112,FAC033,2026-01-25T17:00:00,99215,201.75,Chennai,CLEAN
CLM-B9AB2D40,1000000097,Dr. Deborah Figueroa,MEM000943,FAC028,2026-02-18T17:00:00,99213,103.74,Chennai,CLEAN
CLM-F28B1F4E,1000000036,Dr. Sherri Baker,MEM000059,FAC013,2026-05-22T17:00:00,99213,103.8,Chennai,CLEAN
CLM-FD72296A,1000000055,Dr. Michael Lewis,MEM000455,FAC046,2026-04-20T17:00:00,99215,232.33,Chennai,CLEAN
CLM-A0941B05,1000000137,Dr. Courtney Gonzalez,MEM000797,FAC017,2026-05-08T10:00:00,99215,214.81,Chennai,CLEAN
CLM-1099EB7C,1000000034,Dr. Debra Davidson,MEM000169,FAC001,2026-01-20T13:00:00,93000,56.93,Chennai,CLEAN
CLM-610E1577,1000000062,Dr. Connor West,MEM000331,FAC017,2026-01-16T10:00:00,99213,93.69,Chennai,CLEAN
CLM-3E549C59,1000000043,Dr. Anthony Humphrey,MEM000554,FAC013,2026-04-10T09:00:00,99214,135.05,Chennai,CLEAN
CLM-416139B3,1000000123,Dr. Michelle Harmon,MEM000899,FAC049,2026-04-12T13:00:00,71045,86.53,Chennai,CLEAN
CLM-21EEA1CD,1000000011,Dr. Jamie Arnold,MEM000749,FAC036,2026-01-03T15:00:00,71045,78.97,Chennai,CLEAN
CLM-9AEF3501,1000000139,Dr. Angel Perry,MEM000242,FAC049,2026-04-30T15:00:00,99214,157.21,Chennai,CLEAN
CLM-54573545,1000000095,Dr. Anna Henderson,MEM000002,FAC030,2026-04-18T16:00:00,99213,102.73,Chennai,CLEAN
CLM-168B391D,1000000047,Dr. Shane Henderson,MEM000981,FAC006,2026-05-08T11:00:00,99213,95.64,Chennai,CLEAN
CLM-432E3044,1000000134,Dr. Rebecca Jackson,MEM000865,FAC033,2026-04-12T17:00:00,99213,103.14,Chennai,CLEAN
CLM-2F73BDA7,1000000026,Dr. Justin Baker,MEM000513,FAC024,2026-05-28T12:00:00,99213,94.52,Chennai,CLEAN
CLM-57D5D063,1000000171,Dr. Darlene Miller,MEM000165,FAC024,2026-03-18T14:00:00,71045,76.11,Chennai,CLEAN
CLM-D314F09E,1000000109,Dr. Sharon Cochran,MEM000478,FAC019,2026-01-28T10:00:00,71045,72.59,Chennai,CLEAN
CLM-947AA887,1000000183,Dr. Ashley Barton,MEM000927,FAC043,2026-03-01T09:00:00,71045,84.55,Chennai,CLEAN
CLM-7CA97D38,1000000064,Dr. Jessica Callahan,MEM000815,FAC036,2026-01-09T16:00:00,99213,94.59,Chennai,CLEAN
CLM-22B98E90,1000000033,Dr. Nathan Maldonado,MEM000344,FAC042,2026-01-30T16:00:00,99213,92.47,Chennai,CLEAN
CLM-634EA9F2,1000000017,Dr. Derek Zuniga,MEM000755,FAC023,2026-05-24T10:00:00,99214,146.91,Chennai,CLEAN
CLM-93E23F9C,1000000139,Dr. Angel Perry,MEM000145,FAC037,2026-04-11T16:00:00,99213,99.25,Chennai,CLEAN
CLM-3FA4F8AF,1000000044,Dr. Angelica Tucker,MEM000120,FAC021,2026-03-05T10:00:00,93000,56.99,Chennai,CLEAN
CLM-E7E45DE6,1000000101,Dr. Cameron Parker,MEM000746,FAC008,2026-03-29T11:00:00,71045,84.73,Chennai,CLEAN
CLM-64CDD41C,1000000035,Dr. Jeffrey Chavez,MEM000178,FAC007,2026-04-19T09:00:00,93000,62.49,Chennai,CLEAN
CLM-3FE3FCD7,1000000116,Dr. William Herrera,MEM000375,FAC017,2026-05-12T09:00:00,99214,160.95,Chennai,CLEAN
CLM-A476811F,1000000154,Dr. Brenda Hall,MEM000237,FAC012,2026-04-05T17:00:00,99214,157.68,Chennai,CLEAN
CLM-40B65434,1000000076,Dr. Angela Lopez,MEM000196,FAC043,2026-06-09T10:00:00,99213,98.17,Chennai,CLEAN
CLM-7B6986FA,1000000114,Dr. Garrett Lin,MEM000245,FAC020,2026-01-22T16:00:00,99215,212.88,Chennai,CLEAN
CLM-A19D074E,1000000064,Dr. Jessica Callahan,MEM000386,FAC036,2026-02-25T14:00:00,99213,90.52,Chennai,CLEAN
CLM-083FDC57,1000000041,Dr. Fred Smith,MEM000752,FAC005,2026-03-19T09:00:00,99213,93.01,Chennai,CLEAN
CLM-2F525402,1000000139,Dr. Angel Perry,MEM000250,FAC012,2026-01-23T14:00:00,99215,220.58,Chennai,CLEAN
CLM-458A2E5C,1000000162,Dr. Lindsey Walker,MEM000596,FAC045,2026-05-04T09:00:00,99214,145.17,Chennai,CLEAN
CLM-22C7AC7A,1000000194,Dr. John Bishop,MEM000883,FAC038,2026-04-27T10:00:00,71045,86.86,Chennai,CLEAN
CLM-A8922A15,1000000020,Dr. Margaret Hawkins DDS,MEM000877,FAC031,2026-06-29T09:00:00,99214,135.98,Chennai,CLEAN
CLM-B446CFA5,1000000105,Dr. Marc Moore,MEM000512,FAC028,2026-01-15T13:00:00,99213,92.59,Chennai,CLEAN
CLM-8806D66B,1000000178,Dr. Lawrence Adkins,MEM000391,FAC000,2026-03-26T10:00:00,71045,76.05,Chennai,CLEAN
CLM-2F53B89A,1000000059,Dr. John Daniel,MEM000779,FAC040,2026-06-11T17:00:00,93000,57.85,Chennai,CLEAN
CLM-D2B67E75,1000000061,Dr. Gerald Hensley,MEM000458,FAC024,2026-05-24T13:00:00,99213,105.12,Chennai,CLEAN
CLM-FF41075A,1000000116,Dr. William Herrera,MEM000782,FAC025,2026-04-28T16:00:00,71045,85.72,Chennai,CLEAN
CLM-ECF2B722,1000000002,Dr. Angie Henderson,MEM000397,FAC017,2026-02-27T13:00:00,99215,239.44,Chennai,CLEAN
CLM-A907AF58,1000000167,Dr. Alyssa Day,MEM000863,FAC045,2026-05-31T16:00:00,99214,160.28,Chennai,CLEAN
CLM-9EBB0496,1000000163,Dr. Jeffrey Johnson,MEM000780,FAC030,2026-03-02T09:00:00,99214,141.77,Chennai,CLEAN
CLM-AB5CC4C1,1000000067,Dr. Carol Tucker,MEM000594,FAC026,2026-04-26T14:00:00,71045,86.34,Chennai,CLEAN
CLM-30406E97,1000000067,Dr. Carol Tucker,MEM000889,FAC021,2026-01-30T09:00:00,99215,221.89,Chennai,CLEAN
CLM-119ABA80,1000000136,Dr. Robert Potter,MEM000879,FAC002,2026-05-31T13:00:00,71045,83.61,Chennai,CLEAN
CLM-4B0214E1,1000000055,Dr. Michael Lewis,MEM000863,FAC007,2026-05-19T10:00:00,99215,215.03,Chennai,CLEAN
CLM-DE267EAD,1000000087,Dr. Christopher Bass,MEM000865,FAC018,2026-02-11T16:00:00,99213,99.1,Chennai,CLEAN
CLM-CACB034D,1000000199,Dr. Nathan Freeman,MEM000869,FAC037,2026-04-03T13:00:00,71045,78.62,Chennai,CLEAN
CLM-2FDEC4FA,1000000030,Dr. Rebecca Henderson,MEM000107,FAC006,2026-01-14T16:00:00,93000,59.67,Chennai,CLEAN
CLM-59EF5DA2,1000000078,Dr. Steve Sanchez,MEM000902,FAC028,2026-04-03T13:00:00,99215,216.41,Chennai,CLEAN
CLM-CDFBC514,1000000118,Dr. Victor Baker,MEM000153,FAC032,2026-05-25T16:00:00,99214,139.99,Chennai,CLEAN
CLM-FF7089BE,1000000174,Dr. Nicole Herring,MEM000590,FAC013,2026-03-17T17:00:00,99215,209.81,Chennai,CLEAN
CLM-84369F7E,1000000174,Dr. Nicole Herring,MEM000025,FAC048,2026-02-22T09:00:00,93000,60.09,Chennai,CLEAN
CLM-6574EE58,1000000175,Dr. Alex Hernandez,MEM000389,FAC033,2026-03-31T15:00:00,99213,106.86,Chennai,CLEAN
CLM-B96D9FD5,1000000097,Dr. Deborah Figueroa,MEM000740,FAC037,2026-06-02T11:00:00,71045,73.08,Chennai,CLEAN
CLM-8547AA0F,1000000132,Dr. Mary Marshall,MEM000135,FAC026,2026-05-21T16:00:00,99213,102.5,Chennai,CLEAN
CLM-49CD501B,1000000113,Dr. Crystal Johnson,MEM000904,FAC028,2026-04-27T16:00:00,93000,58.5,Chennai,CLEAN
CLM-4037DA69,1000000010,Dr. Monica Herrera,MEM000775,FAC041,2026-02-22T15:00:00,99214,146.29,Chennai,CLEAN
CLM-76B3F1EE,1000000127,Dr. Jason Powell,MEM000479,FAC037,2026-02-17T16:00:00,99213,103.4,Chennai,CLEAN
CLM-DF0FF894,1000000021,Dr. Patty Perez,MEM000056,FAC028,2026-03-03T14:00:00,99213,92.6,Chennai,CLEAN
CLM-6EB2F95C,1000000152,Dr. Denise Jones,MEM000429,FAC011,2026-02-17T09:00:00,71045,80.63,Chennai,CLEAN
CLM-6CBFE884,1000000167,Dr. Alyssa Day,MEM000938,FAC010,2026-03-15T12:00:00,99214,141.95,Chennai,CLEAN
CLM-89629EB9,1000000175,Dr. Alex Hernandez,MEM000964,FAC049,2026-03-03T09:00:00,99214,141.47,Chennai,CLEAN
CLM-BCD2F7B6,1000000150,Dr. David Wright,MEM000951,FAC014,2026-03-06T13:00:00,71045,72.36,Chennai,CLEAN
CLM-A6753354,1000000102,Dr. Rebecca Valencia,MEM000833,FAC045,2026-01-08T15:00:00,93000,65.82,Chennai,CLEAN
CLM-DBD8CD5B,1000000066,Dr. Tracy House,MEM000724,FAC014,2026-06-24T09:00:00,71045,81.79,Chennai,CLEAN
CLM-28D98FB3,1000000167,Dr. Alyssa Day,MEM000133,FAC012,2026-03-29T16:00:00,93000,64.56,Chennai,CLEAN
CLM-AA7E15F2,1000000082,Dr. Michael Evans,MEM000797,FAC008,2026-06-03T13:00:00,99213,92.73,Chennai,CLEAN
CLM-0CEB37EC,1000000087,Dr. Christopher Bass,MEM000248,FAC030,2026-01-13T09:00:00,71045,85.78,Chennai,CLEAN
CLM-30D4448B,1000000067,Dr. Carol Tucker,MEM000259,FAC033,2026-05-23T14:00:00,99215,221.4,Chennai,CLEAN
CLM-9BB9F7C8,1000000199,Dr. Nathan Freeman,MEM000969,FAC021,2026-03-04T10:00:00,99213,109.24,Chennai,CLEAN
CLM-FDF1A8F7,1000000161,Dr. Jennifer Adkins,MEM000771,FAC048,2026-05-14T09:00:00,99215,205.34,Chennai,CLEAN
CLM-64EBFBB6,1000000089,Dr. Aimee Montoya,MEM000986,FAC019,2026-02-06T17:00:00,99213,96.48,Chennai,CLEAN
CLM-00A27A03,1000000113,Dr. Crystal Johnson,MEM000420,FAC048,2026-03-19T11:00:00,99215,212.65,Chennai,CLEAN
CLM-88196500,1000000007,Dr. Gina Moore,MEM000491,FAC035,2026-04-19T17:00:00,93000,61.65,Chennai,CLEAN
CLM-8F1AF789,1000000114,Dr. Garrett Lin,MEM000557,FAC025,2026-01-08T11:00:00,99213,94.57,Chennai,CLEAN
CLM-BBE597B0,1000000151,Dr. Pamela Boyd,MEM000973,FAC008,2026-02-13T10:00:00,99214,161.63,Chennai,CLEAN
CLM-93423265,1000000123,Dr. Michelle Harmon,MEM000035,FAC005,2026-06-09T14:00:00,93000,58.82,Chennai,CLEAN
CLM-2835BBA9,1000000106,Dr. Sharon Cherry,MEM000944,FAC013,2026-06-01T11:00:00,93000,63.73,Chennai,CLEAN
CLM-079AA2F9,1000000144,Dr. Amber Wright,MEM000537,FAC049,2026-05-04T11:00:00,93000,59.96,Chennai,CLEAN
CLM-92BCAF78,1000000179,Dr. Robert Oconnell,MEM000078,FAC016,2026-02-10T13:00:00,93000,58.35,Chennai,CLEAN
CLM-540940D4,1000000104,Dr. Richard Henson,MEM000177,FAC036,2026-01-29T16:00:00,93000,58.71,Chennai,CLEAN
CLM-6BBDD332,1000000076,Dr. Angela Lopez,MEM000117,FAC027,2026-01-03T12:00:00,99214,157.81,Chennai,CLEAN
CLM-3DD3AFDB,1000000138,Dr. David Alvarez,MEM000570,FAC032,2026-01-02T16:00:00,99213,90.39,Chennai,CLEAN
CLM-17B7D690,1000000020,Dr. Margaret Hawkins DDS,MEM000718,FAC002,2026-02-15T17:00:00,71045,77.0,Chennai,CLEAN
CLM-C237E360,1000000175,Dr. Alex Hernandez,MEM000081,FAC009,2026-01-06T11:00:00,99214,156.92,Chennai,CLEAN
CLM-2325B141,1000000167,Dr. Alyssa Day,MEM000770,FAC000,2026-01-22T16:00:00,99215,211.09,Chennai,CLEAN
CLM-28CB2AF2,1000000069,Dr. William Baker,MEM000068,FAC025,2026-03-12T17:00:00,71045,81.91,Chennai,CLEAN
CLM-0DC43CAF,1000000168,Dr. Joel Williams,MEM000885,FAC044,2026-01-18T09:00:00,99215,215.85,Chennai,CLEAN
CLM-D3F67F61,1000000033,Dr. Nathan Maldonado,MEM000895,FAC029,2026-03-23T09:00:00,99213,97.11,Chennai,CLEAN
CLM-851732F2,1000000103,Dr. Christine Wright,MEM000697,FAC043,2026-05-27T16:00:00,99215,210.13,Chennai,CLEAN
CLM-3E441642,1000000013,Dr. Michele Williams,MEM000235,FAC046,2026-04-12T09:00:00,71045,80.55,Chennai,CLEAN
CLM-07C399CE,1000000196,Dr. Daniel Salinas,MEM000349,FAC018,2026-05-19T12:00:00,99214,135.4,Chennai,CLEAN
CLM-B45C6017,1000000095,Dr. Anna Henderson,MEM000519,FAC031,2026-02-06T12:00:00,93000,56.59,Chennai,CLEAN
CLM-8C8A1210,1000000136,Dr. Robert Potter,MEM000724,FAC041,2026-01-03T15:00:00,99213,105.91,Chennai,CLEAN
CLM-CC3B1BAF,1000000066,Dr. Tracy House,MEM000343,FAC028,2026-06-02T11:00:00,99214,139.04,Chennai,CLEAN
CLM-7E69E20D,1000000124,Dr. Helen Jones,MEM000077,FAC017,2026-06-19T17:00:00,99215,220.01,Chennai,CLEAN
CLM-6DF19EAC,1000000025,Dr. Judy Baker,MEM000635,FAC040,2026-04-28T09:00:00,99213,97.3,Chennai,CLEAN
CLM-4081FC95,1000000184,Dr. Lindsay Martinez,MEM000109,FAC036,2026-04-21T16:00:00,93000,65.77,Chennai,CLEAN
CLM-2C6497EB,1000000123,Dr. Michelle Harmon,MEM000685,FAC008,2026-01-08T11:00:00,99215,201.24,Chennai,CLEAN
CLM-7936E3B2,1000000033,Dr. Nathan Maldonado,MEM000047,FAC007,2026-05-24T11:00:00,93000,62.69,Chennai,CLEAN
CLM-665DAC5D,1000000090,Dr. Matthew Mcmillan,MEM000129,FAC015,2026-02-28T11:00:00,93000,59.4,Chennai,CLEAN
CLM-DCA95449,1000000000,Dr. Allison Hill,MEM000851,FAC017,2026-05-28T12:00:00,71045,81.37,Chennai,CLEAN
CLM-F14DE1B2,1000000129,Dr. Megan Orr,MEM000165,FAC037,2026-01-27T14:00:00,93000,65.58,Chennai,CLEAN
CLM-9BF74162,1000000161,Dr. Jennifer Adkins,MEM000930,FAC023,2026-03-24T10:00:00,99213,98.59,Chennai,CLEAN
CLM-60122A6C,1000000054,Dr. Shannon Jones,MEM000821,FAC038,2026-06-15T16:00:00,99213,95.65,Chennai,CLEAN
CLM-23B337D3,1000000042,Dr. Sherry Decker,MEM000996,FAC001,2026-04-30T14:00:00,71045,76.84,Chennai,CLEAN
CLM-7FC85ECA,1000000028,Dr. Zachary Hicks,MEM000810,FAC019,2026-02-16T13:00:00,93000,63.73,Chennai,CLEAN
CLM-BDAEB4CF,1000000060,Dr. Victoria Garcia,MEM000596,FAC026,2026-02-10T15:00:00,99214,145.37,Chennai,CLEAN
CLM-61917B61,1000000020,Dr. Margaret Hawkins DDS,MEM000529,FAC034,2026-03-02T10:00:00,99214,144.01,Chennai,CLEAN
CLM-FEFE4A01,1000000147,Dr. Stephanie Salazar,MEM000975,FAC030,2026-04-26T12:00:00,71045,83.33,Chennai,CLEAN
CLM-395D2747,1000000118,Dr. Victor Baker,MEM000491,FAC010,2026-03-08T13:00:00,99214,154.06,Chennai,CLEAN
CLM-9F504263,1000000050,Dr. Jessica Holmes,MEM000644,FAC021,2026-03-19T16:00:00,93000,59.94,Chennai,CLEAN
CLM-67E9E45A,1000000154,Dr. Brenda Hall,MEM000997,FAC024,2026-04-03T16:00:00,99213,96.75,Chennai,CLEAN
CLM-82CAD465,1000000103,Dr. Christine Wright,MEM000770,FAC045,2026-03-20T12:00:00,93000,64.4,Chennai,CLEAN
CLM-116EB921,1000000165,Dr. John Anderson,MEM000044,FAC010,2026-06-07T09:00:00,99214,143.11,Chennai,CLEAN
CLM-6C51A48F,1000000136,Dr. Robert Potter,MEM000662,FAC001,2026-06-14T13:00:00,99214,143.79,Chennai,CLEAN
CLM-592EB730,1000000148,Dr. Kathy Rivas,MEM000884,FAC026,2026-01-13T09:00:00,99213,101.35,Chennai,CLEAN
CLM-27BC3515,1000000002,Dr. Angie Henderson,MEM000615,FAC004,2026-04-18T14:00:00,71045,75.65,Chennai,CLEAN
CLM-9CADFF79,1000000106,Dr. Sharon Cherry,MEM000130,FAC018,2026-02-12T15:00:00,71045,83.11,Chennai,CLEAN
CLM-2BAEF973,1000000177,Dr. Michael Wang,MEM000853,FAC008,2026-02-02T14:00:00,99215,224.13,Chennai,CLEAN
CLM-7CCF4E56,1000000008,Dr. Gabrielle Davis,MEM000226,FAC026,2026-06-03T12:00:00,99213,101.91,Chennai,CLEAN
CLM-DB9252A1,1000000021,Dr. Patty Perez,MEM000735,FAC017,2026-06-11T09:00:00,99213,103.58,Chennai,CLEAN
CLM-DB2C14A5,1000000037,Dr. Cassandra Gaines,MEM000477,FAC015,2026-01-28T10:00:00,71045,74.95,Chennai,CLEAN
CLM-42E9DF86,1000000046,Dr. John Pierce,MEM000405,FAC019,2026-01-17T13:00:00,71045,87.36,Chennai,CLEAN
CLM-F790222B,1000000084,Dr. Zachary Ferrell,MEM000431,FAC036,2026-01-04T09:00:00,99213,100.43,Chennai,CLEAN
CLM-00BEAFA8,1000000032,Dr. Tricia Valencia,MEM000940,FAC039,2026-02-27T12:00:00,99215,224.88,Chennai,CLEAN
CLM-8FA01092,1000000188,Dr. Madison Poole,MEM000279,FAC028,2026-03-20T11:00:00,99214,152.26,Chennai,CLEAN
CLM-7930344C,1000000163,Dr. Jeffrey Johnson,MEM000248,FAC048,2026-06-15T14:00:00,93000,59.01,Chennai,CLEAN
CLM-E9D16032,1000000106,Dr. Sharon Cherry,MEM000933,FAC044,2026-05-04T16:00:00,99213,109.66,Chennai,CLEAN
CLM-B5290D56,1000000063,Dr. Donald Wright,MEM000883,FAC038,2026-01-06T11:00:00,99214,147.94,Chennai,CLEAN
CLM-0FE047C8,1000000041,Dr. Fred Smith,MEM000759,FAC019,2026-04-30T12:00:00,71045,77.19,Chennai,CLEAN
CLM-2625FCF9,1000000010,Dr. Monica Herrera,MEM000736,FAC012,2026-02-06T09:00:00,93000,54.46,Chennai,CLEAN
CLM-62FCCC0F,1000000162,Dr. Lindsey Walker,MEM000056,FAC027,2026-03-18T16:00:00,71045,73.08,Chennai,CLEAN
CLM-C0DA70F3,1000000165,Dr. John Anderson,MEM000319,FAC019,2026-02-07T16:00:00,93000,59.87,Chennai,CLEAN
CLM-379204CD,1000000188,Dr. Madison Poole,MEM000722,FAC020,2026-03-23T13:00:00,99213,104.29,Chennai,CLEAN
CLM-5EC7D0E6,1000000072,Dr. Brittney Phillips,MEM000180,FAC041,2026-03-05T10:00:00,71045,81.91,Chennai,CLEAN
CLM-9A53E7BF,1000000153,Dr. Devon Flores,MEM000147,FAC046,2026-06-30T09:00:00,71045,79.09,Chennai,CLEAN
CLM-C9B06796,1000000093,Dr. Christina Walters,MEM000830,FAC017,2026-05-27T12:00:00,93000,56.36,Chennai,CLEAN
CLM-E52AF486,1000000059,Dr. John Daniel,MEM000700,FAC036,2026-04-13T09:00:00,99215,212.06,Chennai,CLEAN
CLM-0F589E79,1000000054,Dr. Shannon Jones,MEM000757,FAC049,2026-06-21T11:00:00,99215,205.68,Chennai,CLEAN
CLM-79AD8206,1000000120,Dr. Larry Dixon,MEM000571,FAC044,2026-02-26T14:00:00,71045,75.17,Chennai,CLEAN
CLM-F2F0D555,1000000130,Dr. Elizabeth Kelley,MEM000100,FAC014,2026-03-05T09:00:00,71045,75.72,Chennai,CLEAN
CLM-634D3C6E,1000000087,Dr. Christopher Bass,MEM000254,FAC040,2026-06-23T12:00:00,99213,93.62,Chennai,CLEAN
CLM-187D70ED,1000000058,Dr. Brent Jordan,MEM000433,FAC019,2026-01-26T11:00:00,99214,143.79,Chennai,CLEAN
CLM-56E8EEAC,1000000121,Dr. Kenneth Scott,MEM000955,FAC016,2026-01-06T17:00:00,99215,206.4,Chennai,CLEAN
CLM-EAE87FAB,1000000117,Dr. Ashley Waller,MEM000161,FAC003,2026-03-03T12:00:00,99215,199.97,Chennai,CLEAN
CLM-CA9F9726,1000000018,Dr. Lisa Jackson,MEM000409,FAC003,2026-02-02T12:00:00,99214,144.8,Chennai,CLEAN
CLM-B499FA6A,1000000007,Dr. Gina Moore,MEM000499,FAC045,2026-01-23T14:00:00,99215,212.27,Chennai,CLEAN
CLM-68C3AFDD,1000000127,Dr. Jason Powell,MEM000055,FAC037,2026-03-10T09:00:00,99215,204.68,Chennai,CLEAN
CLM-5D4AD925,1000000165,Dr. John Anderson,MEM000837,FAC043,2026-06-22T13:00:00,99215,215.3,Chennai,CLEAN
CLM-EAF33F2F,1000000018,Dr. Lisa Jackson,MEM000080,FAC037,2026-06-08T11:00:00,99215,233.77,Chennai,CLEAN
CLM-396E32BB,1000000022,Dr. Ethan Adams,MEM000134,FAC020,2026-03-01T17:00:00,99213,108.83,Chennai,CLEAN
CLM-1EB69959,1000000197,Dr. Spencer Haynes,MEM000529,FAC004,2026-05-31T10:00:00,99214,159.67,Chennai,CLEAN
CLM-EF4EB97F,1000000187,Dr. Samantha Garcia,MEM000997,FAC022,2026-01-06T14:00:00,99214,156.88,Chennai,CLEAN
CLM-117353B4,1000000079,Dr. Lisa Barnes,MEM000625,FAC016,2026-01-18T16:00:00,99213,96.66,Chennai,CLEAN
CLM-35774CF9,1000000127,Dr. Jason Powell,MEM000878,FAC048,2026-03-22T14:00:00,71045,87.19,Chennai,CLEAN
CLM-500BA7DA,1000000100,Dr. Sandra Aguilar,MEM000442,FAC014,2026-02-14T17:00:00,99214,164.42,Chennai,CLEAN
CLM-CB264DF1,1000000104,Dr. Richard Henson,MEM000251,FAC001,2026-04-21T10:00:00,71045,74.15,Chennai,CLEAN
CLM-EDE1CAE6,1000000019,Dr. Carla Gray,MEM000687,FAC042,2026-05-18T14:00:00,71045,75.8,Chennai,CLEAN
CLM-13AB02FC,1000000033,Dr. Nathan Maldonado,MEM000009,FAC049,2026-01-01T16:00:00,71045,87.03,Chennai,CLEAN
CLM-278C2C76,1000000080,Dr. Kelly Donovan,MEM000042,FAC018,2026-02-09T09:00:00,99215,224.71,Chennai,CLEAN
CLM-019DA9A4,1000000168,Dr. Joel Williams,MEM000394,FAC032,2026-04-02T15:00:00,93000,59.34,Chennai,CLEAN
CLM-A44A77C6,1000000019,Dr. Carla Gray,MEM000313,FAC012,2026-06-25T12:00:00,71045,72.38,Chennai,CLEAN
CLM-4869C135,1000000129,Dr. Megan Orr,MEM000043,FAC047,2026-06-01T09:00:00,99213,90.88,Chennai,CLEAN
CLM-935995CE,1000000072,Dr. Brittney Phillips,MEM000783,FAC048,2026-04-17T10:00:00,99213,104.65,Chennai,CLEAN
CLM-2AF02E84,1000000153,Dr. Devon Flores,MEM000152,FAC031,2026-05-12T17:00:00,93000,60.69,Chennai,CLEAN
CLM-FF75B8D5,1000000137,Dr. Courtney Gonzalez,MEM000608,FAC013,2026-01-10T13:00:00,71045,82.5,Chennai,CLEAN
CLM-4507BEC0,1000000098,Dr. Jessica Smith,MEM000960,FAC015,2026-05-23T17:00:00,99213,98.15,Chennai,CLEAN
CLM-F984D085,1000000130,Dr. Elizabeth Kelley,MEM000484,FAC045,2026-05-18T14:00:00,99213,100.55,Chennai,CLEAN
CLM-0F2FBAD0,1000000175,Dr. Alex Hernandez,MEM000361,FAC026,2026-06-02T09:00:00,99215,225.62,Chennai,CLEAN
CLM-10064EF6,1000000169,Dr. Daniel Murphy,MEM000605,FAC024,2026-03-27T15:00:00,93000,60.44,Chennai,CLEAN
CLM-5D8BC557,1000000041,Dr. Fred Smith,MEM000389,FAC030,2026-02-15T17:00:00,99213,90.24,Chennai,CLEAN
CLM-FB635E7D,1000000039,Dr. Brittany Farmer,MEM000731,FAC031,2026-02-10T09:00:00,93000,55.35,Chennai,CLEAN
CLM-511B4D58,1000000171,Dr. Darlene Miller,MEM000966,FAC018,2026-04-25T11:00:00,99214,148.74,Chennai,CLEAN
CLM-5C8EE585,1000000090,Dr. Matthew Mcmillan,MEM000430,FAC018,2026-01-05T16:00:00,93000,56.68,Chennai,CLEAN
CLM-422883D4,1000000185,Dr. Dr. Hannah Patterson,MEM000729,FAC049,2026-01-08T17:00:00,99214,136.49,Chennai,CLEAN
CLM-A55A508C,1000000102,Dr. Rebecca Valencia,MEM000618,FAC028,2026-05-14T14:00:00,99213,102.83,Chennai,CLEAN
CLM-96C57672,1000000088,Dr. Lisa Archer,MEM000290,FAC038,2026-05-21T12:00:00,71045,79.38,Chennai,CLEAN
CLM-4C111134,1000000020,Dr. Margaret Hawkins DDS,MEM000266,FAC024,2026-05-04T13:00:00,93000,54.42,Chennai,CLEAN
CLM-5B2E2C8E,1000000111,Dr. Shannon Walker,MEM000388,FAC033,2026-05-12T15:00:00,71045,77.96,Chennai,CLEAN
CLM-EB7EB9FC,1000000143,Dr. Christopher Rubio,MEM000345,FAC048,2026-05-06T10:00:00,99213,98.5,Chennai,CLEAN
CLM-8310F44F,1000000090,Dr. Matthew Mcmillan,MEM000441,FAC002,2026-03-31T14:00:00,71045,75.32,Chennai,CLEAN
CLM-473C72EE,1000000077,Dr. Megan Young,MEM000254,FAC048,2026-01-23T17:00:00,99213,108.32,Chennai,CLEAN
CLM-9D19208E,1000000167,Dr. Alyssa Day,MEM000449,FAC013,2026-05-31T11:00:00,99213,104.4,Chennai,CLEAN
CLM-B1063042,1000000034,Dr. Debra Davidson,MEM000357,FAC033,2026-03-30T15:00:00,99215,231.37,Chennai,CLEAN
CLM-B2C526DA,1000000054,Dr. Shannon Jones,MEM000245,FAC049,2026-05-01T16:00:00,71045,84.71,Chennai,CLEAN
CLM-38D66DB0,1000000004,Dr. Cristian Santos,MEM000693,FAC012,2026-01-26T15:00:00,71045,83.0,Chennai,CLEAN
CLM-5DC85ECE,1000000123,Dr. Michelle Harmon,MEM000110,FAC037,2026-02-11T15:00:00,99213,97.42,Chennai,CLEAN
CLM-4C391637,1000000140,Dr. Cheyenne Horton,MEM000492,FAC043,2026-02-09T09:00:00,99213,92.87,Chennai,CLEAN
CLM-8F5D1B38,1000000170,Dr. Jamie Walton,MEM000058,FAC008,2026-04-06T13:00:00,99215,212.13,Chennai,CLEAN
CLM-A573C1F5,1000000168,Dr. Joel Williams,MEM000059,FAC021,2026-03-17T09:00:00,93000,65.92,Chennai,CLEAN
CLM-D520E057,1000000184,Dr. Lindsay Martinez,MEM000037,FAC042,2026-05-25T17:00:00,99214,152.04,Chennai,CLEAN
CLM-6E309A4C,1000000126,Dr. Michelle Evans,MEM000411,FAC040,2026-04-28T12:00:00,93000,60.12,Chennai,CLEAN
CLM-CDF5AA39,1000000034,Dr. Debra Davidson,MEM000317,FAC024,2026-01-25T15:00:00,99214,135.4,Chennai,CLEAN
CLM-83472A2A,1000000197,Dr. Spencer Haynes,MEM000288,FAC015,2026-05-15T12:00:00,99213,90.55,Chennai,CLEAN
CLM-E86B1A83,1000000148,Dr. Kathy Rivas,MEM000081,FAC018,2026-02-27T14:00:00,99214,153.45,Chennai,CLEAN
CLM-0D145861,1000000158,Dr. Melissa Gates,MEM000959,FAC014,2026-01-05T16:00:00,99215,202.68,Chennai,CLEAN
CLM-29519722,1000000145,Dr. Joyce Solis,MEM000579,FAC041,2026-04-16T14:00:00,99215,216.19,Chennai,CLEAN
CLM-29D43CC9,1000000099,Dr. Stephen Mckee,MEM000156,FAC032,2026-06-08T16:00:00,99214,145.78,Chennai,CLEAN
CLM-27F58AB3,1000000133,Dr. Daniel Kennedy,MEM000620,FAC024,2026-02-10T11:00:00,99215,204.83,Chennai,CLEAN
CLM-CADD4754,1000000199,Dr. Nathan Freeman,MEM000335,FAC040,2026-04-14T09:00:00,99213,93.32,Chennai,CLEAN
CLM-321D7A2C,1000000063,Dr. Donald Wright,MEM000038,FAC008,2026-02-27T13:00:00,99213,97.45,Chennai,CLEAN
CLM-B7FD4C50,1000000190,Dr. Debra Morton,MEM000479,FAC028,2026-01-27T11:00:00,99215,201.47,Chennai,CLEAN
CLM-CF3E3A14,1000000094,Dr. John Whitehead,MEM000531,FAC036,2026-01-12T13:00:00,99213,108.46,Chennai,CLEAN
CLM-99B2DC2A,1000000161,Dr. Jennifer Adkins,MEM000169,FAC049,2026-05-10T09:00:00,99215,201.06,Chennai,CLEAN
CLM-26DC6706,1000000103,Dr. Christine Wright,MEM000441,FAC002,2026-05-19T10:00:00,99214,141.53,Chennai,CLEAN
CLM-6EA5CED1,1000000032,Dr. Tricia Valencia,MEM000499,FAC033,2026-05-22T13:00:00,99215,219.38,Chennai,CLEAN
CLM-14C9EDEE,1000000157,Dr. Jason Stein,MEM000034,FAC037,2026-05-23T15:00:00,99214,147.49,Chennai,CLEAN
CLM-1D7A4FC7,1000000083,Dr. Paul Jones,MEM000143,FAC030,2026-04-11T14:00:00,93000,63.72,Chennai,CLEAN
CLM-PHANTOM-D1F917,1999999999,Dr. Synthetic-A (Phantom),GHOST-MEM-9876,FAC018,2026-01-30T09:00:00,99215,450.0,Chennai,PHANTOM_BILLING
CLM-PHANTOM-2BD491,1999999999,Dr. Synthetic-A (Phantom),GHOST-MEM-9310,FAC009,2026-01-11T09:00:00,99215,450.0,Chennai,PHANTOM_BILLING
CLM-PHANTOM-897668,1999999999,Dr. Synthetic-A (Phantom),GHOST-MEM-9148,FAC010,2026-01-27T09:00:00,99215,450.0,Chennai,PHANTOM_BILLING
CLM-PHANTOM-3ED344,1999999999,Dr. Synthetic-A (Phantom),GHOST-MEM-9710,FAC035,2026-01-20T09:00:00,99215,450.0,Chennai,PHANTOM_BILLING
CLM-PHANTOM-812555,1999999999,Dr. Synthetic-A (Phantom),GHOST-MEM-9257,FAC034,2026-02-14T09:00:00,99215,450.0,Chennai,PHANTOM_BILLING
CLM-PHANTOM-BF01FA,1999999999,Dr. Synthetic-A (Phantom),GHOST-MEM-9856,FAC025,2026-01-23T09:00:00,99215,450.0,Chennai,PHANTOM_BILLING
CLM-PHANTOM-9F6E4E,1999999999,Dr. Synthetic-A (Phantom),GHOST-MEM-9741,FAC004,2026-01-26T09:00:00,99215,450.0,Chennai,PHANTOM_BILLING
CLM-PHANTOM-C93DEA,1999999999,Dr. Synthetic-A (Phantom),GHOST-MEM-9889,FAC029,2026-01-26T09:00:00,99215,450.0,Chennai,PHANTOM_BILLING
CLM-PHANTOM-9ABC89,1999999999,Dr. Synthetic-A (Phantom),GHOST-MEM-9473,FAC004,2026-01-30T09:00:00,99215,450.0,Chennai,PHANTOM_BILLING
CLM-PHANTOM-96394C,1999999999,Dr. Synthetic-A (Phantom),GHOST-MEM-9375,FAC002,2026-01-25T09:00:00,99215,450.0,Chennai,PHANTOM_BILLING
CLM-PHANTOM-63FEB6,1999999999,Dr. Synthetic-A (Phantom),GHOST-MEM-9965,FAC004,2026-01-18T09:00:00,99215,450.0,Chennai,PHANTOM_BILLING
CLM-PHANTOM-53B732,1999999999,Dr. Synthetic-A (Phantom),GHOST-MEM-9935,FAC034,2026-01-13T09:00:00,99215,450.0,Chennai,PHANTOM_BILLING
CLM-PHANTOM-379C8A,1999999999,Dr. Synthetic-A (Phantom),GHOST-MEM-9712,FAC009,2026-02-04T09:00:00,99215,450.0,Chennai,PHANTOM_BILLING
CLM-PHANTOM-C15795,1999999999,Dr. Synthetic-A (Phantom),GHOST-MEM-9695,FAC024,2026-02-20T09:00:00,99215,450.0,Chennai,PHANTOM_BILLING
CLM-PHANTOM-0E08C6,1999999999,Dr. Synthetic-A (Phantom),GHOST-MEM-9601,FAC007,2026-01-27T09:00:00,99215,450.0,Chennai,PHANTOM_BILLING
CLM-PHANTOM-BEF164,1999999999,Dr. Synthetic-A (Phantom),GHOST-MEM-9806,FAC007,2026-02-18T09:00:00,99215,450.0,Chennai,PHANTOM_BILLING
CLM-PHANTOM-C8EE33,1999999999,Dr. Synthetic-A (Phantom),GHOST-MEM-9780,FAC015,2026-02-16T09:00:00,99215,450.0,Chennai,PHANTOM_BILLING
CLM-PHANTOM-70F5C6,1999999999,Dr. Synthetic-A (Phantom),GHOST-MEM-9418,FAC000,2026-02-04T09:00:00,99215,450.0,Chennai,PHANTOM_BILLING
CLM-PHANTOM-E304F1,1999999999,Dr. Synthetic-A (Phantom),GHOST-MEM-9087,FAC001,2026-01-27T09:00:00,99215,450.0,Chennai,PHANTOM_BILLING
CLM-PHANTOM-5FFC29,1999999999,Dr. Synthetic-A (Phantom),GHOST-MEM-9465,FAC005,2026-02-12T09:00:00,99215,450.0,Chennai,PHANTOM_BILLING
CLM-PHANTOM-1ED808,1999999999,Dr. Synthetic-A (Phantom),GHOST-MEM-9581,FAC047,2026-01-18T09:00:00,99215,450.0,Chennai,PHANTOM_BILLING
CLM-PHANTOM-178B77,1999999999,Dr. Synthetic-A (Phantom),GHOST-MEM-9850,FAC006,2026-02-17T09:00:00,99215,450.0,Chennai,PHANTOM_BILLING
CLM-PHANTOM-D5CB43,1999999999,Dr. Synthetic-A (Phantom),GHOST-MEM-9823,FAC039,2026-01-19T09:00:00,99215,450.0,Chennai,PHANTOM_BILLING
CLM-PHANTOM-8B3193,1999999999,Dr. Synthetic-A (Phantom),GHOST-MEM-9751,FAC020,2026-02-04T09:00:00,99215,450.0,Chennai,PHANTOM_BILLING
CLM-PHANTOM-E19D9A,1999999999,Dr. Synthetic-A (Phantom),GHOST-MEM-9979,FAC042,2026-02-18T09:00:00,99215,450.0,Chennai,PHANTOM_BILLING
CLM-PHANTOM-EA7AFC,1999999999,Dr. Synthetic-A (Phantom),GHOST-MEM-9146,FAC019,2026-02-11T09:00:00,99215,450.0,Chennai,PHANTOM_BILLING
CLM-PHANTOM-A5EF9E,1999999999,Dr. Synthetic-A (Phantom),GHOST-MEM-9419,FAC035,2026-02-15T09:00:00,99215,450.0,Chennai,PHANTOM_BILLING
CLM-PHANTOM-01DBEE,1999999999,Dr. Synthetic-A (Phantom),GHOST-MEM-9685,FAC049,2026-01-24T09:00:00,99215,450.0,Chennai,PHANTOM_BILLING
CLM-PHANTOM-39812D,1999999999,Dr. Synthetic-A (Phantom),GHOST-MEM-9296,FAC004,2026-01-13T09:00:00,99215,450.0,Chennai,PHANTOM_BILLING
CLM-PHANTOM-16EFB1,1999999999,Dr. Synthetic-A (Phantom),GHOST-MEM-9225,FAC016,2026-01-16T09:00:00,99215,450.0,Chennai,PHANTOM_BILLING
CLM-PHANTOM-45774F,1999999999,Dr. Synthetic-A (Phantom),GHOST-MEM-9287,FAC005,2026-01-23T09:00:00,99215,450.0,Chennai,PHANTOM_BILLING
CLM-PHANTOM-561FC5,1999999999,Dr. Synthetic-A (Phantom),GHOST-MEM-9773,FAC004,2026-02-13T09:00:00,99215,450.0,Chennai,PHANTOM_BILLING
CLM-PHANTOM-5B87DF,1999999999,Dr. Synthetic-A (Phantom),GHOST-MEM-9106,FAC007,2026-02-15T09:00:00,99215,450.0,Chennai,PHANTOM_BILLING
CLM-PHANTOM-7D0B8C,1999999999,Dr. Synthetic-A (Phantom),GHOST-MEM-9648,FAC006,2026-01-30T09:00:00,99215,450.0,Chennai,PHANTOM_BILLING
CLM-PHANTOM-809465,1999999999,Dr. Synthetic-A (Phantom),GHOST-MEM-9009,FAC021,2026-01-16T09:00:00,99215,450.0,Chennai,PHANTOM_BILLING
CLM-PHANTOM-857408,1999999999,Dr. Synthetic-A (Phantom),GHOST-MEM-9714,FAC045,2026-01-25T09:00:00,99215,450.0,Chennai,PHANTOM_BILLING
CLM-PHANTOM-364258,1999999999,Dr. Synthetic-A (Phantom),GHOST-MEM-9160,FAC020,2026-02-20T09:00:00,99215,450.0,Chennai,PHANTOM_BILLING
CLM-PHANTOM-57368A,1999999999,Dr. Synthetic-A (Phantom),GHOST-MEM-9118,FAC028,2026-02-17T09:00:00,99215,450.0,Chennai,PHANTOM_BILLING
CLM-PHANTOM-48813D,1999999999,Dr. Synthetic-A (Phantom),GHOST-MEM-9684,FAC000,2026-01-30T09:00:00,99215,450.0,Chennai,PHANTOM_BILLING
CLM-PHANTOM-7EF953,1999999999,Dr. Synthetic-A (Phantom),GHOST-MEM-9319,FAC028,2026-01-13T09:00:00,99215,450.0,Chennai,PHANTOM_BILLING
CLM-PHANTOM-64A14A,1999999999,Dr. Synthetic-A (Phantom),GHOST-MEM-9514,FAC023,2026-02-06T09:00:00,99215,450.0,Chennai,PHANTOM_BILLING
CLM-PHANTOM-8E44B4,1999999999,Dr. Synthetic-A (Phantom),GHOST-MEM-9001,FAC036,2026-01-28T09:00:00,99215,450.0,Chennai,PHANTOM_BILLING
CLM-PHANTOM-C5634D,1999999999,Dr. Synthetic-A (Phantom),GHOST-MEM-9811,FAC003,2026-02-04T09:00:00,99215,450.0,Chennai,PHANTOM_BILLING
CLM-PHANTOM-54EC3D,1999999999,Dr. Synthetic-A (Phantom),GHOST-MEM-9464,FAC006,2026-01-29T09:00:00,99215,450.0,Chennai,PHANTOM_BILLING
CLM-PHANTOM-F877A0,1999999999,Dr. Synthetic-A (Phantom),GHOST-MEM-9676,FAC032,2026-02-09T09:00:00,99215,450.0,Chennai,PHANTOM_BILLING
CLM-PHANTOM-C18223,1999999999,Dr. Synthetic-A (Phantom),GHOST-MEM-9539,FAC013,2026-01-15T09:00:00,99215,450.0,Chennai,PHANTOM_BILLING
CLM-PHANTOM-45062C,1999999999,Dr. Synthetic-A (Phantom),GHOST-MEM-9022,FAC012,2026-01-17T09:00:00,99215,450.0,Chennai,PHANTOM_BILLING
CLM-PHANTOM-3A0A3B,1999999999,Dr. Synthetic-A (Phantom),GHOST-MEM-9268,FAC022,2026-02-04T09:00:00,99215,450.0,Chennai,PHANTOM_BILLING
CLM-PHANTOM-8A2508,1999999999,Dr. Synthetic-A (Phantom),GHOST-MEM-9278,FAC020,2026-02-10T09:00:00,99215,450.0,Chennai,PHANTOM_BILLING
CLM-PHANTOM-74BC48,1999999999,Dr. Synthetic-A (Phantom),GHOST-MEM-9128,FAC048,2026-01-20T09:00:00,99215,450.0,Chennai,PHANTOM_BILLING
CLM-PHANTOM-174D2A,1999999999,Dr. Synthetic-A (Phantom),GHOST-MEM-9468,FAC020,2026-02-10T09:00:00,99215,450.0,Chennai,PHANTOM_BILLING
CLM-PHANTOM-27CFBE,1999999999,Dr. Synthetic-A (Phantom),GHOST-MEM-9614,FAC017,2026-01-14T09:00:00,99215,450.0,Chennai,PHANTOM_BILLING
CLM-PHANTOM-AD09C3,1999999999,Dr. Synthetic-A (Phantom),GHOST-MEM-9465,FAC046,2026-01-28T09:00:00,99215,450.0,Chennai,PHANTOM_BILLING
CLM-PHANTOM-0CCEEC,1999999999,Dr. Synthetic-A (Phantom),GHOST-MEM-9027,FAC014,2026-01-24T09:00:00,99215,450.0,Chennai,PHANTOM_BILLING
CLM-PHANTOM-12AB7F,1999999999,Dr. Synthetic-A (Phantom),GHOST-MEM-9878,FAC028,2026-01-27T09:00:00,99215,450.0,Chennai,PHANTOM_BILLING
CLM-PHANTOM-DE7503,1999999999,Dr. Synthetic-A (Phantom),GHOST-MEM-9264,FAC039,2026-02-20T09:00:00,99215,450.0,Chennai,PHANTOM_BILLING
CLM-PHANTOM-F535EE,1999999999,Dr. Synthetic-A (Phantom),GHOST-MEM-9594,FAC039,2026-02-13T09:00:00,99215,450.0,Chennai,PHANTOM_BILLING
CLM-PHANTOM-BE7379,1999999999,Dr. Synthetic-A (Phantom),GHOST-MEM-9460,FAC000,2026-02-18T09:00:00,99215,450.0,Chennai,PHANTOM_BILLING
CLM-PHANTOM-99335E,1999999999,Dr. Synthetic-A (Phantom),GHOST-MEM-9965,FAC014,2026-01-26T09:00:00,99215,450.0,Chennai,PHANTOM_BILLING
CLM-PHANTOM-BB0D62,1999999999,Dr. Synthetic-A (Phantom),GHOST-MEM-9623,FAC006,2026-01-25T09:00:00,99215,450.0,Chennai,PHANTOM_BILLING
CLM-UPCODE-CA3A1B,1777777777,Dr. Synthetic-C (Upcoder),MEM000402,FAC047,2026-03-31T09:00:00,99215,1800.0,Mumbai,UPCODING
CLM-UPCODE-DC4B30,1777777777,Dr. Synthetic-C (Upcoder),MEM000295,FAC005,2026-03-03T09:00:00,99215,1800.0,Mumbai,UPCODING
CLM-UPCODE-BEF349,1777777777,Dr. Synthetic-C (Upcoder),MEM000835,FAC040,2026-03-17T09:00:00,99215,1800.0,Mumbai,UPCODING
CLM-UPCODE-0F0E4A,1777777777,Dr. Synthetic-C (Upcoder),MEM000986,FAC019,2026-02-24T09:00:00,99215,1800.0,Mumbai,UPCODING
CLM-UPCODE-D189FC,1777777777,Dr. Synthetic-C (Upcoder),MEM000004,FAC024,2026-02-21T09:00:00,99215,1800.0,Mumbai,UPCODING
CLM-UPCODE-E2290C,1777777777,Dr. Synthetic-C (Upcoder),MEM000229,FAC010,2026-03-19T09:00:00,99215,1800.0,Mumbai,UPCODING
CLM-UPCODE-C10907,1777777777,Dr. Synthetic-C (Upcoder),MEM000777,FAC028,2026-03-14T09:00:00,99215,1800.0,Mumbai,UPCODING
CLM-UPCODE-308847,1777777777,Dr. Synthetic-C (Upcoder),MEM000239,FAC004,2026-04-05T09:00:00,99215,1800.0,Mumbai,UPCODING
CLM-UPCODE-7DFBD6,1777777777,Dr. Synthetic-C (Upcoder),MEM000661,FAC035,2026-02-22T09:00:00,99215,1800.0,Mumbai,UPCODING
CLM-UPCODE-9BDF9B,1777777777,Dr. Synthetic-C (Upcoder),MEM000356,FAC031,2026-03-17T09:00:00,99215,1800.0,Mumbai,UPCODING
CLM-UPCODE-279898,1777777777,Dr. Synthetic-C (Upcoder),MEM000247,FAC005,2026-04-04T09:00:00,99215,1800.0,Mumbai,UPCODING
CLM-UPCODE-73E3E6,1777777777,Dr. Synthetic-C (Upcoder),MEM000856,FAC002,2026-02-25T09:00:00,99215,1800.0,Mumbai,UPCODING
CLM-UPCODE-B43E35,1777777777,Dr. Synthetic-C (Upcoder),MEM000027,FAC034,2026-03-30T09:00:00,99215,1800.0,Mumbai,UPCODING
CLM-UPCODE-7C3BB1,1777777777,Dr. Synthetic-C (Upcoder),MEM000415,FAC041,2026-03-13T09:00:00,99215,1800.0,Mumbai,UPCODING
CLM-UPCODE-F50B19,1777777777,Dr. Synthetic-C (Upcoder),MEM000302,FAC026,2026-04-11T09:00:00,99215,1800.0,Mumbai,UPCODING
CLM-UPCODE-B76EB3,1777777777,Dr. Synthetic-C (Upcoder),MEM000096,FAC010,2026-03-12T09:00:00,99215,1800.0,Mumbai,UPCODING
CLM-UPCODE-C3C1E0,1777777777,Dr. Synthetic-C (Upcoder),MEM000231,FAC025,2026-02-22T09:00:00,99215,1800.0,Mumbai,UPCODING
CLM-UPCODE-AF26DC,1777777777,Dr. Synthetic-C (Upcoder),MEM000397,FAC018,2026-02-21T09:00:00,99215,1800.0,Mumbai,UPCODING
CLM-UPCODE-81B293,1777777777,Dr. Synthetic-C (Upcoder),MEM000062,FAC017,2026-03-20T09:00:00,99215,1800.0,Mumbai,UPCODING
CLM-UPCODE-31D0BD,1777777777,Dr. Synthetic-C (Upcoder),MEM000297,FAC033,2026-03-17T09:00:00,99215,1800.0,Mumbai,UPCODING
CLM-UPCODE-37B5F7,1777777777,Dr. Synthetic-C (Upcoder),MEM000475,FAC038,2026-03-11T09:00:00,99215,1800.0,Mumbai,UPCODING
CLM-UPCODE-3DF424,1777777777,Dr. Synthetic-C (Upcoder),MEM000897,FAC035,2026-03-16T09:00:00,99215,1800.0,Mumbai,UPCODING
CLM-UPCODE-337AE8,1777777777,Dr. Synthetic-C (Upcoder),MEM000793,FAC040,2026-04-01T09:00:00,99215,1800.0,Mumbai,UPCODING
CLM-UPCODE-51664D,1777777777,Dr. Synthetic-C (Upcoder),MEM000597,FAC033,2026-03-29T09:00:00,99215,1800.0,Mumbai,UPCODING
CLM-UPCODE-2ED0B4,1777777777,Dr. Synthetic-C (Upcoder),MEM000278,FAC032,2026-03-08T09:00:00,99215,1800.0,Mumbai,UPCODING
CLM-UPCODE-79DA8C,1777777777,Dr. Synthetic-C (Upcoder),MEM000529,FAC004,2026-03-21T09:00:00,99215,1800.0,Mumbai,UPCODING
CLM-UPCODE-FD3599,1777777777,Dr. Synthetic-C (Upcoder),MEM000012,FAC041,2026-03-07T09:00:00,99215,1800.0,Mumbai,UPCODING
CLM-UPCODE-E8C2C2,1777777777,Dr. Synthetic-C (Upcoder),MEM000415,FAC006,2026-02-21T09:00:00,99215,1800.0,Mumbai,UPCODING
CLM-UPCODE-C37D10,1777777777,Dr. Synthetic-C (Upcoder),MEM000054,FAC029,2026-03-21T09:00:00,99215,1800.0,Mumbai,UPCODING
CLM-UPCODE-D8332E,1777777777,Dr. Synthetic-C (Upcoder),MEM000004,FAC048,2026-02-24T09:00:00,99215,1800.0,Mumbai,UPCODING
CLM-UPCODE-17DB8B,1777777777,Dr. Synthetic-C (Upcoder),MEM000455,FAC031,2026-04-09T09:00:00,99215,1800.0,Mumbai,UPCODING
CLM-UPCODE-D3E13A,1777777777,Dr. Synthetic-C (Upcoder),MEM000882,FAC014,2026-04-02T09:00:00,99215,1800.0,Mumbai,UPCODING
CLM-UPCODE-7FF929,1777777777,Dr. Synthetic-C (Upcoder),MEM000492,FAC020,2026-03-28T09:00:00,99215,1800.0,Mumbai,UPCODING
CLM-UPCODE-E7DC31,1777777777,Dr. Synthetic-C (Upcoder),MEM000929,FAC019,2026-03-30T09:00:00,99215,1800.0,Mumbai,UPCODING
CLM-UPCODE-D8CFC5,1777777777,Dr. Synthetic-C (Upcoder),MEM000202,FAC012,2026-02-22T09:00:00,99215,1800.0,Mumbai,UPCODING
CLM-UPCODE-129D04,1777777777,Dr. Synthetic-C (Upcoder),MEM000454,FAC033,2026-02-26T09:00:00,99215,1800.0,Mumbai,UPCODING
CLM-UPCODE-F777A7,1777777777,Dr. Synthetic-C (Upcoder),MEM000113,FAC004,2026-03-20T09:00:00,99215,1800.0,Mumbai,UPCODING
CLM-UPCODE-A16067,1777777777,Dr. Synthetic-C (Upcoder),MEM000109,FAC036,2026-04-06T09:00:00,99215,1800.0,Mumbai,UPCODING
CLM-UPCODE-C47807,1777777777,Dr. Synthetic-C (Upcoder),MEM000777,FAC027,2026-02-23T09:00:00,99215,1800.0,Mumbai,UPCODING
CLM-UPCODE-C1E918,1777777777,Dr. Synthetic-C (Upcoder),MEM000037,FAC017,2026-03-31T09:00:00,99215,1800.0,Mumbai,UPCODING
CLM-UPCODE-F1F9DB,1777777777,Dr. Synthetic-C (Upcoder),MEM000024,FAC010,2026-02-25T09:00:00,99215,1800.0,Mumbai,UPCODING
CLM-UPCODE-E35A6C,1777777777,Dr. Synthetic-C (Upcoder),MEM000274,FAC018,2026-03-10T09:00:00,99215,1800.0,Mumbai,UPCODING
CLM-UPCODE-FA1A81,1777777777,Dr. Synthetic-C (Upcoder),MEM000088,FAC022,2026-03-13T09:00:00,99215,1800.0,Mumbai,UPCODING
CLM-UPCODE-F6D9E2,1777777777,Dr. Synthetic-C (Upcoder),MEM000869,FAC037,2026-03-19T09:00:00,99215,1800.0,Mumbai,UPCODING
CLM-UPCODE-5B63B5,1777777777,Dr. Synthetic-C (Upcoder),MEM000458,FAC017,2026-03-06T09:00:00,99215,1800.0,Mumbai,UPCODING
CLM-UPCODE-D9F6A8,1777777777,Dr. Synthetic-C (Upcoder),MEM000237,FAC014,2026-04-03T09:00:00,99215,1800.0,Mumbai,UPCODING
CLM-UPCODE-6BE08D,1777777777,Dr. Synthetic-C (Upcoder),MEM000677,FAC033,2026-03-11T09:00:00,99215,1800.0,Mumbai,UPCODING
CLM-UPCODE-8F5BAA,1777777777,Dr. Synthetic-C (Upcoder),MEM000679,FAC036,2026-04-07T09:00:00,99215,1800.0,Mumbai,UPCODING
CLM-UPCODE-8B95F3,1777777777,Dr. Synthetic-C (Upcoder),MEM000416,FAC044,2026-03-13T09:00:00,99215,1800.0,Mumbai,UPCODING
CLM-UPCODE-A2FCBF,1777777777,Dr. Synthetic-C (Upcoder),MEM000383,FAC010,2026-03-06T09:00:00,99215,1800.0,Mumbai,UPCODING
CLM-UPCODE-4C348F,1777777777,Dr. Synthetic-C (Upcoder),MEM000581,FAC006,2026-03-22T09:00:00,99215,1800.0,Mumbai,UPCODING
CLM-UPCODE-27B249,1777777777,Dr. Synthetic-C (Upcoder),MEM000794,FAC043,2026-02-21T09:00:00,99215,1800.0,Mumbai,UPCODING
CLM-UPCODE-68C8B7,1777777777,Dr. Synthetic-C (Upcoder),MEM000838,FAC013,2026-04-07T09:00:00,99215,1800.0,Mumbai,UPCODING
CLM-UPCODE-08CDD6,1777777777,Dr. Synthetic-C (Upcoder),MEM000239,FAC023,2026-03-07T09:00:00,99215,1800.0,Mumbai,UPCODING
CLM-UPCODE-AFA230,1777777777,Dr. Synthetic-C (Upcoder),MEM000928,FAC000,2026-04-09T09:00:00,99215,1800.0,Mumbai,UPCODING
CLM-UPCODE-582451,1777777777,Dr. Synthetic-C (Upcoder),MEM000056,FAC019,2026-03-31T09:00:00,99215,1800.0,Mumbai,UPCODING
CLM-UPCODE-61170C,1777777777,Dr. Synthetic-C (Upcoder),MEM000711,FAC037,2026-03-29T09:00:00,99215,1800.0,Mumbai,UPCODING
CLM-UPCODE-D92246,1777777777,Dr. Synthetic-C (Upcoder),MEM000184,FAC024,2026-04-01T09:00:00,99215,1800.0,Mumbai,UPCODING
CLM-UPCODE-D81827,1777777777,Dr. Synthetic-C (Upcoder),MEM000413,FAC022,2026-03-05T09:00:00,99215,1800.0,Mumbai,UPCODING
CLM-UPCODE-CD3470,1777777777,Dr. Synthetic-C (Upcoder),MEM000736,FAC024,2026-04-06T09:00:00,99215,1800.0,Mumbai,UPCODING
CLM-UPCODE-68497F,1777777777,Dr. Synthetic-C (Upcoder),MEM000114,FAC047,2026-03-31T09:00:00,99215,1800.0,Mumbai,UPCODING
CLM-UPCODE-8C99B1,1777777777,Dr. Synthetic-C (Upcoder),MEM000489,FAC041,2026-03-21T09:00:00,99215,1800.0,Mumbai,UPCODING
CLM-UPCODE-76C71A,1777777777,Dr. Synthetic-C (Upcoder),MEM000241,FAC006,2026-03-21T09:00:00,99215,1800.0,Mumbai,UPCODING
CLM-UPCODE-3CE78A,1777777777,Dr. Synthetic-C (Upcoder),MEM000221,FAC036,2026-03-11T09:00:00,99215,1800.0,Mumbai,UPCODING
CLM-UPCODE-DA82CA,1777777777,Dr. Synthetic-C (Upcoder),MEM000781,FAC027,2026-04-05T09:00:00,99215,1800.0,Mumbai,UPCODING
CLM-UPCODE-B68DC9,1777777777,Dr. Synthetic-C (Upcoder),MEM000934,FAC009,2026-03-09T09:00:00,99215,1800.0,Mumbai,UPCODING
CLM-UPCODE-B6D3ED,1777777777,Dr. Synthetic-C (Upcoder),MEM000518,FAC031,2026-04-06T09:00:00,99215,1800.0,Mumbai,UPCODING
CLM-UPCODE-D3B082,1777777777,Dr. Synthetic-C (Upcoder),MEM000740,FAC009,2026-03-04T09:00:00,99215,1800.0,Mumbai,UPCODING
CLM-UPCODE-C071EE,1777777777,Dr. Synthetic-C (Upcoder),MEM000811,FAC047,2026-03-27T09:00:00,99215,1800.0,Mumbai,UPCODING
CLM-UPCODE-67D357,1777777777,Dr. Synthetic-C (Upcoder),MEM000842,FAC022,2026-03-25T09:00:00,99215,1800.0,Mumbai,UPCODING
CLM-GEO-CHN-0,1888888888,Dr. Synthetic-B (Teleport),MEM000000,FAC001,2026-03-15T10:00:00,99214,300.0,Chennai,IMPOSSIBLE_GEOGRAPHY
CLM-GEO-DEL-0,1888888888,Dr. Synthetic-B (Teleport),MEM000000,FAC002,2026-03-15T10:30:00,99214,300.0,Delhi,IMPOSSIBLE_GEOGRAPHY
CLM-GEO-CHN-1,1888888888,Dr. Synthetic-B (Teleport),MEM000000,FAC001,2026-03-15T10:02:00,99214,300.0,Chennai,IMPOSSIBLE_GEOGRAPHY
CLM-GEO-DEL-1,1888888888,Dr. Synthetic-B (Teleport),MEM000000,FAC002,2026-03-15T10:32:00,99214,300.0,Delhi,IMPOSSIBLE_GEOGRAPHY
CLM-GEO-CHN-2,1888888888,Dr. Synthetic-B (Teleport),MEM000000,FAC001,2026-03-15T10:04:00,99214,300.0,Chennai,IMPOSSIBLE_GEOGRAPHY
CLM-GEO-DEL-2,1888888888,Dr. Synthetic-B (Teleport),MEM000000,FAC002,2026-03-15T10:34:00,99214,300.0,Delhi,IMPOSSIBLE_GEOGRAPHY
CLM-GEO-CHN-3,1888888888,Dr. Synthetic-B (Teleport),MEM000000,FAC001,2026-03-15T10:06:00,99214,300.0,Chennai,IMPOSSIBLE_GEOGRAPHY
CLM-GEO-DEL-3,1888888888,Dr. Synthetic-B (Teleport),MEM000000,FAC002,2026-03-15T10:36:00,99214,300.0,Delhi,IMPOSSIBLE_GEOGRAPHY
CLM-GEO-CHN-4,1888888888,Dr. Synthetic-B (Teleport),MEM000000,FAC001,2026-03-15T10:08:00,99214,300.0,Chennai,IMPOSSIBLE_GEOGRAPHY
CLM-GEO-DEL-4,1888888888,Dr. Synthetic-B (Teleport),MEM000000,FAC002,2026-03-15T10:38:00,99214,300.0,Delhi,IMPOSSIBLE_GEOGRAPHY
CLM-GEO-CHN-5,1888888888,Dr. Synthetic-B (Teleport),MEM000000,FAC001,2026-03-15T10:10:00,99214,300.0,Chennai,IMPOSSIBLE_GEOGRAPHY
CLM-GEO-DEL-5,1888888888,Dr. Synthetic-B (Teleport),MEM000000,FAC002,2026-03-15T10:40:00,99214,300.0,Delhi,IMPOSSIBLE_GEOGRAPHY
CLM-GEO-CHN-6,1888888888,Dr. Synthetic-B (Teleport),MEM000000,FAC001,2026-03-15T10:12:00,99214,300.0,Chennai,IMPOSSIBLE_GEOGRAPHY
CLM-GEO-DEL-6,1888888888,Dr. Synthetic-B (Teleport),MEM000000,FAC002,2026-03-15T10:42:00,99214,300.0,Delhi,IMPOSSIBLE_GEOGRAPHY
CLM-GEO-CHN-7,1888888888,Dr. Synthetic-B (Teleport),MEM000000,FAC001,2026-03-15T10:14:00,99214,300.0,Chennai,IMPOSSIBLE_GEOGRAPHY
CLM-GEO-DEL-7,1888888888,Dr. Synthetic-B (Teleport),MEM000000,FAC002,2026-03-15T10:44:00,99214,300.0,Delhi,IMPOSSIBLE_GEOGRAPHY
CLM-GEO-CHN-8,1888888888,Dr. Synthetic-B (Teleport),MEM000000,FAC001,2026-03-15T10:16:00,99214,300.0,Chennai,IMPOSSIBLE_GEOGRAPHY
CLM-GEO-DEL-8,1888888888,Dr. Synthetic-B (Teleport),MEM000000,FAC002,2026-03-15T10:46:00,99214,300.0,Delhi,IMPOSSIBLE_GEOGRAPHY
CLM-GEO-CHN-9,1888888888,Dr. Synthetic-B (Teleport),MEM000000,FAC001,2026-03-15T10:18:00,99214,300.0,Chennai,IMPOSSIBLE_GEOGRAPHY
CLM-GEO-DEL-9,1888888888,Dr. Synthetic-B (Teleport),MEM000000,FAC002,2026-03-15T10:48:00,99214,300.0,Delhi,IMPOSSIBLE_GEOGRAPHY
