claim_id,provider_npi,provider_name,member_id,facility_id,claim_timestamp,cpt_code,claim_amount,location_city,fraud_flag
CLM-6D30CBD3,1000000081,Dr. Mike Allen,MEM000369,FAC006,2026-01-24T09:00:00,99215,217.57,Chennai,CLEAN
CLM-85BB90EC,1000000194,Dr. John Bishop,MEM000276,FAC006,2026-02-03T10:00:00,99214,147.93,Chennai,CLEAN
CLM-90092552,1000000142,Dr. Patricia Rodriguez,MEM000568,FAC032,2026-04-15T10:00:00,99213,91.79,Chennai,CLEAN
CLM-C02CE8F2,1000000141,Dr. David Douglas Jr.,MEM000095,FAC038,2026-06-03T14:00:00,71045,72.2,Chennai,CLEAN
CLM-F947AD97,1000000105,Dr. Marc Moore,MEM000397,FAC049,2026-01-22T17:00:00,99214,152.16,Chennai,CLEAN
CLM-C2AEDDD7,1000000043,Dr. Anthony Humphrey,MEM000701,FAC024,2026-02-13T11:00:00,99215,211.25,Chennai,CLEAN
CLM-BED4DA59,1000000126,Dr. Michelle Evans,MEM000149,FAC004,2026-02-12T15:00:00,99215,216.53,Chennai,CLEAN
CLM-91D804DC,1000000123,Dr. Michelle Harmon,MEM000801,FAC004,2026-04-03T13:00:00,99214,156.63,Chennai,CLEAN
CLM-8C326B7F,1000000126,Dr. Michelle Evans,MEM000608,FAC039,2026-02-20T16:00:00,99213,92.71,Chennai,CLEAN
CLM-E5397ADC,1000000001,Dr. Noah Rhodes,MEM000971,FAC025,2026-03-27T15:00:00,99215,217.37,Chennai,CLEAN
CLM-98ED9252,1000000110,Dr. Richard Rodriguez,MEM000835,FAC041,2026-06-02T11:00:00,99215,212.11,Chennai,CLEAN
CLM-D7960C18,1000000177,Dr. Michael Wang,MEM000205,FAC030,2026-03-22T11:00:00,71045,87.5,Chennai,CLEAN
CLM-097A1DD0,1000000074,Dr. Amy Silva,MEM000752,FAC044,2026-06-12T16:00:00,93000,63.38,Chennai,CLEAN
CLM-964E032C,1000000083,Dr. Paul Jones,MEM000385,FAC017,2026-04-11T14:00:00,99213,108.64,Chennai,CLEAN
CLM-69D17C16,1000000051,Dr. Danny Morgan,MEM000606,FAC034,2026-02-16T17:00:00,99213,109.06,Chennai,CLEAN
CLM-ACA76173,1000000118,Dr. Victor Baker,MEM000965,FAC045,2026-02-23T16:00:00,99215,234.58,Chennai,CLEAN
CLM-C46FD41C,1000000017,Dr. Derek Zuniga,MEM000838,FAC026,2026-06-22T16:00:00,99214,154.0,Chennai,CLEAN
CLM-B1EC8F23,1000000061,Dr. Gerald Hensley,MEM000258,FAC042,2026-02-09T15:00:00,71045,73.18,Chennai,CLEAN
CLM-94604A7B,1000000153,Dr. Devon Flores,MEM000490,FAC037,2026-04-13T17:00:00,93000,65.08,Chennai,CLEAN
CLM-74AC68EC,1000000177,Dr. Michael Wang,MEM000428,FAC034,2026-01-10T14:00:00,93000,61.13,Chennai,CLEAN
CLM-40CD47F5,1000000021,Dr. Patty Perez,MEM000111,FAC049,2026-03-05T14:00:00,99214,154.41,Chennai,CLEAN
CLM-863CE36D,1000000011,Dr. Jamie Arnold,MEM000576,FAC041,2026-06-23T15:00:00,99215,240.49,Chennai,CLEAN
CLM-C0FB2A9D,1000000110,Dr. Richard Rodriguez,MEM000108,FAC000,2026-01-26T13:00:00,99214,150.32,Chennai,CLEAN
CLM-B76DF905,1000000132,Dr. Mary Marshall,MEM000571,FAC037,2026-06-26T12:00:00,71045,77.99,Chennai,CLEAN
CLM-6C46000D,1000000118,Dr. Victor Baker,MEM000790,FAC043,2026-05-31T17:00:00,99214,145.35,Chennai,CLEAN
CLM-59AC9037,1000000006,Dr. Abigail Shaffer,MEM000494,FAC006,2026-03-17T15:00:00,99213,92.32,Chennai,CLEAN
CLM-F00C19E5,1000000186,Dr. Jonathan Peterson,MEM000145,FAC022,2026-03-21T14:00:00,71045,84.55,Chennai,CLEAN
CLM-628B1452,1000000133,Dr. Daniel Kennedy,MEM000494,FAC022,2026-05-02T10:00:00,71045,83.55,Chennai,CLEAN
CLM-322E3C2B,1000000115,Dr. Diana May,MEM000326,FAC004,2026-03-18T09:00:00,99213,90.45,Chennai,CLEAN
CLM-7B9A6C3C,1000000087,Dr. Christopher Bass,MEM000663,FAC006,2026-06-23T11:00:00,99214,150.48,Chennai,CLEAN
CLM-F5C68B29,1000000141,Dr. David Douglas Jr.,MEM000163,FAC021,2026-05-24T15:00:00,71045,75.71,Chennai,CLEAN
CLM-34182B5B,1000000103,Dr. Christine Wright,MEM000644,FAC011,2026-02-17T15:00:00,71045,72.47,Chennai,CLEAN
CLM-6DC9F6A0,1000000157,Dr. Jason Stein,MEM000904,FAC012,2026-04-26T15:00:00,71045,72.07,Chennai,CLEAN
CLM-E3D94363,1000000054,Dr. Shannon Jones,MEM000210,FAC017,2026-06-30T10:00:00,93000,55.22,Chennai,CLEAN
CLM-CFBE5573,1000000137,Dr. Courtney Gonzalez,MEM000191,FAC023,2026-03-25T12:00:00,71045,73.82,Chennai,CLEAN
CLM-D2D501E7,1000000171,Dr. Darlene Miller,MEM000883,FAC031,2026-05-16T14:00:00,93000,58.66,Chennai,CLEAN
CLM-C9A44A81,1000000100,Dr. Sandra Aguilar,MEM000601,FAC007,2026-03-31T14:00:00,71045,81.88,Chennai,CLEAN
CLM-5F7FFC42,1000000172,Dr. Joshua Cooke,MEM000722,FAC019,2026-06-07T10:00:00,99214,144.4,Chennai,CLEAN
CLM-5F52CF51,1000000061,Dr. Gerald Hensley,MEM000312,FAC007,2026-02-16T14:00:00,99214,150.32,Chennai,CLEAN
CLM-A6377319,1000000107,Dr. Sierra Johnson,MEM000610,FAC008,2026-05-28T15:00:00,71045,74.97,Chennai,CLEAN
CLM-D6EE4588,1000000162,Dr. Lindsey Walker,MEM000550,FAC044,2026-06-15T11:00:00,93000,56.0,Chennai,CLEAN
CLM-8BECB0C4,1000000073,Dr. Lauren Daniels,MEM000143,FAC011,2026-03-22T16:00:00,93000,54.64,Chennai,CLEAN
CLM-9D02576E,1000000091,Dr. Brian Rodriguez,MEM000974,FAC000,2026-05-05T11:00:00,99214,159.46,Chennai,CLEAN
CLM-FD040968,1000000143,Dr. Christopher Rubio,MEM000517,FAC041,2026-05-07T15:00:00,71045,78.65,Chennai,CLEAN
CLM-BA25BB92,1000000113,Dr. Crystal Johnson,MEM000500,FAC010,2026-01-22T09:00:00,99214,143.76,Chennai,CLEAN
CLM-3B22610B,1000000070,Dr. Jordan Henderson,MEM000230,FAC034,2026-03-15T11:00:00,71045,81.05,Chennai,CLEAN
CLM-31C82E17,1000000197,Dr. Spencer Haynes,MEM000784,FAC031,2026-05-21T17:00:00,99213,101.45,Chennai,CLEAN
CLM-5209B397,1000000068,Dr. James Brown,MEM000793,FAC034,2026-04-04T17:00:00,99213,105.2,Chennai,CLEAN
CLM-F3F09057,1000000112,Dr. Julia Torres,MEM000559,FAC013,2026-04-19T10:00:00,99214,143.93,Chennai,CLEAN
CLM-9CC4A361,1000000008,Dr. Gabrielle Davis,MEM000460,FAC016,2026-03-31T10:00:00,71045,85.84,Chennai,CLEAN
CLM-B3A501CC,1000000030,Dr. Rebecca Henderson,MEM000794,FAC015,2026-02-23T14:00:00,93000,61.59,Chennai,CLEAN
CLM-2342B167,1000000042,Dr. Sherry Decker,MEM000630,FAC008,2026-02-22T12:00:00,99213,101.4,Chennai,CLEAN
CLM-331649C4,1000000136,Dr. Robert Potter,MEM000287,FAC038,2026-05-18T11:00:00,99215,241.08,Chennai,CLEAN
CLM-F7E76590,1000000074,Dr. Amy Silva,MEM000296,FAC036,2026-03-10T17:00:00,99213,92.71,Chennai,CLEAN
CLM-2B8B407E,1000000192,Dr. Debra Christian,MEM000804,FAC026,2026-01-16T13:00:00,99214,156.04,Chennai,CLEAN
CLM-78467ABE,1000000033,Dr. Nathan Maldonado,MEM000255,FAC009,2026-03-24T12:00:00,71045,79.83,Chennai,CLEAN
CLM-835F58CD,1000000147,Dr. Stephanie Salazar,MEM000647,FAC017,2026-06-10T15:00:00,71045,79.23,Chennai,CLEAN
CLM-D71F831E,1000000162,Dr. Lindsey Walker,MEM000813,FAC049,2026-01-24T15:00:00,93000,63.0,Chennai,CLEAN
CLM-D1FBC888,1000000177,Dr. Michael Wang,MEM000958,FAC023,2026-04-27T16:00:00,99215,223.61,Chennai,CLEAN
CLM-8F6E350A,1000000198,Dr. Adam Vaughan,MEM000867,FAC046,2026-01-24T16:00:00,99215,235.4,Chennai,CLEAN
CLM-89B30CF9,1000000136,Dr. Robert Potter,MEM000407,FAC013,2026-04-20T12:00:00,71045,76.3,Chennai,CLEAN
CLM-73F8950E,1000000072,Dr. Brittney Phillips,MEM000345,FAC035,2026-05-28T11:00:00,93000,64.23,Chennai,CLEAN
CLM-F70A963F,1888888888,Dr. Synthetic-B (Teleport),MEM000351,FAC043,2026-01-13T09:00:00,99213,102.52,Chennai,CLEAN
CLM-87438B7F,1000000117,Dr. Ashley Waller,MEM000016,FAC007,2026-02-10T16:00:00,71045,72.01,Chennai,CLEAN
CLM-34B4E309,1000000109,Dr. Sharon Cochran,MEM000207,FAC044,2026-02-03T13:00:00,99214,161.23,Chennai,CLEAN
CLM-EC076DA4,1000000070,Dr. Jordan Henderson,MEM000095,FAC041,2026-04-03T13:00:00,99213,97.44,Chennai,CLEAN
CLM-A0086D60,1000000166,Dr. Alyssa Long,MEM000169,FAC003,2026-04-12T13:00:00,99214,147.88,Chennai,CLEAN
CLM-191055DD,1000000023,Dr. Tommy Walter,MEM000720,FAC006,2026-01-01T12:00:00,71045,73.25,Chennai,CLEAN
CLM-7E0976CD,1000000151,Dr. Pamela Boyd,MEM000231,FAC033,2026-06-24T16:00:00,99213,90.16,Chennai,CLEAN
CLM-2885A9DE,1000000087,Dr. Christopher Bass,MEM000836,FAC007,2026-04-19T11:00:00,71045,73.13,Chennai,CLEAN
CLM-B9E0DDC5,1000000098,Dr. Jessica Smith,MEM000091,FAC046,2026-01-27T10:00:00,99215,214.17,Chennai,CLEAN
CLM-B43D8B47,1000000076,Dr. Angela Lopez,MEM000140,FAC024,2026-02-04T11:00:00,99213,100.61,Chennai,CLEAN
CLM-12E227C1,1000000002,Dr. Angie Henderson,MEM000624,FAC041,2026-02-12T16:00:00,99215,229.79,Chennai,CLEAN
CLM-3F41819A,1000000160,Dr. Paul Castaneda,MEM000766,FAC009,2026-04-16T16:00:00,99214,137.6,Chennai,CLEAN
CLM-A6D01083,1000000025,Dr. Judy Baker,MEM000143,FAC048,2026-02-01T15:00:00,99215,240.38,Chennai,CLEAN
CLM-A6E475CC,1000000080,Dr. Kelly Donovan,MEM000810,FAC008,2026-03-05T13:00:00,99213,94.96,Chennai,CLEAN
CLM-184640B0,1000000153,Dr. Devon Flores,MEM000614,FAC046,2026-06-05T13:00:00,99213,106.96,Chennai,CLEAN
CLM-DD6BE021,1000000168,Dr. Joel Williams,MEM000896,FAC019,2026-02-22T17:00:00,93000,60.11,Chennai,CLEAN
CLM-5AE40132,1000000191,Dr. Karen Graham,MEM000401,FAC018,2026-06-15T09:00:00,99214,149.85,Chennai,CLEAN
CLM-9F139A41,1000000028,Dr. Zachary Hicks,MEM000246,FAC031,2026-06-13T10:00:00,93000,64.66,Chennai,CLEAN
CLM-836E80FC,1000000003,Dr. Daniel Wagner,MEM000369,FAC020,2026-02-03T15:00:00,93000,59.05,Chennai,CLEAN
CLM-0D52A5E4,1000000139,Dr. Angel Perry,MEM000699,FAC011,2026-05-01T10:00:00,99213,101.75,Chennai,CLEAN
CLM-EFFD0792,1000000003,Dr. Daniel Wagner,MEM000268,FAC013,2026-01-11T09:00:00,71045,80.11,Chennai,CLEAN
CLM-BDE5EA35,1000000160,Dr. Paul Castaneda,MEM000729,FAC032,2026-04-17T15:00:00,71045,73.32,Chennai,CLEAN
CLM-FD3C6465,1000000137,Dr. Courtney Gonzalez,MEM000550,FAC039,2026-02-09T13:00:00,99213,96.2,Chennai,CLEAN
CLM-9A2BB38E,1000000130,Dr. Elizabeth Kelley,MEM000943,FAC013,2026-02-09T17:00:00,99215,215.19,Chennai,CLEAN
CLM-0005A31D,1000000162,Dr. Lindsey Walker,MEM000781,FAC041,2026-06-24T10:00:00,99215,228.74,Chennai,CLEAN
CLM-F0BB4837,1000000186,Dr. Jonathan Peterson,MEM000976,FAC015,2026-01-15T12:00:00,99213,108.49,Chennai,CLEAN
CLM-B8651A40,1000000029,Dr. Anthony Rodriguez,MEM000464,FAC039,2026-06-05T09:00:00,99215,227.31,Chennai,CLEAN
CLM-0AD2FFDD,1000000168,Dr. Joel Williams,MEM000758,FAC011,2026-01-31T09:00:00,99214,156.04,Chennai,CLEAN
CLM-0CF484E7,1000000041,Dr. Fred Smith,MEM000508,FAC022,2026-05-14T17:00:00,99215,205.35,Chennai,CLEAN
CLM-E79743BE,1000000032,Dr. Tricia Valencia,MEM000767,FAC049,2026-03-10T10:00:00,99213,96.7,Chennai,CLEAN
CLM-4E87EB35,1000000109,Dr. Sharon Cochran,MEM000278,FAC033,2026-01-17T13:00:00,93000,61.53,Chennai,CLEAN
CLM-96E5CFD8,1000000127,Dr. Jason Powell,MEM000466,FAC032,2026-04-03T09:00:00,71045,85.75,Chennai,CLEAN
CLM-7FBCE11F,1000000042,Dr. Sherry Decker,MEM000376,FAC010,2026-03-07T10:00:00,93000,62.09,Chennai,CLEAN
CLM-7D31FCA2,1000000029,Dr. Anthony Rodriguez,MEM000233,FAC047,2026-05-11T09:00:00,99213,107.17,Chennai,CLEAN
CLM-92B3B420,1000000003,Dr. Daniel Wagner,MEM000250,FAC002,2026-05-01T14:00:00,71045,86.72,Chennai,CLEAN
CLM-48185CCD,1000000045,Dr. Philip Cannon,MEM000953,FAC002,2026-05-22T15:00:00,99214,144.65,Chennai,CLEAN
CLM-0A101FD0,1000000106,Dr. Sharon Cherry,MEM000937,FAC046,2026-03-23T13:00:00,99213,101.43,Chennai,CLEAN
CLM-99FBD021,1000000030,Dr. Rebecca Henderson,MEM000514,FAC043,2026-01-14T11:00:00,99214,159.13,Chennai,CLEAN
CLM-0B63961D,1000000011,Dr. Jamie Arnold,MEM000976,FAC025,2026-01-18T16:00:00,99215,232.04,Chennai,CLEAN
CLM-7A68407E,1000000079,Dr. Lisa Barnes,MEM000335,FAC005,2026-05-22T16:00:00,99213,97.38,Chennai,CLEAN
CLM-0A33BD5F,1000000074,Dr. Amy Silva,MEM000577,FAC019,2026-06-09T12:00:00,71045,77.89,Chennai,CLEAN
CLM-2002F208,1000000126,Dr. Michelle Evans,MEM000791,FAC049,2026-02-20T17:00:00,99214,139.52,Chennai,CLEAN
CLM-E5FE6F52,1000000104,Dr. Richard Henson,MEM000024,FAC014,2026-05-19T14:00:00,99213,109.02,Chennai,CLEAN
CLM-AE2B64DD,1000000000,Dr. Allison Hill,MEM000777,FAC042,2026-04-07T13:00:00,99213,94.1,Chennai,CLEAN
CLM-52CD60AB,1000000060,Dr. Victoria Garcia,MEM000429,FAC031,2026-01-16T11:00:00,99215,202.09,Chennai,CLEAN
CLM-8CE987BE,1000000059,Dr. John Daniel,MEM000918,FAC033,2026-04-16T14:00:00,71045,87.59,Chennai,CLEAN
CLM-74AD8851,1000000021,Dr. Patty Perez,MEM000594,FAC006,2026-05-10T11:00:00,71045,73.2,Chennai,CLEAN
CLM-A6E4380B,1000000145,Dr. Joyce Solis,MEM000063,FAC027,2026-06-19T11:00:00,99214,143.75,Chennai,CLEAN
CLM-616AEFB1,1000000080,Dr. Kelly Donovan,MEM000948,FAC025,2026-06-29T14:00:00,99215,217.92,Chennai,CLEAN
CLM-79B0F53E,1000000059,Dr. John Daniel,MEM000076,FAC012,2026-02-04T10:00:00,99214,138.17,Chennai,CLEAN
CLM-DDC80134,1000000115,Dr. Diana May,MEM000477,FAC020,2026-04-15T10:00:00,93000,58.3,Chennai,CLEAN
CLM-73B86227,1000000197,Dr. Spencer Haynes,MEM000212,FAC028,2026-03-20T16:00:00,99215,235.51,Chennai,CLEAN
CLM-C4D93831,1000000023,Dr. Tommy Walter,MEM000161,FAC043,2026-03-19T09:00:00,99214,160.08,Chennai,CLEAN
CLM-5F90D552,1000000083,Dr. Paul Jones,MEM000151,FAC005,2026-03-05T14:00:00,71045,80.22,Chennai,CLEAN
CLM-7B92D2F4,1000000173,Dr. Matthew Harrington,MEM000306,FAC016,2026-02-14T09:00:00,71045,85.67,Chennai,CLEAN
CLM-3CD3A729,1000000142,Dr. Patricia Rodriguez,MEM000766,FAC035,2026-03-05T10:00:00,71045,73.63,Chennai,CLEAN
CLM-6AECF9DE,1000000035,Dr. Jeffrey Chavez,MEM000124,FAC000,2026-01-16T12:00:00,99214,140.94,Chennai,CLEAN
CLM-6A341ACB,1000000102,Dr. Rebecca Valencia,MEM000381,FAC043,2026-06-11T10:00:00,93000,61.03,Chennai,CLEAN
CLM-D7E9487D,1000000019,Dr. Carla Gray,MEM000022,FAC004,2026-02-20T16:00:00,99214,137.76,Chennai,CLEAN
CLM-A4868553,1000000084,Dr. Zachary Ferrell,MEM000125,FAC002,2026-04-29T09:00:00,99214,162.72,Chennai,CLEAN
CLM-DFA265E5,1000000110,Dr. Richard Rodriguez,MEM000841,FAC046,2026-04-12T16:00:00,99213,97.65,Chennai,CLEAN
CLM-6FF7FC73,1000000109,Dr. Sharon Cochran,MEM000176,FAC022,2026-02-24T11:00:00,99215,210.31,Chennai,CLEAN
CLM-B64A1F8C,1000000038,Dr. Elizabeth Fowler,MEM000035,FAC039,2026-06-08T12:00:00,99215,219.95,Chennai,CLEAN
CLM-47E58E97,1000000140,Dr. Cheyenne Horton,MEM000490,FAC003,2026-01-23T13:00:00,71045,74.2,Chennai,CLEAN
CLM-04CF684A,1000000051,Dr. Danny Morgan,MEM000658,FAC033,2026-03-05T17:00:00,99213,109.79,Chennai,CLEAN
CLM-756EE8B6,1999999999,Dr. Synthetic-A (Phantom),MEM000730,FAC022,2026-05-03T17:00:00,71045,77.5,Chennai,CLEAN
CLM-C301F49E,1000000144,Dr. Amber Wright,MEM000514,FAC020,2026-04-10T13:00:00,99214,135.78,Chennai,CLEAN
CLM-49338798,1000000152,Dr. Denise Jones,MEM000224,FAC001,2026-03-13T09:00:00,71045,80.47,Chennai,CLEAN
CLM-7C97FF09,1000000196,Dr. Daniel Salinas,MEM000598,FAC014,2026-02-10T10:00:00,99214,154.71,Chennai,CLEAN
CLM-415699F6,1000000068,Dr. James Brown,MEM000546,FAC047,2026-01-15T12:00:00,93000,64.16,Chennai,CLEAN
CLM-242BD28C,1000000099,Dr. Stephen Mckee,MEM000363,FAC011,2026-02-15T12:00:00,93000,57.82,Chennai,CLEAN
CLM-67FF1B40,1000000188,Dr. Madison Poole,MEM000714,FAC022,2026-06-01T09:00:00,99215,239.69,Chennai,CLEAN
CLM-0E74EC80,1000000144,Dr. Amber Wright,MEM000145,FAC036,2026-02-18T16:00:00,93000,57.71,Chennai,CLEAN
CLM-37E02F56,1000000125,Dr. Erin Edwards,MEM000038,FAC005,2026-01-15T12:00:00,93000,56.63,Chennai,CLEAN
CLM-4097A671,1000000134,Dr. Rebecca Jackson,MEM000489,FAC000,2026-03-26T12:00:00,99214,145.22,Chennai,CLEAN
CLM-6862B0E8,1000000045,Dr. Philip Cannon,MEM000940,FAC020,2026-01-16T09:00:00,99214,152.6,Chennai,CLEAN
CLM-E1B55DCB,1000000036,Dr. Sherri Baker,MEM000792,FAC007,2026-05-15T14:00:00,99213,97.47,Chennai,CLEAN
CLM-8050C8FD,1000000169,Dr. Daniel Murphy,MEM000405,FAC037,2026-01-26T14:00:00,99215,212.19,Chennai,CLEAN
CLM-CB22B73B,1000000040,Dr. Paula Moreno,MEM000749,FAC027,2026-06-13T16:00:00,99215,205.66,Chennai,CLEAN
CLM-F63A62A7,1000000143,Dr. Christopher Rubio,MEM000710,FAC039,2026-04-02T12:00:00,93000,63.77,Chennai,CLEAN
CLM-729FE1C7,1000000096,Dr. Aaron Wise,MEM000314,FAC046,2026-06-26T13:00:00,99214,140.33,Chennai,CLEAN
CLM-1D884042,1000000000,Dr. Allison Hill,MEM000971,FAC044,2026-05-27T15:00:00,93000,54.39,Chennai,CLEAN
CLM-288D9C73,1000000154,Dr. Brenda Hall,MEM000325,FAC039,2026-02-26T10:00:00,71045,74.25,Chennai,CLEAN
CLM-7BBCBF01,1000000190,Dr. Debra Morton,MEM000079,FAC015,2026-03-30T14:00:00,99214,154.09,Chennai,CLEAN
CLM-3DF7F56B,1000000022,Dr. Ethan Adams,MEM000841,FAC045,2026-06-21T14:00:00,71045,72.18,Chennai,CLEAN
CLM-D614FA59,1000000053,Dr. Mark Perez,MEM000255,FAC044,2026-01-18T14:00:00,99215,232.63,Chennai,CLEAN
CLM-500BD048,1000000184,Dr. Lindsay Martinez,MEM000001,FAC003,2026-04-09T16:00:00,71045,87.51,Chennai,CLEAN
CLM-1C6C7CAF,1000000105,Dr. Marc Moore,MEM000504,FAC024,2026-03-31T17:00:00,71045,73.62,Chennai,CLEAN
CLM-8FFDC66C,1000000122,Dr. April Frost,MEM000807,FAC036,2026-06-16T12:00:00,99214,148.54,Chennai,CLEAN
CLM-CB3DE5BD,1000000008,Dr. Gabrielle Davis,MEM000301,FAC001,2026-03-23T13:00:00,99213,91.48,Chennai,CLEAN
CLM-5D6C4CDF,1000000043,Dr. Anthony Humphrey,MEM000909,FAC024,2026-02-11T10:00:00,93000,65.3,Chennai,CLEAN
CLM-DAA92C37,1000000023,Dr. Tommy Walter,MEM000346,FAC038,2026-06-07T16:00:00,99213,98.63,Chennai,CLEAN
CLM-8B261FE5,1000000167,Dr. Alyssa Day,MEM000168,FAC038,2026-04-22T11:00:00,99213,92.03,Chennai,CLEAN
CLM-31BC0B98,1000000052,Dr. Crystal Robinson,MEM000997,FAC012,2026-04-15T17:00:00,93000,57.18,Chennai,CLEAN
CLM-5090D3DA,1000000072,Dr. Brittney Phillips,MEM000304,FAC015,2026-01-25T09:00:00,71045,81.15,Chennai,CLEAN
CLM-F0AB27A3,1000000125,Dr. Erin Edwards,MEM000157,FAC003,2026-04-03T09:00:00,71045,73.4,Chennai,CLEAN
CLM-2766A912,1000000169,Dr. Daniel Murphy,MEM000640,FAC038,2026-05-03T12:00:00,99213,90.51,Chennai,CLEAN
CLM-28EA1AD0,1000000043,Dr. Anthony Humphrey,MEM000653,FAC018,2026-01-21T16:00:00,99213,96.17,Chennai,CLEAN
CLM-E5B9105D,1000000101,Dr. Cameron Parker,MEM000482,FAC031,2026-06-19T13:00:00,99213,102.84,Chennai,CLEAN
CLM-12A1E536,1000000099,Dr. Stephen Mckee,MEM000189,FAC023,2026-04-08T14:00:00,99214,148.37,Chennai,CLEAN
CLM-B7B085D7,1000000067,Dr. Carol Tucker,MEM000450,FAC029,2026-03-09T12:00:00,99215,222.83,Chennai,CLEAN
CLM-BA95F215,1000000038,Dr. Elizabeth Fowler,MEM000770,FAC044,2026-06-20T10:00:00,99213,103.36,Chennai,CLEAN
CLM-494123D2,1000000138,Dr. David Alvarez,MEM000423,FAC048,2026-05-31T12:00:00,93000,54.73,Chennai,CLEAN
CLM-4910DD2E,1000000099,Dr. Stephen Mckee,MEM000838,FAC033,2026-04-18T17:00:00,71045,81.16,Chennai,CLEAN
CLM-EB07EE52,1000000060,Dr. Victoria Garcia,MEM000487,FAC019,2026-01-21T15:00:00,99213,100.04,Chennai,CLEAN
CLM-832ADE76,1000000132,Dr. Mary Marshall,MEM000819,FAC036,2026-06-23T11:00:00,99213,108.99,Chennai,CLEAN
CLM-30E9A44B,1000000114,Dr. Garrett Lin,MEM000177,FAC010,2026-02-24T12:00:00,99214,136.28,Chennai,CLEAN
CLM-8F0FE9E1,1000000020,Dr. Margaret Hawkins DDS,MEM000699,FAC027,2026-02-21T11:00:00,93000,57.09,Chennai,CLEAN
CLM-CF3DB793,1000000186,Dr. Jonathan Peterson,MEM000936,FAC004,2026-01-23T15:00:00,93000,58.77,Chennai,CLEAN
CLM-16CA264D,1000000083,Dr. Paul Jones,MEM000877,FAC017,2026-05-14T16:00:00,99213,105.73,Chennai,CLEAN
CLM-0DC4E33D,1000000159,Dr. Jamie Smith,MEM000601,FAC033,2026-04-18T10:00:00,71045,74.39,Chennai,CLEAN
CLM-E79EC0F5,1000000145,Dr. Joyce Solis,MEM000602,FAC037,2026-01-26T10:00:00,93000,63.35,Chennai,CLEAN
CLM-BB7C902C,1888888888,Dr. Synthetic-B (Teleport),MEM000292,FAC034,2026-03-30T15:00:00,99215,214.85,Chennai,CLEAN
CLM-83A5278A,1000000124,Dr. Helen Jones,MEM000585,FAC038,2026-05-02T09:00:00,99214,143.26,Chennai,CLEAN
CLM-8C645113,1000000036,Dr. Sherri Baker,MEM000633,FAC038,2026-06-24T15:00:00,99213,97.92,Chennai,CLEAN
CLM-876A8F27,1000000084,Dr. Zachary Ferrell,MEM000707,FAC015,2026-01-13T16:00:00,99215,237.47,Chennai,CLEAN
CLM-1DF6F06D,1000000005,Dr. Connie Lawrence,MEM000345,FAC019,2026-03-21T13:00:00,71045,85.73,Chennai,CLEAN
CLM-63A29BAF,1000000175,Dr. Alex Hernandez,MEM000100,FAC014,2026-02-04T13:00:00,71045,84.38,Chennai,CLEAN
CLM-F39CEA82,1000000082,Dr. Michael Evans,MEM000275,FAC046,2026-04-17T10:00:00,99214,148.25,Chennai,CLEAN
CLM-2B241C7E,1000000104,Dr. Richard Henson,MEM000758,FAC031,2026-05-13T14:00:00,99213,100.31,Chennai,CLEAN
CLM-8E040C08,1000000040,Dr. Paula Moreno,MEM000067,FAC019,2026-05-10T15:00:00,99214,158.42,Chennai,CLEAN
CLM-CE953154,1000000134,Dr. Rebecca Jackson,MEM000900,FAC036,2026-01-08T11:00:00,99214,161.26,Chennai,CLEAN
CLM-46097CAC,1000000051,Dr. Danny Morgan,MEM000857,FAC003,2026-03-05T09:00:00,71045,72.81,Chennai,CLEAN
CLM-BD3E2E62,1000000092,Dr. Denise Jacobs,MEM000721,FAC012,2026-03-12T14:00:00,71045,80.08,Chennai,CLEAN
CLM-4CE19169,1000000162,Dr. Lindsey Walker,MEM000945,FAC007,2026-06-24T09:00:00,99214,146.17,Chennai,CLEAN
CLM-24C92E78,1000000152,Dr. Denise Jones,MEM000456,FAC011,2026-05-02T17:00:00,99215,213.15,Chennai,CLEAN
CLM-EC801207,1000000066,Dr. Tracy House,MEM000766,FAC044,2026-01-24T13:00:00,99213,97.73,Chennai,CLEAN
CLM-4FC8CC86,1000000041,Dr. Fred Smith,MEM000874,FAC036,2026-02-24T12:00:00,99214,155.33,Chennai,CLEAN
CLM-0799BB83,1000000068,Dr. James Brown,MEM000667,FAC026,2026-05-12T09:00:00,99213,99.48,Chennai,CLEAN
CLM-DB0B6AF9,1000000033,Dr. Nathan Maldonado,MEM000662,FAC011,2026-06-03T09:00:00,99214,142.57,Chennai,CLEAN
CLM-AA6B04F6,1000000078,Dr. Steve Sanchez,MEM000729,FAC045,2026-06-14T13:00:00,71045,86.33,Chennai,CLEAN
CLM-1EA2E364,1000000089,Dr. Aimee Montoya,MEM000470,FAC016,2026-02-25T16:00:00,99215,227.8,Chennai,CLEAN
CLM-53B1E660,1000000159,Dr. Jamie Smith,MEM000406,FAC037,2026-01-27T09:00:00,93000,65.99,Chennai,CLEAN
CLM-546EB3DD,1000000095,Dr. Anna Henderson,MEM000574,FAC041,2026-06-02T13:00:00,99215,228.11,Chennai,CLEAN
CLM-FF214695,1000000123,Dr. Michelle Harmon,MEM000065,FAC021,2026-03-12T14:00:00,99215,209.49,Chennai,CLEAN
CLM-6A6C70F8,1000000182,Dr. Angela Vaughn,MEM000975,FAC041,2026-03-18T12:00:00,99214,150.52,Chennai,CLEAN
CLM-2D122281,1000000061,Dr. Gerald Hensley,MEM000921,FAC003,2026-06-03T15:00:00,99215,227.95,Chennai,CLEAN
CLM-465B1844,1000000184,Dr. Lindsay Martinez,MEM000026,FAC041,2026-05-08T13:00:00,99215,237.9,Chennai,CLEAN
CLM-0A6ACB72,1000000103,Dr. Christine Wright,MEM000397,FAC047,2026-01-10T12:00:00,99215,229.97,Chennai,CLEAN
CLM-C2D5C1F9,1000000056,Dr. Timothy Duncan,MEM000702,FAC034,2026-06-13T16:00:00,99215,220.32,Chennai,CLEAN
CLM-82F629DC,1000000043,Dr. Anthony Humphrey,MEM000860,FAC042,2026-05-23T11:00:00,99215,202.29,Chennai,CLEAN
CLM-34B0F574,1000000032,Dr. Tricia Valencia,MEM000758,FAC016,2026-05-24T11:00:00,99215,226.8,Chennai,CLEAN
CLM-CA3FE7D4,1000000056,Dr. Timothy Duncan,MEM000363,FAC014,2026-03-20T15:00:00,99215,214.35,Chennai,CLEAN
CLM-9D432EEB,1000000149,Dr. Stephanie Manning,MEM000301,FAC029,2026-01-31T16:00:00,99213,107.33,Chennai,CLEAN
CLM-0EBCF19A,1000000149,Dr. Stephanie Manning,MEM000594,FAC039,2026-01-19T16:00:00,99214,150.01,Chennai,CLEAN
CLM-C8192F0B,1000000174,Dr. Nicole Herring,MEM000390,FAC033,2026-03-18T15:00:00,99213,107.42,Chennai,CLEAN
CLM-0F1D5A92,1000000038,Dr. Elizabeth Fowler,MEM000140,FAC012,2026-03-29T15:00:00,93000,64.71,Chennai,CLEAN
CLM-F410D85F,1000000117,Dr. Ashley Waller,MEM000146,FAC020,2026-02-16T10:00:00,71045,77.32,Chennai,CLEAN
CLM-54783B9D,1000000045,Dr. Philip Cannon,MEM000320,FAC040,2026-01-15T09:00:00,71045,76.38,Chennai,CLEAN
CLM-A7468D2B,1000000194,Dr. John Bishop,MEM000792,FAC010,2026-05-28T11:00:00,71045,84.56,Chennai,CLEAN
CLM-188C3E1F,1000000199,Dr. Nathan Freeman,MEM000090,FAC008,2026-06-07T15:00:00,71045,78.45,Chennai,CLEAN
CLM-1676CE63,1000000122,Dr. April Frost,MEM000392,FAC000,2026-01-10T17:00:00,99214,156.92,Chennai,CLEAN
CLM-B4BA5EEB,1000000003,Dr. Daniel Wagner,MEM000913,FAC020,2026-05-16T12:00:00,99213,103.53,Chennai,CLEAN
CLM-4FE6678B,1000000160,Dr. Paul Castaneda,MEM000751,FAC015,2026-02-27T14:00:00,99215,203.67,Chennai,CLEAN
CLM-05D41108,1000000098,Dr. Jessica Smith,MEM000515,FAC037,2026-03-20T11:00:00,99213,106.48,Chennai,CLEAN
CLM-A79378D4,1000000076,Dr. Angela Lopez,MEM000971,FAC018,2026-04-27T17:00:00,93000,60.29,Chennai,CLEAN
CLM-F84B83F1,1000000111,Dr. Shannon Walker,MEM000909,FAC043,2026-02-04T14:00:00,71045,77.75,Chennai,CLEAN
CLM-709942F6,1000000048,Dr. Joshua Blair,MEM000168,FAC025,2026-01-05T12:00:00,99214,156.82,Chennai,CLEAN
CLM-14904BA7,1000000033,Dr. Nathan Maldonado,MEM000216,FAC046,2026-01-06T17:00:00,99214,138.69,Chennai,CLEAN
CLM-1DA3EB23,1000000182,Dr. Angela Vaughn,MEM000666,FAC002,2026-04-07T13:00:00,93000,61.48,Chennai,CLEAN
CLM-CF41C363,1000000152,Dr. Denise Jones,MEM000049,FAC042,2026-01-28T09:00:00,99213,103.79,Chennai,CLEAN
CLM-67A42D32,1000000106,Dr. Sharon Cherry,MEM000454,FAC024,2026-02-01T17:00:00,99215,218.87,Chennai,CLEAN
CLM-38565279,1000000039,Dr. Brittany Farmer,MEM000210,FAC044,2026-06-25T09:00:00,99215,216.52,Chennai,CLEAN
CLM-A028A7B0,1000000025,Dr. Judy Baker,MEM000678,FAC033,2026-03-11T11:00:00,71045,85.29,Chennai,CLEAN
CLM-3808879F,1000000026,Dr. Justin Baker,MEM000523,FAC046,2026-06-08T10:00:00,99215,203.02,Chennai,CLEAN
CLM-84613C77,1000000027,Dr. Stephanie Ross,MEM000509,FAC012,2026-06-05T12:00:00,99215,234.59,Chennai,CLEAN
CLM-5BDCC1D8,1000000051,Dr. Danny Morgan,MEM000366,FAC045,2026-04-15T13:00:00,99214,136.18,Chennai,CLEAN
CLM-6947A055,1000000127,Dr. Jason Powell,MEM000932,FAC013,2026-06-26T16:00:00,99215,208.32,Chennai,CLEAN
CLM-B2174942,1000000003,Dr. Daniel Wagner,MEM000687,FAC005,2026-01-29T16:00:00,99214,163.48,Chennai,CLEAN
CLM-B022B0E5,1000000199,Dr. Nathan Freeman,MEM000523,FAC004,2026-01-26T13:00:00,99214,148.7,Chennai,CLEAN
CLM-97AE9F57,1000000075,Dr. Sarah Moore,MEM000270,FAC029,2026-01-13T10:00:00,99214,161.22,Chennai,CLEAN
CLM-2D51D181,1000000074,Dr. Amy Silva,MEM000368,FAC043,2026-03-22T15:00:00,99213,91.9,Chennai,CLEAN
CLM-CF796071,1000000194,Dr. John Bishop,MEM000911,FAC002,2026-01-03T11:00:00,99214,144.86,Chennai,CLEAN
CLM-09410D66,1000000112,Dr. Julia Torres,MEM000978,FAC039,2026-03-10T10:00:00,99215,233.86,Chennai,CLEAN
CLM-8325164D,1000000046,Dr. John Pierce,MEM000116,FAC025,2026-04-13T16:00:00,99215,234.77,Chennai,CLEAN
CLM-3A51C950,1000000176,Dr. Michael Elliott,MEM000871,FAC030,2026-04-18T11:00:00,99213,92.65,Chennai,CLEAN
CLM-CA8CEE57,1000000185,Dr. Dr. Hannah Patterson,MEM000060,FAC010,2026-01-27T15:00:00,93000,59.79,Chennai,CLEAN
CLM-42DD8063,1000000145,Dr. Joyce Solis,MEM000694,FAC028,2026-02-16T15:00:00,99215,224.9,Chennai,CLEAN
CLM-5BAC86FA,1000000175,Dr. Alex Hernandez,MEM000901,FAC046,2026-02-03T16:00:00,71045,73.81,Chennai,CLEAN
CLM-63A4E05D,1000000105,Dr. Marc Moore,MEM000451,FAC002,2026-01-17T13:00:00,99215,198.54,Chennai,CLEAN
CLM-E3500F28,1000000173,Dr. Matthew Harrington,MEM000537,FAC049,2026-05-28T12:00:00,99215,220.84,Chennai,CLEAN
CLM-BF2C5FDA,1000000176,Dr. Michael Elliott,MEM000717,FAC039,2026-01-25T15:00:00,99214,149.46,Chennai,CLEAN
CLM-2581CD85,1000000169,Dr. Daniel Murphy,MEM000692,FAC041,2026-04-09T11:00:00,93000,64.7,Chennai,CLEAN
CLM-F61792A6,1000000156,Dr. Joshua Perry,MEM000055,FAC000,2026-06-14T11:00:00,93000,64.19,Chennai,CLEAN
CLM-A3B54955,1000000126,Dr. Michelle Evans,MEM000890,FAC010,2026-01-20T16:00:00,99215,208.6,Chennai,CLEAN
CLM-EC93A3E8,1000000071,Dr. Whitney Peters,MEM000051,FAC032,2026-02-27T17:00:00,71045,78.45,Chennai,CLEAN
CLM-25430322,1000000060,Dr. Victoria Garcia,MEM000080,FAC029,2026-04-24T16:00:00,99213,107.13,Chennai,CLEAN
CLM-6556FBDC,1000000114,Dr. Garrett Lin,MEM000323,FAC007,2026-05-08T09:00:00,99213,98.07,Chennai,CLEAN
CLM-B142D864,1000000009,Dr. Ryan Munoz,MEM000570,FAC035,2026-01-01T10:00:00,93000,65.56,Chennai,CLEAN
CLM-A87BCF82,1000000163,Dr. Jeffrey Johnson,MEM000311,FAC032,2026-05-24T12:00:00,71045,87.21,Chennai,CLEAN
CLM-B1B30F37,1000000093,Dr. Christina Walters,MEM000845,FAC003,2026-02-27T16:00:00,99215,222.65,Chennai,CLEAN
CLM-2F544088,1000000158,Dr. Melissa Gates,MEM000614,FAC030,2026-06-18T14:00:00,71045,73.82,Chennai,CLEAN
CLM-92F11ADA,1000000194,Dr. John Bishop,MEM000674,FAC014,2026-01-01T14:00:00,99215,234.51,Chennai,CLEAN
CLM-B97598E5,1000000074,Dr. Amy Silva,MEM000560,FAC033,2026-04-06T10:00:00,99213,107.94,Chennai,CLEAN
CLM-439C509F,1000000126,Dr. Michelle Evans,MEM000143,FAC045,2026-04-15T10:00:00,99215,224.88,Chennai,CLEAN
CLM-9021B265,1000000048,Dr. Joshua Blair,MEM000123,FAC025,2026-02-25T16:00:00,99214,156.5,Chennai,CLEAN
CLM-59AE4A6F,1000000027,Dr. Stephanie Ross,MEM000775,FAC026,2026-01-12T10:00:00,71045,79.32,Chennai,CLEAN
CLM-FFAA810A,1000000150,Dr. David Wright,MEM000979,FAC032,2026-02-04T16:00:00,99213,100.61,Chennai,CLEAN
CLM-669FC217,1000000012,Dr. Lisa Hensley,MEM000566,FAC027,2026-05-30T16:00:00,93000,63.37,Chennai,CLEAN
CLM-729E51BA,1000000045,Dr. Philip Cannon,MEM000708,FAC037,2026-02-14T11:00:00,99213,97.75,Chennai,CLEAN
CLM-97418293,1000000153,Dr. Devon Flores,MEM000620,FAC020,2026-05-10T15:00:00,71045,87.67,Chennai,CLEAN
CLM-6DC43745,1000000177,Dr. Michael Wang,MEM000780,FAC015,2026-03-12T15:00:00,99215,240.7,Chennai,CLEAN
CLM-36DEF5AB,1000000115,Dr. Diana May,MEM000824,FAC008,2026-02-05T15:00:00,93000,62.4,Chennai,CLEAN
CLM-3F0B3E41,1000000191,Dr. Karen Graham,MEM000524,FAC019,2026-06-29T17:00:00,99215,229.32,Chennai,CLEAN
CLM-0C739651,1000000141,Dr. David Douglas Jr.,MEM000647,FAC013,2026-02-21T12:00:00,93000,62.57,Chennai,CLEAN
CLM-59E6445B,1000000175,Dr. Alex Hernandez,MEM000353,FAC043,2026-02-03T11:00:00,93000,60.51,Chennai,CLEAN
CLM-73A219B1,1000000163,Dr. Jeffrey Johnson,MEM000330,FAC045,2026-01-30T14:00:00,93000,59.76,Chennai,CLEAN
CLM-DB26ABE2,1000000146,Dr. Victoria Larson,MEM000965,FAC042,2026-04-17T17:00:00,99215,236.61,Chennai,CLEAN
CLM-1B340CA4,1000000108,Dr. Evelyn Galvan,MEM000827,FAC000,2026-05-14T10:00:00,99213,97.62,Chennai,CLEAN
CLM-84E3D5D3,1000000013,Dr. Michele Williams,MEM000686,FAC003,2026-02-21T13:00:00,99214,164.51,Chennai,CLEAN
CLM-503E48E2,1000000174,Dr. Nicole Herring,MEM000256,FAC009,2026-01-16T13:00:00,99214,157.61,Chennai,CLEAN
CLM-1EE6A9CF,1000000008,Dr. Gabrielle Davis,MEM000367,FAC028,2026-01-27T17:00:00,99214,157.27,Chennai,CLEAN
CLM-9E30C4AE,1000000143,Dr. Christopher Rubio,MEM000398,FAC015,2026-05-11T13:00:00,99213,108.53,Chennai,CLEAN
CLM-8617E55E,1000000099,Dr. Stephen Mckee,MEM000426,FAC043,2026-03-22T17:00:00,99213,90.26,Chennai,CLEAN
CLM-1B384E8C,1000000064,Dr. Jessica Callahan,MEM000207,FAC039,2026-04-24T12:00:00,99215,231.22,Chennai,CLEAN
CLM-4FD28E50,1000000139,Dr. Angel Perry,MEM000756,FAC038,2026-02-20T12:00:00,99215,217.75,Chennai,CLEAN
CLM-0C82D0A1,1000000174,Dr. Nicole Herring,MEM000076,FAC011,2026-02-14T17:00:00,99213,97.54,Chennai,CLEAN
CLM-7A04B8F2,1000000109,Dr. Sharon Cochran,MEM000285,FAC035,2026-03-09T11:00:00,99214,152.52,Chennai,CLEAN
CLM-4D9D1725,1000000065,Dr. Amber Kidd,MEM000005,FAC021,2026-04-30T11:00:00,99213,93.07,Chennai,CLEAN
CLM-4DE2931F,1000000082,Dr. Michael Evans,MEM000611,FAC003,2026-06-10T13:00:00,71045,84.64,Chennai,CLEAN
CLM-0F414F2D,1000000140,Dr. Cheyenne Horton,MEM000366,FAC004,2026-03-23T17:00:00,99214,163.71,Chennai,CLEAN
CLM-0908AC92,1000000133,Dr. Daniel Kennedy,MEM000069,FAC032,2026-02-10T15:00:00,93000,60.44,Chennai,CLEAN
CLM-3F773FFD,1000000023,Dr. Tommy Walter,MEM000357,FAC014,2026-02-24T14:00:00,99215,213.88,Chennai,CLEAN
CLM-CFDDDF10,1000000055,Dr. Michael Lewis,MEM000973,FAC048,2026-06-08T17:00:00,71045,87.95,Chennai,CLEAN
CLM-02AF887C,1000000192,Dr. Debra Christian,MEM000664,FAC000,2026-01-30T14:00:00,71045,75.85,Chennai,CLEAN
CLM-D0F2990C,1000000164,Dr. Michael Powell,MEM000628,FAC039,2026-03-04T09:00:00,99215,214.78,Chennai,CLEAN
CLM-890A3B88,1000000029,Dr. Anthony Rodriguez,MEM000395,FAC016,2026-05-19T13:00:00,99213,108.23,Chennai,CLEAN
CLM-4EB51BD4,1000000197,Dr. Spencer Haynes,MEM000383,FAC032,2026-05-11T16:00:00,71045,72.7,Chennai,CLEAN
CLM-97F0E043,1000000166,Dr. Alyssa Long,MEM000197,FAC020,2026-05-12T10:00:00,99213,93.35,Chennai,CLEAN
CLM-492DB3E5,1000000197,Dr. Spencer Haynes,MEM000550,FAC034,2026-01-02T10:00:00,99214,155.11,Chennai,CLEAN
CLM-5791A122,1000000198,Dr. Adam Vaughan,MEM000218,FAC043,2026-04-19T10:00:00,99214,151.13,Chennai,CLEAN
CLM-6E74E0D9,1000000179,Dr. Robert Oconnell,MEM000899,FAC047,2026-04-22T10:00:00,99214,135.71,Chennai,CLEAN
CLM-76010902,1000000183,Dr. Ashley Barton,MEM000339,FAC002,2026-01-23T10:00:00,99213,93.56,Chennai,CLEAN
CLM-1BAD5FDA,1000000064,Dr. Jessica Callahan,MEM000571,FAC004,2026-05-28T12:00:00,99215,215.94,Chennai,CLEAN
CLM-6D6E955C,1000000115,Dr. Diana May,MEM000645,FAC025,2026-04-21T14:00:00,99213,97.79,Chennai,CLEAN
CLM-7E5AD701,1000000030,Dr. Rebecca Henderson,MEM000547,FAC000,2026-06-14T10:00:00,93000,54.55,Chennai,CLEAN
CLM-BA4192D4,1000000018,Dr. Lisa Jackson,MEM000366,FAC032,2026-01-28T13:00:00,99215,224.69,Chennai,CLEAN
CLM-E613A906,1000000072,Dr. Brittney Phillips,MEM000783,FAC028,2026-04-08T15:00:00,99213,99.48,Chennai,CLEAN
CLM-3358B8DD,1000000136,Dr. Robert Potter,MEM000225,FAC008,2026-04-11T17:00:00,99215,240.25,Chennai,CLEAN
CLM-6B862106,1000000036,Dr. Sherri Baker,MEM000305,FAC043,2026-06-15T14:00:00,99213,101.07,Chennai,CLEAN
CLM-EBEF19C5,1000000142,Dr. Patricia Rodriguez,MEM000144,FAC007,2026-01-11T09:00:00,93000,61.16,Chennai,CLEAN
CLM-94C687CB,1000000137,Dr. Courtney Gonzalez,MEM000560,FAC005,2026-03-20T12:00:00,99215,207.32,Chennai,CLEAN
CLM-0FD7A296,1000000165,Dr. John Anderson,MEM000871,FAC032,2026-02-06T11:00:00,99214,141.62,Chennai,CLEAN
CLM-84417EAC,1000000064,Dr. Jessica Callahan,MEM000198,FAC007,2026-02-16T09:00:00,93000,59.54,Chennai,CLEAN
CLM-237FDDD6,1000000140,Dr. Cheyenne Horton,MEM000074,FAC018,2026-06-21T10:00:00,99215,202.32,Chennai,CLEAN
CLM-6B495888,1000000185,Dr. Dr. Hannah Patterson,MEM000594,FAC031,2026-03-26T14:00:00,99214,155.14,Chennai,CLEAN
CLM-07C81046,1000000060,Dr. Victoria Garcia,MEM000102,FAC018,2026-06-08T10:00:00,99214,144.53,Chennai,CLEAN
CLM-F12800C1,1000000115,Dr. Diana May,MEM000336,FAC039,2026-06-18T13:00:00,93000,55.83,Chennai,CLEAN
CLM-0F3AFDA6,1000000145,Dr. Joyce Solis,MEM000373,FAC020,2026-04-20T11:00:00,99213,96.26,Chennai,CLEAN
CLM-3DC63EF1,1888888888,Dr. Synthetic-B (Teleport),MEM000226,FAC045,2026-06-14T15:00:00,99215,234.96,Chennai,CLEAN
CLM-75A65A50,1000000034,Dr. Debra Davidson,MEM000695,FAC046,2026-03-26T16:00:00,71045,79.13,Chennai,CLEAN
CLM-018F5367,1000000198,Dr. Adam Vaughan,MEM000312,FAC031,2026-05-22T10:00:00,99214,154.37,Chennai,CLEAN
CLM-5C0B9D87,1000000020,Dr. Margaret Hawkins DDS,MEM000861,FAC017,2026-02-05T17:00:00,99214,142.9,Chennai,CLEAN
CLM-7EAA78E3,1000000160,Dr. Paul Castaneda,MEM000078,FAC046,2026-01-20T09:00:00,93000,61.58,Chennai,CLEAN
CLM-38479DFD,1000000148,Dr. Kathy Rivas,MEM000592,FAC025,2026-06-01T12:00:00,99213,101.03,Chennai,CLEAN
CLM-0DE04F3F,1000000139,Dr. Angel Perry,MEM000915,FAC034,2026-05-01T11:00:00,99215,215.27,Chennai,CLEAN
CLM-2F27F99D,1000000197,Dr. Spencer Haynes,MEM000603,FAC046,2026-03-16T11:00:00,71045,80.02,Chennai,CLEAN
CLM-02E422AB,1000000023,Dr. Tommy Walter,MEM000406,FAC023,2026-05-09T09:00:00,99214,160.44,Chennai,CLEAN
CLM-9B35EFE3,1000000157,Dr. Jason Stein,MEM000700,FAC010,2026-05-12T11:00:00,71045,74.55,Chennai,CLEAN
CLM-DBF206AA,1000000144,Dr. Amber Wright,MEM000971,FAC036,2026-06-18T11:00:00,71045,87.03,Chennai,CLEAN
CLM-0F042327,1000000010,Dr. Monica Herrera,MEM000224,FAC048,2026-05-05T12:00:00,99213,95.29,Chennai,CLEAN
CLM-99B4FC0D,1000000059,Dr. John Daniel,MEM000043,FAC042,2026-02-22T17:00:00,99215,215.08,Chennai,CLEAN
CLM-F28562D8,1000000116,Dr. William Herrera,MEM000902,FAC002,2026-01-11T14:00:00,99213,104.07,Chennai,CLEAN
CLM-8F64C53B,1000000133,Dr. Daniel Kennedy,MEM000648,FAC017,2026-03-09T17:00:00,93000,56.09,Chennai,CLEAN
CLM-1EE49321,1000000167,Dr. Alyssa Day,MEM000387,FAC023,2026-05-31T10:00:00,93000,57.02,Chennai,CLEAN
CLM-26CCB109,1000000057,Dr. Richard Aguirre,MEM000528,FAC025,2026-04-01T14:00:00,71045,84.68,Chennai,CLEAN
CLM-68D4EA19,1000000154,Dr. Brenda Hall,MEM000006,FAC032,2026-02-05T16:00:00,99214,141.9,Chennai,CLEAN
CLM-94F6D9A3,1000000131,Dr. Dustin Jordan,MEM000658,FAC017,2026-02-24T11:00:00,99214,139.72,Chennai,CLEAN
CLM-F9D5894E,1000000154,Dr. Brenda Hall,MEM000734,FAC007,2026-06-19T12:00:00,71045,84.98,Chennai,CLEAN
CLM-265C8DBC,1000000184,Dr. Lindsay Martinez,MEM000116,FAC030,2026-06-22T16:00:00,71045,75.37,Chennai,CLEAN
CLM-32D42F0D,1000000041,Dr. Fred Smith,MEM000662,FAC026,2026-01-06T12:00:00,99213,92.56,Chennai,CLEAN
CLM-90C193C0,1000000151,Dr. Pamela Boyd,MEM000164,FAC008,2026-06-11T17:00:00,99213,107.82,Chennai,CLEAN
CLM-836A7295,1000000037,Dr. Cassandra Gaines,MEM000057,FAC010,2026-03-08T11:00:00,93000,65.5,Chennai,CLEAN
CLM-62A83C9F,1000000153,Dr. Devon Flores,MEM000992,FAC036,2026-06-13T09:00:00,99215,239.68,Chennai,CLEAN
CLM-563169F1,1000000055,Dr. Michael Lewis,MEM000459,FAC038,2026-05-01T16:00:00,99214,141.58,Chennai,CLEAN
CLM-B9B44414,1000000105,Dr. Marc Moore,MEM000615,FAC009,2026-05-30T11:00:00,93000,61.92,Chennai,CLEAN
CLM-04CD7453,1000000067,Dr. Carol Tucker,MEM000171,FAC046,2026-06-25T14:00:00,71045,81.54,Chennai,CLEAN
CLM-13BD0E35,1000000017,Dr. Derek Zuniga,MEM000235,FAC024,2026-04-09T11:00:00,99213,90.33,Chennai,CLEAN
CLM-1E02DCD9,1000000133,Dr. Daniel Kennedy,MEM000880,FAC032,2026-06-25T15:00:00,99214,153.17,Chennai,CLEAN
CLM-957DB3CF,1000000045,Dr. Philip Cannon,MEM000487,FAC039,2026-06-03T09:00:00,93000,60.04,Chennai,CLEAN
CLM-09C22D87,1000000030,Dr. Rebecca Henderson,MEM000095,FAC030,2026-06-18T11:00:00,93000,60.47,Chennai,CLEAN
CLM-E236EC06,1000000000,Dr. Allison Hill,MEM000918,FAC049,2026-06-23T15:00:00,93000,59.05,Chennai,CLEAN
CLM-6B64C298,1000000011,Dr. Jamie Arnold,MEM000714,FAC033,2026-04-20T12:00:00,71045,84.63,Chennai,CLEAN
CLM-F8597D55,1000000097,Dr. Deborah Figueroa,MEM000358,FAC037,2026-06-28T10:00:00,71045,74.14,Chennai,CLEAN
CLM-81F30B35,1000000122,Dr. April Frost,MEM000784,FAC014,2026-01-22T13:00:00,93000,64.52,Chennai,CLEAN
CLM-A1B526E0,1000000104,Dr. Richard Henson,MEM000263,FAC012,2026-01-02T09:00:00,93000,60.27,Chennai,CLEAN
CLM-F4CB2B9E,1000000133,Dr. Daniel Kennedy,MEM000007,FAC024,2026-06-17T12:00:00,99215,215.99,Chennai,CLEAN
CLM-87F0987C,1000000027,Dr. Stephanie Ross,MEM000158,FAC027,2026-06-16T13:00:00,99215,235.62,Chennai,CLEAN
CLM-F6C90F1E,1000000108,Dr. Evelyn Galvan,MEM000578,FAC023,2026-06-06T13:00:00,71045,84.08,Chennai,CLEAN
CLM-7CE21EC0,1000000105,Dr. Marc Moore,MEM000565,FAC035,2026-05-04T11:00:00,99215,222.6,Chennai,CLEAN
CLM-1AEED477,1000000123,Dr. Michelle Harmon,MEM000259,FAC019,2026-05-28T14:00:00,71045,83.77,Chennai,CLEAN
CLM-94BB778F,1000000168,Dr. Joel Williams,MEM000121,FAC047,2026-02-28T16:00:00,99214,138.01,Chennai,CLEAN
CLM-EB4B0DF3,1000000130,Dr. Elizabeth Kelley,MEM000410,FAC021,2026-05-21T09:00:00,99214,146.67,Chennai,CLEAN
CLM-D04D3CEC,1000000162,Dr. Lindsey Walker,MEM000005,FAC005,2026-02-07T16:00:00,93000,59.22,Chennai,CLEAN
CLM-26407E92,1000000016,Dr. Holly Wood,MEM000269,FAC014,2026-04-05T10:00:00,93000,54.45,Chennai,CLEAN
CLM-ABB2E51E,1000000098,Dr. Jessica Smith,MEM000953,FAC025,2026-06-07T17:00:00,99215,229.31,Chennai,CLEAN
CLM-4C330B57,1000000152,Dr. Denise Jones,MEM000058,FAC049,2026-02-14T16:00:00,71045,72.17,Chennai,CLEAN
CLM-D3043248,1000000168,Dr. Joel Williams,MEM000953,FAC033,2026-03-15T12:00:00,99213,105.68,Chennai,CLEAN
CLM-218437F8,1000000130,Dr. Elizabeth Kelley,MEM000528,FAC044,2026-03-01T11:00:00,99213,97.19,Chennai,CLEAN
CLM-05729415,1000000167,Dr. Alyssa Day,MEM000000,FAC010,2026-01-23T13:00:00,71045,77.65,Chennai,CLEAN
CLM-6079B15A,1000000101,Dr. Cameron Parker,MEM000415,FAC037,2026-02-21T17:00:00,99213,104.74,Chennai,CLEAN
CLM-986E6562,1000000017,Dr. Derek Zuniga,MEM000941,FAC005,2026-05-21T13:00:00,93000,64.98,Chennai,CLEAN
CLM-83BB6399,1000000089,Dr. Aimee Montoya,MEM000355,FAC017,2026-02-27T12:00:00,71045,86.88,Chennai,CLEAN
CLM-406A88AB,1000000147,Dr. Stephanie Salazar,MEM000004,FAC016,2026-02-14T15:00:00,93000,55.28,Chennai,CLEAN
CLM-63FD43F6,1000000018,Dr. Lisa Jackson,MEM000515,FAC018,2026-03-29T10:00:00,93000,65.48,Chennai,CLEAN
CLM-C4B3DCB2,1000000137,Dr. Courtney Gonzalez,MEM000832,FAC036,2026-03-06T16:00:00,71045,81.01,Chennai,CLEAN
CLM-89D0E2C2,1000000197,Dr. Spencer Haynes,MEM000249,FAC048,2026-03-28T16:00:00,71045,86.34,Chennai,CLEAN
CLM-D724D483,1000000007,Dr. Gina Moore,MEM000493,FAC007,2026-03-08T10:00:00,71045,82.14,Chennai,CLEAN
CLM-5028A3FA,1000000056,Dr. Timothy Duncan,MEM000693,FAC044,2026-02-28T14:00:00,71045,87.29,Chennai,CLEAN
CLM-9CF2E55F,1000000132,Dr. Mary Marshall,MEM000548,FAC000,2026-06-29T13:00:00,99214,143.62,Chennai,CLEAN
CLM-478DF9F8,1000000102,Dr. Rebecca Valencia,MEM000689,FAC047,2026-03-29T10:00:00,93000,65.18,Chennai,CLEAN
CLM-4353963D,1000000121,Dr. Kenneth Scott,MEM000321,FAC022,2026-02-25T13:00:00,99214,163.41,Chennai,CLEAN
CLM-1110F91E,1000000174,Dr. Nicole Herring,MEM000952,FAC012,2026-05-08T12:00:00,99214,157.06,Chennai,CLEAN
CLM-7C56A43F,1000000067,Dr. Carol Tucker,MEM000211,FAC014,2026-02-21T12:00:00,93000,58.27,Chennai,CLEAN
CLM-1E8A8ECE,1000000199,Dr. Nathan Freeman,MEM000109,FAC007,2026-01-21T16:00:00,93000,54.08,Chennai,CLEAN
CLM-9BFBD1C9,1000000138,Dr. David Alvarez,MEM000980,FAC002,2026-05-04T14:00:00,93000,57.79,Chennai,CLEAN
CLM-DBCC5308,1000000147,Dr. Stephanie Salazar,MEM000889,FAC017,2026-05-06T11:00:00,93000,57.36,Chennai,CLEAN
CLM-C63C319F,1000000056,Dr. Timothy Duncan,MEM000768,FAC036,2026-02-02T09:00:00,93000,63.59,Chennai,CLEAN
CLM-8AC7913E,1000000122,Dr. April Frost,MEM000962,FAC034,2026-01-09T17:00:00,99215,215.32,Chennai,CLEAN
CLM-B5A361DE,1000000175,Dr. Alex Hernandez,MEM000794,FAC011,2026-04-28T10:00:00,93000,59.52,Chennai,CLEAN
CLM-DF85D83C,1000000176,Dr. Michael Elliott,MEM000008,FAC000,2026-06-22T12:00:00,71045,81.3,Chennai,CLEAN
CLM-041C7DB8,1000000083,Dr. Paul Jones,MEM000370,FAC039,2026-03-08T11:00:00,93000,57.15,Chennai,CLEAN
CLM-B169E28D,1000000068,Dr. James Brown,MEM000482,FAC039,2026-03-29T14:00:00,99214,149.96,Chennai,CLEAN
CLM-24966CED,1000000053,Dr. Mark Perez,MEM000429,FAC044,2026-04-06T14:00:00,71045,76.47,Chennai,CLEAN
CLM-A28A712D,1000000046,Dr. John Pierce,MEM000585,FAC008,2026-05-28T12:00:00,99213,104.42,Chennai,CLEAN
CLM-734E14BB,1000000060,Dr. Victoria Garcia,MEM000568,FAC027,2026-04-08T12:00:00,99214,159.0,Chennai,CLEAN
CLM-4B6E4159,1000000189,Dr. Jessica Gross,MEM000153,FAC030,2026-01-03T11:00:00,71045,79.99,Chennai,CLEAN
CLM-2F602049,1000000161,Dr. Jennifer Adkins,MEM000529,FAC034,2026-03-22T16:00:00,99215,209.04,Chennai,CLEAN
CLM-B5C36029,1000000145,Dr. Joyce Solis,MEM000048,FAC025,2026-01-26T11:00:00,99213,94.31,Chennai,CLEAN
CLM-D77CCCFF,1000000065,Dr. Amber Kidd,MEM000487,FAC040,2026-01-25T16:00:00,99215,209.43,Chennai,CLEAN
CLM-6155282C,1000000092,Dr. Denise Jacobs,MEM000573,FAC035,2026-03-07T14:00:00,99213,98.24,Chennai,CLEAN
CLM-269943EF,1000000089,Dr. Aimee Montoya,MEM000888,FAC043,2026-06-05T12:00:00,93000,60.91,Chennai,CLEAN
CLM-11F6342E,1000000166,Dr. Alyssa Long,MEM000551,FAC011,2026-03-14T14:00:00,99215,227.62,Chennai,CLEAN
CLM-EF469C0E,1000000124,Dr. Helen Jones,MEM000793,FAC047,2026-04-25T10:00:00,71045,81.82,Chennai,CLEAN
CLM-7BAD07B2,1000000118,Dr. Victor Baker,MEM000646,FAC009,2026-02-12T14:00:00,71045,82.1,Chennai,CLEAN
CLM-DE526F33,1000000146,Dr. Victoria Larson,MEM000414,FAC004,2026-01-21T11:00:00,99215,208.04,Chennai,CLEAN
CLM-C18E2C04,1000000081,Dr. Mike Allen,MEM000668,FAC018,2026-03-10T15:00:00,99215,237.06,Chennai,CLEAN
CLM-0EB2AC3A,1000000199,Dr. Nathan Freeman,MEM000883,FAC023,2026-05-31T17:00:00,71045,78.62,Chennai,CLEAN
CLM-6A6EE9D2,1000000047,Dr. Shane Henderson,MEM000874,FAC001,2026-02-02T12:00:00,99215,239.38,Chennai,CLEAN
CLM-203C77A7,1000000179,Dr. Robert Oconnell,MEM000767,FAC005,2026-02-23T11:00:00,71045,73.65,Chennai,CLEAN
CLM-FADA9C20,1000000016,Dr. Holly Wood,MEM000959,FAC030,2026-05-21T09:00:00,99213,105.42,Chennai,CLEAN
CLM-EE92CD47,1000000134,Dr. Rebecca Jackson,MEM000783,FAC005,2026-01-27T13:00:00,93000,55.86,Chennai,CLEAN
CLM-341343F5,1000000167,Dr. Alyssa Day,MEM000953,FAC024,2026-03-21T12:00:00,99214,157.13,Chennai,CLEAN
CLM-199FF6FC,1000000113,Dr. Crystal Johnson,MEM000641,FAC008,2026-02-03T17:00:00,99214,135.86,Chennai,CLEAN
CLM-99036F58,1000000169,Dr. Daniel Murphy,MEM000365,FAC020,2026-05-02T16:00:00,93000,65.22,Chennai,CLEAN
CLM-C2A260FE,1000000140,Dr. Cheyenne Horton,MEM000455,FAC008,2026-06-28T17:00:00,99214,152.72,Chennai,CLEAN
CLM-6D1859D2,1000000116,Dr. William Herrera,MEM000646,FAC047,2026-06-12T15:00:00,93000,61.68,Chennai,CLEAN
CLM-64CC4288,1000000136,Dr. Robert Potter,MEM000317,FAC022,2026-05-04T17:00:00,99214,159.14,Chennai,CLEAN
CLM-E1A66C31,1000000113,Dr. Crystal Johnson,MEM000315,FAC023,2026-04-16T13:00:00,99214,144.11,Chennai,CLEAN
CLM-FCB51F99,1000000000,Dr. Allison Hill,MEM000535,FAC048,2026-02-04T14:00:00,99215,218.64,Chennai,CLEAN
CLM-921F8F26,1000000002,Dr. Angie Henderson,MEM000704,FAC031,2026-05-03T13:00:00,99213,105.32,Chennai,CLEAN
CLM-545586EF,1000000074,Dr. Amy Silva,MEM000611,FAC014,2026-01-02T17:00:00,99215,206.3,Chennai,CLEAN
CLM-88B87807,1000000143,Dr. Christopher Rubio,MEM000447,FAC025,2026-03-05T11:00:00,71045,85.25,Chennai,CLEAN
CLM-5B1621F9,1000000056,Dr. Timothy Duncan,MEM000269,FAC005,2026-04-19T12:00:00,93000,63.17,Chennai,CLEAN
CLM-043D1437,1000000156,Dr. Joshua Perry,MEM000826,FAC044,2026-06-25T13:00:00,99215,226.53,Chennai,CLEAN
CLM-AA0421C7,1000000136,Dr. Robert Potter,MEM000828,FAC017,2026-04-16T12:00:00,99213,93.65,Chennai,CLEAN
CLM-7E2FF6FF,1000000074,Dr. Amy Silva,MEM000113,FAC040,2026-04-27T16:00:00,99215,228.82,Chennai,CLEAN
CLM-2B879491,1000000125,Dr. Erin Edwards,MEM000192,FAC020,2026-01-05T11:00:00,99213,109.39,Chennai,CLEAN
CLM-E27DA684,1000000005,Dr. Connie Lawrence,MEM000190,FAC006,2026-03-14T13:00:00,99214,156.46,Chennai,CLEAN
CLM-95AD5094,1000000186,Dr. Jonathan Peterson,MEM000008,FAC014,2026-01-24T11:00:00,99213,99.87,Chennai,CLEAN
CLM-25F19FDB,1000000087,Dr. Christopher Bass,MEM000430,FAC019,2026-05-08T14:00:00,71045,83.15,Chennai,CLEAN
CLM-CF11BA33,1000000008,Dr. Gabrielle Davis,MEM000338,FAC005,2026-02-07T09:00:00,99215,232.13,Chennai,CLEAN
CLM-E4B8782D,1000000018,Dr. Lisa Jackson,MEM000556,FAC030,2026-02-16T12:00:00,99215,233.96,Chennai,CLEAN
CLM-B52263C3,1000000003,Dr. Daniel Wagner,MEM000124,FAC049,2026-03-05T15:00:00,71045,75.95,Chennai,CLEAN
CLM-483CD55F,1000000008,Dr. Gabrielle Davis,MEM000203,FAC029,2026-01-25T17:00:00,99214,149.18,Chennai,CLEAN
CLM-283C5C53,1000000174,Dr. Nicole Herring,MEM000984,FAC019,2026-03-24T11:00:00,99213,104.89,Chennai,CLEAN
CLM-9A5CA6F3,1000000140,Dr. Cheyenne Horton,MEM000533,FAC007,2026-03-06T16:00:00,99215,206.74,Chennai,CLEAN
CLM-C981C6F9,1000000013,Dr. Michele Williams,MEM000884,FAC042,2026-02-25T10:00:00,99214,153.99,Chennai,CLEAN
CLM-0AE7E375,1000000083,Dr. Paul Jones,MEM000015,FAC010,2026-03-12T10:00:00,71045,84.63,Chennai,CLEAN
CLM-4B0B874D,1000000002,Dr. Angie Henderson,MEM000992,FAC002,2026-05-29T16:00:00,93000,55.86,Chennai,CLEAN
CLM-ED09DEC1,1000000197,Dr. Spencer Haynes,MEM000091,FAC015,2026-02-10T16:00:00,99213,103.72,Chennai,CLEAN
CLM-5042264B,1000000086,Dr. Shirley Suarez,MEM000953,FAC048,2026-06-10T09:00:00,99213,97.11,Chennai,CLEAN
CLM-C50B08C1,1000000039,Dr. Brittany Farmer,MEM000718,FAC034,2026-01-28T11:00:00,71045,75.72,Chennai,CLEAN
CLM-2B4385E8,1000000142,Dr. Patricia Rodriguez,MEM000807,FAC041,2026-03-30T16:00:00,99214,135.64,Chennai,CLEAN
CLM-A3E5C05E,1000000096,Dr. Aaron Wise,MEM000366,FAC046,2026-02-04T13:00:00,99213,99.71,Chennai,CLEAN
CLM-AF49B704,1000000112,Dr. Julia Torres,MEM000572,FAC018,2026-05-19T16:00:00,99214,152.0,Chennai,CLEAN
CLM-EDEA9DAC,1000000139,Dr. Angel Perry,MEM000356,FAC020,2026-04-30T13:00:00,93000,64.97,Chennai,CLEAN
CLM-A98A9AD5,1000000141,Dr. David Douglas Jr.,MEM000164,FAC004,2026-05-16T11:00:00,71045,76.73,Chennai,CLEAN
CLM-E191B11B,1000000067,Dr. Carol Tucker,MEM000554,FAC023,2026-04-27T09:00:00,93000,58.55,Chennai,CLEAN
CLM-98DA9E22,1000000047,Dr. Shane Henderson,MEM000904,FAC001,2026-06-08T14:00:00,93000,56.87,Chennai,CLEAN
CLM-3DEB2977,1000000184,Dr. Lindsay Martinez,MEM000064,FAC042,2026-05-18T15:00:00,99214,150.72,Chennai,CLEAN
CLM-56A83FA5,1000000127,Dr. Jason Powell,MEM000784,FAC035,2026-02-09T13:00:00,99215,216.03,Chennai,CLEAN
CLM-2341FA12,1000000082,Dr. Michael Evans,MEM000113,FAC006,2026-05-14T10:00:00,99213,106.7,Chennai,CLEAN
CLM-8262C7CC,1000000033,Dr. Nathan Maldonado,MEM000182,FAC002,2026-02-21T10:00:00,71045,75.07,Chennai,CLEAN
CLM-2AE47221,1000000008,Dr. Gabrielle Davis,MEM000584,FAC041,2026-04-10T16:00:00,93000,61.49,Chennai,CLEAN
CLM-B879C61E,1000000151,Dr. Pamela Boyd,MEM000262,FAC003,2026-04-04T12:00:00,93000,62.61,Chennai,CLEAN
CLM-DF7D658B,1000000003,Dr. Daniel Wagner,MEM000952,FAC013,2026-06-17T16:00:00,99213,99.36,Chennai,CLEAN
CLM-36843057,1000000163,Dr. Jeffrey Johnson,MEM000062,FAC023,2026-05-23T15:00:00,99215,232.95,Chennai,CLEAN
CLM-8174B0F5,1000000014,Dr. Dylan Miller,MEM000843,FAC039,2026-03-10T17:00:00,99213,104.69,Chennai,CLEAN
CLM-D20C2F83,1000000077,Dr. Megan Young,MEM000079,FAC013,2026-05-13T10:00:00,99213,104.5,Chennai,CLEAN
CLM-AEACBEBE,1000000136,Dr. Robert Potter,MEM000394,FAC012,2026-02-19T17:00:00,99214,152.1,Chennai,CLEAN
CLM-DE1862C4,1000000045,Dr. Philip Cannon,MEM000571,FAC047,2026-05-23T15:00:00,99213,105.33,Chennai,CLEAN
CLM-9E1CBD1F,1000000147,Dr. Stephanie Salazar,MEM000366,FAC043,2026-04-28T15:00:00,99213,93.34,Chennai,CLEAN
CLM-C48301F2,1000000046,Dr. John Pierce,MEM000563,FAC025,2026-05-10T14:00:00,99214,151.02,Chennai,CLEAN
CLM-D7739386,1000000153,Dr. Devon Flores,MEM000453,FAC022,2026-03-22T17:00:00,99215,235.17,Chennai,CLEAN
CLM-28A4975C,1000000105,Dr. Marc Moore,MEM000782,FAC040,2026-04-21T14:00:00,93000,56.89,Chennai,CLEAN
CLM-99F4C27E,1000000139,Dr. Angel Perry,MEM000219,FAC024,2026-05-21T13:00:00,99215,240.31,Chennai,CLEAN
CLM-2B874B87,1000000114,Dr. Garrett Lin,MEM000982,FAC025,2026-01-01T09:00:00,99215,224.21,Chennai,CLEAN
CLM-15F69A7F,1000000132,Dr. Mary Marshall,MEM000138,FAC019,2026-01-02T13:00:00,99214,141.44,Chennai,CLEAN
CLM-D80CDA37,1000000080,Dr. Kelly Donovan,MEM000022,FAC049,2026-06-26T13:00:00,93000,60.14,Chennai,CLEAN
CLM-71407818,1000000146,Dr. Victoria Larson,MEM000948,FAC036,2026-02-09T10:00:00,99213,99.21,Chennai,CLEAN
CLM-D22DC885,1000000039,Dr. Brittany Farmer,MEM000141,FAC016,2026-04-04T12:00:00,99214,142.69,Chennai,CLEAN
CLM-1078B324,1000000076,Dr. Angela Lopez,MEM000094,FAC036,2026-04-13T12:00:00,99213,104.47,Chennai,CLEAN
CLM-6D8D878C,1777777777,Dr. Synthetic-C (Upcoder),MEM000494,FAC011,2026-05-05T10:00:00,93000,61.71,Mumbai,CLEAN
CLM-EC06C52B,1000000009,Dr. Ryan Munoz,MEM000748,FAC036,2026-04-08T10:00:00,99213,108.44,Chennai,CLEAN
CLM-31337AC2,1000000085,Dr. Daniel Baker,MEM000356,FAC027,2026-04-17T10:00:00,99214,157.43,Chennai,CLEAN
CLM-207AE8D3,1000000154,Dr. Brenda Hall,MEM000950,FAC000,2026-06-12T15:00:00,99213,96.1,Chennai,CLEAN
CLM-040DF792,1000000010,Dr. Monica Herrera,MEM000326,FAC034,2026-05-25T11:00:00,99215,220.11,Chennai,CLEAN
CLM-9489120C,1000000056,Dr. Timothy Duncan,MEM000156,FAC003,2026-06-22T15:00:00,71045,84.05,Chennai,CLEAN
CLM-5F883AED,1000000147,Dr. Stephanie Salazar,MEM000516,FAC005,2026-02-26T15:00:00,99215,232.6,Chennai,CLEAN
CLM-BD025E0E,1000000037,Dr. Cassandra Gaines,MEM000135,FAC021,2026-01-22T16:00:00,93000,62.94,Chennai,CLEAN
CLM-D1E2D679,1000000140,Dr. Cheyenne Horton,MEM000408,FAC016,2026-01-22T15:00:00,93000,59.21,Chennai,CLEAN
CLM-A4B43F65,1000000178,Dr. Lawrence Adkins,MEM000133,FAC048,2026-02-04T16:00:00,93000,56.38,Chennai,CLEAN
CLM-CAC17E7C,1000000101,Dr. Cameron Parker,MEM000667,FAC036,2026-02-20T17:00:00,93000,65.96,Chennai,CLEAN
CLM-D8F589ED,1000000134,Dr. Rebecca Jackson,MEM000252,FAC015,2026-01-19T13:00:00,71045,77.17,Chennai,CLEAN
CLM-FE744E9E,1000000147,Dr. Stephanie Salazar,MEM000091,FAC007,2026-06-21T15:00:00,71045,77.84,Chennai,CLEAN
CLM-6AEC5D1B,1000000048,Dr. Joshua Blair,MEM000328,FAC022,2026-06-02T09:00:00,99215,205.45,Chennai,CLEAN
CLM-F6DC64F9,1000000089,Dr. Aimee Montoya,MEM000631,FAC028,2026-06-09T11:00:00,71045,72.72,Chennai,CLEAN
CLM-5ECEAA1D,1000000059,Dr. John Daniel,MEM000204,FAC043,2026-04-06T11:00:00,99213,92.25,Chennai,CLEAN
CLM-24596760,1000000013,Dr. Michele Williams,MEM000248,FAC039,2026-02-07T13:00:00,99213,96.87,Chennai,CLEAN
CLM-52C15180,1000000028,Dr. Zachary Hicks,MEM000312,FAC028,2026-05-01T09:00:00,99215,207.2,Chennai,CLEAN
CLM-AA154D38,1000000137,Dr. Courtney Gonzalez,MEM000216,FAC013,2026-05-20T17:00:00,99215,222.15,Chennai,CLEAN
CLM-0DA62F7F,1000000159,Dr. Jamie Smith,MEM000747,FAC009,2026-06-27T09:00:00,71045,81.33,Chennai,CLEAN
CLM-5B865906,1000000169,Dr. Daniel Murphy,MEM000539,FAC002,2026-03-07T11:00:00,99213,95.68,Chennai,CLEAN
CLM-BA2359F7,1777777777,Dr. Synthetic-C (Upcoder),MEM000713,FAC039,2026-03-11T09:00:00,71045,82.48,Mumbai,CLEAN
CLM-98FEE51C,1000000002,Dr. Angie Henderson,MEM000068,FAC024,2026-06-19T13:00:00,99215,236.03,Chennai,CLEAN
CLM-114D0E39,1000000004,Dr. Cristian Santos,MEM000299,FAC041,2026-04-09T12:00:00,71045,80.14,Chennai,CLEAN
CLM-5F097DEF,1000000181,Dr. Tina Sanders,MEM000101,FAC020,2026-05-05T17:00:00,99213,93.73,Chennai,CLEAN
CLM-6334AEFE,1000000128,Dr. Cameron Fisher,MEM000989,FAC029,2026-05-24T09:00:00,99213,94.95,Chennai,CLEAN
CLM-51162328,1000000135,Dr. Jose Schultz,MEM000312,FAC021,2026-05-06T15:00:00,99214,135.55,Chennai,CLEAN
CLM-5A4877EF,1000000175,Dr. Alex Hernandez,MEM000360,FAC022,2026-06-10T13:00:00,99214,164.88,Chennai,CLEAN
CLM-77D9DA02,1000000128,Dr. Cameron Fisher,MEM000282,FAC003,2026-06-10T13:00:00,71045,86.25,Chennai,CLEAN
CLM-46B8014C,1000000007,Dr. Gina Moore,MEM000966,FAC035,2026-03-13T12:00:00,99214,145.25,Chennai,CLEAN
CLM-8726BC54,1000000100,Dr. Sandra Aguilar,MEM000672,FAC008,2026-01-23T15:00:00,93000,65.53,Chennai,CLEAN
CLM-AD69BA45,1000000156,Dr. Joshua Perry,MEM000893,FAC040,2026-06-25T12:00:00,71045,75.85,Chennai,CLEAN
CLM-33FF0E8C,1000000039,Dr. Brittany Farmer,MEM000436,FAC019,2026-06-04T14:00:00,71045,80.68,Chennai,CLEAN
CLM-07667069,1000000052,Dr. Crystal Robinson,MEM000668,FAC008,2026-05-29T17:00:00,99214,160.88,Chennai,CLEAN
CLM-4200351E,1000000079,Dr. Lisa Barnes,MEM000705,FAC045,2026-05-15T11:00:00,71045,87.93,Chennai,CLEAN
CLM-FCCB14BD,1000000197,Dr. Spencer Haynes,MEM000148,FAC041,2026-05-25T11:00:00,99215,200.98,Chennai,CLEAN
CLM-378F4935,1000000136,Dr. Robert Potter,MEM000971,FAC046,2026-01-31T11:00:00,99215,234.94,Chennai,CLEAN
CLM-0B7DA4DB,1000000037,Dr. Cassandra Gaines,MEM000744,FAC001,2026-03-23T15:00:00,71045,76.85,Chennai,CLEAN
CLM-68048846,1000000190,Dr. Debra Morton,MEM000956,FAC040,2026-03-12T11:00:00,99214,138.2,Chennai,CLEAN
CLM-1FCD4C1F,1000000047,Dr. Shane Henderson,MEM000026,FAC048,2026-06-06T13:00:00,93000,60.8,Chennai,CLEAN
CLM-E8A2CCF4,1000000059,Dr. John Daniel,MEM000610,FAC014,2026-03-01T09:00:00,99215,201.5,Chennai,CLEAN
CLM-4393C149,1000000199,Dr. Nathan Freeman,MEM000488,FAC008,2026-05-09T16:00:00,99215,206.09,Chennai,CLEAN
CLM-A52EE031,1000000099,Dr. Stephen Mckee,MEM000503,FAC030,2026-02-05T11:00:00,99214,141.79,Chennai,CLEAN
CLM-C5FB8C28,1000000104,Dr. Richard Henson,MEM000782,FAC000,2026-03-11T15:00:00,99214,157.27,Chennai,CLEAN
CLM-82E2EFC4,1000000051,Dr. Danny Morgan,MEM000775,FAC013,2026-01-17T11:00:00,71045,85.87,Chennai,CLEAN
CLM-9C279605,1000000125,Dr. Erin Edwards,MEM000704,FAC020,2026-04-28T12:00:00,71045,78.48,Chennai,CLEAN
CLM-E9E68531,1000000010,Dr. Monica Herrera,MEM000622,FAC047,2026-04-08T14:00:00,71045,81.78,Chennai,CLEAN
CLM-20465738,1000000190,Dr. Debra Morton,MEM000585,FAC038,2026-05-18T17:00:00,99213,100.41,Chennai,CLEAN
CLM-4DEEEBFA,1000000115,Dr. Diana May,MEM000467,FAC002,2026-03-04T17:00:00,93000,58.75,Chennai,CLEAN
CLM-947C225D,1000000188,Dr. Madison Poole,MEM000040,FAC035,2026-04-10T17:00:00,99213,93.8,Chennai,CLEAN
CLM-44261050,1000000112,Dr. Julia Torres,MEM000407,FAC019,2026-03-15T16:00:00,99214,147.67,Chennai,CLEAN
CLM-18E419B4,1000000156,Dr. Joshua Perry,MEM000941,FAC003,2026-06-26T17:00:00,99214,148.91,Chennai,CLEAN
CLM-6F31388A,1000000165,Dr. John Anderson,MEM000462,FAC005,2026-05-09T10:00:00,99214,158.36,Chennai,CLEAN
CLM-64B4E36C,1000000178,Dr. Lawrence Adkins,MEM000559,FAC008,2026-04-11T15:00:00,99215,217.84,Chennai,CLEAN
CLM-A5B6908F,1000000045,Dr. Philip Cannon,MEM000464,FAC037,2026-02-21T16:00:00,99213,95.0,Chennai,CLEAN
CLM-7D813916,1000000177,Dr. Michael Wang,MEM000664,FAC045,2026-02-11T10:00:00,99213,92.28,Chennai,CLEAN
CLM-A2C50E10,1000000115,Dr. Diana May,MEM000649,FAC023,2026-01-22T17:00:00,71045,83.63,Chennai,CLEAN
CLM-519298E7,1000000130,Dr. Elizabeth Kelley,MEM000626,FAC010,2026-04-07T17:00:00,71045,72.7,Chennai,CLEAN
CLM-8D5DF7C2,1000000043,Dr. Anthony Humphrey,MEM000934,FAC021,2026-05-25T11:00:00,99214,161.06,Chennai,CLEAN
CLM-EDCCA007,1000000045,Dr. Philip Cannon,MEM000787,FAC045,2026-01-14T15:00:00,99215,211.62,Chennai,CLEAN
CLM-17E068F3,1000000196,Dr. Daniel Salinas,MEM000984,FAC028,2026-03-15T11:00:00,99213,107.97,Chennai,CLEAN
CLM-621435CC,1000000051,Dr. Danny Morgan,MEM000003,FAC039,2026-03-06T09:00:00,71045,79.96,Chennai,CLEAN
CLM-23001166,1000000127,Dr. Jason Powell,MEM000556,FAC000,2026-06-05T16:00:00,99214,141.51,Chennai,CLEAN
CLM-2FD6A023,1000000168,Dr. Joel Williams,MEM000487,FAC029,2026-04-15T16:00:00,99213,102.02,Chennai,CLEAN
CLM-4D62C856,1000000001,Dr. Noah Rhodes,MEM000250,FAC035,2026-03-13T17:00:00,99214,136.47,Chennai,CLEAN
CLM-F1056B31,1000000037,Dr. Cassandra Gaines,MEM000056,FAC041,2026-03-31T09:00:00,99214,160.61,Chennai,CLEAN
CLM-DA0F2B4C,1000000170,Dr. Jamie Walton,MEM000591,FAC038,2026-03-18T14:00:00,99213,90.98,Chennai,CLEAN
CLM-BE75AA62,1000000106,Dr. Sharon Cherry,MEM000182,FAC010,2026-06-22T13:00:00,93000,61.93,Chennai,CLEAN
CLM-308BE2BB,1000000179,Dr. Robert Oconnell,MEM000609,FAC036,2026-05-24T11:00:00,71045,83.99,Chennai,CLEAN
CLM-8E9EC1E2,1000000092,Dr. Denise Jacobs,MEM000953,FAC002,2026-01-24T13:00:00,99215,214.22,Chennai,CLEAN
CLM-8BAFD295,1000000097,Dr. Deborah Figueroa,MEM000839,FAC004,2026-04-20T17:00:00,99213,95.86,Chennai,CLEAN
CLM-6936AC2D,1000000034,Dr. Debra Davidson,MEM000124,FAC044,2026-03-12T14:00:00,93000,58.97,Chennai,CLEAN
CLM-CAC029A2,1000000053,Dr. Mark Perez,MEM000712,FAC013,2026-06-06T09:00:00,99213,101.43,Chennai,CLEAN
CLM-7CA6B43B,1000000161,Dr. Jennifer Adkins,MEM000541,FAC005,2026-05-04T13:00:00,71045,81.74,Chennai,CLEAN
CLM-C356118F,1000000081,Dr. Mike Allen,MEM000265,FAC033,2026-05-28T14:00:00,99214,153.43,Chennai,CLEAN
CLM-58E0CE01,1000000127,Dr. Jason Powell,MEM000532,FAC046,2026-06-11T16:00:00,71045,84.93,Chennai,CLEAN
CLM-B201D915,1000000156,Dr. Joshua Perry,MEM000238,FAC045,2026-03-16T12:00:00,99213,92.36,Chennai,CLEAN
CLM-43339D3E,1000000119,Dr. Jeffrey Chandler,MEM000640,FAC007,2026-02-23T15:00:00,71045,72.73,Chennai,CLEAN
CLM-1050AA1E,1000000089,Dr. Aimee Montoya,MEM000573,FAC040,2026-02-24T09:00:00,99214,155.7,Chennai,CLEAN
CLM-5C9B6912,1000000065,Dr. Amber Kidd,MEM000809,FAC004,2026-03-20T13:00:00,93000,60.6,Chennai,CLEAN
CLM-34F08D05,1000000196,Dr. Daniel Salinas,MEM000006,FAC007,2026-06-25T14:00:00,99215,215.43,Chennai,CLEAN
CLM-37E98B40,1000000145,Dr. Joyce Solis,MEM000630,FAC001,2026-02-14T12:00:00,99215,234.69,Chennai,CLEAN
CLM-09A7B4C0,1000000172,Dr. Joshua Cooke,MEM000490,FAC030,2026-01-10T11:00:00,71045,74.49,Chennai,CLEAN
CLM-AF3D37D4,1000000117,Dr. Ashley Waller,MEM000913,FAC034,2026-03-27T16:00:00,71045,86.84,Chennai,CLEAN
CLM-7BD37C35,1000000014,Dr. Dylan Miller,MEM000855,FAC033,2026-03-18T14:00:00,93000,60.43,Chennai,CLEAN
CLM-AE2B8D74,1000000053,Dr. Mark Perez,MEM000591,FAC043,2026-03-26T14:00:00,99213,109.39,Chennai,CLEAN
CLM-C107B6CC,1000000071,Dr. Whitney Peters,MEM000860,FAC001,2026-03-28T15:00:00,93000,64.11,Chennai,CLEAN
CLM-F2BF7696,1000000146,Dr. Victoria Larson,MEM000620,FAC024,2026-02-17T10:00:00,99215,229.03,Chennai,CLEAN
CLM-BC126662,1000000080,Dr. Kelly Donovan,MEM000726,FAC002,2026-03-11T15:00:00,99213,99.94,Chennai,CLEAN
CLM-161B0F96,1000000060,Dr. Victoria Garcia,MEM000380,FAC028,2026-03-19T12:00:00,93000,57.63,Chennai,CLEAN
CLM-9F5542F5,1000000028,Dr. Zachary Hicks,MEM000383,FAC002,2026-02-21T10:00:00,71045,80.1,Chennai,CLEAN
CLM-BA26CC7D,1000000123,Dr. Michelle Harmon,MEM000926,FAC032,2026-02-09T12:00:00,99215,238.64,Chennai,CLEAN
CLM-4320BB32,1000000187,Dr. Samantha Garcia,MEM000894,FAC033,2026-03-21T14:00:00,99214,158.08,Chennai,CLEAN
CLM-3CE06DF5,1000000025,Dr. Judy Baker,MEM000841,FAC033,2026-06-23T11:00:00,99214,156.74,Chennai,CLEAN
CLM-3F22AE8A,1000000117,Dr. Ashley Waller,MEM000396,FAC045,2026-05-14T10:00:00,99213,96.22,Chennai,CLEAN
CLM-F14AA836,1000000011,Dr. Jamie Arnold,MEM000703,FAC038,2026-01-23T14:00:00,71045,86.23,Chennai,CLEAN
CLM-3E79B404,1000000026,Dr. Justin Baker,MEM000533,FAC049,2026-06-18T13:00:00,99213,101.55,Chennai,CLEAN
CLM-77565100,1000000079,Dr. Lisa Barnes,MEM000654,FAC013,2026-03-24T12:00:00,99214,143.6,Chennai,CLEAN
CLM-0333AD89,1000000136,Dr. Robert Potter,MEM000326,FAC049,2026-04-23T10:00:00,99215,204.57,Chennai,CLEAN
CLM-82D6402E,1000000070,Dr. Jordan Henderson,MEM000117,FAC000,2026-06-09T17:00:00,93000,55.23,Chennai,CLEAN
CLM-6914651C,1000000138,Dr. David Alvarez,MEM000358,FAC035,2026-03-23T13:00:00,99214,163.3,Chennai,CLEAN
CLM-76B34CDA,1000000072,Dr. Brittney Phillips,MEM000587,FAC015,2026-02-13T10:00:00,99215,224.98,Chennai,CLEAN
CLM-0477DDC2,1000000086,Dr. Shirley Suarez,MEM000553,FAC028,2026-01-13T11:00:00,99213,99.41,Chennai,CLEAN
CLM-1C93BBCC,1000000172,Dr. Joshua Cooke,MEM000051,FAC006,2026-04-09T09:00:00,99213,98.53,Chennai,CLEAN
CLM-A9B60D74,1000000045,Dr. Philip Cannon,MEM000721,FAC038,2026-06-01T16:00:00,93000,58.27,Chennai,CLEAN
CLM-74E1D841,1000000085,Dr. Daniel Baker,MEM000837,FAC012,2026-06-21T17:00:00,99213,109.47,Chennai,CLEAN
CLM-79E74DF5,1000000193,Dr. Angelica Keith,MEM000782,FAC029,2026-05-26T11:00:00,99213,106.26,Chennai,CLEAN
CLM-435C43AF,1000000178,Dr. Lawrence Adkins,MEM000479,FAC006,2026-04-27T13:00:00,71045,79.53,Chennai,CLEAN
CLM-86E2CB9B,1000000057,Dr. Richard Aguirre,MEM000147,FAC039,2026-03-08T14:00:00,71045,74.93,Chennai,CLEAN
CLM-3DDEA0E6,1000000170,Dr. Jamie Walton,MEM000338,FAC020,2026-04-27T16:00:00,99213,91.31,Chennai,CLEAN
CLM-ED30401B,1000000028,Dr. Zachary Hicks,MEM000359,FAC030,2026-04-29T11:00:00,99215,231.79,Chennai,CLEAN
CLM-18097269,1000000154,Dr. Brenda Hall,MEM000588,FAC008,2026-05-11T10:00:00,71045,85.08,Chennai,CLEAN
CLM-4E302751,1000000027,Dr. Stephanie Ross,MEM000333,FAC035,2026-06-16T10:00:00,99215,221.44,Chennai,CLEAN
CLM-13C30BD6,1000000102,Dr. Rebecca Valencia,MEM000604,FAC026,2026-03-03T12:00:00,93000,55.91,Chennai,CLEAN
CLM-21F5349D,1000000123,Dr. Michelle Harmon,MEM000393,FAC004,2026-03-29T12:00:00,93000,59.17,Chennai,CLEAN
CLM-B36D811A,1000000111,Dr. Shannon Walker,MEM000580,FAC021,2026-05-20T12:00:00,99214,154.88,Chennai,CLEAN
CLM-087A3D99,1000000019,Dr. Carla Gray,MEM000757,FAC045,2026-05-27T16:00:00,99213,101.84,Chennai,CLEAN
CLM-E7CB1CA6,1000000118,Dr. Victor Baker,MEM000333,FAC035,2026-01-25T16:00:00,99214,144.24,Chennai,CLEAN
CLM-BAF1AA97,1000000103,Dr. Christine Wright,MEM000071,FAC038,2026-01-28T15:00:00,99215,219.75,Chennai,CLEAN
CLM-E336D8DF,1000000169,Dr. Daniel Murphy,MEM000062,FAC005,2026-02-25T11:00:00,93000,64.84,Chennai,CLEAN
CLM-A8116051,1000000162,Dr. Lindsey Walker,MEM000829,FAC000,2026-02-07T11:00:00,71045,80.5,Chennai,CLEAN
CLM-AF7D44E7,1000000099,Dr. Stephen Mckee,MEM000630,FAC036,2026-04-25T12:00:00,99214,155.45,Chennai,CLEAN
CLM-0AC2CEEB,1000000081,Dr. Mike Allen,MEM000306,FAC036,2026-06-23T13:00:00,71045,83.48,Chennai,CLEAN
CLM-8E4EC576,1000000088,Dr. Lisa Archer,MEM000091,FAC037,2026-01-03T17:00:00,71045,85.56,Chennai,CLEAN
CLM-37430E03,1000000075,Dr. Sarah Moore,MEM000063,FAC023,2026-05-21T09:00:00,99213,104.07,Chennai,CLEAN
CLM-4D31D403,1000000091,Dr. Brian Rodriguez,MEM000112,FAC018,2026-01-08T12:00:00,71045,83.24,Chennai,CLEAN
CLM-D8F8EAA9,1000000100,Dr. Sandra Aguilar,MEM000640,FAC020,2026-04-08T15:00:00,71045,78.96,Chennai,CLEAN
CLM-9DB03D7E,1000000054,Dr. Shannon Jones,MEM000678,FAC011,2026-05-02T11:00:00,99214,151.66,Chennai,CLEAN
CLM-61926C68,1000000092,Dr. Denise Jacobs,MEM000860,FAC026,2026-02-09T13:00:00,99214,139.03,Chennai,CLEAN
CLM-D4675B2C,1000000018,Dr. Lisa Jackson,MEM000663,FAC001,2026-02-06T16:00:00,71045,87.6,Chennai,CLEAN
CLM-7F508426,1000000034,Dr. Debra Davidson,MEM000086,FAC008,2026-06-14T15:00:00,71045,86.3,Chennai,CLEAN
CLM-A6396CA5,1000000178,Dr. Lawrence Adkins,MEM000618,FAC027,2026-06-09T11:00:00,71045,80.15,Chennai,CLEAN
CLM-017D464E,1000000141,Dr. David Douglas Jr.,MEM000839,FAC028,2026-04-09T14:00:00,99214,140.57,Chennai,CLEAN
CLM-ABD1F613,1000000154,Dr. Brenda Hall,MEM000007,FAC036,2026-05-08T12:00:00,93000,57.23,Chennai,CLEAN
CLM-0A17F7EA,1000000139,Dr. Angel Perry,MEM000590,FAC023,2026-01-09T09:00:00,93000,59.8,Chennai,CLEAN
CLM-9A4F02FA,1000000094,Dr. John Whitehead,MEM000115,FAC037,2026-05-04T10:00:00,99214,156.91,Chennai,CLEAN
CLM-81F46880,1000000134,Dr. Rebecca Jackson,MEM000879,FAC048,2026-03-13T16:00:00,93000,54.94,Chennai,CLEAN
CLM-4DBA1C29,1000000156,Dr. Joshua Perry,MEM000090,FAC015,2026-05-01T10:00:00,93000,63.58,Chennai,CLEAN
CLM-7DF3603F,1000000079,Dr. Lisa Barnes,MEM000627,FAC003,2026-03-29T17:00:00,99213,99.38,Chennai,CLEAN
CLM-1BB9BAC9,1000000131,Dr. Dustin Jordan,MEM000927,FAC030,2026-05-27T14:00:00,71045,77.65,Chennai,CLEAN
CLM-045B5E66,1000000075,Dr. Sarah Moore,MEM000296,FAC010,2026-01-10T13:00:00,93000,57.13,Chennai,CLEAN
CLM-FC7FCAC2,1000000161,Dr. Jennifer Adkins,MEM000484,FAC037,2026-02-13T09:00:00,99215,233.59,Chennai,CLEAN
CLM-2EE0FB1F,1000000159,Dr. Jamie Smith,MEM000027,FAC018,2026-05-05T10:00:00,99214,150.17,Chennai,CLEAN
CLM-5BFC9463,1999999999,Dr. Synthetic-A (Phantom),MEM000284,FAC016,2026-02-03T13:00:00,99215,235.75,Chennai,CLEAN
CLM-05394781,1000000003,Dr. Daniel Wagner,MEM000759,FAC007,2026-06-04T11:00:00,93000,62.87,Chennai,CLEAN
CLM-8829D277,1000000168,Dr. Joel Williams,MEM000457,FAC023,2026-02-14T13:00:00,99214,149.55,Chennai,CLEAN
CLM-48AACA59,1000000135,Dr. Jose Schultz,MEM000882,FAC002,2026-03-29T10:00:00,99214,152.87,Chennai,CLEAN
CLM-BB91676C,1000000039,Dr. Brittany Farmer,MEM000857,FAC031,2026-04-16T15:00:00,99214,154.82,Chennai,CLEAN
CLM-26E5D565,1000000185,Dr. Dr. Hannah Patterson,MEM000652,FAC010,2026-02-23T14:00:00,99213,102.85,Chennai,CLEAN
CLM-6F714BC5,1000000193,Dr. Angelica Keith,MEM000839,FAC007,2026-01-14T11:00:00,71045,78.38,Chennai,CLEAN
CLM-E55F8CB1,1000000077,Dr. Megan Young,MEM000487,FAC047,2026-05-17T12:00:00,71045,82.94,Chennai,CLEAN
CLM-286B4218,1000000099,Dr. Stephen Mckee,MEM000485,FAC016,2026-02-07T17:00:00,71045,72.19,Chennai,CLEAN
CLM-2027B9BA,1000000114,Dr. Garrett Lin,MEM000391,FAC043,2026-03-22T17:00:00,99213,91.95,Chennai,CLEAN
CLM-6553DAD2,1000000136,Dr. Robert Potter,MEM000652,FAC022,2026-04-21T13:00:00,99215,209.89,Chennai,CLEAN
CLM-39D81997,1000000025,Dr. Judy Baker,MEM000261,FAC041,2026-05-30T15:00:00,71045,84.37,Chennai,CLEAN
CLM-1BB98F0B,1000000191,Dr. Karen Graham,MEM000247,FAC046,2026-06-22T12:00:00,93000,58.05,Chennai,CLEAN
CLM-FB920215,1000000176,Dr. Michael Elliott,MEM000184,FAC020,2026-05-21T09:00:00,99213,106.63,Chennai,CLEAN
CLM-0A054A26,1000000003,Dr. Daniel Wagner,MEM000421,FAC006,2026-05-15T10:00:00,71045,77.62,Chennai,CLEAN
CLM-9FAFBE25,1000000185,Dr. Dr. Hannah Patterson,MEM000290,FAC016,2026-02-19T09:00:00,99213,102.39,Chennai,CLEAN
CLM-EAEB5E6F,1000000014,Dr. Dylan Miller,MEM000961,FAC038,2026-06-18T12:00:00,93000,61.66,Chennai,CLEAN
CLM-4AE286CB,1000000181,Dr. Tina Sanders,MEM000980,FAC007,2026-01-23T11:00:00,71045,82.5,Chennai,CLEAN
CLM-6B84A3BE,1000000165,Dr. John Anderson,MEM000579,FAC011,2026-01-29T11:00:00,99215,210.96,Chennai,CLEAN
CLM-0CDB975D,1000000169,Dr. Daniel Murphy,MEM000958,FAC004,2026-06-13T16:00:00,99215,231.85,Chennai,CLEAN
CLM-CBF7EFA2,1000000177,Dr. Michael Wang,MEM000925,FAC042,2026-03-24T13:00:00,99214,158.42,Chennai,CLEAN
CLM-A8ED2A6D,1000000070,Dr. Jordan Henderson,MEM000795,FAC003,2026-04-08T15:00:00,99215,241.82,Chennai,CLEAN
CLM-1DF0F764,1000000066,Dr. Tracy House,MEM000978,FAC016,2026-02-15T16:00:00,99213,99.83,Chennai,CLEAN
CLM-EE2E6E9E,1000000051,Dr. Danny Morgan,MEM000624,FAC025,2026-02-15T16:00:00,99213,92.88,Chennai,CLEAN
CLM-5469C543,1000000196,Dr. Daniel Salinas,MEM000441,FAC013,2026-06-07T10:00:00,71045,83.45,Chennai,CLEAN
CLM-C1FA7168,1000000026,Dr. Justin Baker,MEM000035,FAC004,2026-01-19T13:00:00,71045,72.3,Chennai,CLEAN
CLM-D565DF4B,1000000127,Dr. Jason Powell,MEM000152,FAC041,2026-06-13T09:00:00,99213,103.29,Chennai,CLEAN
CLM-AD10883C,1000000068,Dr. James Brown,MEM000155,FAC044,2026-03-26T15:00:00,93000,54.04,Chennai,CLEAN
CLM-B03BEB6E,1000000181,Dr. Tina Sanders,MEM000962,FAC049,2026-05-06T16:00:00,71045,78.46,Chennai,CLEAN
CLM-71922BB7,1000000186,Dr. Jonathan Peterson,MEM000799,FAC004,2026-05-19T12:00:00,99213,97.69,Chennai,CLEAN
CLM-0D962BCA,1000000176,Dr. Michael Elliott,MEM000837,FAC049,2026-05-04T10:00:00,93000,60.42,Chennai,CLEAN
CLM-3C9B4EF7,1000000091,Dr. Brian Rodriguez,MEM000341,FAC043,2026-03-19T15:00:00,99213,102.65,Chennai,CLEAN
CLM-308AF39E,1000000165,Dr. John Anderson,MEM000092,FAC023,2026-05-17T14:00:00,99213,106.82,Chennai,CLEAN
CLM-10026F2F,1000000194,Dr. John Bishop,MEM000784,FAC018,2026-06-15T12:00:00,99214,151.63,Chennai,CLEAN
CLM-262129AB,1000000098,Dr. Jessica Smith,MEM000676,FAC012,2026-03-18T15:00:00,99213,102.61,Chennai,CLEAN
CLM-CF1AE757,1000000091,Dr. Brian Rodriguez,MEM000498,FAC005,2026-06-11T16:00:00,99214,139.2,Chennai,CLEAN
CLM-574ED758,1000000049,Dr. Eric Carney,MEM000025,FAC046,2026-06-01T12:00:00,71045,78.22,Chennai,CLEAN
CLM-D38AE9AA,1777777777,Dr. Synthetic-C (Upcoder),MEM000553,FAC041,2026-03-20T16:00:00,93000,65.58,Mumbai,CLEAN
CLM-36F69D3D,1000000115,Dr. Diana May,MEM000989,FAC001,2026-01-10T14:00:00,99213,96.75,Chennai,CLEAN
CLM-FE50F496,1000000184,Dr. Lindsay Martinez,MEM000043,FAC025,2026-01-31T12:00:00,93000,59.5,Chennai,CLEAN
CLM-CC7A330A,1000000173,Dr. Matthew Harrington,MEM000891,FAC034,2026-02-08T12:00:00,99213,90.74,Chennai,CLEAN
CLM-DDE4626E,1000000036,Dr. Sherri Baker,MEM000500,FAC041,2026-01-05T16:00:00,93000,54.55,Chennai,CLEAN
CLM-75A70F5A,1000000179,Dr. Robert Oconnell,MEM000664,FAC008,2026-01-04T11:00:00,99213,108.09,Chennai,CLEAN
CLM-994FEC22,1000000024,Dr. Matthew Foster,MEM000467,FAC039,2026-02-13T10:00:00,99213,92.28,Chennai,CLEAN
CLM-E206E633,1000000152,Dr. Denise Jones,MEM000818,FAC039,2026-02-26T10:00:00,99214,147.79,Chennai,CLEAN
CLM-242F5669,1000000188,Dr. Madison Poole,MEM000694,FAC025,2026-03-25T10:00:00,93000,60.55,Chennai,CLEAN
CLM-B54CEF80,1000000082,Dr. Michael Evans,MEM000856,FAC013,2026-01-12T11:00:00,99215,200.78,Chennai,CLEAN
CLM-6B43506B,1000000070,Dr. Jordan Henderson,MEM000144,FAC048,2026-04-17T11:00:00,99215,222.35,Chennai,CLEAN
CLM-F2DEEE62,1000000112,Dr. Julia Torres,MEM000249,FAC037,2026-01-11T11:00:00,99213,105.82,Chennai,CLEAN
CLM-A8425B6B,1000000161,Dr. Jennifer Adkins,MEM000627,FAC024,2026-02-10T09:00:00,71045,73.29,Chennai,CLEAN
CLM-7F8838B9,1000000001,Dr. Noah Rhodes,MEM000183,FAC005,2026-06-30T13:00:00,71045,83.1,Chennai,CLEAN
CLM-DF88BFAB,1777777777,Dr. Synthetic-C (Upcoder),MEM000791,FAC030,2026-06-27T11:00:00,99214,139.29,Mumbai,CLEAN
CLM-282D6569,1000000069,Dr. William Baker,MEM000535,FAC028,2026-04-16T12:00:00,99214,153.32,Chennai,CLEAN
CLM-4DB36D5E,1000000009,Dr. Ryan Munoz,MEM000610,FAC011,2026-05-08T10:00:00,99215,213.31,Chennai,CLEAN
CLM-4AA5FC2B,1000000001,Dr. Noah Rhodes,MEM000571,FAC015,2026-02-19T10:00:00,93000,65.72,Chennai,CLEAN
CLM-EA86E821,1000000158,Dr. Melissa Gates,MEM000370,FAC048,2026-05-19T17:00:00,99214,148.93,Chennai,CLEAN
CLM-CC829E2D,1000000160,Dr. Paul Castaneda,MEM000675,FAC013,2026-03-12T09:00:00,99214,138.38,Chennai,CLEAN
CLM-16D6A619,1000000038,Dr. Elizabeth Fowler,MEM000701,FAC030,2026-05-08T11:00:00,99214,155.1,Chennai,CLEAN
CLM-B2EAB13B,1000000011,Dr. Jamie Arnold,MEM000055,FAC041,2026-04-04T13:00:00,99214,148.04,Chennai,CLEAN
CLM-3FEA2DE6,1000000085,Dr. Daniel Baker,MEM000631,FAC048,2026-04-27T09:00:00,99213,104.81,Chennai,CLEAN
CLM-096B9AF4,1000000137,Dr. Courtney Gonzalez,MEM000180,FAC010,2026-01-08T16:00:00,93000,55.39,Chennai,CLEAN
CLM-63386663,1000000060,Dr. Victoria Garcia,MEM000738,FAC028,2026-06-01T14:00:00,71045,75.18,Chennai,CLEAN
CLM-3123F399,1000000173,Dr. Matthew Harrington,MEM000919,FAC020,2026-02-28T10:00:00,99215,208.02,Chennai,CLEAN
CLM-D3B3E716,1000000060,Dr. Victoria Garcia,MEM000755,FAC026,2026-02-21T15:00:00,99214,137.21,Chennai,CLEAN
CLM-306BA417,1000000149,Dr. Stephanie Manning,MEM000496,FAC003,2026-04-22T11:00:00,99214,162.84,Chennai,CLEAN
CLM-4C3D35C0,1000000116,Dr. William Herrera,MEM000182,FAC024,2026-04-06T11:00:00,71045,83.52,Chennai,CLEAN
CLM-445FACAD,1000000161,Dr. Jennifer Adkins,MEM000367,FAC017,2026-02-21T14:00:00,99214,135.96,Chennai,CLEAN
CLM-A55F1E68,1000000145,Dr. Joyce Solis,MEM000061,FAC017,2026-02-04T10:00:00,71045,79.34,Chennai,CLEAN
CLM-E0ECC992,1000000043,Dr. Anthony Humphrey,MEM000778,FAC021,2026-02-26T13:00:00,93000,55.88,Chennai,CLEAN
CLM-85BA8055,1000000163,Dr. Jeffrey Johnson,MEM000975,FAC039,2026-02-13T17:00:00,99214,137.59,Chennai,CLEAN
CLM-3E0B1B8B,1000000133,Dr. Daniel Kennedy,MEM000500,FAC013,2026-06-01T16:00:00,71045,76.47,Chennai,CLEAN
CLM-CE615811,1000000186,Dr. Jonathan Peterson,MEM000438,FAC047,2026-03-05T12:00:00,99215,217.11,Chennai,CLEAN
CLM-C5B3C182,1000000056,Dr. Timothy Duncan,MEM000913,FAC037,2026-02-08T09:00:00,71045,87.68,Chennai,CLEAN
CLM-CAF5E4E9,1000000010,Dr. Monica Herrera,MEM000481,FAC046,2026-05-10T09:00:00,71045,80.5,Chennai,CLEAN
CLM-59A737D4,1000000122,Dr. April Frost,MEM000829,FAC044,2026-01-26T16:00:00,71045,75.85,Chennai,CLEAN
CLM-7E99EAC3,1000000142,Dr. Patricia Rodriguez,MEM000771,FAC000,2026-06-27T15:00:00,99214,138.98,Chennai,CLEAN
CLM-AC6D52F6,1000000075,Dr. Sarah Moore,MEM000244,FAC041,2026-01-24T09:00:00,71045,82.7,Chennai,CLEAN
CLM-3FBEC9AC,1000000041,Dr. Fred Smith,MEM000720,FAC029,2026-05-27T09:00:00,71045,79.42,Chennai,CLEAN
CLM-4B1FF412,1000000035,Dr. Jeffrey Chavez,MEM000895,FAC045,2026-04-14T11:00:00,99215,225.58,Chennai,CLEAN
CLM-71B741F4,1000000180,Dr. Alexander Collins,MEM000648,FAC000,2026-06-10T10:00:00,71045,86.29,Chennai,CLEAN
CLM-03524FAD,1000000085,Dr. Daniel Baker,MEM000543,FAC002,2026-03-17T15:00:00,99215,228.71,Chennai,CLEAN
CLM-ADA843CB,1000000156,Dr. Joshua Perry,MEM000555,FAC036,2026-02-23T10:00:00,93000,64.57,Chennai,CLEAN
CLM-F110BE7D,1000000188,Dr. Madison Poole,MEM000954,FAC003,2026-05-12T14:00:00,99213,92.22,Chennai,CLEAN
CLM-B6F7A4B1,1000000093,Dr. Christina Walters,MEM000476,FAC039,2026-01-11T14:00:00,99215,205.71,Chennai,CLEAN
CLM-35AC9110,1000000143,Dr. Christopher Rubio,MEM000721,FAC004,2026-05-24T12:00:00,99214,164.44,Chennai,CLEAN
CLM-7436BC06,1000000061,Dr. Gerald Hensley,MEM000552,FAC007,2026-06-16T16:00:00,93000,64.45,Chennai,CLEAN
CLM-A0D4889E,1000000179,Dr. Robert Oconnell,MEM000214,FAC048,2026-02-27T14:00:00,99215,237.51,Chennai,CLEAN
CLM-14397C3D,1000000128,Dr. Cameron Fisher,MEM000696,FAC027,2026-03-12T09:00:00,99213,97.46,Chennai,CLEAN
CLM-DFFC27DA,1000000115,Dr. Diana May,MEM000497,FAC032,2026-05-15T10:00:00,71045,83.36,Chennai,CLEAN
CLM-B054BFBD,1000000173,Dr. Matthew Harrington,MEM000845,FAC034,2026-03-16T16:00:00,93000,58.42,Chennai,CLEAN
CLM-705FD965,1000000172,Dr. Joshua Cooke,MEM000968,FAC044,2026-01-17T12:00:00,71045,73.4,Chennai,CLEAN
CLM-C09D1E09,1000000100,Dr. Sandra Aguilar,MEM000919,FAC011,2026-03-15T10:00:00,99213,93.3,Chennai,CLEAN
CLM-C40BAF36,1000000028,Dr. Zachary Hicks,MEM000713,FAC009,2026-05-08T11:00:00,99214,150.62,Chennai,CLEAN
CLM-D44804E6,1000000160,Dr. Paul Castaneda,MEM000023,FAC018,2026-04-17T17:00:00,99214,149.22,Chennai,CLEAN
CLM-1997096E,1000000107,Dr. Sierra Johnson,MEM000454,FAC047,2026-06-15T09:00:00,99215,206.32,Chennai,CLEAN
CLM-5D873C59,1000000005,Dr. Connie Lawrence,MEM000892,FAC014,2026-05-14T14:00:00,71045,81.26,Chennai,CLEAN
CLM-C5049708,1000000167,Dr. Alyssa Day,MEM000661,FAC020,2026-05-05T17:00:00,93000,59.34,Chennai,CLEAN
CLM-EBF5D920,1000000077,Dr. Megan Young,MEM000580,FAC008,2026-03-20T11:00:00,99215,207.98,Chennai,CLEAN
CLM-D7D8DFC6,1000000095,Dr. Anna Henderson,MEM000994,FAC018,2026-01-13T11:00:00,99215,210.51,Chennai,CLEAN
CLM-D17012D9,1000000042,Dr. Sherry Decker,MEM000633,FAC010,2026-05-18T13:00:00,99214,164.2,Chennai,CLEAN
CLM-C9FC2B4B,1000000181,Dr. Tina Sanders,MEM000709,FAC042,2026-02-09T11:00:00,99214,138.51,Chennai,CLEAN
CLM-62783776,1000000081,Dr. Mike Allen,MEM000588,FAC008,2026-04-23T13:00:00,99215,206.12,Chennai,CLEAN
CLM-9B418D70,1000000143,Dr. Christopher Rubio,MEM000724,FAC002,2026-06-20T14:00:00,99215,204.51,Chennai,CLEAN
CLM-F7EE97CD,1000000114,Dr. Garrett Lin,MEM000552,FAC010,2026-05-17T13:00:00,99213,108.41,Chennai,CLEAN
CLM-49C4ADA3,1000000103,Dr. Christine Wright,MEM000953,FAC031,2026-02-07T16:00:00,99215,204.87,Chennai,CLEAN
CLM-4E36AA19,1000000189,Dr. Jessica Gross,MEM000559,FAC032,2026-03-26T13:00:00,71045,86.34,Chennai,CLEAN
CLM-AD30EEA4,1000000193,Dr. Angelica Keith,MEM000587,FAC042,2026-02-07T16:00:00,99215,228.32,Chennai,CLEAN
CLM-9CAD00D8,1000000187,Dr. Samantha Garcia,MEM000490,FAC002,2026-02-05T17:00:00,99213,96.16,Chennai,CLEAN
CLM-A510D8BF,1000000102,Dr. Rebecca Valencia,MEM000632,FAC014,2026-04-25T14:00:00,99213,96.53,Chennai,CLEAN
CLM-E24FB123,1000000155,Dr. Michelle Brown,MEM000656,FAC012,2026-05-30T17:00:00,99214,158.44,Chennai,CLEAN
CLM-D3DB8189,1000000196,Dr. Daniel Salinas,MEM000284,FAC012,2026-01-06T10:00:00,93000,64.19,Chennai,CLEAN
CLM-9046E57D,1000000173,Dr. Matthew Harrington,MEM000687,FAC005,2026-05-12T15:00:00,99214,149.71,Chennai,CLEAN
CLM-4BC043C1,1000000154,Dr. Brenda Hall,MEM000619,FAC032,2026-01-15T14:00:00,71045,74.37,Chennai,CLEAN
CLM-FE4D1851,1000000109,Dr. Sharon Cochran,MEM000378,FAC024,2026-04-06T09:00:00,99215,213.18,Chennai,CLEAN
CLM-9358416D,1000000078,Dr. Steve Sanchez,MEM000456,FAC035,2026-01-23T12:00:00,71045,83.86,Chennai,CLEAN
CLM-6753A43B,1000000106,Dr. Sharon Cherry,MEM000822,FAC028,2026-03-15T11:00:00,71045,83.66,Chennai,CLEAN
CLM-48E7C9A6,1000000106,Dr. Sharon Cherry,MEM000142,FAC037,2026-06-03T10:00:00,99214,141.23,Chennai,CLEAN
CLM-7CCA58D3,1000000121,Dr. Kenneth Scott,MEM000888,FAC033,2026-03-27T10:00:00,93000,63.07,Chennai,CLEAN
CLM-4F553325,1000000022,Dr. Ethan Adams,MEM000006,FAC026,2026-06-13T13:00:00,71045,74.8,Chennai,CLEAN
CLM-635BE8A8,1000000118,Dr. Victor Baker,MEM000727,FAC036,2026-02-05T12:00:00,99214,159.97,Chennai,CLEAN
CLM-93659310,1000000074,Dr. Amy Silva,MEM000567,FAC031,2026-01-11T13:00:00,93000,57.65,Chennai,CLEAN
CLM-2C41002C,1000000143,Dr. Christopher Rubio,MEM000757,FAC029,2026-02-27T09:00:00,99213,93.08,Chennai,CLEAN
CLM-8C6FC4D7,1000000076,Dr. Angela Lopez,MEM000978,FAC040,2026-06-12T16:00:00,99213,103.08,Chennai,CLEAN
CLM-33E34D26,1000000073,Dr. Lauren Daniels,MEM000427,FAC011,2026-05-06T12:00:00,99213,92.39,Chennai,CLEAN
CLM-C4472BF5,1000000070,Dr. Jordan Henderson,MEM000504,FAC004,2026-06-03T14:00:00,93000,59.77,Chennai,CLEAN
CLM-E9924C91,1000000111,Dr. Shannon Walker,MEM000889,FAC016,2026-06-10T16:00:00,99213,97.46,Chennai,CLEAN
CLM-6973463E,1000000187,Dr. Samantha Garcia,MEM000589,FAC001,2026-03-08T11:00:00,93000,54.7,Chennai,CLEAN
CLM-5AE64DBB,1000000081,Dr. Mike Allen,MEM000472,FAC044,2026-02-04T14:00:00,99214,136.59,Chennai,CLEAN
CLM-99DA7733,1000000092,Dr. Denise Jacobs,MEM000429,FAC040,2026-04-02T09:00:00,99215,210.83,Chennai,CLEAN
CLM-384AA797,1000000163,Dr. Jeffrey Johnson,MEM000958,FAC004,2026-05-12T12:00:00,99214,157.94,Chennai,CLEAN
CLM-E8607388,1000000153,Dr. Devon Flores,MEM000770,FAC010,2026-05-20T14:00:00,99215,234.38,Chennai,CLEAN
CLM-0F7EA189,1000000175,Dr. Alex Hernandez,MEM000819,FAC019,2026-03-11T14:00:00,99213,100.69,Chennai,CLEAN
CLM-DB48D7D4,1000000090,Dr. Matthew Mcmillan,MEM000843,FAC009,2026-01-04T11:00:00,93000,57.38,Chennai,CLEAN
CLM-BEE58808,1000000199,Dr. Nathan Freeman,MEM000496,FAC026,2026-03-29T11:00:00,99213,94.36,Chennai,CLEAN
CLM-A0F15E30,1000000128,Dr. Cameron Fisher,MEM000226,FAC012,2026-05-24T17:00:00,93000,62.55,Chennai,CLEAN
CLM-14E5E8E8,1000000179,Dr. Robert Oconnell,MEM000774,FAC007,2026-04-17T16:00:00,99213,92.33,Chennai,CLEAN
CLM-E334358B,1000000033,Dr. Nathan Maldonado,MEM000945,FAC001,2026-05-03T14:00:00,99215,228.41,Chennai,CLEAN
CLM-5A253F1F,1000000035,Dr. Jeffrey Chavez,MEM000836,FAC028,2026-06-02T17:00:00,99215,205.58,Chennai,CLEAN
CLM-55D047C4,1000000077,Dr. Megan Young,MEM000029,FAC047,2026-01-31T12:00:00,99214,160.7,Chennai,CLEAN
CLM-61344CBE,1000000036,Dr. Sherri Baker,MEM000704,FAC014,2026-03-20T11:00:00,99214,138.91,Chennai,CLEAN
CLM-17D5D2DF,1000000020,Dr. Margaret Hawkins DDS,MEM000435,FAC044,2026-01-29T10:00:00,99213,105.49,Chennai,CLEAN
CLM-ED573AC2,1000000193,Dr. Angelica Keith,MEM000441,FAC002,2026-02-20T10:00:00,99213,105.86,Chennai,CLEAN
CLM-BDD60BCF,1000000131,Dr. Dustin Jordan,MEM000607,FAC003,2026-05-01T10:00:00,99215,199.9,Chennai,CLEAN
CLM-CE3FB000,1000000077,Dr. Megan Young,MEM000683,FAC000,2026-01-25T10:00:00,93000,56.46,Chennai,CLEAN
CLM-A2B5CA10,1000000051,Dr. Danny Morgan,MEM000189,FAC042,2026-03-31T09:00:00,99213,92.91,Chennai,CLEAN
CLM-55779E32,1000000191,Dr. Karen Graham,MEM000964,FAC017,2026-05-29T14:00:00,99215,205.06,Chennai,CLEAN
CLM-ECF93E8A,1000000128,Dr. Cameron Fisher,MEM000799,FAC046,2026-06-06T12:00:00,93000,60.84,Chennai,CLEAN
CLM-2169E7C2,1000000025,Dr. Judy Baker,MEM000839,FAC037,2026-01-04T17:00:00,99214,156.47,Chennai,CLEAN
CLM-5EAC162F,1000000072,Dr. Brittney Phillips,MEM000175,FAC048,2026-05-18T09:00:00,99213,108.48,Chennai,CLEAN
CLM-26A3B949,1000000129,Dr. Megan Orr,MEM000871,FAC045,2026-05-02T14:00:00,93000,56.22,Chennai,CLEAN
CLM-133A1C5D,1000000172,Dr. Joshua Cooke,MEM000980,FAC006,2026-02-16T14:00:00,71045,78.79,Chennai,CLEAN
CLM-1E9627CA,1000000131,Dr. Dustin Jordan,MEM000233,FAC026,2026-01-29T14:00:00,99213,99.32,Chennai,CLEAN
CLM-7F17ACF9,1000000133,Dr. Daniel Kennedy,MEM000139,FAC031,2026-04-03T13:00:00,93000,62.67,Chennai,CLEAN
CLM-68F35912,1000000021,Dr. Patty Perez,MEM000335,FAC031,2026-01-30T15:00:00,99215,218.11,Chennai,CLEAN
CLM-107D4382,1000000188,Dr. Madison Poole,MEM000319,FAC043,2026-04-24T12:00:00,93000,58.89,Chennai,CLEAN
CLM-AF610C37,1000000109,Dr. Sharon Cochran,MEM000193,FAC004,2026-05-02T14:00:00,99214,135.38,Chennai,CLEAN
CLM-E187D66A,1000000172,Dr. Joshua Cooke,MEM000503,FAC043,2026-01-27T15:00:00,71045,80.36,Chennai,CLEAN
CLM-6BB81FF9,1000000173,Dr. Matthew Harrington,MEM000087,FAC007,2026-02-06T15:00:00,71045,83.12,Chennai,CLEAN
CLM-E887CA88,1000000026,Dr. Justin Baker,MEM000759,FAC010,2026-01-17T14:00:00,99214,145.16,Chennai,CLEAN
CLM-0FB244FE,1000000152,Dr. Denise Jones,MEM000864,FAC025,2026-02-01T12:00:00,71045,83.6,Chennai,CLEAN
CLM-9813719E,1000000071,Dr. Whitney Peters,MEM000783,FAC045,2026-05-29T13:00:00,71045,77.7,Chennai,CLEAN
CLM-8C1A7ABD,1000000170,Dr. Jamie Walton,MEM000617,FAC025,2026-05-05T17:00:00,99215,204.48,Chennai,CLEAN
CLM-9C3C0F7C,1000000116,Dr. William Herrera,MEM000110,FAC007,2026-03-06T16:00:00,71045,75.69,Chennai,CLEAN
CLM-5A438358,1000000034,Dr. Debra Davidson,MEM000030,FAC006,2026-01-14T10:00:00,71045,82.85,Chennai,CLEAN
CLM-4599F56C,1000000045,Dr. Philip Cannon,MEM000391,FAC038,2026-06-23T14:00:00,99214,144.08,Chennai,CLEAN
CLM-04D6A887,1000000159,Dr. Jamie Smith,MEM000098,FAC048,2026-01-20T17:00:00,71045,84.68,Chennai,CLEAN
CLM-EFE169E8,1000000051,Dr. Danny Morgan,MEM000300,FAC042,2026-05-08T16:00:00,93000,57.14,Chennai,CLEAN
CLM-FD7B9515,1000000087,Dr. Christopher Bass,MEM000828,FAC034,2026-05-20T09:00:00,99213,109.81,Chennai,CLEAN
CLM-971FDEEC,1000000030,Dr. Rebecca Henderson,MEM000392,FAC028,2026-03-22T15:00:00,71045,79.35,Chennai,CLEAN
CLM-7869F046,1000000008,Dr. Gabrielle Davis,MEM000181,FAC035,2026-06-18T13:00:00,99214,149.74,Chennai,CLEAN
CLM-D2F60B04,1000000034,Dr. Debra Davidson,MEM000319,FAC045,2026-04-10T16:00:00,99213,101.38,Chennai,CLEAN
CLM-8C0B7C1A,1000000125,Dr. Erin Edwards,MEM000675,FAC035,2026-06-25T17:00:00,93000,59.64,Chennai,CLEAN
CLM-6856F37B,1000000143,Dr. Christopher Rubio,MEM000874,FAC010,2026-05-10T09:00:00,71045,76.21,Chennai,CLEAN
CLM-38BEE69B,1000000151,Dr. Pamela Boyd,MEM000994,FAC024,2026-06-07T14:00:00,99215,212.1,Chennai,CLEAN
CLM-85ABB2C7,1000000007,Dr. Gina Moore,MEM000604,FAC002,2026-02-02T14:00:00,99215,233.62,Chennai,CLEAN
CLM-3BDE44F6,1000000149,Dr. Stephanie Manning,MEM000027,FAC048,2026-06-10T14:00:00,71045,73.56,Chennai,CLEAN
CLM-1B5102B6,1000000088,Dr. Lisa Archer,MEM000365,FAC026,2026-03-31T09:00:00,99214,142.43,Chennai,CLEAN
CLM-5A2E2AC5,1000000165,Dr. John Anderson,MEM000319,FAC037,2026-01-22T10:00:00,99215,203.04,Chennai,CLEAN
CLM-DFA8E6B9,1000000043,Dr. Anthony Humphrey,MEM000020,FAC034,2026-03-25T09:00:00,71045,82.52,Chennai,CLEAN
CLM-268C39AB,1000000108,Dr. Evelyn Galvan,MEM000581,FAC032,2026-04-18T13:00:00,99213,103.92,Chennai,CLEAN
CLM-70E2E65F,1000000150,Dr. David Wright,MEM000022,FAC020,2026-04-07T15:00:00,99215,223.19,Chennai,CLEAN
CLM-F553F430,1000000125,Dr. Erin Edwards,MEM000102,FAC044,2026-06-22T12:00:00,99215,219.86,Chennai,CLEAN
CLM-75C032A0,1000000195,Dr. Allen Rosales,MEM000683,FAC021,2026-02-12T13:00:00,99215,240.65,Chennai,CLEAN
CLM-DD817D98,1000000051,Dr. Danny Morgan,MEM000508,FAC040,2026-01-20T17:00:00,99214,143.62,Chennai,CLEAN
CLM-BB982E6A,1000000012,Dr. Lisa Hensley,MEM000304,FAC036,2026-04-13T12:00:00,93000,62.91,Chennai,CLEAN
CLM-87D4ECB9,1000000023,Dr. Tommy Walter,MEM000734,FAC037,2026-01-25T14:00:00,99215,200.96,Chennai,CLEAN
CLM-22EC5CFE,1000000135,Dr. Jose Schultz,MEM000486,FAC027,2026-02-23T14:00:00,99213,103.03,Chennai,CLEAN
CLM-ED4093CF,1000000077,Dr. Megan Young,MEM000516,FAC019,2026-04-21T17:00:00,99215,206.8,Chennai,CLEAN
CLM-A6EA84E9,1000000102,Dr. Rebecca Valencia,MEM000257,FAC039,2026-05-12T16:00:00,93000,56.17,Chennai,CLEAN
CLM-19FA84A7,1000000004,Dr. Cristian Santos,MEM000642,FAC045,2026-05-13T11:00:00,93000,59.99,Chennai,CLEAN
CLM-271C851D,1000000169,Dr. Daniel Murphy,MEM000985,FAC047,2026-04-30T13:00:00,93000,63.71,Chennai,CLEAN
CLM-A67139FD,1000000196,Dr. Daniel Salinas,MEM000928,FAC027,2026-05-25T09:00:00,93000,56.41,Chennai,CLEAN
CLM-30A74E4E,1000000118,Dr. Victor Baker,MEM000151,FAC015,2026-02-08T13:00:00,71045,78.56,Chennai,CLEAN
CLM-AE32297C,1000000016,Dr. Holly Wood,MEM000649,FAC013,2026-04-16T13:00:00,99215,226.43,Chennai,CLEAN
CLM-6FB5C803,1000000065,Dr. Amber Kidd,MEM000703,FAC038,2026-03-02T15:00:00,99214,138.41,Chennai,CLEAN
CLM-26167EE8,1000000049,Dr. Eric Carney,MEM000028,FAC015,2026-03-21T16:00:00,71045,80.96,Chennai,CLEAN
CLM-24C3C565,1000000111,Dr. Shannon Walker,MEM000432,FAC041,2026-01-10T12:00:00,99214,143.18,Chennai,CLEAN
CLM-43BB91B9,1000000007,Dr. Gina Moore,MEM000264,FAC017,2026-06-18T17:00:00,99214,154.33,Chennai,CLEAN
CLM-25C14409,1000000010,Dr. Monica Herrera,MEM000986,FAC046,2026-05-05T09:00:00,99213,107.19,Chennai,CLEAN
CLM-C0045029,1000000021,Dr. Patty Perez,MEM000321,FAC038,2026-03-18T10:00:00,71045,86.35,Chennai,CLEAN
CLM-E2D2CE40,1000000171,Dr. Darlene Miller,MEM000673,FAC005,2026-04-12T11:00:00,99214,138.36,Chennai,CLEAN
CLM-0502D81A,1000000188,Dr. Madison Poole,MEM000512,FAC007,2026-05-14T17:00:00,99215,219.84,Chennai,CLEAN
CLM-8DB2FD65,1000000023,Dr. Tommy Walter,MEM000243,FAC038,2026-02-01T14:00:00,99215,234.62,Chennai,CLEAN
CLM-DFB6A7D2,1000000188,Dr. Madison Poole,MEM000399,FAC047,2026-03-02T15:00:00,99214,139.33,Chennai,CLEAN
CLM-663268A9,1000000044,Dr. Angelica Tucker,MEM000219,FAC017,2026-04-23T15:00:00,99215,235.97,Chennai,CLEAN
CLM-EFB67F7C,1000000014,Dr. Dylan Miller,MEM000502,FAC034,2026-04-06T10:00:00,99215,222.01,Chennai,CLEAN
CLM-96CA3DCA,1000000121,Dr. Kenneth Scott,MEM000699,FAC015,2026-03-13T11:00:00,99215,218.91,Chennai,CLEAN
CLM-30930626,1000000094,Dr. John Whitehead,MEM000841,FAC019,2026-01-06T09:00:00,99213,103.81,Chennai,CLEAN
CLM-36532897,1888888888,Dr. Synthetic-B (Teleport),MEM000687,FAC015,2026-03-06T17:00:00,71045,76.95,Chennai,CLEAN
CLM-FBB9622E,1000000179,Dr. Robert Oconnell,MEM000371,FAC043,2026-02-01T17:00:00,99214,160.73,Chennai,CLEAN
CLM-14354DAC,1000000099,Dr. Stephen Mckee,MEM000008,FAC025,2026-03-07T13:00:00,99213,108.73,Chennai,CLEAN
CLM-DC3B4BA3,1000000193,Dr. Angelica Keith,MEM000241,FAC019,2026-02-23T11:00:00,71045,82.1,Chennai,CLEAN
CLM-31DBCAC6,1000000196,Dr. Daniel Salinas,MEM000659,FAC026,2026-01-09T13:00:00,99213,106.46,Chennai,CLEAN
CLM-18BE106C,1000000125,Dr. Erin Edwards,MEM000482,FAC047,2026-04-16T14:00:00,71045,86.03,Chennai,CLEAN
CLM-8FCCBE79,1000000025,Dr. Judy Baker,MEM000844,FAC010,2026-06-28T13:00:00,93000,54.8,Chennai,CLEAN
CLM-411B2409,1000000107,Dr. Sierra Johnson,MEM000616,FAC046,2026-05-21T14:00:00,71045,83.12,Chennai,CLEAN
CLM-E6B2879E,1000000195,Dr. Allen Rosales,MEM000053,FAC041,2026-06-14T11:00:00,71045,84.66,Chennai,CLEAN
CLM-A171535C,1000000034,Dr. Debra Davidson,MEM000003,FAC025,2026-02-21T13:00:00,99215,223.34,Chennai,CLEAN
CLM-4A33262E,1000000028,Dr. Zachary Hicks,MEM000161,FAC015,2026-05-13T11:00:00,93000,62.23,Chennai,CLEAN
CLM-280AD387,1777777777,Dr. Synthetic-C (Upcoder),MEM000961,FAC020,2026-04-26T16:00:00,99214,142.82,Mumbai,CLEAN
CLM-C0CB704D,1000000175,Dr. Alex Hernandez,MEM000607,FAC020,2026-03-14T12:00:00,99213,98.29,Chennai,CLEAN
CLM-111B7043,1000000046,Dr. John Pierce,MEM000402,FAC024,2026-05-27T12:00:00,99213,108.96,Chennai,CLEAN
CLM-E5120F0B,1000000142,Dr. Patricia Rodriguez,MEM000662,FAC039,2026-06-10T12:00:00,99213,109.48,Chennai,CLEAN
CLM-CE03CB7C,1000000050,Dr. Jessica Holmes,MEM000268,FAC044,2026-02-13T09:00:00,71045,81.89,Chennai,CLEAN
CLM-63138919,1000000153,Dr. Devon Flores,MEM000266,FAC009,2026-01-23T14:00:00,99214,163.42,Chennai,CLEAN
CLM-583B9F19,1000000030,Dr. Rebecca Henderson,MEM000014,FAC045,2026-05-15T15:00:00,71045,85.24,Chennai,CLEAN
CLM-B0ED23B7,1000000126,Dr. Michelle Evans,MEM000121,FAC014,2026-02-22T12:00:00,99215,210.67,Chennai,CLEAN
CLM-50636D3C,1000000126,Dr. Michelle Evans,MEM000391,FAC008,2026-04-21T12:00:00,93000,56.59,Chennai,CLEAN
CLM-A902D0F4,1000000072,Dr. Brittney Phillips,MEM000744,FAC043,2026-02-18T15:00:00,99214,147.26,Chennai,CLEAN
CLM-3E173C77,1000000037,Dr. Cassandra Gaines,MEM000029,FAC018,2026-03-09T12:00:00,93000,59.41,Chennai,CLEAN
CLM-7A64BA5B,1000000063,Dr. Donald Wright,MEM000378,FAC037,2026-06-25T16:00:00,99213,90.21,Chennai,CLEAN
CLM-9A0D80B5,1000000034,Dr. Debra Davidson,MEM000892,FAC020,2026-06-27T15:00:00,99214,156.4,Chennai,CLEAN
CLM-32C10611,1000000181,Dr. Tina Sanders,MEM000433,FAC047,2026-06-02T13:00:00,99213,91.91,Chennai,CLEAN
CLM-CE349F8A,1000000015,Dr. Brian Ramirez,MEM000053,FAC021,2026-03-02T16:00:00,99215,241.86,Chennai,CLEAN
CLM-7C64C80D,1000000171,Dr. Darlene Miller,MEM000990,FAC038,2026-01-12T09:00:00,99215,220.2,Chennai,CLEAN
CLM-91A908B2,1000000097,Dr. Deborah Figueroa,MEM000309,FAC025,2026-06-21T14:00:00,99214,164.04,Chennai,CLEAN
CLM-A0832456,1000000143,Dr. Christopher Rubio,MEM000042,FAC037,2026-02-15T13:00:00,99214,150.11,Chennai,CLEAN
CLM-939C3F86,1000000086,Dr. Shirley Suarez,MEM000898,FAC029,2026-02-03T10:00:00,99215,229.25,Chennai,CLEAN
CLM-8951E039,1000000110,Dr. Richard Rodriguez,MEM000145,FAC016,2026-01-30T14:00:00,99213,109.57,Chennai,CLEAN
CLM-0222862A,1000000127,Dr. Jason Powell,MEM000892,FAC017,2026-04-03T15:00:00,99215,237.72,Chennai,CLEAN
CLM-A4D038D7,1000000067,Dr. Carol Tucker,MEM000627,FAC048,2026-03-09T17:00:00,99215,217.17,Chennai,CLEAN
CLM-DBB72065,1000000042,Dr. Sherry Decker,MEM000323,FAC047,2026-05-06T11:00:00,93000,64.24,Chennai,CLEAN
CLM-728264D3,1000000168,Dr. Joel Williams,MEM000651,FAC028,2026-01-14T12:00:00,99214,136.64,Chennai,CLEAN
CLM-62164D96,1000000046,Dr. John Pierce,MEM000036,FAC030,2026-03-08T11:00:00,71045,78.98,Chennai,CLEAN
CLM-8517DC72,1000000126,Dr. Michelle Evans,MEM000041,FAC028,2026-04-02T17:00:00,71045,79.32,Chennai,CLEAN
CLM-FED8B498,1000000028,Dr. Zachary Hicks,MEM000866,FAC046,2026-02-07T10:00:00,99215,202.12,Chennai,CLEAN
CLM-D10DB907,1000000072,Dr. Brittney Phillips,MEM000184,FAC010,2026-05-11T13:00:00,93000,64.69,Chennai,CLEAN
CLM-7AEC085B,1000000149,Dr. Stephanie Manning,MEM000217,FAC037,2026-01-02T17:00:00,93000,56.17,Chennai,CLEAN
CLM-DDC7A06C,1000000019,Dr. Carla Gray,MEM000252,FAC049,2026-05-08T10:00:00,99215,199.14,Chennai,CLEAN
CLM-879CC675,1000000174,Dr. Nicole Herring,MEM000696,FAC007,2026-04-11T14:00:00,93000,65.15,Chennai,CLEAN
CLM-E99D8B7F,1000000027,Dr. Stephanie Ross,MEM000857,FAC020,2026-02-09T09:00:00,99213,99.2,Chennai,CLEAN
CLM-0C2F756C,1000000181,Dr. Tina Sanders,MEM000675,FAC030,2026-04-27T13:00:00,93000,61.9,Chennai,CLEAN
CLM-C4D2915A,1000000084,Dr. Zachary Ferrell,MEM000993,FAC002,2026-06-17T16:00:00,99215,239.69,Chennai,CLEAN
CLM-661D7304,1000000187,Dr. Samantha Garcia,MEM000928,FAC036,2026-02-03T12:00:00,99213,106.03,Chennai,CLEAN
CLM-99E8CC53,1000000072,Dr. Brittney Phillips,MEM000330,FAC003,2026-01-19T17:00:00,93000,58.58,Chennai,CLEAN
CLM-B0B07DFF,1000000102,Dr. Rebecca Valencia,MEM000261,FAC011,2026-03-03T15:00:00,99213,90.41,Chennai,CLEAN
CLM-1D060008,1000000053,Dr. Mark Perez,MEM000166,FAC024,2026-04-14T13:00:00,99214,138.62,Chennai,CLEAN
CLM-153BFA6B,1000000125,Dr. Erin Edwards,MEM000820,FAC027,2026-03-21T11:00:00,99215,227.28,Chennai,CLEAN
CLM-69133BB9,1000000094,Dr. John Whitehead,MEM000524,FAC012,2026-05-06T16:00:00,71045,79.62,Chennai,CLEAN
CLM-2C8F4604,1000000144,Dr. Amber Wright,MEM000614,FAC027,2026-01-24T15:00:00,99215,225.01,Chennai,CLEAN
CLM-039786EC,1000000111,Dr. Shannon Walker,MEM000645,FAC027,2026-01-24T09:00:00,93000,58.1,Chennai,CLEAN
CLM-F862507D,1000000118,Dr. Victor Baker,MEM000692,FAC014,2026-06-15T11:00:00,71045,80.44,Chennai,CLEAN
CLM-1BB690BE,1000000165,Dr. John Anderson,MEM000537,FAC005,2026-03-16T16:00:00,71045,73.27,Chennai,CLEAN
CLM-B46D8A75,1000000122,Dr. April Frost,MEM000307,FAC009,2026-02-02T13:00:00,99214,150.69,Chennai,CLEAN
CLM-37286D29,1000000075,Dr. Sarah Moore,MEM000582,FAC003,2026-05-22T10:00:00,99213,100.27,Chennai,CLEAN
CLM-6EF7D384,1000000130,Dr. Elizabeth Kelley,MEM000435,FAC026,2026-01-25T16:00:00,93000,63.75,Chennai,CLEAN
CLM-A95DB8AE,1000000090,Dr. Matthew Mcmillan,MEM000260,FAC037,2026-01-21T17:00:00,99213,92.28,Chennai,CLEAN
CLM-32562825,1000000169,Dr. Daniel Murphy,MEM000473,FAC011,2026-02-16T15:00:00,99213,91.67,Chennai,CLEAN
CLM-9EAF9B34,1000000180,Dr. Alexander Collins,MEM000304,FAC020,2026-05-31T16:00:00,71045,81.98,Chennai,CLEAN
CLM-3FAF6501,1000000067,Dr. Carol Tucker,MEM000349,FAC011,2026-02-24T11:00:00,99213,104.94,Chennai,CLEAN
CLM-9ADA02FC,1000000154,Dr. Brenda Hall,MEM000265,FAC043,2026-01-28T15:00:00,93000,54.21,Chennai,CLEAN
CLM-E87B43C3,1000000101,Dr. Cameron Parker,MEM000119,FAC000,2026-02-13T16:00:00,71045,83.07,Chennai,CLEAN
CLM-D6506ADC,1000000168,Dr. Joel Williams,MEM000988,FAC047,2026-06-04T16:00:00,99215,225.21,Chennai,CLEAN
CLM-65E8CE56,1000000157,Dr. Jason Stein,MEM000369,FAC044,2026-06-22T15:00:00,99215,201.86,Chennai,CLEAN
CLM-9D4C754F,1000000034,Dr. Debra Davidson,MEM000014,FAC012,2026-01-29T09:00:00,99214,160.77,Chennai,CLEAN
CLM-0D29E73A,1000000053,Dr. Mark Perez,MEM000492,FAC041,2026-02-07T12:00:00,71045,85.47,Chennai,CLEAN
CLM-C3E1A527,1777777777,Dr. Synthetic-C (Upcoder),MEM000551,FAC012,2026-01-23T13:00:00,71045,74.37,Mumbai,CLEAN
CLM-8E35F7E9,1000000108,Dr. Evelyn Galvan,MEM000022,FAC007,2026-02-12T11:00:00,71045,87.42,Chennai,CLEAN
CLM-FD02372A,1000000120,Dr. Larry Dixon,MEM000020,FAC028,2026-05-30T12:00:00,99214,143.84,Chennai,CLEAN
CLM-A3B251AE,1000000100,Dr. Sandra Aguilar,MEM000052,FAC021,2026-01-03T10:00:00,71045,87.67,Chennai,CLEAN
CLM-0EC965C5,1000000126,Dr. Michelle Evans,MEM000754,FAC037,2026-06-02T17:00:00,99215,199.63,Chennai,CLEAN
CLM-60D1CAB3,1000000102,Dr. Rebecca Valencia,MEM000497,FAC032,2026-06-01T16:00:00,99214,156.43,Chennai,CLEAN
CLM-21B3D29E,1000000135,Dr. Jose Schultz,MEM000019,FAC027,2026-05-28T14:00:00,93000,54.76,Chennai,CLEAN
CLM-4B37F305,1000000165,Dr. John Anderson,MEM000427,FAC030,2026-01-30T16:00:00,93000,65.27,Chennai,CLEAN
CLM-F9D54FC9,1000000088,Dr. Lisa Archer,MEM000459,FAC044,2026-04-22T09:00:00,99214,143.64,Chennai,CLEAN
CLM-6EBB1C81,1000000049,Dr. Eric Carney,MEM000480,FAC022,2026-04-23T12:00:00,93000,56.64,Chennai,CLEAN
CLM-01AA792A,1000000175,Dr. Alex Hernandez,MEM000347,FAC038,2026-06-18T16:00:00,99214,161.5,Chennai,CLEAN
CLM-5209980B,1000000185,Dr. Dr. Hannah Patterson,MEM000728,FAC024,2026-04-17T14:00:00,71045,84.8,Chennai,CLEAN
CLM-097CD6AA,1000000041,Dr. Fred Smith,MEM000636,FAC013,2026-03-14T10:00:00,71045,74.07,Chennai,CLEAN
CLM-B9102D1E,1000000051,Dr. Danny Morgan,MEM000160,FAC038,2026-05-06T10:00:00,71045,87.09,Chennai,CLEAN
CLM-076246F9,1000000126,Dr. Michelle Evans,MEM000310,FAC015,2026-02-23T17:00:00,99213,109.99,Chennai,CLEAN
CLM-0A39D974,1000000091,Dr. Brian Rodriguez,MEM000902,FAC016,2026-04-02T11:00:00,99214,159.84,Chennai,CLEAN
CLM-91CA0DAB,1000000128,Dr. Cameron Fisher,MEM000032,FAC004,2026-03-28T15:00:00,99213,102.35,Chennai,CLEAN
CLM-839A3A88,1000000030,Dr. Rebecca Henderson,MEM000575,FAC014,2026-05-05T13:00:00,99215,232.53,Chennai,CLEAN
CLM-50D5E2AF,1000000196,Dr. Daniel Salinas,MEM000047,FAC049,2026-05-23T13:00:00,99214,160.6,Chennai,CLEAN
CLM-44E2BB41,1000000131,Dr. Dustin Jordan,MEM000618,FAC042,2026-01-27T09:00:00,71045,84.78,Chennai,CLEAN
CLM-AF92C31B,1000000193,Dr. Angelica Keith,MEM000113,FAC006,2026-06-06T10:00:00,93000,54.5,Chennai,CLEAN
CLM-E214E599,1000000026,Dr. Justin Baker,MEM000171,FAC040,2026-01-31T12:00:00,99215,204.91,Chennai,CLEAN
CLM-62993DEB,1000000074,Dr. Amy Silva,MEM000725,FAC028,2026-05-10T16:00:00,99213,93.09,Chennai,CLEAN
CLM-F5E66AA4,1000000093,Dr. Christina Walters,MEM000342,FAC008,2026-02-01T12:00:00,71045,87.51,Chennai,CLEAN
CLM-D77DF518,1000000196,Dr. Daniel Salinas,MEM000787,FAC000,2026-03-04T16:00:00,99215,210.62,Chennai,CLEAN
CLM-209764F0,1000000043,Dr. Anthony Humphrey,MEM000087,FAC017,2026-04-06T15:00:00,99215,225.7,Chennai,CLEAN
CLM-8D5561FE,1000000062,Dr. Connor West,MEM000155,FAC048,2026-05-16T15:00:00,99214,139.14,Chennai,CLEAN
CLM-AEA6634F,1000000109,Dr. Sharon Cochran,MEM000423,FAC026,2026-04-28T17:00:00,99215,239.52,Chennai,CLEAN
CLM-BC3E610E,1000000113,Dr. Crystal Johnson,MEM000149,FAC049,2026-01-03T17:00:00,99213,91.7,Chennai,CLEAN
CLM-A461DA48,1000000080,Dr. Kelly Donovan,MEM000411,FAC049,2026-02-12T15:00:00,99213,97.87,Chennai,CLEAN
CLM-134C818F,1000000009,Dr. Ryan Munoz,MEM000676,FAC041,2026-02-08T09:00:00,93000,65.67,Chennai,CLEAN
CLM-C924CE03,1000000107,Dr. Sierra Johnson,MEM000411,FAC043,2026-06-29T17:00:00,99215,229.75,Chennai,CLEAN
CLM-E63B9F3B,1000000080,Dr. Kelly Donovan,MEM000931,FAC022,2026-01-03T13:00:00,93000,61.32,Chennai,CLEAN
CLM-D1481EE1,1000000037,Dr. Cassandra Gaines,MEM000717,FAC025,2026-04-25T12:00:00,93000,61.49,Chennai,CLEAN
CLM-D17F388D,1000000158,Dr. Melissa Gates,MEM000667,FAC028,2026-06-28T14:00:00,71045,84.41,Chennai,CLEAN
CLM-54BF881F,1000000077,Dr. Megan Young,MEM000086,FAC002,2026-05-18T14:00:00,71045,83.6,Chennai,CLEAN
CLM-D8768257,1000000189,Dr. Jessica Gross,MEM000900,FAC008,2026-05-14T17:00:00,99215,207.4,Chennai,CLEAN
CLM-2C2B2093,1000000130,Dr. Elizabeth Kelley,MEM000565,FAC019,2026-05-14T14:00:00,99214,135.7,Chennai,CLEAN
CLM-AB26A392,1000000138,Dr. David Alvarez,MEM000606,FAC016,2026-03-03T13:00:00,71045,87.79,Chennai,CLEAN
CLM-0988F307,1000000028,Dr. Zachary Hicks,MEM000749,FAC003,2026-04-06T13:00:00,93000,58.25,Chennai,CLEAN
CLM-900DBFE7,1000000012,Dr. Lisa Hensley,MEM000774,FAC041,2026-02-01T16:00:00,99215,223.19,Chennai,CLEAN
CLM-7C51A2B2,1000000001,Dr. Noah Rhodes,MEM000464,FAC021,2026-03-02T17:00:00,93000,56.81,Chennai,CLEAN
CLM-F94BA9B6,1000000076,Dr. Angela Lopez,MEM000291,FAC042,2026-05-27T11:00:00,71045,80.31,Chennai,CLEAN
CLM-D2AB2D29,1000000063,Dr. Donald Wright,MEM000107,FAC020,2026-05-13T12:00:00,99215,217.99,Chennai,CLEAN
CLM-D1EC6E23,1000000037,Dr. Cassandra Gaines,MEM000728,FAC027,2026-04-16T10:00:00,99213,91.24,Chennai,CLEAN
CLM-012F54C8,1000000033,Dr. Nathan Maldonado,MEM000487,FAC013,2026-04-25T10:00:00,99215,227.78,Chennai,CLEAN
CLM-B190EF6C,1000000103,Dr. Christine Wright,MEM000602,FAC035,2026-05-13T15:00:00,99215,223.71,Chennai,CLEAN
CLM-1D57DC57,1000000162,Dr. Lindsey Walker,MEM000433,FAC028,2026-06-26T16:00:00,71045,85.18,Chennai,CLEAN
CLM-92935D7B,1000000036,Dr. Sherri Baker,MEM000517,FAC008,2026-05-05T16:00:00,99214,164.04,Chennai,CLEAN
CLM-47AF8E93,1000000131,Dr. Dustin Jordan,MEM000883,FAC033,2026-01-31T12:00:00,71045,79.57,Chennai,CLEAN
CLM-6A92298E,1000000191,Dr. Karen Graham,MEM000160,FAC035,2026-04-05T10:00:00,93000,64.23,Chennai,CLEAN
CLM-42D26CC8,1000000028,Dr. Zachary Hicks,MEM000123,FAC023,2026-05-27T13:00:00,99213,100.46,Chennai,CLEAN
CLM-A4A39401,1000000030,Dr. Rebecca Henderson,MEM000380,FAC019,2026-04-06T13:00:00,99215,219.38,Chennai,CLEAN
CLM-0F1E637A,1777777777,Dr. Synthetic-C (Upcoder),MEM000146,FAC009,2026-05-31T15:00:00,99213,108.74,Mumbai,CLEAN
CLM-F40B7DCC,1000000078,Dr. Steve Sanchez,MEM000910,FAC018,2026-02-25T11:00:00,71045,72.03,Chennai,CLEAN
CLM-F20AAB05,1000000140,Dr. Cheyenne Horton,MEM000357,FAC004,2026-01-12T15:00:00,71045,81.17,Chennai,CLEAN
CLM-E7F7F5E9,1000000144,Dr. Amber Wright,MEM000463,FAC021,2026-04-07T16:00:00,93000,55.59,Chennai,CLEAN
CLM-CA3579A1,1000000035,Dr. Jeffrey Chavez,MEM000516,FAC040,2026-04-28T16:00:00,71045,74.38,Chennai,CLEAN
CLM-88AD5770,1000000186,Dr. Jonathan Peterson,MEM000333,FAC005,2026-06-09T15:00:00,71045,75.73,Chennai,CLEAN
CLM-A181F597,1000000101,Dr. Cameron Parker,MEM000347,FAC034,2026-01-12T16:00:00,99215,226.42,Chennai,CLEAN
CLM-10E74AD4,1000000042,Dr. Sherry Decker,MEM000724,FAC001,2026-05-27T13:00:00,93000,61.74,Chennai,CLEAN
CLM-6A8924AA,1000000164,Dr. Michael Powell,MEM000572,FAC005,2026-02-19T17:00:00,93000,63.09,Chennai,CLEAN
CLM-AFA69BD6,1000000145,Dr. Joyce Solis,MEM000534,FAC012,2026-05-02T17:00:00,99213,92.41,Chennai,CLEAN
CLM-C07EBB25,1000000136,Dr. Robert Potter,MEM000184,FAC001,2026-03-12T12:00:00,99214,159.89,Chennai,CLEAN
CLM-CBD94E79,1000000148,Dr. Kathy Rivas,MEM000454,FAC005,2026-05-17T14:00:00,71045,81.42,Chennai,CLEAN
CLM-29FA2AA4,1000000125,Dr. Erin Edwards,MEM000882,FAC001,2026-03-29T15:00:00,99214,147.45,Chennai,CLEAN
CLM-5F6819E4,1000000135,Dr. Jose Schultz,MEM000324,FAC024,2026-03-07T10:00:00,99213,109.6,Chennai,CLEAN
CLM-F0C06893,1000000138,Dr. David Alvarez,MEM000172,FAC018,2026-02-06T11:00:00,99215,231.81,Chennai,CLEAN
CLM-AC7C9268,1000000039,Dr. Brittany Farmer,MEM000314,FAC026,2026-06-23T11:00:00,99213,102.29,Chennai,CLEAN
CLM-5AE3702B,1000000083,Dr. Paul Jones,MEM000185,FAC001,2026-01-15T13:00:00,71045,73.58,Chennai,CLEAN
CLM-B6872859,1000000036,Dr. Sherri Baker,MEM000422,FAC020,2026-03-08T15:00:00,99213,91.04,Chennai,CLEAN
CLM-428CD1B1,1000000061,Dr. Gerald Hensley,MEM000770,FAC038,2026-05-31T12:00:00,71045,80.14,Chennai,CLEAN
CLM-88DBE7FA,1000000129,Dr. Megan Orr,MEM000394,FAC007,2026-03-10T09:00:00,99215,218.45,Chennai,CLEAN
CLM-B1E8E56E,1000000104,Dr. Richard Henson,MEM000067,FAC030,2026-01-08T15:00:00,99214,162.41,Chennai,CLEAN
CLM-257A8649,1000000004,Dr. Cristian Santos,MEM000275,FAC035,2026-05-31T10:00:00,99214,157.89,Chennai,CLEAN
CLM-6F0AA299,1000000166,Dr. Alyssa Long,MEM000804,FAC008,2026-03-19T15:00:00,71045,73.34,Chennai,CLEAN
CLM-705D396A,1000000162,Dr. Lindsey Walker,MEM000512,FAC013,2026-02-06T14:00:00,93000,65.82,Chennai,CLEAN
CLM-87E06B59,1999999999,Dr. Synthetic-A (Phantom),MEM000251,FAC034,2026-04-19T17:00:00,71045,72.67,Chennai,CLEAN
CLM-5533AB23,1000000118,Dr. Victor Baker,MEM000984,FAC039,2026-03-16T11:00:00,99213,91.2,Chennai,CLEAN
CLM-57204AAF,1000000123,Dr. Michelle Harmon,MEM000279,FAC038,2026-03-06T15:00:00,99215,235.07,Chennai,CLEAN
CLM-83950695,1000000054,Dr. Shannon Jones,MEM000599,FAC032,2026-03-14T09:00:00,99214,157.18,Chennai,CLEAN
CLM-089E1452,1000000144,Dr. Amber Wright,MEM000071,FAC019,2026-01-23T15:00:00,99213,106.61,Chennai,CLEAN
CLM-7297E03D,1000000185,Dr. Dr. Hannah Patterson,MEM000569,FAC017,2026-04-21T12:00:00,93000,60.06,Chennai,CLEAN
CLM-A04317FC,1000000081,Dr. Mike Allen,MEM000905,FAC043,2026-03-29T13:00:00,71045,76.37,Chennai,CLEAN
CLM-DA6DDCED,1000000169,Dr. Daniel Murphy,MEM000329,FAC021,2026-02-23T16:00:00,93000,57.94,Chennai,CLEAN
CLM-382B983A,1000000177,Dr. Michael Wang,MEM000136,FAC041,2026-01-01T16:00:00,99213,108.03,Chennai,CLEAN
CLM-C2F6CA15,1000000172,Dr. Joshua Cooke,MEM000177,FAC026,2026-05-23T16:00:00,71045,80.61,Chennai,CLEAN
CLM-AAD87D80,1888888888,Dr. Synthetic-B (Teleport),MEM000897,FAC041,2026-06-16T10:00:00,93000,54.37,Chennai,CLEAN
CLM-495C7E08,1000000171,Dr. Darlene Miller,MEM000455,FAC043,2026-02-01T14:00:00,71045,85.24,Chennai,CLEAN
CLM-3F714239,1000000091,Dr. Brian Rodriguez,MEM000396,FAC011,2026-06-28T09:00:00,99213,99.25,Chennai,CLEAN
CLM-F6AE13F4,1000000049,Dr. Eric Carney,MEM000455,FAC000,2026-02-26T09:00:00,99215,227.94,Chennai,CLEAN
CLM-43DB0472,1000000181,Dr. Tina Sanders,MEM000366,FAC012,2026-01-24T13:00:00,99214,142.03,Chennai,CLEAN
CLM-2DCF4310,1000000126,Dr. Michelle Evans,MEM000990,FAC023,2026-01-10T13:00:00,71045,86.47,Chennai,CLEAN
CLM-EE813B59,1000000180,Dr. Alexander Collins,MEM000620,FAC013,2026-01-02T12:00:00,71045,73.78,Chennai,CLEAN
CLM-0456B530,1000000071,Dr. Whitney Peters,MEM000582,FAC032,2026-05-07T11:00:00,93000,56.33,Chennai,CLEAN
CLM-F860B5EA,1000000189,Dr. Jessica Gross,MEM000579,FAC043,2026-06-24T11:00:00,99213,101.76,Chennai,CLEAN
CLM-53114EE7,1000000190,Dr. Debra Morton,MEM000066,FAC008,2026-03-08T12:00:00,93000,62.75,Chennai,CLEAN
CLM-22C1684F,1000000070,Dr. Jordan Henderson,MEM000196,FAC043,2026-01-06T17:00:00,93000,57.04,Chennai,CLEAN
CLM-B106EA5D,1000000143,Dr. Christopher Rubio,MEM000904,FAC029,2026-01-01T15:00:00,99213,107.08,Chennai,CLEAN
CLM-622C1388,1000000082,Dr. Michael Evans,MEM000442,FAC026,2026-03-12T10:00:00,93000,59.6,Chennai,CLEAN
CLM-2F26C419,1000000092,Dr. Denise Jacobs,MEM000529,FAC048,2026-01-12T12:00:00,99213,95.56,Chennai,CLEAN
CLM-CAB879B3,1000000107,Dr. Sierra Johnson,MEM000545,FAC028,2026-03-22T09:00:00,71045,75.11,Chennai,CLEAN
CLM-61D949BA,1000000020,Dr. Margaret Hawkins DDS,MEM000901,FAC036,2026-01-07T12:00:00,71045,87.32,Chennai,CLEAN
CLM-B77EA5CD,1000000063,Dr. Donald Wright,MEM000201,FAC010,2026-03-26T13:00:00,99213,102.52,Chennai,CLEAN
CLM-18E1680C,1000000024,Dr. Matthew Foster,MEM000028,FAC030,2026-04-21T09:00:00,93000,63.57,Chennai,CLEAN
CLM-7E8AED78,1000000085,Dr. Daniel Baker,MEM000860,FAC016,2026-03-05T10:00:00,71045,75.81,Chennai,CLEAN
CLM-821573D7,1000000087,Dr. Christopher Bass,MEM000852,FAC003,2026-03-27T17:00:00,99214,163.31,Chennai,CLEAN
CLM-257D46CA,1000000198,Dr. Adam Vaughan,MEM000614,FAC039,2026-04-23T10:00:00,71045,81.26,Chennai,CLEAN
CLM-B5DDFAF7,1000000021,Dr. Patty Perez,MEM000997,FAC003,2026-01-09T15:00:00,99215,237.16,Chennai,CLEAN
CLM-4DBA3609,1000000177,Dr. Michael Wang,MEM000066,FAC008,2026-01-16T16:00:00,99213,96.03,Chennai,CLEAN
CLM-07D46CF4,1000000160,Dr. Paul Castaneda,MEM000442,FAC004,2026-01-27T09:00:00,93000,54.63,Chennai,CLEAN
CLM-4F9B7694,1000000097,Dr. Deborah Figueroa,MEM000411,FAC006,2026-06-08T15:00:00,99214,160.94,Chennai,CLEAN
CLM-6C74629B,1888888888,Dr. Synthetic-B (Teleport),MEM000675,FAC039,2026-01-03T16:00:00,71045,79.43,Chennai,CLEAN
CLM-040D2746,1000000109,Dr. Sharon Cochran,MEM000901,FAC039,2026-06-08T10:00:00,99215,226.64,Chennai,CLEAN
CLM-FE69C705,1000000172,Dr. Joshua Cooke,MEM000801,FAC001,2026-04-27T17:00:00,99215,223.86,Chennai,CLEAN
CLM-2FFAEB8C,1000000027,Dr. Stephanie Ross,MEM000105,FAC000,2026-06-02T10:00:00,93000,63.47,Chennai,CLEAN
CLM-A2E75F5E,1000000049,Dr. Eric Carney,MEM000926,FAC036,2026-02-02T17:00:00,99215,213.64,Chennai,CLEAN
CLM-4B790FAF,1000000123,Dr. Michelle Harmon,MEM000742,FAC039,2026-04-24T11:00:00,99214,139.13,Chennai,CLEAN
CLM-5533A48E,1000000011,Dr. Jamie Arnold,MEM000061,FAC008,2026-03-21T15:00:00,93000,65.52,Chennai,CLEAN
CLM-28E367A7,1000000193,Dr. Angelica Keith,MEM000366,FAC019,2026-05-30T17:00:00,99214,139.42,Chennai,CLEAN
CLM-C51BA42F,1000000079,Dr. Lisa Barnes,MEM000617,FAC021,2026-03-16T14:00:00,99213,100.35,Chennai,CLEAN
CLM-704BA445,1000000168,Dr. Joel Williams,MEM000694,FAC009,2026-01-15T12:00:00,93000,63.83,Chennai,CLEAN
CLM-C9AF7078,1000000143,Dr. Christopher Rubio,MEM000879,FAC003,2026-04-19T14:00:00,99214,164.3,Chennai,CLEAN
CLM-D574E608,1000000163,Dr. Jeffrey Johnson,MEM000930,FAC012,2026-01-18T14:00:00,99214,155.04,Chennai,CLEAN
CLM-25C9BDDA,1000000177,Dr. Michael Wang,MEM000708,FAC029,2026-06-03T14:00:00,93000,60.79,Chennai,CLEAN
CLM-4763B21B,1000000085,Dr. Daniel Baker,MEM000630,FAC019,2026-04-18T14:00:00,99214,138.15,Chennai,CLEAN
CLM-C1EA5CFD,1777777777,Dr. Synthetic-C (Upcoder),MEM000932,FAC002,2026-05-07T12:00:00,99213,102.78,Mumbai,CLEAN
CLM-45EC1D21,1000000177,Dr. Michael Wang,MEM000235,FAC029,2026-06-09T12:00:00,99214,149.42,Chennai,CLEAN
CLM-5F57688F,1000000196,Dr. Daniel Salinas,MEM000975,FAC021,2026-04-07T12:00:00,71045,74.95,Chennai,CLEAN
CLM-7C335A5A,1000000001,Dr. Noah Rhodes,MEM000371,FAC000,2026-01-19T14:00:00,99213,101.09,Chennai,CLEAN
CLM-856397AA,1000000036,Dr. Sherri Baker,MEM000297,FAC028,2026-02-19T14:00:00,99213,109.51,Chennai,CLEAN
CLM-A23794E4,1000000050,Dr. Jessica Holmes,MEM000202,FAC018,2026-02-14T12:00:00,99215,229.63,Chennai,CLEAN
CLM-440701EA,1000000086,Dr. Shirley Suarez,MEM000867,FAC035,2026-03-04T11:00:00,99214,135.64,Chennai,CLEAN
CLM-B3B6520A,1000000067,Dr. Carol Tucker,MEM000932,FAC006,2026-01-06T11:00:00,71045,82.48,Chennai,CLEAN
CLM-D75A7BBA,1000000028,Dr. Zachary Hicks,MEM000346,FAC013,2026-03-20T16:00:00,99214,146.09,Chennai,CLEAN
CLM-7E493E9C,1000000095,Dr. Anna Henderson,MEM000676,FAC010,2026-05-15T15:00:00,99213,92.37,Chennai,CLEAN
CLM-CE4B4898,1000000033,Dr. Nathan Maldonado,MEM000813,FAC012,2026-02-19T17:00:00,71045,83.11,Chennai,CLEAN
CLM-C1C7F30D,1000000081,Dr. Mike Allen,MEM000613,FAC027,2026-06-12T12:00:00,99213,105.26,Chennai,CLEAN
CLM-65F53F44,1000000150,Dr. David Wright,MEM000193,FAC034,2026-03-17T11:00:00,99215,208.88,Chennai,CLEAN
CLM-21B52B8C,1000000161,Dr. Jennifer Adkins,MEM000814,FAC017,2026-02-02T17:00:00,93000,64.63,Chennai,CLEAN
CLM-B90551D1,1000000053,Dr. Mark Perez,MEM000744,FAC005,2026-05-01T10:00:00,99214,150.26,Chennai,CLEAN
CLM-BA46E7B0,1000000192,Dr. Debra Christian,MEM000903,FAC041,2026-05-11T14:00:00,71045,80.3,Chennai,CLEAN
CLM-9898727D,1000000045,Dr. Philip Cannon,MEM000329,FAC045,2026-04-06T17:00:00,71045,83.45,Chennai,CLEAN
CLM-326EE3E4,1000000126,Dr. Michelle Evans,MEM000485,FAC017,2026-05-29T15:00:00,93000,61.8,Chennai,CLEAN
CLM-91CE64A2,1000000053,Dr. Mark Perez,MEM000224,FAC012,2026-04-26T12:00:00,71045,75.5,Chennai,CLEAN
CLM-3B3E7518,1000000108,Dr. Evelyn Galvan,MEM000910,FAC024,2026-05-27T11:00:00,99215,209.2,Chennai,CLEAN
CLM-B7483B39,1000000021,Dr. Patty Perez,MEM000137,FAC048,2026-01-22T13:00:00,71045,80.3,Chennai,CLEAN
CLM-54CBE9EC,1000000058,Dr. Brent Jordan,MEM000597,FAC002,2026-04-30T17:00:00,93000,58.04,Chennai,CLEAN
CLM-5B524899,1000000115,Dr. Diana May,MEM000478,FAC027,2026-04-15T14:00:00,71045,77.07,Chennai,CLEAN
CLM-B9AF03BA,1000000097,Dr. Deborah Figueroa,MEM000025,FAC011,2026-04-24T12:00:00,99215,226.4,Chennai,CLEAN
CLM-17FCC6D3,1000000091,Dr. Brian Rodriguez,MEM000923,FAC005,2026-03-17T17:00:00,93000,60.56,Chennai,CLEAN
CLM-00FD3A93,1000000020,Dr. Margaret Hawkins DDS,MEM000804,FAC017,2026-02-28T10:00:00,99213,91.43,Chennai,CLEAN
CLM-5648ABE0,1000000009,Dr. Ryan Munoz,MEM000559,FAC012,2026-03-27T12:00:00,99215,209.0,Chennai,CLEAN
CLM-9EF6CB3F,1000000190,Dr. Debra Morton,MEM000835,FAC049,2026-06-24T13:00:00,99214,156.17,Chennai,CLEAN
CLM-85756BC2,1000000035,Dr. Jeffrey Chavez,MEM000875,FAC048,2026-05-20T13:00:00,99213,105.4,Chennai,CLEAN
CLM-761E56FF,1000000072,Dr. Brittney Phillips,MEM000842,FAC022,2026-04-14T15:00:00,93000,63.09,Chennai,CLEAN
CLM-57FF57AB,1000000003,Dr. Daniel Wagner,MEM000483,FAC041,2026-05-12T11:00:00,71045,75.64,Chennai,CLEAN
CLM-E483BB4E,1000000185,Dr. Dr. Hannah Patterson,MEM000767,FAC013,2026-05-02T12:00:00,93000,61.04,Chennai,CLEAN
CLM-B71A55A3,1000000141,Dr. David Douglas Jr.,MEM000775,FAC029,2026-04-29T14:00:00,99213,96.26,Chennai,CLEAN
CLM-AA3C831D,1000000048,Dr. Joshua Blair,MEM000439,FAC049,2026-06-28T15:00:00,99214,148.16,Chennai,CLEAN
CLM-5EA0ECB2,1000000142,Dr. Patricia Rodriguez,MEM000030,FAC023,2026-02-05T11:00:00,99215,239.51,Chennai,CLEAN
CLM-D49D7CAF,1000000002,Dr. Angie Henderson,MEM000511,FAC042,2026-04-01T14:00:00,99214,147.57,Chennai,CLEAN
CLM-644F10A8,1000000175,Dr. Alex Hernandez,MEM000770,FAC025,2026-06-26T17:00:00,99215,212.35,Chennai,CLEAN
CLM-1BF6E272,1000000005,Dr. Connie Lawrence,MEM000581,FAC002,2026-02-05T11:00:00,99215,223.0,Chennai,CLEAN
CLM-272045D5,1000000154,Dr. Brenda Hall,MEM000935,FAC038,2026-05-27T15:00:00,71045,75.27,Chennai,CLEAN
CLM-80779FAF,1000000100,Dr. Sandra Aguilar,MEM000065,FAC034,2026-04-09T12:00:00,71045,73.74,Chennai,CLEAN
CLM-C2B36E85,1000000145,Dr. Joyce Solis,MEM000985,FAC028,2026-06-13T13:00:00,99213,93.43,Chennai,CLEAN
CLM-70D1A201,1000000172,Dr. Joshua Cooke,MEM000566,FAC011,2026-01-09T16:00:00,99213,93.73,Chennai,CLEAN
CLM-01DC8B73,1000000017,Dr. Derek Zuniga,MEM000933,FAC024,2026-03-14T12:00:00,99214,143.73,Chennai,CLEAN
CLM-4A090CF8,1000000134,Dr. Rebecca Jackson,MEM000071,FAC029,2026-01-15T14:00:00,93000,54.13,Chennai,CLEAN
CLM-4F9C1E47,1000000083,Dr. Paul Jones,MEM000880,FAC026,2026-04-11T11:00:00,99213,92.58,Chennai,CLEAN
CLM-E771F00A,1000000107,Dr. Sierra Johnson,MEM000489,FAC047,2026-01-18T15:00:00,99214,138.9,Chennai,CLEAN
CLM-9A49A588,1000000052,Dr. Crystal Robinson,MEM000317,FAC027,2026-06-20T16:00:00,99214,153.11,Chennai,CLEAN
CLM-1777D673,1000000079,Dr. Lisa Barnes,MEM000601,FAC012,2026-05-09T16:00:00,99215,206.87,Chennai,CLEAN
CLM-81BFE887,1000000036,Dr. Sherri Baker,MEM000456,FAC004,2026-04-13T12:00:00,93000,57.95,Chennai,CLEAN
CLM-634CAE00,1000000145,Dr. Joyce Solis,MEM000900,FAC031,2026-04-28T16:00:00,93000,54.47,Chennai,CLEAN
CLM-F55609CE,1000000023,Dr. Tommy Walter,MEM000294,FAC041,2026-04-27T14:00:00,99215,215.21,Chennai,CLEAN
CLM-CB07E8BA,1000000044,Dr. Angelica Tucker,MEM000425,FAC015,2026-02-15T15:00:00,71045,78.15,Chennai,CLEAN
CLM-BF94B549,1000000168,Dr. Joel Williams,MEM000187,FAC044,2026-05-26T10:00:00,71045,83.18,Chennai,CLEAN
CLM-69BCBE10,1000000011,Dr. Jamie Arnold,MEM000245,FAC010,2026-03-12T17:00:00,99215,227.33,Chennai,CLEAN
CLM-4244EDC6,1000000017,Dr. Derek Zuniga,MEM000714,FAC046,2026-02-25T16:00:00,71045,87.88,Chennai,CLEAN
CLM-23AA42CE,1000000141,Dr. David Douglas Jr.,MEM000124,FAC023,2026-01-20T10:00:00,93000,63.2,Chennai,CLEAN
CLM-E57627BF,1000000083,Dr. Paul Jones,MEM000419,FAC028,2026-02-12T13:00:00,99214,150.18,Chennai,CLEAN
CLM-B87CDD8D,1000000118,Dr. Victor Baker,MEM000027,FAC004,2026-06-13T16:00:00,71045,77.5,Chennai,CLEAN
CLM-A72F1681,1000000102,Dr. Rebecca Valencia,MEM000876,FAC012,2026-04-12T09:00:00,99213,95.01,Chennai,CLEAN
CLM-E22B6D9B,1000000181,Dr. Tina Sanders,MEM000939,FAC008,2026-03-25T16:00:00,71045,79.38,Chennai,CLEAN
CLM-3771C091,1000000021,Dr. Patty Perez,MEM000561,FAC042,2026-03-04T16:00:00,99214,149.12,Chennai,CLEAN
CLM-2F6B0581,1000000071,Dr. Whitney Peters,MEM000861,FAC010,2026-02-13T09:00:00,93000,55.21,Chennai,CLEAN
CLM-5D074567,1000000075,Dr. Sarah Moore,MEM000127,FAC034,2026-04-11T11:00:00,99213,103.43,Chennai,CLEAN
CLM-CB51F1DA,1000000002,Dr. Angie Henderson,MEM000693,FAC017,2026-02-09T16:00:00,99215,205.83,Chennai,CLEAN
CLM-358821E8,1000000182,Dr. Angela Vaughn,MEM000035,FAC043,2026-05-17T12:00:00,71045,83.15,Chennai,CLEAN
CLM-836CDC46,1000000162,Dr. Lindsey Walker,MEM000830,FAC033,2026-06-14T10:00:00,71045,83.05,Chennai,CLEAN
CLM-5660D516,1000000113,Dr. Crystal Johnson,MEM000053,FAC038,2026-01-02T09:00:00,71045,84.27,Chennai,CLEAN
CLM-D65ED542,1000000063,Dr. Donald Wright,MEM000383,FAC015,2026-02-21T10:00:00,99213,98.43,Chennai,CLEAN
CLM-2413B947,1000000003,Dr. Daniel Wagner,MEM000345,FAC012,2026-06-24T10:00:00,99214,163.76,Chennai,CLEAN
CLM-87D3218B,1000000024,Dr. Matthew Foster,MEM000816,FAC042,2026-02-12T11:00:00,99213,98.31,Chennai,CLEAN
CLM-837FFC40,1000000027,Dr. Stephanie Ross,MEM000835,FAC020,2026-03-24T17:00:00,99214,153.74,Chennai,CLEAN
CLM-26151CDA,1000000138,Dr. David Alvarez,MEM000404,FAC027,2026-01-31T12:00:00,99214,138.18,Chennai,CLEAN
CLM-E4CC453C,1000000082,Dr. Michael Evans,MEM000177,FAC000,2026-04-13T14:00:00,99213,97.78,Chennai,CLEAN
CLM-AB2ED147,1000000117,Dr. Ashley Waller,MEM000225,FAC004,2026-06-18T13:00:00,93000,58.43,Chennai,CLEAN
CLM-74BA10FB,1000000017,Dr. Derek Zuniga,MEM000906,FAC013,2026-04-16T13:00:00,93000,59.99,Chennai,CLEAN
CLM-468AD580,1000000026,Dr. Justin Baker,MEM000729,FAC034,2026-05-26T11:00:00,99215,240.2,Chennai,CLEAN
CLM-ECF3DE33,1000000153,Dr. Devon Flores,MEM000332,FAC040,2026-06-28T15:00:00,99214,144.96,Chennai,CLEAN
CLM-04D39ADA,1000000162,Dr. Lindsey Walker,MEM000779,FAC044,2026-03-23T16:00:00,99213,96.7,Chennai,CLEAN
CLM-BD4F28D1,1000000155,Dr. Michelle Brown,MEM000933,FAC037,2026-04-25T15:00:00,93000,61.69,Chennai,CLEAN
CLM-CAFC1105,1000000059,Dr. John Daniel,MEM000515,FAC037,2026-06-30T09:00:00,99214,135.64,Chennai,CLEAN
CLM-D6EB3AA7,1000000194,Dr. John Bishop,MEM000918,FAC007,2026-03-21T12:00:00,71045,84.12,Chennai,CLEAN
CLM-C8C3A71C,1000000158,Dr. Melissa Gates,MEM000081,FAC003,2026-02-05T14:00:00,71045,76.75,Chennai,CLEAN
CLM-1D13D562,1000000038,Dr. Elizabeth Fowler,MEM000384,FAC013,2026-06-14T09:00:00,99214,162.7,Chennai,CLEAN
CLM-02DE0B97,1000000153,Dr. Devon Flores,MEM000968,FAC028,2026-03-26T11:00:00,99215,211.97,Chennai,CLEAN
CLM-EE5C3E33,1888888888,Dr. Synthetic-B (Teleport),MEM000778,FAC002,2026-05-14T15:00:00,99215,231.02,Chennai,CLEAN
CLM-EEC90EB4,1000000058,Dr. Brent Jordan,MEM000867,FAC046,2026-03-26T14:00:00,99214,141.17,Chennai,CLEAN
CLM-EA9FEBF3,1000000013,Dr. Michele Williams,MEM000928,FAC042,2026-03-05T12:00:00,93000,64.47,Chennai,CLEAN
CLM-C77FECDF,1000000133,Dr. Daniel Kennedy,MEM000329,FAC011,2026-04-24T09:00:00,99213,107.4,Chennai,CLEAN
CLM-369447C3,1000000017,Dr. Derek Zuniga,MEM000976,FAC012,2026-01-14T11:00:00,99214,138.77,Chennai,CLEAN
CLM-28F90034,1000000044,Dr. Angelica Tucker,MEM000606,FAC035,2026-02-22T12:00:00,93000,54.94,Chennai,CLEAN
CLM-2CAE9FAA,1000000185,Dr. Dr. Hannah Patterson,MEM000478,FAC019,2026-02-12T12:00:00,99214,147.72,Chennai,CLEAN
CLM-C39D82FB,1000000155,Dr. Michelle Brown,MEM000254,FAC019,2026-03-15T16:00:00,99214,143.16,Chennai,CLEAN
CLM-E9B7C04D,1999999999,Dr. Synthetic-A (Phantom),MEM000492,FAC005,2026-04-03T15:00:00,71045,74.68,Chennai,CLEAN
CLM-3E67B22D,1000000112,Dr. Julia Torres,MEM000432,FAC032,2026-06-06T15:00:00,99214,159.59,Chennai,CLEAN
CLM-A057C7AC,1000000123,Dr. Michelle Harmon,MEM000020,FAC048,2026-04-08T15:00:00,99213,105.18,Chennai,CLEAN
CLM-283057D3,1000000076,Dr. Angela Lopez,MEM000609,FAC034,2026-02-09T17:00:00,99214,142.72,Chennai,CLEAN
CLM-74F1752E,1000000118,Dr. Victor Baker,MEM000313,FAC029,2026-03-14T15:00:00,93000,61.27,Chennai,CLEAN
CLM-A39965E2,1000000018,Dr. Lisa Jackson,MEM000341,FAC008,2026-05-01T12:00:00,99214,162.48,Chennai,CLEAN
CLM-97AC6075,1000000001,Dr. Noah Rhodes,MEM000013,FAC032,2026-04-06T16:00:00,71045,86.81,Chennai,CLEAN
CLM-0EC4F406,1000000101,Dr. Cameron Parker,MEM000993,FAC047,2026-04-06T15:00:00,71045,76.92,Chennai,CLEAN
CLM-A38EDD50,1000000150,Dr. David Wright,MEM000072,FAC026,2026-01-10T10:00:00,71045,86.91,Chennai,CLEAN
CLM-69A99028,1000000041,Dr. Fred Smith,MEM000198,FAC048,2026-04-22T13:00:00,99215,220.42,Chennai,CLEAN
CLM-FD8D0C93,1000000125,Dr. Erin Edwards,MEM000650,FAC044,2026-04-05T09:00:00,71045,86.82,Chennai,CLEAN
CLM-65E97EA0,1000000188,Dr. Madison Poole,MEM000252,FAC015,2026-05-03T09:00:00,99215,225.76,Chennai,CLEAN
CLM-7AF26742,1000000173,Dr. Matthew Harrington,MEM000028,FAC044,2026-06-20T11:00:00,99215,224.64,Chennai,CLEAN
CLM-6892233D,1000000174,Dr. Nicole Herring,MEM000150,FAC016,2026-03-05T11:00:00,99213,92.33,Chennai,CLEAN
CLM-F0A9027D,1000000023,Dr. Tommy Walter,MEM000659,FAC045,2026-04-09T15:00:00,93000,65.69,Chennai,CLEAN
CLM-DA267568,1000000020,Dr. Margaret Hawkins DDS,MEM000530,FAC012,2026-04-19T11:00:00,71045,76.05,Chennai,CLEAN
CLM-BED92C2E,1000000077,Dr. Megan Young,MEM000512,FAC034,2026-06-18T15:00:00,93000,57.7,Chennai,CLEAN
CLM-60FA871B,1000000105,Dr. Marc Moore,MEM000770,FAC046,2026-01-23T10:00:00,93000,63.32,Chennai,CLEAN
CLM-EC8938B1,1000000088,Dr. Lisa Archer,MEM000833,FAC009,2026-03-10T12:00:00,71045,83.18,Chennai,CLEAN
CLM-A8D8718C,1000000001,Dr. Noah Rhodes,MEM000172,FAC031,2026-01-01T10:00:00,99213,105.47,Chennai,CLEAN
CLM-AC3CEA6D,1000000106,Dr. Sharon Cherry,MEM000537,FAC026,2026-06-17T13:00:00,71045,74.73,Chennai,CLEAN
CLM-39718C56,1000000095,Dr. Anna Henderson,MEM000190,FAC045,2026-02-04T12:00:00,71045,74.91,Chennai,CLEAN
CLM-653AF8CD,1000000028,Dr. Zachary Hicks,MEM000461,FAC036,2026-02-24T11:00:00,99214,136.77,Chennai,CLEAN
CLM-3AB569AE,1000000046,Dr. John Pierce,MEM000828,FAC048,2026-02-19T13:00:00,71045,79.05,Chennai,CLEAN
CLM-BA4596CD,1000000159,Dr. Jamie Smith,MEM000111,FAC040,2026-02-12T10:00:00,99215,201.77,Chennai,CLEAN
CLM-9D31A6AA,1000000031,Dr. James Ferrell,MEM000283,FAC004,2026-03-29T09:00:00,93000,56.82,Chennai,CLEAN
CLM-5D3AD150,1000000124,Dr. Helen Jones,MEM000688,FAC048,2026-01-26T09:00:00,99213,95.32,Chennai,CLEAN
CLM-50FC3EB0,1000000001,Dr. Noah Rhodes,MEM000681,FAC037,2026-01-11T10:00:00,99214,150.67,Chennai,CLEAN
CLM-FB5DD485,1000000001,Dr. Noah Rhodes,MEM000384,FAC038,2026-05-14T13:00:00,71045,79.57,Chennai,CLEAN
CLM-5C988A4F,1000000086,Dr. Shirley Suarez,MEM000618,FAC027,2026-03-28T14:00:00,99215,241.98,Chennai,CLEAN
CLM-53E51B19,1000000061,Dr. Gerald Hensley,MEM000963,FAC023,2026-06-20T15:00:00,71045,81.77,Chennai,CLEAN
CLM-2D1F902D,1000000091,Dr. Brian Rodriguez,MEM000894,FAC021,2026-01-26T09:00:00,71045,85.93,Chennai,CLEAN
CLM-567D25DA,1000000102,Dr. Rebecca Valencia,MEM000742,FAC008,2026-01-07T10:00:00,93000,57.35,Chennai,CLEAN
CLM-CAC26201,1000000179,Dr. Robert Oconnell,MEM000769,FAC015,2026-04-05T16:00:00,93000,62.23,Chennai,CLEAN
CLM-A396BACF,1000000121,Dr. Kenneth Scott,MEM000527,FAC026,2026-06-19T12:00:00,99213,109.72,Chennai,CLEAN
CLM-97896D59,1000000082,Dr. Michael Evans,MEM000017,FAC040,2026-04-03T09:00:00,99215,227.83,Chennai,CLEAN
CLM-3047F46B,1000000059,Dr. John Daniel,MEM000621,FAC031,2026-04-13T10:00:00,99215,216.83,Chennai,CLEAN
CLM-D2C0B08A,1000000121,Dr. Kenneth Scott,MEM000674,FAC044,2026-01-26T15:00:00,99215,224.72,Chennai,CLEAN
CLM-DF2C8151,1000000182,Dr. Angela Vaughn,MEM000146,FAC033,2026-05-27T17:00:00,99213,92.56,Chennai,CLEAN
CLM-6BDA0B47,1000000022,Dr. Ethan Adams,MEM000308,FAC043,2026-05-21T16:00:00,99214,161.89,Chennai,CLEAN
CLM-F85D7AEF,1000000029,Dr. Anthony Rodriguez,MEM000493,FAC042,2026-05-19T12:00:00,99214,141.35,Chennai,CLEAN
CLM-9D3C1D66,1000000192,Dr. Debra Christian,MEM000966,FAC042,2026-06-29T10:00:00,99213,98.7,Chennai,CLEAN
CLM-F1830523,1000000183,Dr. Ashley Barton,MEM000029,FAC010,2026-03-25T15:00:00,99215,207.7,Chennai,CLEAN
CLM-C485659C,1000000065,Dr. Amber Kidd,MEM000681,FAC030,2026-06-21T10:00:00,99214,162.68,Chennai,CLEAN
CLM-066A98CD,1000000162,Dr. Lindsey Walker,MEM000742,FAC031,2026-01-24T14:00:00,99214,162.95,Chennai,CLEAN
CLM-EB4DDF07,1000000196,Dr. Daniel Salinas,MEM000946,FAC038,2026-01-17T14:00:00,71045,86.56,Chennai,CLEAN
CLM-A18565EE,1000000190,Dr. Debra Morton,MEM000753,FAC046,2026-04-08T17:00:00,71045,84.94,Chennai,CLEAN
CLM-13D0795E,1000000057,Dr. Richard Aguirre,MEM000265,FAC007,2026-03-16T10:00:00,99213,91.78,Chennai,CLEAN
CLM-8B5BB11F,1000000189,Dr. Jessica Gross,MEM000606,FAC012,2026-01-30T14:00:00,99214,160.6,Chennai,CLEAN
CLM-C06878E6,1000000097,Dr. Deborah Figueroa,MEM000590,FAC047,2026-01-01T13:00:00,99213,101.8,Chennai,CLEAN
CLM-7D8E122F,1000000048,Dr. Joshua Blair,MEM000867,FAC024,2026-04-19T14:00:00,99215,233.09,Chennai,CLEAN
CLM-D45E0A42,1000000032,Dr. Tricia Valencia,MEM000532,FAC042,2026-06-04T12:00:00,99213,97.91,Chennai,CLEAN
CLM-6BFAC0FE,1000000137,Dr. Courtney Gonzalez,MEM000872,FAC029,2026-03-22T11:00:00,99215,234.84,Chennai,CLEAN
CLM-F86ED8B7,1000000127,Dr. Jason Powell,MEM000696,FAC029,2026-02-07T13:00:00,99214,157.41,Chennai,CLEAN
CLM-FDDB1CF3,1000000179,Dr. Robert Oconnell,MEM000035,FAC038,2026-03-23T13:00:00,93000,65.88,Chennai,CLEAN
CLM-42356F79,1000000031,Dr. James Ferrell,MEM000280,FAC045,2026-05-27T16:00:00,99214,149.85,Chennai,CLEAN
CLM-5A8D86FF,1000000180,Dr. Alexander Collins,MEM000989,FAC024,2026-01-16T14:00:00,99214,159.84,Chennai,CLEAN
CLM-E55182E3,1000000053,Dr. Mark Perez,MEM000868,FAC046,2026-02-27T09:00:00,99214,160.7,Chennai,CLEAN
CLM-F2CF7E37,1000000186,Dr. Jonathan Peterson,MEM000401,FAC019,2026-06-18T11:00:00,99213,100.96,Chennai,CLEAN
CLM-EAAB4261,1000000086,Dr. Shirley Suarez,MEM000432,FAC043,2026-05-02T14:00:00,71045,78.26,Chennai,CLEAN
CLM-7BB73C9E,1000000135,Dr. Jose Schultz,MEM000744,FAC018,2026-03-14T12:00:00,93000,58.73,Chennai,CLEAN
CLM-975D288C,1000000033,Dr. Nathan Maldonado,MEM000331,FAC048,2026-05-29T09:00:00,99215,218.13,Chennai,CLEAN
CLM-CCCE8E06,1000000041,Dr. Fred Smith,MEM000591,FAC008,2026-04-24T16:00:00,99215,237.48,Chennai,CLEAN
CLM-940A0D17,1000000053,Dr. Mark Perez,MEM000223,FAC047,2026-02-20T09:00:00,99215,229.94,Chennai,CLEAN
CLM-4BD8E33F,1000000147,Dr. Stephanie Salazar,MEM000104,FAC043,2026-02-07T15:00:00,71045,82.87,Chennai,CLEAN
CLM-AD8F6CC4,1000000043,Dr. Anthony Humphrey,MEM000948,FAC003,2026-01-25T14:00:00,71045,74.87,Chennai,CLEAN
CLM-470C0D8B,1000000013,Dr. Michele Williams,MEM000120,FAC032,2026-06-16T14:00:00,93000,59.21,Chennai,CLEAN
CLM-09DFA7AB,1000000038,Dr. Elizabeth Fowler,MEM000642,FAC046,2026-04-14T12:00:00,99213,92.38,Chennai,CLEAN
CLM-ABD7F241,1000000101,Dr. Cameron Parker,MEM000500,FAC019,2026-06-26T11:00:00,71045,84.41,Chennai,CLEAN
CLM-632B0660,1000000171,Dr. Darlene Miller,MEM000674,FAC005,2026-04-29T15:00:00,99215,225.82,Chennai,CLEAN
CLM-830E2952,1000000113,Dr. Crystal Johnson,MEM000376,FAC000,2026-01-31T10:00:00,99213,92.44,Chennai,CLEAN
CLM-B47B4F7F,1000000164,Dr. Michael Powell,MEM000684,FAC032,2026-02-27T09:00:00,93000,60.88,Chennai,CLEAN
CLM-A223BC24,1000000146,Dr. Victoria Larson,MEM000491,FAC017,2026-06-27T10:00:00,93000,56.17,Chennai,CLEAN
CLM-F068789F,1000000123,Dr. Michelle Harmon,MEM000660,FAC044,2026-04-22T13:00:00,93000,55.5,Chennai,CLEAN
CLM-ECDFB5ED,1000000083,Dr. Paul Jones,MEM000065,FAC045,2026-05-18T11:00:00,71045,85.01,Chennai,CLEAN
CLM-DB513584,1000000005,Dr. Connie Lawrence,MEM000403,FAC035,2026-05-18T17:00:00,71045,73.02,Chennai,CLEAN
CLM-18C8BFDC,1000000149,Dr. Stephanie Manning,MEM000551,FAC045,2026-06-16T10:00:00,99214,163.97,Chennai,CLEAN
CLM-22F8001A,1000000030,Dr. Rebecca Henderson,MEM000185,FAC038,2026-06-27T11:00:00,99213,101.09,Chennai,CLEAN
CLM-9E0D14B7,1000000080,Dr. Kelly Donovan,MEM000125,FAC002,2026-02-02T12:00:00,99214,137.63,Chennai,CLEAN
CLM-544DE4B4,1000000065,Dr. Amber Kidd,MEM000871,FAC048,2026-01-09T10:00:00,99213,100.12,Chennai,CLEAN
CLM-B093AE68,1000000093,Dr. Christina Walters,MEM000989,FAC034,2026-02-13T15:00:00,99213,94.97,Chennai,CLEAN
CLM-F191A24E,1000000011,Dr. Jamie Arnold,MEM000968,FAC033,2026-03-17T17:00:00,71045,74.24,Chennai,CLEAN
CLM-634172B6,1000000125,Dr. Erin Edwards,MEM000711,FAC020,2026-05-14T14:00:00,93000,60.46,Chennai,CLEAN
CLM-11B5D927,1000000053,Dr. Mark Perez,MEM000704,FAC006,2026-06-19T09:00:00,99214,136.1,Chennai,CLEAN
CLM-A1E7291D,1000000036,Dr. Sherri Baker,MEM000306,FAC013,2026-02-04T17:00:00,99214,152.75,Chennai,CLEAN
CLM-32E1583F,1000000071,Dr. Whitney Peters,MEM000131,FAC046,2026-06-09T15:00:00,99213,101.0,Chennai,CLEAN
CLM-A501E331,1000000066,Dr. Tracy House,MEM000390,FAC041,2026-02-11T15:00:00,71045,73.33,Chennai,CLEAN
CLM-A65260C8,1000000065,Dr. Amber Kidd,MEM000692,FAC027,2026-06-27T11:00:00,93000,56.45,Chennai,CLEAN
CLM-6ABF4BF6,1000000161,Dr. Jennifer Adkins,MEM000750,FAC017,2026-06-12T12:00:00,99215,222.8,Chennai,CLEAN
CLM-D9C94D63,1000000165,Dr. John Anderson,MEM000840,FAC032,2026-06-04T11:00:00,71045,85.15,Chennai,CLEAN
CLM-AC00506F,1000000080,Dr. Kelly Donovan,MEM000806,FAC027,2026-04-08T09:00:00,93000,56.97,Chennai,CLEAN
CLM-66999692,1000000069,Dr. William Baker,MEM000127,FAC034,2026-01-29T17:00:00,71045,73.06,Chennai,CLEAN
CLM-59FC9CBC,1000000163,Dr. Jeffrey Johnson,MEM000091,FAC023,2026-03-27T13:00:00,99214,161.07,Chennai,CLEAN
CLM-412CEC2C,1000000057,Dr. Richard Aguirre,MEM000280,FAC000,2026-01-26T15:00:00,99214,146.36,Chennai,CLEAN
CLM-5F5F51D7,1000000026,Dr. Justin Baker,MEM000801,FAC007,2026-02-14T17:00:00,99215,223.91,Chennai,CLEAN
CLM-95D23794,1000000125,Dr. Erin Edwards,MEM000097,FAC033,2026-03-31T13:00:00,93000,57.25,Chennai,CLEAN
CLM-A7FC6C3B,1000000025,Dr. Judy Baker,MEM000918,FAC003,2026-02-13T14:00:00,71045,74.89,Chennai,CLEAN
CLM-93DDFC7E,1000000189,Dr. Jessica Gross,MEM000694,FAC034,2026-05-22T15:00:00,71045,81.48,Chennai,CLEAN
CLM-223AD09E,1000000066,Dr. Tracy House,MEM000009,FAC043,2026-05-12T11:00:00,99214,139.28,Chennai,CLEAN
CLM-DB8E4EFA,1000000145,Dr. Joyce Solis,MEM000753,FAC017,2026-01-14T14:00:00,99214,155.35,Chennai,CLEAN
CLM-A9194639,1000000107,Dr. Sierra Johnson,MEM000723,FAC029,2026-02-16T16:00:00,99215,233.13,Chennai,CLEAN
CLM-12F90052,1000000128,Dr. Cameron Fisher,MEM000293,FAC017,2026-04-20T17:00:00,99214,144.16,Chennai,CLEAN
CLM-3491A80A,1000000022,Dr. Ethan Adams,MEM000970,FAC019,2026-04-15T14:00:00,99213,102.69,Chennai,CLEAN
CLM-3BE7A3B8,1000000019,Dr. Carla Gray,MEM000747,FAC015,2026-01-24T11:00:00,93000,54.69,Chennai,CLEAN
CLM-F2B1F587,1000000190,Dr. Debra Morton,MEM000292,FAC035,2026-05-07T09:00:00,71045,82.83,Chennai,CLEAN
CLM-A543F417,1000000187,Dr. Samantha Garcia,MEM000139,FAC030,2026-05-08T17:00:00,93000,62.37,Chennai,CLEAN
CLM-82992DC5,1000000103,Dr. Christine Wright,MEM000014,FAC039,2026-02-18T09:00:00,71045,83.24,Chennai,CLEAN
CLM-65A0348D,1000000191,Dr. Karen Graham,MEM000353,FAC015,2026-06-19T17:00:00,93000,54.51,Chennai,CLEAN
CLM-453A79A8,1000000114,Dr. Garrett Lin,MEM000987,FAC010,2026-06-22T17:00:00,99214,140.24,Chennai,CLEAN
CLM-2B0B58D6,1000000093,Dr. Christina Walters,MEM000859,FAC008,2026-05-12T14:00:00,99213,98.45,Chennai,CLEAN
CLM-D5A1A345,1000000097,Dr. Deborah Figueroa,MEM000174,FAC023,2026-01-29T14:00:00,99214,159.95,Chennai,CLEAN
CLM-DF509E7F,1000000196,Dr. Daniel Salinas,MEM000878,FAC007,2026-03-16T13:00:00,71045,76.7,Chennai,CLEAN
CLM-2D6DF2E3,1000000054,Dr. Shannon Jones,MEM000002,FAC047,2026-06-11T15:00:00,99214,162.69,Chennai,CLEAN
CLM-B4AA735A,1000000164,Dr. Michael Powell,MEM000527,FAC002,2026-04-29T16:00:00,99213,97.11,Chennai,CLEAN
CLM-A7E17976,1000000157,Dr. Jason Stein,MEM000471,FAC021,2026-03-18T14:00:00,99213,90.1,Chennai,CLEAN
CLM-117234D5,1000000184,Dr. Lindsay Martinez,MEM000190,FAC025,2026-04-01T09:00:00,99213,98.62,Chennai,CLEAN
CLM-AE73B0C3,1000000050,Dr. Jessica Holmes,MEM000086,FAC033,2026-05-12T11:00:00,71045,73.98,Chennai,CLEAN
CLM-355F2EFC,1000000124,Dr. Helen Jones,MEM000007,FAC009,2026-06-18T13:00:00,99214,149.12,Chennai,CLEAN
CLM-943EAA5D,1000000095,Dr. Anna Henderson,MEM000306,FAC023,2026-04-20T11:00:00,93000,63.74,Chennai,CLEAN
CLM-4DFCA360,1000000027,Dr. Stephanie Ross,MEM000449,FAC042,2026-04-23T11:00:00,99214,145.61,Chennai,CLEAN
CLM-306FE9E1,1000000111,Dr. Shannon Walker,MEM000005,FAC022,2026-02-20T10:00:00,99214,143.55,Chennai,CLEAN
CLM-77EFF370,1000000034,Dr. Debra Davidson,MEM000404,FAC026,2026-03-26T09:00:00,99214,154.99,Chennai,CLEAN
CLM-101C2E15,1000000122,Dr. April Frost,MEM000982,FAC042,2026-03-10T10:00:00,71045,79.83,Chennai,CLEAN
CLM-A319AF46,1000000126,Dr. Michelle Evans,MEM000819,FAC043,2026-02-02T14:00:00,71045,80.03,Chennai,CLEAN
CLM-461F6FB8,1000000189,Dr. Jessica Gross,MEM000863,FAC024,2026-02-03T10:00:00,99213,105.85,Chennai,CLEAN
CLM-E657EF43,1000000032,Dr. Tricia Valencia,MEM000159,FAC022,2026-05-09T09:00:00,99214,136.56,Chennai,CLEAN
CLM-DEA13B03,1000000087,Dr. Christopher Bass,MEM000439,FAC038,2026-01-03T15:00:00,71045,76.63,Chennai,CLEAN
CLM-2E01F3B0,1000000124,Dr. Helen Jones,MEM000084,FAC048,2026-04-20T12:00:00,93000,55.83,Chennai,CLEAN
CLM-5C409CE4,1000000130,Dr. Elizabeth Kelley,MEM000191,FAC015,2026-03-13T10:00:00,99215,241.75,Chennai,CLEAN
CLM-C377CD26,1000000063,Dr. Donald Wright,MEM000682,FAC027,2026-02-20T16:00:00,99213,104.02,Chennai,CLEAN
CLM-77E1E4C2,1000000128,Dr. Cameron Fisher,MEM000625,FAC011,2026-02-18T11:00:00,99214,138.61,Chennai,CLEAN
CLM-F60C74A3,1000000102,Dr. Rebecca Valencia,MEM000039,FAC017,2026-02-19T11:00:00,71045,72.28,Chennai,CLEAN
CLM-02DA23CD,1000000051,Dr. Danny Morgan,MEM000093,FAC003,2026-04-08T15:00:00,93000,57.68,Chennai,CLEAN
CLM-F7BFFC90,1000000162,Dr. Lindsey Walker,MEM000236,FAC014,2026-03-28T15:00:00,71045,72.98,Chennai,CLEAN
CLM-A87E72B9,1000000109,Dr. Sharon Cochran,MEM000659,FAC003,2026-03-19T10:00:00,99215,214.0,Chennai,CLEAN
CLM-B2CA70EB,1000000089,Dr. Aimee Montoya,MEM000728,FAC026,2026-03-05T14:00:00,99213,93.64,Chennai,CLEAN
CLM-F09305DE,1000000000,Dr. Allison Hill,MEM000053,FAC042,2026-03-24T12:00:00,99215,218.77,Chennai,CLEAN
CLM-986748A1,1000000155,Dr. Michelle Brown,MEM000103,FAC027,2026-02-17T13:00:00,71045,77.82,Chennai,CLEAN
CLM-2C563F82,1000000077,Dr. Megan Young,MEM000114,FAC006,2026-06-21T09:00:00,93000,63.25,Chennai,CLEAN
CLM-80CBB1E9,1000000033,Dr. Nathan Maldonado,MEM000339,FAC023,2026-04-03T17:00:00,93000,58.46,Chennai,CLEAN
CLM-FDEC6DB7,1000000166,Dr. Alyssa Long,MEM000282,FAC013,2026-05-30T15:00:00,99213,107.74,Chennai,CLEAN
CLM-4C14C7BE,1000000033,Dr. Nathan Maldonado,MEM000644,FAC047,2026-06-04T10:00:00,99213,101.73,Chennai,CLEAN
CLM-87DD235B,1000000167,Dr. Alyssa Day,MEM000837,FAC012,2026-02-19T16:00:00,99213,91.5,Chennai,CLEAN
CLM-231E33AA,1000000139,Dr. Angel Perry,MEM000633,FAC021,2026-03-19T16:00:00,99214,151.01,Chennai,CLEAN
CLM-264A6D93,1000000039,Dr. Brittany Farmer,MEM000044,FAC008,2026-02-19T15:00:00,93000,62.54,Chennai,CLEAN
CLM-6CAB2645,1000000194,Dr. John Bishop,MEM000873,FAC035,2026-03-30T14:00:00,71045,82.08,Chennai,CLEAN
CLM-4066D803,1000000030,Dr. Rebecca Henderson,MEM000932,FAC027,2026-01-18T16:00:00,71045,80.38,Chennai,CLEAN
CLM-A99E7E83,1000000128,Dr. Cameron Fisher,MEM000809,FAC001,2026-02-12T13:00:00,99214,143.69,Chennai,CLEAN
CLM-08D97F16,1000000144,Dr. Amber Wright,MEM000062,FAC044,2026-02-18T15:00:00,71045,82.96,Chennai,CLEAN
CLM-D29FF2F1,1000000131,Dr. Dustin Jordan,MEM000994,FAC004,2026-02-12T16:00:00,93000,58.61,Chennai,CLEAN
CLM-50A7959B,1000000199,Dr. Nathan Freeman,MEM000399,FAC025,2026-06-05T13:00:00,99214,140.52,Chennai,CLEAN
CLM-0C7E4FBC,1000000040,Dr. Paula Moreno,MEM000585,FAC013,2026-06-01T09:00:00,93000,59.47,Chennai,CLEAN
CLM-2AB35B37,1000000181,Dr. Tina Sanders,MEM000737,FAC033,2026-03-08T13:00:00,99214,143.89,Chennai,CLEAN
CLM-12440C48,1000000068,Dr. James Brown,MEM000565,FAC007,2026-02-13T12:00:00,99213,100.67,Chennai,CLEAN
CLM-96531CA8,1000000074,Dr. Amy Silva,MEM000040,FAC040,2026-02-07T13:00:00,99214,143.11,Chennai,CLEAN
CLM-E9708A9D,1777777777,Dr. Synthetic-C (Upcoder),MEM000052,FAC041,2026-03-05T12:00:00,93000,55.39,Mumbai,CLEAN
CLM-FFEA65AB,1000000166,Dr. Alyssa Long,MEM000355,FAC040,2026-06-04T14:00:00,99215,201.66,Chennai,CLEAN
CLM-B704CE42,1000000180,Dr. Alexander Collins,MEM000905,FAC035,2026-03-09T11:00:00,71045,86.37,Chennai,CLEAN
CLM-C5899BF7,1000000075,Dr. Sarah Moore,MEM000332,FAC003,2026-06-10T09:00:00,99215,207.65,Chennai,CLEAN
CLM-58B9FD8A,1000000071,Dr. Whitney Peters,MEM000180,FAC016,2026-01-05T17:00:00,93000,55.28,Chennai,CLEAN
CLM-BC64503F,1000000190,Dr. Debra Morton,MEM000704,FAC024,2026-06-17T13:00:00,93000,60.61,Chennai,CLEAN
CLM-17FDAD03,1000000113,Dr. Crystal Johnson,MEM000225,FAC020,2026-03-10T12:00:00,93000,61.56,Chennai,CLEAN
CLM-3D8CBB0E,1000000192,Dr. Debra Christian,MEM000404,FAC009,2026-04-25T12:00:00,71045,77.9,Chennai,CLEAN
CLM-860F6204,1000000122,Dr. April Frost,MEM000095,FAC031,2026-02-16T16:00:00,99214,159.47,Chennai,CLEAN
CLM-7DC26503,1000000045,Dr. Philip Cannon,MEM000193,FAC036,2026-05-06T11:00:00,99215,198.93,Chennai,CLEAN
CLM-447D3B37,1000000041,Dr. Fred Smith,MEM000906,FAC011,2026-04-11T12:00:00,99213,92.87,Chennai,CLEAN
CLM-865599C4,1000000109,Dr. Sharon Cochran,MEM000251,FAC029,2026-06-15T15:00:00,99213,104.49,Chennai,CLEAN
CLM-E91B2B97,1000000035,Dr. Jeffrey Chavez,MEM000744,FAC048,2026-01-04T10:00:00,71045,78.14,Chennai,CLEAN
CLM-19CD9063,1000000028,Dr. Zachary Hicks,MEM000846,FAC000,2026-06-14T09:00:00,99214,142.45,Chennai,CLEAN
CLM-B7F247C7,1000000021,Dr. Patty Perez,MEM000274,FAC009,2026-06-10T09:00:00,99213,109.15,Chennai,CLEAN
CLM-EB7A6D01,1000000027,Dr. Stephanie Ross,MEM000555,FAC047,2026-03-28T10:00:00,99214,139.18,Chennai,CLEAN
CLM-47E3BD25,1000000194,Dr. John Bishop,MEM000576,FAC028,2026-02-11T13:00:00,99215,219.07,Chennai,CLEAN
CLM-D346267D,1000000062,Dr. Connor West,MEM000057,FAC034,2026-06-27T13:00:00,93000,55.48,Chennai,CLEAN
CLM-BF13C89A,1000000011,Dr. Jamie Arnold,MEM000105,FAC034,2026-03-17T10:00:00,93000,64.64,Chennai,CLEAN
CLM-D0C20093,1000000106,Dr. Sharon Cherry,MEM000145,FAC000,2026-02-27T09:00:00,99214,147.81,Chennai,CLEAN
CLM-63684CB8,1000000037,Dr. Cassandra Gaines,MEM000361,FAC041,2026-03-15T12:00:00,71045,82.99,Chennai,CLEAN
CLM-94E85D34,1000000183,Dr. Ashley Barton,MEM000842,FAC007,2026-05-06T11:00:00,99213,94.49,Chennai,CLEAN
CLM-50DEB524,1000000072,Dr. Brittney Phillips,MEM000365,FAC004,2026-06-07T14:00:00,99213,97.21,Chennai,CLEAN
CLM-C1A40A52,1000000021,Dr. Patty Perez,MEM000917,FAC002,2026-06-04T11:00:00,99214,147.86,Chennai,CLEAN
CLM-5580F663,1000000085,Dr. Daniel Baker,MEM000614,FAC011,2026-06-23T15:00:00,99214,161.79,Chennai,CLEAN
CLM-5C9D133A,1000000175,Dr. Alex Hernandez,MEM000308,FAC039,2026-03-15T14:00:00,99213,95.42,Chennai,CLEAN
CLM-1312C515,1000000127,Dr. Jason Powell,MEM000677,FAC023,2026-03-09T10:00:00,99213,107.23,Chennai,CLEAN
CLM-B5518DC9,1000000038,Dr. Elizabeth Fowler,MEM000796,FAC041,2026-02-07T14:00:00,99214,146.72,Chennai,CLEAN
CLM-1135E717,1000000184,Dr. Lindsay Martinez,MEM000815,FAC030,2026-01-18T10:00:00,93000,59.13,Chennai,CLEAN
CLM-3A2E5AE6,1000000186,Dr. Jonathan Peterson,MEM000285,FAC009,2026-01-24T14:00:00,99214,140.46,Chennai,CLEAN
CLM-1623BC20,1000000098,Dr. Jessica Smith,MEM000361,FAC020,2026-05-07T15:00:00,71045,83.09,Chennai,CLEAN
CLM-0D55C1F8,1000000105,Dr. Marc Moore,MEM000616,FAC040,2026-03-27T11:00:00,99214,146.5,Chennai,CLEAN
CLM-036B9851,1000000140,Dr. Cheyenne Horton,MEM000509,FAC034,2026-05-17T16:00:00,93000,60.43,Chennai,CLEAN
CLM-23ACA6C5,1000000058,Dr. Brent Jordan,MEM000393,FAC005,2026-05-29T15:00:00,93000,60.93,Chennai,CLEAN
CLM-F6106804,1000000177,Dr. Michael Wang,MEM000830,FAC047,2026-02-26T10:00:00,99214,145.85,Chennai,CLEAN
CLM-2E9FB71E,1000000052,Dr. Crystal Robinson,MEM000871,FAC001,2026-04-03T17:00:00,71045,87.32,Chennai,CLEAN
CLM-207DA3F9,1000000028,Dr. Zachary Hicks,MEM000061,FAC022,2026-04-03T11:00:00,99215,218.26,Chennai,CLEAN
CLM-6989A2D7,1000000141,Dr. David Douglas Jr.,MEM000995,FAC026,2026-03-04T12:00:00,99214,136.68,Chennai,CLEAN
CLM-7FB1433F,1000000035,Dr. Jeffrey Chavez,MEM000120,FAC044,2026-06-30T11:00:00,71045,83.73,Chennai,CLEAN
CLM-6BBC48F7,1000000178,Dr. Lawrence Adkins,MEM000988,FAC027,2026-04-06T09:00:00,99213,103.25,Chennai,CLEAN
CLM-693C5AF6,1000000018,Dr. Lisa Jackson,MEM000488,FAC038,2026-02-10T09:00:00,99214,145.96,Chennai,CLEAN
CLM-CA159F80,1000000020,Dr. Margaret Hawkins DDS,MEM000250,FAC004,2026-01-04T15:00:00,99214,157.96,Chennai,CLEAN
CLM-5F055498,1000000120,Dr. Larry Dixon,MEM000761,FAC008,2026-05-16T13:00:00,71045,78.58,Chennai,CLEAN
CLM-A1CEB047,1000000086,Dr. Shirley Suarez,MEM000454,FAC041,2026-06-27T09:00:00,99215,202.9,Chennai,CLEAN
CLM-D012DE59,1000000015,Dr. Brian Ramirez,MEM000902,FAC041,2026-01-09T11:00:00,93000,55.92,Chennai,CLEAN
CLM-75EF2162,1000000101,Dr. Cameron Parker,MEM000852,FAC027,2026-06-24T16:00:00,93000,62.54,Chennai,CLEAN
CLM-86A9AA26,1000000066,Dr. Tracy House,MEM000941,FAC036,2026-05-09T13:00:00,99214,147.71,Chennai,CLEAN
CLM-709C5A16,1000000040,Dr. Paula Moreno,MEM000278,FAC005,2026-05-14T15:00:00,99214,157.29,Chennai,CLEAN
CLM-08A62F4F,1000000102,Dr. Rebecca Valencia,MEM000633,FAC003,2026-02-26T15:00:00,99214,159.68,Chennai,CLEAN
CLM-5214B0C2,1000000143,Dr. Christopher Rubio,MEM000619,FAC004,2026-06-27T16:00:00,71045,77.01,Chennai,CLEAN
CLM-4F39BF3B,1000000164,Dr. Michael Powell,MEM000414,FAC024,2026-02-12T09:00:00,99215,226.45,Chennai,CLEAN
CLM-9E623937,1000000049,Dr. Eric Carney,MEM000276,FAC006,2026-01-27T10:00:00,99215,224.54,Chennai,CLEAN
CLM-F19C6B50,1000000085,Dr. Daniel Baker,MEM000028,FAC015,2026-03-14T11:00:00,93000,55.28,Chennai,CLEAN
CLM-ACF0133A,1000000054,Dr. Shannon Jones,MEM000611,FAC000,2026-03-21T12:00:00,93000,56.42,Chennai,CLEAN
CLM-EDC1A159,1000000008,Dr. Gabrielle Davis,MEM000246,FAC017,2026-01-22T09:00:00,93000,65.84,Chennai,CLEAN
CLM-63A2AA70,1000000123,Dr. Michelle Harmon,MEM000046,FAC003,2026-03-22T10:00:00,99215,198.37,Chennai,CLEAN
CLM-20FA6566,1000000091,Dr. Brian Rodriguez,MEM000769,FAC018,2026-04-12T17:00:00,99214,144.43,Chennai,CLEAN
CLM-6041D0B4,1000000100,Dr. Sandra Aguilar,MEM000743,FAC022,2026-02-03T10:00:00,99215,215.92,Chennai,CLEAN
CLM-4B54F608,1000000189,Dr. Jessica Gross,MEM000515,FAC006,2026-05-09T11:00:00,99213,101.74,Chennai,CLEAN
CLM-2053CC93,1000000097,Dr. Deborah Figueroa,MEM000488,FAC037,2026-01-10T13:00:00,99214,139.55,Chennai,CLEAN
CLM-FA7F0B9A,1000000118,Dr. Victor Baker,MEM000080,FAC040,2026-01-24T12:00:00,99214,159.22,Chennai,CLEAN
CLM-A245D179,1000000167,Dr. Alyssa Day,MEM000144,FAC049,2026-02-11T17:00:00,93000,65.91,Chennai,CLEAN
CLM-46E58B53,1000000155,Dr. Michelle Brown,MEM000667,FAC033,2026-03-29T16:00:00,99214,145.17,Chennai,CLEAN
CLM-25B4A4DE,1000000092,Dr. Denise Jacobs,MEM000638,FAC027,2026-01-11T15:00:00,99214,141.26,Chennai,CLEAN
CLM-9AE16A36,1000000156,Dr. Joshua Perry,MEM000621,FAC004,2026-02-09T16:00:00,99213,106.09,Chennai,CLEAN
CLM-1761AFC6,1000000036,Dr. Sherri Baker,MEM000784,FAC019,2026-05-21T10:00:00,71045,73.51,Chennai,CLEAN
CLM-E0C6A0F7,1000000080,Dr. Kelly Donovan,MEM000173,FAC018,2026-02-11T10:00:00,99215,223.37,Chennai,CLEAN
CLM-B1AF2165,1000000090,Dr. Matthew Mcmillan,MEM000091,FAC004,2026-02-15T16:00:00,99215,241.39,Chennai,CLEAN
CLM-2076ABD1,1000000065,Dr. Amber Kidd,MEM000781,FAC028,2026-06-16T11:00:00,99213,109.43,Chennai,CLEAN
CLM-45784A50,1000000124,Dr. Helen Jones,MEM000040,FAC023,2026-03-15T15:00:00,71045,85.71,Chennai,CLEAN
CLM-E80724C0,1000000174,Dr. Nicole Herring,MEM000132,FAC028,2026-04-04T17:00:00,93000,65.42,Chennai,CLEAN
CLM-FD3D7CAF,1000000095,Dr. Anna Henderson,MEM000085,FAC043,2026-04-16T17:00:00,71045,76.21,Chennai,CLEAN
CLM-FFE80448,1000000174,Dr. Nicole Herring,MEM000043,FAC039,2026-06-14T09:00:00,99214,155.99,Chennai,CLEAN
CLM-D75BCEAA,1000000143,Dr. Christopher Rubio,MEM000008,FAC009,2026-01-27T13:00:00,71045,74.53,Chennai,CLEAN
CLM-2FDFE198,1000000102,Dr. Rebecca Valencia,MEM000874,FAC004,2026-02-27T15:00:00,71045,82.71,Chennai,CLEAN
CLM-FB9DC30B,1000000089,Dr. Aimee Montoya,MEM000477,FAC029,2026-06-14T17:00:00,71045,73.75,Chennai,CLEAN
CLM-4B258E2C,1000000046,Dr. John Pierce,MEM000749,FAC006,2026-04-12T15:00:00,99214,147.05,Chennai,CLEAN
CLM-7F88811D,1000000016,Dr. Holly Wood,MEM000324,FAC021,2026-06-04T16:00:00,99214,156.07,Chennai,CLEAN
CLM-B86362BB,1000000121,Dr. Kenneth Scott,MEM000117,FAC017,2026-04-27T09:00:00,93000,55.87,Chennai,CLEAN
CLM-D23F94ED,1000000120,Dr. Larry Dixon,MEM000149,FAC040,2026-02-24T14:00:00,93000,54.38,Chennai,CLEAN
CLM-A0352626,1000000153,Dr. Devon Flores,MEM000792,FAC024,2026-01-16T14:00:00,71045,87.66,Chennai,CLEAN
CLM-D4DC968A,1000000054,Dr. Shannon Jones,MEM000055,FAC013,2026-01-06T15:00:00,99215,209.09,Chennai,CLEAN
CLM-E28F1C93,1000000045,Dr. Philip Cannon,MEM000085,FAC009,2026-01-18T13:00:00,71045,73.31,Chennai,CLEAN
CLM-C4E8C34E,1000000182,Dr. Angela Vaughn,MEM000462,FAC026,2026-05-15T12:00:00,99215,206.1,Chennai,CLEAN
CLM-ED562788,1000000013,Dr. Michele Williams,MEM000094,FAC027,2026-03-29T13:00:00,99214,140.96,Chennai,CLEAN
CLM-9A377D45,1000000107,Dr. Sierra Johnson,MEM000493,FAC030,2026-05-18T11:00:00,71045,77.68,Chennai,CLEAN
CLM-C2AC7294,1000000177,Dr. Michael Wang,MEM000584,FAC024,2026-01-03T17:00:00,93000,56.38,Chennai,CLEAN
CLM-3FB14276,1000000185,Dr. Dr. Hannah Patterson,MEM000683,FAC037,2026-06-07T11:00:00,99215,227.22,Chennai,CLEAN
CLM-35EDB0B6,1000000187,Dr. Samantha Garcia,MEM000760,FAC047,2026-03-23T09:00:00,99214,161.9,Chennai,CLEAN
CLM-3947942F,1000000037,Dr. Cassandra Gaines,MEM000511,FAC020,2026-01-30T15:00:00,99215,220.91,Chennai,CLEAN
CLM-594274AB,1000000000,Dr. Allison Hill,MEM000461,FAC008,2026-06-12T16:00:00,93000,55.17,Chennai,CLEAN
CLM-FFCF506E,1000000055,Dr. Michael Lewis,MEM000763,FAC012,2026-04-18T17:00:00,99214,153.03,Chennai,CLEAN
CLM-9296BBE2,1000000055,Dr. Michael Lewis,MEM000356,FAC013,2026-02-18T09:00:00,99215,233.81,Chennai,CLEAN
CLM-2736D189,1000000004,Dr. Cristian Santos,MEM000309,FAC019,2026-05-09T10:00:00,71045,82.38,Chennai,CLEAN
CLM-F37499B2,1000000116,Dr. William Herrera,MEM000423,FAC026,2026-04-01T14:00:00,93000,59.11,Chennai,CLEAN
CLM-0AD75F75,1000000195,Dr. Allen Rosales,MEM000343,FAC007,2026-02-15T16:00:00,71045,77.97,Chennai,CLEAN
CLM-39F886E5,1000000141,Dr. David Douglas Jr.,MEM000609,FAC010,2026-05-19T15:00:00,71045,76.56,Chennai,CLEAN
CLM-B1C03E1C,1000000168,Dr. Joel Williams,MEM000705,FAC043,2026-04-22T13:00:00,93000,65.25,Chennai,CLEAN
CLM-32141BE5,1000000025,Dr. Judy Baker,MEM000089,FAC006,2026-01-23T09:00:00,93000,65.19,Chennai,CLEAN
CLM-605A067C,1000000026,Dr. Justin Baker,MEM000508,FAC047,2026-06-09T17:00:00,99213,102.67,Chennai,CLEAN
CLM-72232A44,1000000128,Dr. Cameron Fisher,MEM000595,FAC002,2026-06-20T13:00:00,71045,75.39,Chennai,CLEAN
CLM-1487BFCD,1000000198,Dr. Adam Vaughan,MEM000465,FAC035,2026-04-08T10:00:00,99214,160.69,Chennai,CLEAN
CLM-3D1114F0,1000000031,Dr. James Ferrell,MEM000359,FAC029,2026-04-16T15:00:00,99213,108.79,Chennai,CLEAN
CLM-ED48C24A,1999999999,Dr. Synthetic-A (Phantom),MEM000229,FAC032,2026-03-14T13:00:00,99215,211.53,Chennai,CLEAN
CLM-63598838,1000000106,Dr. Sharon Cherry,MEM000689,FAC015,2026-01-02T15:00:00,99213,90.31,Chennai,CLEAN
CLM-59D9B963,1000000039,Dr. Brittany Farmer,MEM000809,FAC023,2026-05-13T14:00:00,99215,205.5,Chennai,CLEAN
CLM-29E9B3A5,1000000146,Dr. Victoria Larson,MEM000440,FAC015,2026-05-23T15:00:00,99214,153.49,Chennai,CLEAN
CLM-54604204,1000000100,Dr. Sandra Aguilar,MEM000848,FAC003,2026-05-28T15:00:00,99214,163.18,Chennai,CLEAN
CLM-892E378C,1000000099,Dr. Stephen Mckee,MEM000745,FAC011,2026-04-14T14:00:00,93000,55.9,Chennai,CLEAN
CLM-71759D3E,1000000059,Dr. John Daniel,MEM000101,FAC045,2026-02-02T17:00:00,99213,102.63,Chennai,CLEAN
CLM-052C40AA,1999999999,Dr. Synthetic-A (Phantom),MEM000401,FAC048,2026-06-10T13:00:00,93000,55.91,Chennai,CLEAN
CLM-E0979220,1000000082,Dr. Michael Evans,MEM000208,FAC005,2026-01-24T09:00:00,71045,72.18,Chennai,CLEAN
CLM-E1CD850E,1000000197,Dr. Spencer Haynes,MEM000607,FAC009,2026-01-08T17:00:00,99213,101.44,Chennai,CLEAN
CLM-0CC860F4,1000000006,Dr. Abigail Shaffer,MEM000760,FAC046,2026-02-03T16:00:00,99215,206.21,Chennai,CLEAN
CLM-EC9BC908,1000000167,Dr. Alyssa Day,MEM000919,FAC014,2026-03-18T12:00:00,93000,64.09,Chennai,CLEAN
CLM-5BFEEB17,1000000185,Dr. Dr. Hannah Patterson,MEM000798,FAC024,2026-03-08T09:00:00,99215,201.65,Chennai,CLEAN
CLM-ED378A26,1000000036,Dr. Sherri Baker,MEM000642,FAC001,2026-06-13T10:00:00,99213,99.18,Chennai,CLEAN
CLM-D665E85E,1000000152,Dr. Denise Jones,MEM000125,FAC006,2026-02-06T13:00:00,99215,237.36,Chennai,CLEAN
CLM-DD80C758,1000000023,Dr. Tommy Walter,MEM000079,FAC031,2026-04-03T12:00:00,71045,73.61,Chennai,CLEAN
CLM-85A3BD6E,1000000005,Dr. Connie Lawrence,MEM000423,FAC004,2026-05-05T10:00:00,99214,155.62,Chennai,CLEAN
CLM-1B51FA4A,1000000096,Dr. Aaron Wise,MEM000911,FAC020,2026-06-12T16:00:00,99214,140.39,Chennai,CLEAN
CLM-79AF4D09,1000000002,Dr. Angie Henderson,MEM000925,FAC011,2026-06-18T09:00:00,99213,109.52,Chennai,CLEAN
CLM-14267F0D,1000000088,Dr. Lisa Archer,MEM000495,FAC039,2026-06-03T17:00:00,99213,93.17,Chennai,CLEAN
CLM-8DE0B9FD,1000000189,Dr. Jessica Gross,MEM000260,FAC007,2026-02-19T09:00:00,93000,54.28,Chennai,CLEAN
CLM-3C21065D,1000000131,Dr. Dustin Jordan,MEM000779,FAC009,2026-02-25T14:00:00,99213,107.97,Chennai,CLEAN
CLM-53D80101,1000000007,Dr. Gina Moore,MEM000335,FAC008,2026-02-26T10:00:00,99214,143.03,Chennai,CLEAN
CLM-75BA2562,1000000123,Dr. Michelle Harmon,MEM000204,FAC005,2026-03-31T17:00:00,99215,218.55,Chennai,CLEAN
CLM-E209C772,1000000126,Dr. Michelle Evans,MEM000446,FAC032,2026-04-13T12:00:00,99215,205.61,Chennai,CLEAN
CLM-B4D8F858,1000000175,Dr. Alex Hernandez,MEM000866,FAC045,2026-03-13T15:00:00,99213,101.67,Chennai,CLEAN
CLM-9868DD50,1000000196,Dr. Daniel Salinas,MEM000601,FAC019,2026-02-12T12:00:00,71045,78.94,Chennai,CLEAN
CLM-98F5FBD1,1000000114,Dr. Garrett Lin,MEM000433,FAC038,2026-03-11T14:00:00,93000,55.29,Chennai,CLEAN
CLM-9C86412C,1000000098,Dr. Jessica Smith,MEM000439,FAC012,2026-05-26T14:00:00,99215,237.51,Chennai,CLEAN
CLM-A112A5E3,1000000016,Dr. Holly Wood,MEM000460,FAC010,2026-01-09T17:00:00,99215,223.82,Chennai,CLEAN
CLM-F1EB35E1,1000000075,Dr. Sarah Moore,MEM000618,FAC041,2026-05-16T14:00:00,71045,72.48,Chennai,CLEAN
CLM-0A4FCEA9,1000000046,Dr. John Pierce,MEM000828,FAC020,2026-04-20T11:00:00,99215,208.79,Chennai,CLEAN
CLM-DE4EC7A5,1000000055,Dr. Michael Lewis,MEM000672,FAC023,2026-04-06T11:00:00,99215,203.38,Chennai,CLEAN
CLM-5B0BE813,1000000081,Dr. Mike Allen,MEM000704,FAC000,2026-03-26T12:00:00,71045,81.08,Chennai,CLEAN
CLM-C23BD869,1000000082,Dr. Michael Evans,MEM000920,FAC014,2026-05-24T10:00:00,71045,76.54,Chennai,CLEAN
CLM-28A2EB7E,1000000054,Dr. Shannon Jones,MEM000539,FAC013,2026-01-27T17:00:00,99215,229.52,Chennai,CLEAN
CLM-E184FC17,1000000171,Dr. Darlene Miller,MEM000076,FAC036,2026-06-15T15:00:00,71045,77.08,Chennai,CLEAN
CLM-33ACA53C,1000000081,Dr. Mike Allen,MEM000202,FAC012,2026-01-13T16:00:00,71045,72.75,Chennai,CLEAN
CLM-B35F6764,1000000070,Dr. Jordan Henderson,MEM000431,FAC007,2026-02-01T16:00:00,99214,153.04,Chennai,CLEAN
CLM-3D518878,1000000151,Dr. Pamela Boyd,MEM000392,FAC015,2026-05-28T09:00:00,99215,198.78,Chennai,CLEAN
CLM-EE5DF610,1999999999,Dr. Synthetic-A (Phantom),MEM000876,FAC036,2026-01-02T16:00:00,99215,203.77,Chennai,CLEAN
CLM-F27D8A1B,1000000103,Dr. Christine Wright,MEM000037,FAC034,2026-05-16T09:00:00,99215,226.37,Chennai,CLEAN
CLM-C3AAABBD,1000000017,Dr. Derek Zuniga,MEM000481,FAC006,2026-04-17T13:00:00,99215,211.96,Chennai,CLEAN
CLM-204A60A1,1000000088,Dr. Lisa Archer,MEM000409,FAC005,2026-05-23T14:00:00,71045,81.8,Chennai,CLEAN
CLM-77390B76,1000000100,Dr. Sandra Aguilar,MEM000305,FAC044,2026-04-27T16:00:00,99213,106.86,Chennai,CLEAN
CLM-75E733D4,1000000158,Dr. Melissa Gates,MEM000105,FAC001,2026-02-27T09:00:00,99213,92.77,Chennai,CLEAN
CLM-27EC9E0C,1000000082,Dr. Michael Evans,MEM000882,FAC044,2026-04-22T12:00:00,99214,137.64,Chennai,CLEAN
CLM-D0C3810F,1000000185,Dr. Dr. Hannah Patterson,MEM000923,FAC023,2026-05-18T09:00:00,99213,95.19,Chennai,CLEAN
CLM-31687C8C,1999999999,Dr. Synthetic-A (Phantom),MEM000044,FAC007,2026-01-13T13:00:00,99213,95.27,Chennai,CLEAN
CLM-921CAFCC,1000000176,Dr. Michael Elliott,MEM000627,FAC024,2026-03-11T11:00:00,99214,152.5,Chennai,CLEAN
CLM-6A854E0C,1000000030,Dr. Rebecca Henderson,MEM000129,FAC020,2026-02-07T15:00:00,71045,82.69,Chennai,CLEAN
CLM-A8CAE11F,1000000133,Dr. Daniel Kennedy,MEM000540,FAC015,2026-05-28T16:00:00,71045,87.62,Chennai,CLEAN
CLM-2E593ED5,1000000082,Dr. Michael Evans,MEM000791,FAC046,2026-05-04T12:00:00,99213,95.28,Chennai,CLEAN
CLM-52237F83,1000000075,Dr. Sarah Moore,MEM000728,FAC005,2026-04-01T17:00:00,99214,154.78,Chennai,CLEAN
CLM-2E94E81F,1000000188,Dr. Madison Poole,MEM000876,FAC013,2026-06-27T10:00:00,99213,109.44,Chennai,CLEAN
CLM-C22DFBB6,1000000015,Dr. Brian Ramirez,MEM000217,FAC000,2026-06-21T12:00:00,71045,85.1,Chennai,CLEAN
CLM-13AC692A,1000000048,Dr. Joshua Blair,MEM000499,FAC006,2026-03-29T12:00:00,93000,63.14,Chennai,CLEAN
CLM-B6D1895A,1000000131,Dr. Dustin Jordan,MEM000879,FAC020,2026-03-21T16:00:00,99214,160.43,Chennai,CLEAN
CLM-5AC289B2,1000000027,Dr. Stephanie Ross,MEM000936,FAC008,2026-02-26T14:00:00,71045,87.6,Chennai,CLEAN
CLM-F2601D19,1000000158,Dr. Melissa Gates,MEM000525,FAC012,2026-04-13T12:00:00,99213,95.56,Chennai,CLEAN
CLM-C7523315,1000000042,Dr. Sherry Decker,MEM000702,FAC019,2026-05-28T10:00:00,99214,148.83,Chennai,CLEAN
CLM-41363401,1000000027,Dr. Stephanie Ross,MEM000762,FAC007,2026-03-03T09:00:00,71045,74.99,Chennai,CLEAN
CLM-67249624,1000000007,Dr. Gina Moore,MEM000487,FAC042,2026-05-16T16:00:00,99215,209.69,Chennai,CLEAN
CLM-E66E0E1B,1000000140,Dr. Cheyenne Horton,MEM000086,FAC022,2026-04-21T12:00:00,99214,146.91,Chennai,CLEAN
CLM-DD7776F1,1000000110,Dr. Richard Rodriguez,MEM000520,FAC021,2026-01-14T16:00:00,99215,214.27,Chennai,CLEAN
CLM-BE76F1EC,1000000012,Dr. Lisa Hensley,MEM000664,FAC024,2026-04-19T12:00:00,99215,206.34,Chennai,CLEAN
CLM-FE125DB4,1000000045,Dr. Philip Cannon,MEM000608,FAC017,2026-05-16T16:00:00,93000,59.2,Chennai,CLEAN
CLM-0CBAADE5,1000000174,Dr. Nicole Herring,MEM000051,FAC041,2026-03-05T10:00:00,99214,138.46,Chennai,CLEAN
CLM-4630B978,1000000009,Dr. Ryan Munoz,MEM000589,FAC017,2026-03-03T10:00:00,93000,55.21,Chennai,CLEAN
CLM-CB5AD9B3,1000000057,Dr. Richard Aguirre,MEM000903,FAC039,2026-06-29T15:00:00,71045,78.29,Chennai,CLEAN
CLM-E0F4F8C5,1000000056,Dr. Timothy Duncan,MEM000751,FAC044,2026-03-10T16:00:00,99214,140.13,Chennai,CLEAN
CLM-2889640A,1000000052,Dr. Crystal Robinson,MEM000355,FAC040,2026-03-15T13:00:00,99213,91.88,Chennai,CLEAN
CLM-CF1EE9A7,1000000128,Dr. Cameron Fisher,MEM000929,FAC044,2026-06-09T16:00:00,99215,235.51,Chennai,CLEAN
CLM-30EAFE8B,1000000176,Dr. Michael Elliott,MEM000244,FAC010,2026-03-22T10:00:00,99214,140.62,Chennai,CLEAN
CLM-3D8ABE27,1000000116,Dr. William Herrera,MEM000145,FAC000,2026-06-20T16:00:00,71045,77.34,Chennai,CLEAN
CLM-8AB99367,1000000045,Dr. Philip Cannon,MEM000997,FAC016,2026-01-20T11:00:00,99213,101.88,Chennai,CLEAN
CLM-DC1D99A4,1000000121,Dr. Kenneth Scott,MEM000597,FAC000,2026-05-06T12:00:00,71045,73.75,Chennai,CLEAN
CLM-58F212F0,1000000004,Dr. Cristian Santos,MEM000580,FAC043,2026-03-16T12:00:00,93000,60.04,Chennai,CLEAN
CLM-B73E050A,1000000193,Dr. Angelica Keith,MEM000150,FAC049,2026-01-25T10:00:00,99215,233.37,Chennai,CLEAN
CLM-1F57FBD2,1000000085,Dr. Daniel Baker,MEM000463,FAC031,2026-03-31T17:00:00,99215,227.19,Chennai,CLEAN
CLM-F1189A07,1000000064,Dr. Jessica Callahan,MEM000373,FAC029,2026-01-04T14:00:00,99215,229.25,Chennai,CLEAN
CLM-645C697D,1000000132,Dr. Mary Marshall,MEM000793,FAC042,2026-06-02T16:00:00,99213,95.4,Chennai,CLEAN
CLM-A77DCB62,1000000132,Dr. Mary Marshall,MEM000745,FAC040,2026-01-06T11:00:00,71045,85.7,Chennai,CLEAN
CLM-E3D130C4,1000000168,Dr. Joel Williams,MEM000145,FAC022,2026-05-08T09:00:00,99214,152.33,Chennai,CLEAN
CLM-3A7BC81E,1000000178,Dr. Lawrence Adkins,MEM000996,FAC027,2026-04-03T12:00:00,99213,93.88,Chennai,CLEAN
CLM-0A6793FA,1000000096,Dr. Aaron Wise,MEM000654,FAC006,2026-03-12T17:00:00,71045,87.8,Chennai,CLEAN
CLM-AB6DCEF1,1000000134,Dr. Rebecca Jackson,MEM000179,FAC016,2026-06-23T14:00:00,99215,215.21,Chennai,CLEAN
CLM-3EFB06B2,1000000106,Dr. Sharon Cherry,MEM000967,FAC017,2026-03-21T12:00:00,99213,101.59,Chennai,CLEAN
CLM-3FC33BFC,1000000179,Dr. Robert Oconnell,MEM000351,FAC039,2026-02-01T15:00:00,71045,81.07,Chennai,CLEAN
CLM-A23D3AC5,1777777777,Dr. Synthetic-C (Upcoder),MEM000811,FAC022,2026-03-15T10:00:00,99213,99.98,Mumbai,CLEAN
CLM-77CC6B09,1000000175,Dr. Alex Hernandez,MEM000150,FAC029,2026-06-24T11:00:00,93000,65.6,Chennai,CLEAN
CLM-0969EFA0,1000000159,Dr. Jamie Smith,MEM000571,FAC042,2026-02-11T13:00:00,71045,76.61,Chennai,CLEAN
CLM-05DD5D9F,1000000075,Dr. Sarah Moore,MEM000015,FAC029,2026-01-11T12:00:00,99215,234.32,Chennai,CLEAN
CLM-FB9BC224,1000000031,Dr. James Ferrell,MEM000054,FAC031,2026-03-20T09:00:00,71045,77.64,Chennai,CLEAN
CLM-F156A568,1000000000,Dr. Allison Hill,MEM000051,FAC016,2026-02-05T14:00:00,99215,232.55,Chennai,CLEAN
CLM-A7B43C54,1000000128,Dr. Cameron Fisher,MEM000681,FAC049,2026-05-24T11:00:00,99213,104.26,Chennai,CLEAN
CLM-B0DDB387,1000000036,Dr. Sherri Baker,MEM000750,FAC012,2026-04-21T10:00:00,99215,207.63,Chennai,CLEAN
CLM-B959C4DE,1000000121,Dr. Kenneth Scott,MEM000955,FAC022,2026-03-05T15:00:00,71045,78.39,Chennai,CLEAN
CLM-928EFC3A,1000000025,Dr. Judy Baker,MEM000914,FAC016,2026-03-19T13:00:00,99214,151.92,Chennai,CLEAN
CLM-29C9BA47,1000000173,Dr. Matthew Harrington,MEM000896,FAC020,2026-05-29T11:00:00,99214,142.5,Chennai,CLEAN
CLM-A3D628AC,1000000106,Dr. Sharon Cherry,MEM000567,FAC012,2026-03-19T13:00:00,99213,95.95,Chennai,CLEAN
CLM-070AFCB9,1000000160,Dr. Paul Castaneda,MEM000472,FAC034,2026-02-16T15:00:00,71045,73.54,Chennai,CLEAN
CLM-A63AAD9D,1000000134,Dr. Rebecca Jackson,MEM000452,FAC044,2026-03-22T17:00:00,99215,218.61,Chennai,CLEAN
CLM-FE5BAF62,1000000109,Dr. Sharon Cochran,MEM000477,FAC026,2026-04-16T16:00:00,99213,108.25,Chennai,CLEAN
CLM-45D4E28F,1000000006,Dr. Abigail Shaffer,MEM000980,FAC049,2026-04-18T10:00:00,99214,153.46,Chennai,CLEAN
CLM-35B55980,1000000077,Dr. Megan Young,MEM000805,FAC015,2026-05-29T17:00:00,99215,203.6,Chennai,CLEAN
CLM-7F6FCEE0,1000000139,Dr. Angel Perry,MEM000921,FAC036,2026-03-17T09:00:00,71045,74.01,Chennai,CLEAN
CLM-B249E1A3,1000000171,Dr. Darlene Miller,MEM000006,FAC029,2026-05-13T16:00:00,99213,91.69,Chennai,CLEAN
CLM-3A696247,1000000069,Dr. William Baker,MEM000849,FAC041,2026-01-28T14:00:00,93000,55.17,Chennai,CLEAN
CLM-213EC4F4,1000000074,Dr. Amy Silva,MEM000579,FAC030,2026-06-26T14:00:00,99213,92.43,Chennai,CLEAN
CLM-AE0B2EC8,1000000149,Dr. Stephanie Manning,MEM000690,FAC032,2026-01-14T12:00:00,93000,55.73,Chennai,CLEAN
CLM-DBD91DDD,1000000189,Dr. Jessica Gross,MEM000990,FAC031,2026-02-04T12:00:00,99214,144.03,Chennai,CLEAN
CLM-7BFFA53D,1000000079,Dr. Lisa Barnes,MEM000736,FAC000,2026-05-05T12:00:00,99213,91.34,Chennai,CLEAN
CLM-7F577132,1000000039,Dr. Brittany Farmer,MEM000618,FAC007,2026-05-14T10:00:00,99214,141.13,Chennai,CLEAN
CLM-62527159,1000000121,Dr. Kenneth Scott,MEM000025,FAC032,2026-04-24T15:00:00,99213,108.52,Chennai,CLEAN
CLM-222494F2,1000000076,Dr. Angela Lopez,MEM000414,FAC030,2026-02-17T12:00:00,93000,57.12,Chennai,CLEAN
CLM-047E5B80,1000000156,Dr. Joshua Perry,MEM000697,FAC028,2026-06-18T10:00:00,71045,74.34,Chennai,CLEAN
CLM-6DDF7855,1000000005,Dr. Connie Lawrence,MEM000189,FAC009,2026-06-18T12:00:00,99214,150.35,Chennai,CLEAN
CLM-6ABD6C6C,1000000179,Dr. Robert Oconnell,MEM000559,FAC012,2026-05-02T16:00:00,99215,210.74,Chennai,CLEAN
CLM-D13B4DF8,1000000025,Dr. Judy Baker,MEM000982,FAC037,2026-05-07T14:00:00,99215,215.21,Chennai,CLEAN
CLM-1780E36D,1000000178,Dr. Lawrence Adkins,MEM000819,FAC006,2026-04-29T15:00:00,71045,74.37,Chennai,CLEAN
CLM-D08187B6,1000000072,Dr. Brittney Phillips,MEM000468,FAC007,2026-05-25T15:00:00,99213,101.61,Chennai,CLEAN
CLM-2CB7AB42,1000000008,Dr. Gabrielle Davis,MEM000660,FAC041,2026-06-18T16:00:00,99213,108.16,Chennai,CLEAN
CLM-D97E6F74,1000000090,Dr. Matthew Mcmillan,MEM000985,FAC008,2026-04-30T16:00:00,99215,198.4,Chennai,CLEAN
CLM-EA9CA6AD,1000000040,Dr. Paula Moreno,MEM000366,FAC032,2026-05-09T12:00:00,99215,237.71,Chennai,CLEAN
CLM-04925220,1000000134,Dr. Rebecca Jackson,MEM000399,FAC032,2026-01-17T11:00:00,99214,145.56,Chennai,CLEAN
CLM-3CC4DE69,1000000184,Dr. Lindsay Martinez,MEM000576,FAC021,2026-04-28T11:00:00,99215,232.54,Chennai,CLEAN
CLM-09ED9579,1000000168,Dr. Joel Williams,MEM000310,FAC025,2026-01-18T16:00:00,71045,87.4,Chennai,CLEAN
CLM-EBA822A1,1000000155,Dr. Michelle Brown,MEM000674,FAC011,2026-05-28T17:00:00,93000,57.11,Chennai,CLEAN
CLM-31909E57,1000000178,Dr. Lawrence Adkins,MEM000331,FAC037,2026-05-29T14:00:00,93000,61.41,Chennai,CLEAN
CLM-2706EEBB,1000000103,Dr. Christine Wright,MEM000069,FAC002,2026-01-08T11:00:00,99214,137.9,Chennai,CLEAN
CLM-3A07B18D,1000000027,Dr. Stephanie Ross,MEM000511,FAC043,2026-05-02T14:00:00,99214,164.44,Chennai,CLEAN
CLM-7F251202,1000000187,Dr. Samantha Garcia,MEM000814,FAC015,2026-01-27T11:00:00,71045,84.09,Chennai,CLEAN
CLM-80F56F4D,1000000107,Dr. Sierra Johnson,MEM000944,FAC004,2026-01-16T13:00:00,99213,90.75,Chennai,CLEAN
CLM-7E4630B4,1000000191,Dr. Karen Graham,MEM000074,FAC028,2026-04-06T09:00:00,99214,144.63,Chennai,CLEAN
CLM-B83A7D5A,1000000178,Dr. Lawrence Adkins,MEM000460,FAC024,2026-02-04T17:00:00,99214,140.87,Chennai,CLEAN
CLM-48836D53,1000000125,Dr. Erin Edwards,MEM000448,FAC043,2026-03-15T12:00:00,99214,157.26,Chennai,CLEAN
CLM-40E328E9,1000000111,Dr. Shannon Walker,MEM000833,FAC033,2026-02-19T10:00:00,93000,54.29,Chennai,CLEAN
CLM-6ED30AAE,1000000171,Dr. Darlene Miller,MEM000098,FAC013,2026-01-09T11:00:00,99213,97.19,Chennai,CLEAN
CLM-83D48EC3,1000000104,Dr. Richard Henson,MEM000581,FAC034,2026-01-19T14:00:00,99214,155.47,Chennai,CLEAN
CLM-4B7ECA20,1000000186,Dr. Jonathan Peterson,MEM000657,FAC033,2026-05-08T12:00:00,99214,152.11,Chennai,CLEAN
CLM-93A5019E,1000000121,Dr. Kenneth Scott,MEM000512,FAC022,2026-04-02T17:00:00,99214,159.05,Chennai,CLEAN
CLM-366FC866,1000000112,Dr. Julia Torres,MEM000437,FAC040,2026-04-07T10:00:00,93000,54.94,Chennai,CLEAN
CLM-C28FEA2F,1999999999,Dr. Synthetic-A (Phantom),MEM000529,FAC019,2026-01-26T10:00:00,71045,75.69,Chennai,CLEAN
CLM-BCE61944,1000000153,Dr. Devon Flores,MEM000553,FAC021,2026-01-06T12:00:00,99215,238.58,Chennai,CLEAN
CLM-031CADF0,1000000064,Dr. Jessica Callahan,MEM000399,FAC045,2026-04-02T10:00:00,99214,164.04,Chennai,CLEAN
CLM-7574E63A,1000000019,Dr. Carla Gray,MEM000547,FAC036,2026-03-03T17:00:00,93000,60.0,Chennai,CLEAN
CLM-187387D4,1000000102,Dr. Rebecca Valencia,MEM000633,FAC003,2026-05-20T10:00:00,93000,59.65,Chennai,CLEAN
CLM-921CE98B,1000000067,Dr. Carol Tucker,MEM000668,FAC001,2026-01-09T14:00:00,71045,76.17,Chennai,CLEAN
CLM-7ABCB9DD,1000000085,Dr. Daniel Baker,MEM000909,FAC048,2026-01-16T11:00:00,99214,151.41,Chennai,CLEAN
CLM-0FA87BE0,1000000187,Dr. Samantha Garcia,MEM000337,FAC048,2026-06-19T09:00:00,99214,149.81,Chennai,CLEAN
CLM-A01F58DA,1000000144,Dr. Amber Wright,MEM000926,FAC039,2026-06-29T09:00:00,99215,241.17,Chennai,CLEAN
CLM-B89C2988,1000000106,Dr. Sharon Cherry,MEM000612,FAC047,2026-06-06T10:00:00,93000,59.75,Chennai,CLEAN
CLM-64447C96,1000000033,Dr. Nathan Maldonado,MEM000277,FAC046,2026-01-11T10:00:00,99213,99.93,Chennai,CLEAN
CLM-37EBFA1D,1000000057,Dr. Richard Aguirre,MEM000665,FAC022,2026-04-21T16:00:00,99215,232.39,Chennai,CLEAN
CLM-14D9B61F,1000000058,Dr. Brent Jordan,MEM000021,FAC003,2026-01-07T12:00:00,93000,61.3,Chennai,CLEAN
CLM-0FB5DC7F,1000000097,Dr. Deborah Figueroa,MEM000698,FAC043,2026-01-05T17:00:00,71045,72.83,Chennai,CLEAN
CLM-EC0B6FD4,1000000196,Dr. Daniel Salinas,MEM000386,FAC044,2026-02-02T15:00:00,71045,80.79,Chennai,CLEAN
CLM-21627C0F,1000000029,Dr. Anthony Rodriguez,MEM000448,FAC007,2026-06-07T14:00:00,99215,206.52,Chennai,CLEAN
CLM-723C7772,1000000111,Dr. Shannon Walker,MEM000940,FAC003,2026-03-02T12:00:00,99213,101.77,Chennai,CLEAN
CLM-1E271A88,1000000058,Dr. Brent Jordan,MEM000422,FAC047,2026-05-18T09:00:00,99213,107.47,Chennai,CLEAN
CLM-5F250DF7,1000000063,Dr. Donald Wright,MEM000832,FAC003,2026-01-20T09:00:00,99214,148.16,Chennai,CLEAN
CLM-0A262259,1000000072,Dr. Brittney Phillips,MEM000044,FAC020,2026-03-31T12:00:00,99215,203.71,Chennai,CLEAN
CLM-7F8BC60A,1000000101,Dr. Cameron Parker,MEM000490,FAC042,2026-02-01T10:00:00,99213,95.0,Chennai,CLEAN
CLM-6E0D7849,1000000139,Dr. Angel Perry,MEM000210,FAC031,2026-06-30T14:00:00,99214,148.31,Chennai,CLEAN
CLM-9896651E,1000000077,Dr. Megan Young,MEM000964,FAC023,2026-05-22T13:00:00,99214,150.81,Chennai,CLEAN
CLM-26E6FF02,1000000068,Dr. James Brown,MEM000326,FAC044,2026-05-19T17:00:00,99213,91.08,Chennai,CLEAN
CLM-DB3EBBAD,1000000105,Dr. Marc Moore,MEM000722,FAC039,2026-05-05T13:00:00,99213,94.07,Chennai,CLEAN
CLM-A002326E,1000000035,Dr. Jeffrey Chavez,MEM000861,FAC033,2026-03-01T13:00:00,93000,56.53,Chennai,CLEAN
CLM-B9E95B53,1000000095,Dr. Anna Henderson,MEM000742,FAC009,2026-01-10T12:00:00,71045,82.4,Chennai,CLEAN
CLM-D238BA3B,1000000116,Dr. William Herrera,MEM000975,FAC007,2026-01-06T16:00:00,99213,95.41,Chennai,CLEAN
CLM-56C53404,1000000150,Dr. David Wright,MEM000393,FAC019,2026-01-22T09:00:00,99215,235.6,Chennai,CLEAN
CLM-E2524797,1000000098,Dr. Jessica Smith,MEM000507,FAC001,2026-04-08T15:00:00,71045,72.71,Chennai,CLEAN
CLM-CAE6A61D,1000000052,Dr. Crystal Robinson,MEM000388,FAC011,2026-06-18T15:00:00,93000,54.63,Chennai,CLEAN
CLM-28F46FBF,1000000078,Dr. Steve Sanchez,MEM000032,FAC034,2026-03-31T09:00:00,93000,63.05,Chennai,CLEAN
CLM-1D7F3BC5,1000000086,Dr. Shirley Suarez,MEM000944,FAC016,2026-06-01T12:00:00,99213,96.82,Chennai,CLEAN
CLM-BB0AEE3F,1000000159,Dr. Jamie Smith,MEM000444,FAC027,2026-01-15T10:00:00,93000,58.66,Chennai,CLEAN
CLM-F9672814,1000000184,Dr. Lindsay Martinez,MEM000954,FAC043,2026-03-15T17:00:00,71045,78.78,Chennai,CLEAN
CLM-9FD1C51B,1000000184,Dr. Lindsay Martinez,MEM000581,FAC049,2026-05-13T13:00:00,99214,163.81,Chennai,CLEAN
CLM-A09ACC9D,1000000119,Dr. Jeffrey Chandler,MEM000763,FAC015,2026-02-03T09:00:00,99215,233.18,Chennai,CLEAN
CLM-E2AF18A3,1000000070,Dr. Jordan Henderson,MEM000087,FAC015,2026-05-19T13:00:00,99215,223.13,Chennai,CLEAN
CLM-99BC1825,1000000009,Dr. Ryan Munoz,MEM000630,FAC017,2026-04-03T13:00:00,99215,232.43,Chennai,CLEAN
CLM-C35AD0D8,1000000197,Dr. Spencer Haynes,MEM000622,FAC000,2026-02-01T13:00:00,93000,61.93,Chennai,CLEAN
CLM-CF1752A9,1000000067,Dr. Carol Tucker,MEM000867,FAC011,2026-04-24T16:00:00,99213,98.8,Chennai,CLEAN
CLM-211F891E,1000000119,Dr. Jeffrey Chandler,MEM000037,FAC022,2026-05-03T17:00:00,99214,147.26,Chennai,CLEAN
CLM-A3DAF476,1000000148,Dr. Kathy Rivas,MEM000961,FAC005,2026-03-12T17:00:00,99215,239.94,Chennai,CLEAN
CLM-11E51213,1000000112,Dr. Julia Torres,MEM000184,FAC016,2026-03-12T13:00:00,71045,74.04,Chennai,CLEAN
CLM-900CA83E,1000000161,Dr. Jennifer Adkins,MEM000178,FAC009,2026-06-08T09:00:00,99214,138.43,Chennai,CLEAN
CLM-12D20EB3,1000000009,Dr. Ryan Munoz,MEM000188,FAC043,2026-05-10T16:00:00,93000,57.81,Chennai,CLEAN
CLM-45518984,1000000141,Dr. David Douglas Jr.,MEM000734,FAC014,2026-01-16T13:00:00,99215,198.71,Chennai,CLEAN
CLM-3620DCF2,1000000090,Dr. Matthew Mcmillan,MEM000553,FAC045,2026-01-12T12:00:00,99215,202.8,Chennai,CLEAN
CLM-F86104CA,1000000129,Dr. Megan Orr,MEM000454,FAC007,2026-05-11T10:00:00,99214,141.12,Chennai,CLEAN
CLM-371441A3,1000000146,Dr. Victoria Larson,MEM000380,FAC043,2026-04-17T10:00:00,71045,86.01,Chennai,CLEAN
CLM-8AB3CCB5,1000000036,Dr. Sherri Baker,MEM000025,FAC020,2026-06-05T14:00:00,99215,240.9,Chennai,CLEAN
CLM-2EF7DD7E,1000000166,Dr. Alyssa Long,MEM000383,FAC030,2026-03-17T09:00:00,99214,146.05,Chennai,CLEAN
CLM-2FE50C4B,1000000074,Dr. Amy Silva,MEM000952,FAC009,2026-06-01T09:00:00,99213,102.18,Chennai,CLEAN
CLM-6B5C705A,1000000080,Dr. Kelly Donovan,MEM000523,FAC045,2026-05-11T14:00:00,99214,146.37,Chennai,CLEAN
CLM-271DD19C,1000000149,Dr. Stephanie Manning,MEM000033,FAC042,2026-02-08T15:00:00,99213,109.1,Chennai,CLEAN
CLM-F2540B21,1000000057,Dr. Richard Aguirre,MEM000578,FAC032,2026-05-28T17:00:00,71045,80.62,Chennai,CLEAN
CLM-04C65330,1000000031,Dr. James Ferrell,MEM000867,FAC033,2026-01-14T16:00:00,93000,60.24,Chennai,CLEAN
CLM-0B3E1BC5,1000000081,Dr. Mike Allen,MEM000275,FAC012,2026-05-28T13:00:00,99214,144.86,Chennai,CLEAN
CLM-B5A17ABC,1000000196,Dr. Daniel Salinas,MEM000370,FAC014,2026-04-27T14:00:00,99213,103.86,Chennai,CLEAN
CLM-52AD49C9,1000000113,Dr. Crystal Johnson,MEM000750,FAC026,2026-04-03T10:00:00,99215,222.66,Chennai,CLEAN
CLM-B2E290B3,1000000019,Dr. Carla Gray,MEM000936,FAC023,2026-06-17T16:00:00,93000,56.76,Chennai,CLEAN
CLM-09F0CD9C,1888888888,Dr. Synthetic-B (Teleport),MEM000428,FAC014,2026-05-26T11:00:00,93000,56.94,Chennai,CLEAN
CLM-D1A31DB1,1000000104,Dr. Richard Henson,MEM000690,FAC037,2026-06-20T11:00:00,93000,57.12,Chennai,CLEAN
CLM-900F16CB,1000000073,Dr. Lauren Daniels,MEM000349,FAC020,2026-01-31T10:00:00,71045,78.74,Chennai,CLEAN
CLM-873BD0D1,1000000037,Dr. Cassandra Gaines,MEM000589,FAC031,2026-06-11T12:00:00,99214,161.29,Chennai,CLEAN
CLM-1F644359,1000000003,Dr. Daniel Wagner,MEM000170,FAC007,2026-04-18T13:00:00,93000,62.54,Chennai,CLEAN
CLM-DB5E55AC,1000000120,Dr. Larry Dixon,MEM000760,FAC006,2026-02-02T09:00:00,71045,72.38,Chennai,CLEAN
CLM-AA51F73E,1000000042,Dr. Sherry Decker,MEM000074,FAC008,2026-05-12T17:00:00,71045,86.47,Chennai,CLEAN
CLM-16E5F019,1000000090,Dr. Matthew Mcmillan,MEM000130,FAC025,2026-06-28T17:00:00,99214,156.36,Chennai,CLEAN
CLM-3FD5FF93,1000000030,Dr. Rebecca Henderson,MEM000344,FAC021,2026-06-01T10:00:00,99213,91.48,Chennai,CLEAN
CLM-B06164E0,1000000090,Dr. Matthew Mcmillan,MEM000972,FAC028,2026-04-15T16:00:00,71045,76.63,Chennai,CLEAN
CLM-4187EB95,1000000122,Dr. April Frost,MEM000716,FAC008,2026-02-16T17:00:00,99213,93.05,Chennai,CLEAN
CLM-02009988,1000000001,Dr. Noah Rhodes,MEM000607,FAC037,2026-04-05T16:00:00,71045,77.13,Chennai,CLEAN
CLM-E697E855,1000000045,Dr. Philip Cannon,MEM000520,FAC046,2026-05-31T13:00:00,99213,94.65,Chennai,CLEAN
CLM-0142803E,1000000126,Dr. Michelle Evans,MEM000349,FAC003,2026-05-25T17:00:00,93000,60.96,Chennai,CLEAN
CLM-3120FD02,1000000109,Dr. Sharon Cochran,MEM000292,FAC020,2026-04-09T14:00:00,99214,163.61,Chennai,CLEAN
CLM-4C659EA0,1000000010,Dr. Monica Herrera,MEM000833,FAC047,2026-02-23T15:00:00,93000,57.34,Chennai,CLEAN
CLM-B25F0878,1000000157,Dr. Jason Stein,MEM000321,FAC006,2026-03-30T13:00:00,99214,138.56,Chennai,CLEAN
CLM-FA22996B,1000000070,Dr. Jordan Henderson,MEM000498,FAC028,2026-02-27T11:00:00,99215,239.33,Chennai,CLEAN
CLM-F92065B9,1000000066,Dr. Tracy House,MEM000620,FAC048,2026-01-28T12:00:00,99215,204.2,Chennai,CLEAN
CLM-7C40831A,1000000052,Dr. Crystal Robinson,MEM000565,FAC032,2026-02-13T09:00:00,93000,64.83,Chennai,CLEAN
CLM-B7E5CBFD,1000000138,Dr. David Alvarez,MEM000550,FAC012,2026-01-02T16:00:00,99213,97.39,Chennai,CLEAN
CLM-ED766E92,1000000072,Dr. Brittney Phillips,MEM000964,FAC036,2026-04-20T16:00:00,93000,55.51,Chennai,CLEAN
CLM-96E09B9C,1000000116,Dr. William Herrera,MEM000302,FAC007,2026-06-30T10:00:00,71045,86.22,Chennai,CLEAN
CLM-19C514EA,1000000126,Dr. Michelle Evans,MEM000269,FAC005,2026-02-05T13:00:00,99213,109.37,Chennai,CLEAN
CLM-8B9052A6,1000000020,Dr. Margaret Hawkins DDS,MEM000762,FAC014,2026-01-20T14:00:00,99214,150.21,Chennai,CLEAN
CLM-026698E7,1000000070,Dr. Jordan Henderson,MEM000464,FAC040,2026-05-12T10:00:00,99215,237.26,Chennai,CLEAN
CLM-028C4D15,1000000009,Dr. Ryan Munoz,MEM000443,FAC006,2026-06-30T17:00:00,99215,206.38,Chennai,CLEAN
CLM-3193A067,1000000142,Dr. Patricia Rodriguez,MEM000676,FAC040,2026-01-10T09:00:00,99214,139.11,Chennai,CLEAN
CLM-C267BF4A,1000000096,Dr. Aaron Wise,MEM000893,FAC014,2026-06-22T12:00:00,99215,218.69,Chennai,CLEAN
CLM-ABF200BD,1000000124,Dr. Helen Jones,MEM000833,FAC011,2026-05-08T13:00:00,99214,140.96,Chennai,CLEAN
CLM-2B9423F6,1000000022,Dr. Ethan Adams,MEM000973,FAC033,2026-02-24T09:00:00,71045,73.08,Chennai,CLEAN
CLM-EE2AB749,1000000142,Dr. Patricia Rodriguez,MEM000625,FAC013,2026-02-15T09:00:00,71045,83.01,Chennai,CLEAN
CLM-EC97AB6A,1000000157,Dr. Jason Stein,MEM000389,FAC040,2026-05-30T12:00:00,99215,219.31,Chennai,CLEAN
CLM-98ED7875,1000000168,Dr. Joel Williams,MEM000977,FAC011,2026-03-18T12:00:00,99215,227.39,Chennai,CLEAN
CLM-530EFBA3,1000000125,Dr. Erin Edwards,MEM000815,FAC040,2026-04-11T14:00:00,93000,59.77,Chennai,CLEAN
CLM-0AF3D32F,1000000024,Dr. Matthew Foster,MEM000224,FAC007,2026-03-15T15:00:00,71045,77.21,Chennai,CLEAN
CLM-0D80BB3F,1000000169,Dr. Daniel Murphy,MEM000435,FAC007,2026-02-15T16:00:00,99215,227.07,Chennai,CLEAN
CLM-C1EDEA93,1000000088,Dr. Lisa Archer,MEM000713,FAC025,2026-06-30T11:00:00,71045,85.44,Chennai,CLEAN
CLM-4C29831E,1000000125,Dr. Erin Edwards,MEM000615,FAC026,2026-06-25T12:00:00,99213,95.82,Chennai,CLEAN
CLM-ACA68EA1,1000000129,Dr. Megan Orr,MEM000220,FAC026,2026-01-16T17:00:00,99215,209.51,Chennai,CLEAN
CLM-F124BD8D,1000000081,Dr. Mike Allen,MEM000421,FAC025,2026-04-24T15:00:00,71045,76.17,Chennai,CLEAN
CLM-6C539BDB,1000000013,Dr. Michele Williams,MEM000274,FAC031,2026-02-26T14:00:00,99213,96.17,Chennai,CLEAN
CLM-1E179871,1000000104,Dr. Richard Henson,MEM000226,FAC036,2026-02-12T17:00:00,99214,158.39,Chennai,CLEAN
CLM-D5F1BA09,1000000028,Dr. Zachary Hicks,MEM000970,FAC039,2026-06-06T14:00:00,99214,153.15,Chennai,CLEAN
CLM-30BAA51A,1000000005,Dr. Connie Lawrence,MEM000973,FAC046,2026-01-06T15:00:00,99213,105.61,Chennai,CLEAN
CLM-81A9B515,1000000085,Dr. Daniel Baker,MEM000934,FAC022,2026-05-22T10:00:00,99213,100.37,Chennai,CLEAN
CLM-19162A0A,1000000092,Dr. Denise Jacobs,MEM000548,FAC012,2026-02-10T17:00:00,71045,85.76,Chennai,CLEAN
CLM-D89C2FDB,1000000058,Dr. Brent Jordan,MEM000297,FAC010,2026-04-06T14:00:00,71045,75.45,Chennai,CLEAN
CLM-9DBE172E,1000000187,Dr. Samantha Garcia,MEM000254,FAC000,2026-01-10T09:00:00,93000,55.23,Chennai,CLEAN
CLM-319718EA,1000000101,Dr. Cameron Parker,MEM000810,FAC031,2026-01-11T11:00:00,99215,211.26,Chennai,CLEAN
CLM-0203D560,1000000058,Dr. Brent Jordan,MEM000646,FAC049,2026-06-26T12:00:00,99213,95.45,Chennai,CLEAN
CLM-153A9BA8,1000000031,Dr. James Ferrell,MEM000832,FAC024,2026-06-17T15:00:00,99214,159.55,Chennai,CLEAN
CLM-3BD30FE7,1000000069,Dr. William Baker,MEM000882,FAC005,2026-01-20T10:00:00,93000,62.67,Chennai,CLEAN
CLM-5A4194BD,1000000195,Dr. Allen Rosales,MEM000750,FAC026,2026-01-06T09:00:00,93000,61.26,Chennai,CLEAN
CLM-29DA66E6,1000000038,Dr. Elizabeth Fowler,MEM000097,FAC047,2026-05-31T15:00:00,99214,159.94,Chennai,CLEAN
CLM-C2D6458B,1000000079,Dr. Lisa Barnes,MEM000803,FAC020,2026-04-19T17:00:00,99213,96.04,Chennai,CLEAN
CLM-863E6BC5,1000000117,Dr. Ashley Waller,MEM000207,FAC006,2026-03-09T16:00:00,71045,76.66,Chennai,CLEAN
CLM-26707EBB,1000000023,Dr. Tommy Walter,MEM000227,FAC026,2026-05-24T13:00:00,71045,76.55,Chennai,CLEAN
CLM-1BCB3308,1000000179,Dr. Robert Oconnell,MEM000546,FAC032,2026-03-04T15:00:00,99213,109.86,Chennai,CLEAN
CLM-6477F4CF,1000000186,Dr. Jonathan Peterson,MEM000403,FAC023,2026-05-20T10:00:00,71045,75.58,Chennai,CLEAN
CLM-5810E320,1000000006,Dr. Abigail Shaffer,MEM000406,FAC049,2026-03-01T16:00:00,99215,218.98,Chennai,CLEAN
CLM-FDFE7679,1000000027,Dr. Stephanie Ross,MEM000658,FAC019,2026-03-27T11:00:00,99213,91.91,Chennai,CLEAN
CLM-42017A51,1000000043,Dr. Anthony Humphrey,MEM000212,FAC031,2026-06-01T12:00:00,99213,92.83,Chennai,CLEAN
CLM-7DA5941A,1000000157,Dr. Jason Stein,MEM000858,FAC030,2026-05-14T12:00:00,99213,105.35,Chennai,CLEAN
CLM-9BD852E1,1000000064,Dr. Jessica Callahan,MEM000421,FAC019,2026-03-28T11:00:00,99213,96.43,Chennai,CLEAN
CLM-32B27A56,1000000144,Dr. Amber Wright,MEM000613,FAC026,2026-01-02T13:00:00,99214,157.65,Chennai,CLEAN
CLM-F4CA6D19,1000000125,Dr. Erin Edwards,MEM000558,FAC031,2026-03-22T12:00:00,99215,218.3,Chennai,CLEAN
CLM-133F3B4F,1000000123,Dr. Michelle Harmon,MEM000526,FAC035,2026-01-21T10:00:00,71045,83.19,Chennai,CLEAN
CLM-101F68A1,1000000096,Dr. Aaron Wise,MEM000130,FAC048,2026-01-04T11:00:00,93000,62.98,Chennai,CLEAN
CLM-1A5D5B5B,1000000042,Dr. Sherry Decker,MEM000202,FAC028,2026-01-30T09:00:00,71045,79.92,Chennai,CLEAN
CLM-408802AB,1000000160,Dr. Paul Castaneda,MEM000822,FAC033,2026-05-05T11:00:00,93000,59.02,Chennai,CLEAN
CLM-0214D638,1000000002,Dr. Angie Henderson,MEM000303,FAC007,2026-04-22T13:00:00,99215,220.99,Chennai,CLEAN
CLM-0DDF0EAE,1000000157,Dr. Jason Stein,MEM000910,FAC023,2026-05-25T11:00:00,99214,143.71,Chennai,CLEAN
CLM-A55AF8EC,1000000175,Dr. Alex Hernandez,MEM000209,FAC039,2026-04-06T17:00:00,93000,57.01,Chennai,CLEAN
CLM-7DD1AEC4,1000000118,Dr. Victor Baker,MEM000215,FAC021,2026-02-04T11:00:00,93000,62.58,Chennai,CLEAN
CLM-19A6A6ED,1000000121,Dr. Kenneth Scott,MEM000010,FAC020,2026-04-17T11:00:00,99214,149.11,Chennai,CLEAN
CLM-FA3A1585,1000000001,Dr. Noah Rhodes,MEM000319,FAC044,2026-02-18T12:00:00,99213,100.75,Chennai,CLEAN
CLM-9A52A304,1000000084,Dr. Zachary Ferrell,MEM000096,FAC003,2026-06-09T16:00:00,93000,55.88,Chennai,CLEAN
CLM-7F49334D,1000000089,Dr. Aimee Montoya,MEM000651,FAC035,2026-02-27T14:00:00,99213,108.56,Chennai,CLEAN
CLM-0185CA4F,1000000070,Dr. Jordan Henderson,MEM000291,FAC027,2026-05-30T13:00:00,99215,225.48,Chennai,CLEAN
CLM-1EF02D5D,1000000103,Dr. Christine Wright,MEM000956,FAC016,2026-05-24T17:00:00,99214,137.32,Chennai,CLEAN
CLM-638F1FC8,1000000039,Dr. Brittany Farmer,MEM000105,FAC046,2026-02-25T13:00:00,99214,142.89,Chennai,CLEAN
CLM-C1093B8F,1000000026,Dr. Justin Baker,MEM000129,FAC033,2026-05-31T15:00:00,99215,223.33,Chennai,CLEAN
CLM-2EC07488,1000000151,Dr. Pamela Boyd,MEM000619,FAC017,2026-06-07T16:00:00,99214,140.04,Chennai,CLEAN
CLM-583DBFD9,1999999999,Dr. Synthetic-A (Phantom),MEM000237,FAC013,2026-01-24T11:00:00,99214,139.94,Chennai,CLEAN
CLM-9F65CA15,1000000000,Dr. Allison Hill,MEM000331,FAC004,2026-01-14T11:00:00,93000,63.69,Chennai,CLEAN
CLM-4287C565,1000000108,Dr. Evelyn Galvan,MEM000680,FAC030,2026-03-25T13:00:00,93000,63.12,Chennai,CLEAN
CLM-52B326A9,1000000061,Dr. Gerald Hensley,MEM000573,FAC025,2026-04-07T15:00:00,71045,77.68,Chennai,CLEAN
CLM-D9D884D1,1000000133,Dr. Daniel Kennedy,MEM000324,FAC033,2026-01-21T12:00:00,99214,163.36,Chennai,CLEAN
CLM-66DC18BA,1000000071,Dr. Whitney Peters,MEM000728,FAC009,2026-04-22T17:00:00,71045,79.84,Chennai,CLEAN
CLM-B69EDB63,1888888888,Dr. Synthetic-B (Teleport),MEM000256,FAC043,2026-01-31T17:00:00,71045,82.43,Chennai,CLEAN
CLM-334472DA,1000000045,Dr. Philip Cannon,MEM000025,FAC023,2026-04-30T14:00:00,71045,75.42,Chennai,CLEAN
CLM-E41BB823,1000000143,Dr. Christopher Rubio,MEM000897,FAC012,2026-04-08T14:00:00,99214,163.0,Chennai,CLEAN
CLM-C1045034,1000000002,Dr. Angie Henderson,MEM000200,FAC028,2026-04-03T17:00:00,99214,135.17,Chennai,CLEAN
CLM-9816E3AB,1000000079,Dr. Lisa Barnes,MEM000336,FAC006,2026-04-05T13:00:00,93000,65.06,Chennai,CLEAN
CLM-04E82B12,1000000155,Dr. Michelle Brown,MEM000279,FAC002,2026-06-15T13:00:00,71045,78.37,Chennai,CLEAN
CLM-3E9B9FC7,1000000178,Dr. Lawrence Adkins,MEM000721,FAC016,2026-03-12T09:00:00,93000,63.88,Chennai,CLEAN
CLM-2BD6D5BF,1000000183,Dr. Ashley Barton,MEM000949,FAC030,2026-06-05T16:00:00,71045,74.78,Chennai,CLEAN
CLM-328C6715,1000000191,Dr. Karen Graham,MEM000895,FAC041,2026-05-20T10:00:00,99213,97.39,Chennai,CLEAN
CLM-CC10EC1A,1000000156,Dr. Joshua Perry,MEM000915,FAC045,2026-02-09T11:00:00,99214,137.48,Chennai,CLEAN
CLM-7E66771E,1000000030,Dr. Rebecca Henderson,MEM000057,FAC028,2026-06-13T09:00:00,99215,202.29,Chennai,CLEAN
CLM-7ABD422B,1000000139,Dr. Angel Perry,MEM000284,FAC012,2026-06-17T09:00:00,99215,234.84,Chennai,CLEAN
CLM-BEDDBA49,1000000081,Dr. Mike Allen,MEM000919,FAC045,2026-02-13T14:00:00,93000,54.17,Chennai,CLEAN
CLM-AF2415B4,1000000170,Dr. Jamie Walton,MEM000412,FAC026,2026-06-20T09:00:00,99213,93.86,Chennai,CLEAN
CLM-A26D1B05,1000000194,Dr. John Bishop,MEM000513,FAC009,2026-03-10T10:00:00,99214,148.3,Chennai,CLEAN
CLM-34526CBD,1000000070,Dr. Jordan Henderson,MEM000623,FAC012,2026-06-26T17:00:00,71045,74.77,Chennai,CLEAN
CLM-2EE4AECB,1000000191,Dr. Karen Graham,MEM000862,FAC000,2026-03-21T13:00:00,93000,58.21,Chennai,CLEAN
CLM-A6D1A7E9,1000000087,Dr. Christopher Bass,MEM000477,FAC036,2026-06-28T10:00:00,93000,65.16,Chennai,CLEAN
CLM-02B4F2FE,1000000022,Dr. Ethan Adams,MEM000119,FAC005,2026-02-16T10:00:00,99214,144.53,Chennai,CLEAN
CLM-8D563AB8,1000000160,Dr. Paul Castaneda,MEM000988,FAC001,2026-02-13T09:00:00,99214,154.14,Chennai,CLEAN
CLM-CF3DF98E,1000000117,Dr. Ashley Waller,MEM000083,FAC046,2026-03-05T13:00:00,99214,157.42,Chennai,CLEAN
CLM-C7D8BD9E,1000000188,Dr. Madison Poole,MEM000135,FAC019,2026-01-14T15:00:00,99215,205.83,Chennai,CLEAN
CLM-9D8F09F8,1000000035,Dr. Jeffrey Chavez,MEM000578,FAC020,2026-04-16T12:00:00,99214,143.18,Chennai,CLEAN
CLM-69E82889,1000000051,Dr. Danny Morgan,MEM000181,FAC018,2026-03-08T16:00:00,99215,202.07,Chennai,CLEAN
CLM-ACB968D3,1000000090,Dr. Matthew Mcmillan,MEM000592,FAC023,2026-03-31T17:00:00,71045,85.27,Chennai,CLEAN
CLM-4AFF8243,1000000175,Dr. Alex Hernandez,MEM000851,FAC010,2026-01-10T15:00:00,99214,151.14,Chennai,CLEAN
CLM-3957B621,1000000053,Dr. Mark Perez,MEM000719,FAC027,2026-03-30T13:00:00,99214,145.27,Chennai,CLEAN
CLM-1539CB98,1000000128,Dr. Cameron Fisher,MEM000564,FAC047,2026-03-10T10:00:00,93000,63.28,Chennai,CLEAN
CLM-28041178,1000000066,Dr. Tracy House,MEM000223,FAC029,2026-03-08T09:00:00,99213,100.34,Chennai,CLEAN
CLM-E3043B94,1000000161,Dr. Jennifer Adkins,MEM000190,FAC030,2026-02-05T16:00:00,93000,57.88,Chennai,CLEAN
CLM-836E6838,1000000144,Dr. Amber Wright,MEM000386,FAC042,2026-05-31T09:00:00,99215,228.86,Chennai,CLEAN
CLM-89F3E1EA,1000000161,Dr. Jennifer Adkins,MEM000367,FAC000,2026-02-10T15:00:00,71045,77.36,Chennai,CLEAN
CLM-6F8AB25B,1000000165,Dr. John Anderson,MEM000924,FAC006,2026-02-17T14:00:00,99215,205.16,Chennai,CLEAN
CLM-3B7313D2,1000000139,Dr. Angel Perry,MEM000190,FAC048,2026-01-06T16:00:00,93000,59.48,Chennai,CLEAN
CLM-3804245D,1000000147,Dr. Stephanie Salazar,MEM000711,FAC027,2026-04-13T16:00:00,99214,142.58,Chennai,CLEAN
CLM-05D169FF,1000000095,Dr. Anna Henderson,MEM000615,FAC021,2026-05-04T15:00:00,99215,199.77,Chennai,CLEAN
CLM-A2DD6FDC,1000000059,Dr. John Daniel,MEM000781,FAC032,2026-01-28T15:00:00,71045,84.39,Chennai,CLEAN
CLM-65B451CC,1000000147,Dr. Stephanie Salazar,MEM000410,FAC037,2026-01-08T11:00:00,93000,56.0,Chennai,CLEAN
CLM-DBA43735,1000000076,Dr. Angela Lopez,MEM000907,FAC038,2026-06-28T17:00:00,99214,163.54,Chennai,CLEAN
CLM-C38B0EE3,1000000145,Dr. Joyce Solis,MEM000769,FAC008,2026-02-03T14:00:00,99213,109.41,Chennai,CLEAN
CLM-D612F786,1000000079,Dr. Lisa Barnes,MEM000811,FAC049,2026-02-06T14:00:00,71045,78.34,Chennai,CLEAN
CLM-BFB5290C,1000000117,Dr. Ashley Waller,MEM000000,FAC042,2026-02-07T12:00:00,99214,144.04,Chennai,CLEAN
CLM-24C2BFCD,1000000020,Dr. Margaret Hawkins DDS,MEM000189,FAC015,2026-02-22T15:00:00,99213,104.48,Chennai,CLEAN
CLM-47957B19,1000000039,Dr. Brittany Farmer,MEM000701,FAC035,2026-04-06T09:00:00,71045,74.55,Chennai,CLEAN
CLM-A5FF1946,1000000025,Dr. Judy Baker,MEM000482,FAC035,2026-06-25T15:00:00,99214,162.38,Chennai,CLEAN
CLM-F4F65DF0,1000000171,Dr. Darlene Miller,MEM000385,FAC029,2026-06-30T12:00:00,99213,97.75,Chennai,CLEAN
CLM-B50B774C,1000000081,Dr. Mike Allen,MEM000781,FAC008,2026-04-13T14:00:00,99215,234.07,Chennai,CLEAN
CLM-CC35B65D,1000000186,Dr. Jonathan Peterson,MEM000893,FAC027,2026-06-02T15:00:00,93000,54.86,Chennai,CLEAN
CLM-6AE6FEA1,1000000125,Dr. Erin Edwards,MEM000685,FAC047,2026-05-31T09:00:00,99214,161.57,Chennai,CLEAN
CLM-D8545AA8,1000000045,Dr. Philip Cannon,MEM000786,FAC015,2026-04-05T14:00:00,99215,220.06,Chennai,CLEAN
CLM-77BD8799,1000000000,Dr. Allison Hill,MEM000625,FAC038,2026-04-12T10:00:00,99214,139.14,Chennai,CLEAN
CLM-9693D16E,1000000048,Dr. Joshua Blair,MEM000045,FAC013,2026-03-19T15:00:00,99213,96.79,Chennai,CLEAN
CLM-C0A7CC5F,1000000167,Dr. Alyssa Day,MEM000184,FAC027,2026-02-08T13:00:00,99215,215.02,Chennai,CLEAN
CLM-53C5198C,1000000123,Dr. Michelle Harmon,MEM000035,FAC016,2026-04-18T11:00:00,99214,146.95,Chennai,CLEAN
CLM-3D38B675,1000000132,Dr. Mary Marshall,MEM000854,FAC006,2026-04-30T10:00:00,99215,228.19,Chennai,CLEAN
CLM-AA45B2B4,1000000025,Dr. Judy Baker,MEM000671,FAC025,2026-01-04T11:00:00,99215,203.66,Chennai,CLEAN
CLM-3E4F039E,1000000129,Dr. Megan Orr,MEM000393,FAC043,2026-04-27T09:00:00,71045,82.46,Chennai,CLEAN
CLM-A5A51EF9,1000000171,Dr. Darlene Miller,MEM000411,FAC027,2026-01-14T13:00:00,71045,76.14,Chennai,CLEAN
CLM-6B2387F6,1000000162,Dr. Lindsey Walker,MEM000118,FAC038,2026-04-26T17:00:00,99215,232.36,Chennai,CLEAN
CLM-5AD9BFBB,1000000182,Dr. Angela Vaughn,MEM000343,FAC034,2026-04-04T10:00:00,99214,164.42,Chennai,CLEAN
CLM-EE718122,1000000136,Dr. Robert Potter,MEM000777,FAC024,2026-06-22T10:00:00,99214,135.21,Chennai,CLEAN
CLM-3EDD8413,1000000181,Dr. Tina Sanders,MEM000604,FAC016,2026-02-20T17:00:00,93000,62.73,Chennai,CLEAN
CLM-3E07CEB3,1000000116,Dr. William Herrera,MEM000445,FAC003,2026-04-29T13:00:00,99213,92.43,Chennai,CLEAN
CLM-934CA86C,1000000125,Dr. Erin Edwards,MEM000471,FAC023,2026-01-13T14:00:00,99215,216.73,Chennai,CLEAN
CLM-453BB785,1000000172,Dr. Joshua Cooke,MEM000303,FAC049,2026-01-07T17:00:00,99215,205.86,Chennai,CLEAN
CLM-8B3FBDAA,1000000091,Dr. Brian Rodriguez,MEM000427,FAC001,2026-04-25T14:00:00,99215,225.98,Chennai,CLEAN
CLM-80232F92,1000000152,Dr. Denise Jones,MEM000114,FAC022,2026-01-10T17:00:00,71045,75.98,Chennai,CLEAN
CLM-C3477F49,1000000021,Dr. Patty Perez,MEM000547,FAC006,2026-02-02T11:00:00,71045,78.9,Chennai,CLEAN
CLM-6DB7FB37,1000000070,Dr. Jordan Henderson,MEM000353,FAC029,2026-06-26T12:00:00,93000,60.83,Chennai,CLEAN
CLM-E06B2BDA,1000000010,Dr. Monica Herrera,MEM000078,FAC020,2026-04-06T09:00:00,99214,153.28,Chennai,CLEAN
CLM-3A21A842,1000000185,Dr. Dr. Hannah Patterson,MEM000653,FAC006,2026-04-08T17:00:00,99213,96.76,Chennai,CLEAN
CLM-E363960B,1000000163,Dr. Jeffrey Johnson,MEM000767,FAC019,2026-04-19T15:00:00,99213,93.68,Chennai,CLEAN
CLM-824864C1,1000000191,Dr. Karen Graham,MEM000263,FAC046,2026-06-17T10:00:00,71045,87.44,Chennai,CLEAN
CLM-D4BFF7F3,1000000049,Dr. Eric Carney,MEM000584,FAC016,2026-03-19T17:00:00,93000,64.25,Chennai,CLEAN
CLM-830DD335,1000000062,Dr. Connor West,MEM000710,FAC003,2026-04-06T16:00:00,99214,157.82,Chennai,CLEAN
CLM-0C8D655A,1000000111,Dr. Shannon Walker,MEM000281,FAC047,2026-06-26T11:00:00,99215,220.07,Chennai,CLEAN
CLM-414B5ADE,1000000011,Dr. Jamie Arnold,MEM000619,FAC025,2026-02-16T13:00:00,99215,198.22,Chennai,CLEAN
CLM-4BE95D4F,1000000053,Dr. Mark Perez,MEM000019,FAC026,2026-06-18T11:00:00,99215,209.75,Chennai,CLEAN
CLM-302B9961,1000000153,Dr. Devon Flores,MEM000809,FAC040,2026-03-23T10:00:00,99214,141.74,Chennai,CLEAN
CLM-F816E9E1,1000000181,Dr. Tina Sanders,MEM000332,FAC014,2026-01-17T13:00:00,93000,63.92,Chennai,CLEAN
CLM-49E121C5,1000000150,Dr. David Wright,MEM000430,FAC040,2026-06-02T14:00:00,93000,58.67,Chennai,CLEAN
CLM-788C733C,1000000142,Dr. Patricia Rodriguez,MEM000012,FAC021,2026-03-29T14:00:00,99215,234.2,Chennai,CLEAN
CLM-A4D466F5,1000000038,Dr. Elizabeth Fowler,MEM000473,FAC047,2026-05-08T12:00:00,93000,62.37,Chennai,CLEAN
CLM-38F5B25E,1000000172,Dr. Joshua Cooke,MEM000399,FAC016,2026-04-14T09:00:00,93000,65.61,Chennai,CLEAN
CLM-D6E0EED1,1000000161,Dr. Jennifer Adkins,MEM000498,FAC035,2026-03-30T10:00:00,99214,157.44,Chennai,CLEAN
CLM-B53E0001,1000000135,Dr. Jose Schultz,MEM000378,FAC019,2026-03-16T14:00:00,71045,82.79,Chennai,CLEAN
CLM-719F1216,1000000007,Dr. Gina Moore,MEM000159,FAC039,2026-05-30T11:00:00,93000,58.22,Chennai,CLEAN
CLM-3E59306B,1000000110,Dr. Richard Rodriguez,MEM000425,FAC048,2026-01-06T13:00:00,93000,62.93,Chennai,CLEAN
CLM-9ACE0999,1000000060,Dr. Victoria Garcia,MEM000384,FAC034,2026-02-03T15:00:00,93000,65.39,Chennai,CLEAN
CLM-57992B6B,1000000031,Dr. James Ferrell,MEM000099,FAC025,2026-02-25T12:00:00,99213,101.41,Chennai,CLEAN
CLM-E11C13FD,1000000045,Dr. Philip Cannon,MEM000885,FAC010,2026-04-13T17:00:00,71045,77.63,Chennai,CLEAN
CLM-F74F5A1F,1000000055,Dr. Michael Lewis,MEM000428,FAC038,2026-03-13T14:00:00,99215,225.73,Chennai,CLEAN
CLM-5D6C76C2,1000000170,Dr. Jamie Walton,MEM000905,FAC043,2026-06-12T14:00:00,93000,60.43,Chennai,CLEAN
CLM-9A4E48EB,1000000100,Dr. Sandra Aguilar,MEM000230,FAC025,2026-05-07T16:00:00,99215,234.35,Chennai,CLEAN
CLM-37A054FA,1000000115,Dr. Diana May,MEM000160,FAC011,2026-04-13T13:00:00,99213,100.65,Chennai,CLEAN
CLM-E457FAC6,1000000085,Dr. Daniel Baker,MEM000781,FAC029,2026-06-17T11:00:00,99213,97.67,Chennai,CLEAN
CLM-07CD7FD6,1000000167,Dr. Alyssa Day,MEM000428,FAC026,2026-04-16T12:00:00,99213,102.38,Chennai,CLEAN
CLM-2330A08A,1000000035,Dr. Jeffrey Chavez,MEM000624,FAC039,2026-05-09T10:00:00,93000,60.85,Chennai,CLEAN
CLM-022D51B3,1000000104,Dr. Richard Henson,MEM000968,FAC001,2026-03-25T12:00:00,99214,152.08,Chennai,CLEAN
CLM-2D9ADE5F,1000000120,Dr. Larry Dixon,MEM000700,FAC005,2026-04-05T09:00:00,93000,64.6,Chennai,CLEAN
CLM-4F0D19AC,1000000167,Dr. Alyssa Day,MEM000398,FAC035,2026-05-11T12:00:00,99214,148.73,Chennai,CLEAN
CLM-9BBCAD83,1000000185,Dr. Dr. Hannah Patterson,MEM000895,FAC015,2026-02-14T16:00:00,99214,144.68,Chennai,CLEAN
CLM-023670AA,1000000075,Dr. Sarah Moore,MEM000066,FAC001,2026-02-22T16:00:00,71045,75.92,Chennai,CLEAN
CLM-8CDDF99C,1000000154,Dr. Brenda Hall,MEM000454,FAC015,2026-02-15T16:00:00,93000,61.7,Chennai,CLEAN
CLM-B3BC2A23,1000000154,Dr. Brenda Hall,MEM000857,FAC021,2026-02-10T12:00:00,71045,83.55,Chennai,CLEAN
CLM-3E8EB5B4,1000000017,Dr. Derek Zuniga,MEM000007,FAC047,2026-01-09T15:00:00,93000,65.95,Chennai,CLEAN
CLM-EAC8F492,1000000098,Dr. Jessica Smith,MEM000072,FAC026,2026-03-08T17:00:00,99213,104.32,Chennai,CLEAN
CLM-1185F04E,1000000155,Dr. Michelle Brown,MEM000662,FAC034,2026-01-07T16:00:00,71045,85.24,Chennai,CLEAN
CLM-DA6AA90A,1000000015,Dr. Brian Ramirez,MEM000299,FAC025,2026-01-11T14:00:00,71045,83.47,Chennai,CLEAN
CLM-FFF4D9FF,1000000130,Dr. Elizabeth Kelley,MEM000644,FAC041,2026-04-23T15:00:00,99213,92.07,Chennai,CLEAN
CLM-D54D0D20,1000000067,Dr. Carol Tucker,MEM000776,FAC037,2026-01-29T11:00:00,99215,216.17,Chennai,CLEAN
CLM-44F04798,1000000086,Dr. Shirley Suarez,MEM000145,FAC015,2026-05-04T12:00:00,99215,202.27,Chennai,CLEAN
CLM-561DBB7E,1000000164,Dr. Michael Powell,MEM000710,FAC004,2026-04-28T16:00:00,99214,157.71,Chennai,CLEAN
CLM-AF98D2DD,1000000087,Dr. Christopher Bass,MEM000302,FAC044,2026-04-24T14:00:00,71045,83.19,Chennai,CLEAN
CLM-5D3FD6F1,1000000145,Dr. Joyce Solis,MEM000281,FAC038,2026-01-10T11:00:00,99214,150.65,Chennai,CLEAN
CLM-2E7568F8,1000000006,Dr. Abigail Shaffer,MEM000226,FAC023,2026-05-25T14:00:00,99215,211.49,Chennai,CLEAN
CLM-516DCE9B,1000000183,Dr. Ashley Barton,MEM000162,FAC036,2026-06-12T13:00:00,71045,83.41,Chennai,CLEAN
CLM-81C02E53,1000000172,Dr. Joshua Cooke,MEM000301,FAC009,2026-06-27T11:00:00,99214,153.22,Chennai,CLEAN
CLM-1A7ADE64,1000000098,Dr. Jessica Smith,MEM000263,FAC040,2026-02-28T09:00:00,99214,152.5,Chennai,CLEAN
CLM-B07FD230,1000000037,Dr. Cassandra Gaines,MEM000598,FAC000,2026-03-08T14:00:00,93000,62.95,Chennai,CLEAN
CLM-ECD18F3C,1000000132,Dr. Mary Marshall,MEM000415,FAC030,2026-06-08T11:00:00,99215,226.33,Chennai,CLEAN
CLM-A9C03ECE,1000000150,Dr. David Wright,MEM000873,FAC032,2026-03-22T17:00:00,99215,214.63,Chennai,CLEAN
CLM-61F87309,1000000124,Dr. Helen Jones,MEM000663,FAC010,2026-05-15T16:00:00,99214,149.52,Chennai,CLEAN
CLM-48FCFF30,1000000097,Dr. Deborah Figueroa,MEM000014,FAC042,2026-01-17T14:00:00,99214,144.28,Chennai,CLEAN
CLM-D4FB5928,1000000057,Dr. Richard Aguirre,MEM000153,FAC017,2026-06-05T10:00:00,99214,145.7,Chennai,CLEAN
CLM-8481D049,1000000117,Dr. Ashley Waller,MEM000583,FAC040,2026-01-04T17:00:00,99214,157.24,Chennai,CLEAN
CLM-C60EC52D,1000000093,Dr. Christina Walters,MEM000680,FAC002,2026-04-13T10:00:00,99215,220.33,Chennai,CLEAN
CLM-3DF08A3E,1000000069,Dr. William Baker,MEM000566,FAC034,2026-05-18T10:00:00,99213,98.93,Chennai,CLEAN
CLM-3E2383DF,1000000133,Dr. Daniel Kennedy,MEM000253,FAC015,2026-03-07T11:00:00,99214,141.85,Chennai,CLEAN
CLM-A7E1BB33,1000000183,Dr. Ashley Barton,MEM000467,FAC011,2026-01-11T13:00:00,93000,57.33,Chennai,CLEAN
CLM-9402824F,1000000190,Dr. Debra Morton,MEM000194,FAC046,2026-01-17T11:00:00,93000,57.63,Chennai,CLEAN
CLM-88EA2F9A,1000000053,Dr. Mark Perez,MEM000233,FAC015,2026-05-30T16:00:00,71045,73.57,Chennai,CLEAN
CLM-B609007F,1999999999,Dr. Synthetic-A (Phantom),MEM000052,FAC020,2026-06-12T10:00:00,99214,149.35,Chennai,CLEAN
CLM-4EDAD0F8,1000000113,Dr. Crystal Johnson,MEM000085,FAC030,2026-02-20T10:00:00,93000,61.07,Chennai,CLEAN
CLM-3A720698,1000000153,Dr. Devon Flores,MEM000498,FAC019,2026-05-26T09:00:00,93000,59.16,Chennai,CLEAN
CLM-65F1F8C4,1000000028,Dr. Zachary Hicks,MEM000737,FAC028,2026-06-14T12:00:00,93000,63.67,Chennai,CLEAN
CLM-B4ED4D14,1000000157,Dr. Jason Stein,MEM000773,FAC029,2026-01-01T13:00:00,71045,81.62,Chennai,CLEAN
CLM-3BEDB0B8,1000000126,Dr. Michelle Evans,MEM000646,FAC011,2026-03-26T17:00:00,71045,80.23,Chennai,CLEAN
CLM-EA42F30F,1000000165,Dr. John Anderson,MEM000306,FAC016,2026-05-17T12:00:00,99215,210.11,Chennai,CLEAN
CLM-F8F7A425,1000000143,Dr. Christopher Rubio,MEM000515,FAC019,2026-06-10T16:00:00,99213,109.54,Chennai,CLEAN
CLM-2B7A1FF4,1000000046,Dr. John Pierce,MEM000499,FAC000,2026-03-23T17:00:00,71045,79.93,Chennai,CLEAN
CLM-34970F3C,1000000045,Dr. Philip Cannon,MEM000067,FAC048,2026-04-21T13:00:00,99213,108.51,Chennai,CLEAN
CLM-7CBD7D78,1000000113,Dr. Crystal Johnson,MEM000350,FAC040,2026-06-25T17:00:00,99214,140.81,Chennai,CLEAN
CLM-7CC8D722,1000000027,Dr. Stephanie Ross,MEM000781,FAC014,2026-02-24T13:00:00,93000,57.66,Chennai,CLEAN
CLM-8B6EC857,1000000196,Dr. Daniel Salinas,MEM000543,FAC030,2026-01-27T13:00:00,93000,56.52,Chennai,CLEAN
CLM-EAE95B95,1000000172,Dr. Joshua Cooke,MEM000158,FAC020,2026-02-10T12:00:00,71045,84.57,Chennai,CLEAN
CLM-C1F22610,1000000040,Dr. Paula Moreno,MEM000624,FAC042,2026-02-10T14:00:00,93000,65.77,Chennai,CLEAN
CLM-2BE8C5BB,1000000167,Dr. Alyssa Day,MEM000609,FAC026,2026-03-10T12:00:00,99215,218.77,Chennai,CLEAN
CLM-B8BD01C5,1000000077,Dr. Megan Young,MEM000379,FAC009,2026-03-20T14:00:00,99215,234.49,Chennai,CLEAN
CLM-F33B5E9D,1000000080,Dr. Kelly Donovan,MEM000460,FAC019,2026-04-19T15:00:00,71045,72.09,Chennai,CLEAN
CLM-263A8F55,1000000103,Dr. Christine Wright,MEM000056,FAC026,2026-04-01T11:00:00,71045,84.27,Chennai,CLEAN
CLM-9764F75F,1000000004,Dr. Cristian Santos,MEM000838,FAC045,2026-02-21T12:00:00,99215,210.97,Chennai,CLEAN
CLM-2E234733,1000000095,Dr. Anna Henderson,MEM000024,FAC020,2026-04-20T15:00:00,99215,222.55,Chennai,CLEAN
CLM-2F001A6D,1000000189,Dr. Jessica Gross,MEM000204,FAC013,2026-06-08T17:00:00,71045,85.7,Chennai,CLEAN
CLM-1AAC20EC,1000000027,Dr. Stephanie Ross,MEM000076,FAC015,2026-02-11T14:00:00,71045,87.06,Chennai,CLEAN
CLM-87F8D237,1000000151,Dr. Pamela Boyd,MEM000481,FAC002,2026-06-18T15:00:00,71045,76.0,Chennai,CLEAN
CLM-7547ECBC,1000000155,Dr. Michelle Brown,MEM000600,FAC024,2026-01-16T10:00:00,99213,102.79,Chennai,CLEAN
CLM-06E83A46,1000000070,Dr. Jordan Henderson,MEM000550,FAC023,2026-04-23T13:00:00,99213,99.44,Chennai,CLEAN
CLM-8496AF6D,1000000191,Dr. Karen Graham,MEM000075,FAC020,2026-04-16T11:00:00,99214,152.69,Chennai,CLEAN
CLM-A7F5129E,1000000146,Dr. Victoria Larson,MEM000204,FAC035,2026-01-23T16:00:00,99214,144.84,Chennai,CLEAN
CLM-3374EAA2,1000000139,Dr. Angel Perry,MEM000781,FAC042,2026-03-08T17:00:00,93000,63.81,Chennai,CLEAN
CLM-06FAF09C,1000000176,Dr. Michael Elliott,MEM000022,FAC008,2026-01-18T14:00:00,99215,237.82,Chennai,CLEAN
CLM-BEE91052,1000000114,Dr. Garrett Lin,MEM000765,FAC013,2026-02-17T14:00:00,71045,75.64,Chennai,CLEAN
CLM-44958EC9,1000000092,Dr. Denise Jacobs,MEM000341,FAC012,2026-06-23T13:00:00,99215,224.56,Chennai,CLEAN
CLM-F40F449F,1000000005,Dr. Connie Lawrence,MEM000143,FAC007,2026-06-14T15:00:00,71045,78.34,Chennai,CLEAN
CLM-4C32B23F,1000000124,Dr. Helen Jones,MEM000817,FAC003,2026-05-16T09:00:00,93000,58.48,Chennai,CLEAN
CLM-82165180,1000000144,Dr. Amber Wright,MEM000447,FAC002,2026-05-10T14:00:00,93000,59.9,Chennai,CLEAN
CLM-3B7DE3BD,1000000147,Dr. Stephanie Salazar,MEM000341,FAC040,2026-01-18T10:00:00,93000,55.11,Chennai,CLEAN
CLM-926D9F91,1000000142,Dr. Patricia Rodriguez,MEM000799,FAC007,2026-05-17T11:00:00,93000,64.16,Chennai,CLEAN
CLM-ADE193DB,1000000022,Dr. Ethan Adams,MEM000587,FAC029,2026-06-06T12:00:00,99213,105.34,Chennai,CLEAN
CLM-E8CE81C2,1000000110,Dr. Richard Rodriguez,MEM000837,FAC017,2026-04-30T16:00:00,99214,154.51,Chennai,CLEAN
CLM-656E7329,1000000018,Dr. Lisa Jackson,MEM000186,FAC041,2026-05-28T14:00:00,71045,80.44,Chennai,CLEAN
CLM-42F57117,1000000177,Dr. Michael Wang,MEM000757,FAC027,2026-01-06T15:00:00,93000,57.53,Chennai,CLEAN
CLM-6CD842E2,1000000159,Dr. Jamie Smith,MEM000848,FAC024,2026-01-05T09:00:00,99214,144.67,Chennai,CLEAN
CLM-ACFF43D5,1000000038,Dr. Elizabeth Fowler,MEM000265,FAC014,2026-05-30T14:00:00,93000,59.49,Chennai,CLEAN
CLM-0BC3EEE0,1000000170,Dr. Jamie Walton,MEM000205,FAC049,2026-05-28T14:00:00,93000,55.83,Chennai,CLEAN
CLM-19F0C64C,1000000197,Dr. Spencer Haynes,MEM000151,FAC013,2026-03-20T11:00:00,99213,90.52,Chennai,CLEAN
CLM-6044B2AA,1000000154,Dr. Brenda Hall,MEM000967,FAC002,2026-02-02T17:00:00,99215,240.01,Chennai,CLEAN
CLM-4121458F,1000000083,Dr. Paul Jones,MEM000891,FAC020,2026-02-28T12:00:00,99214,144.09,Chennai,CLEAN
CLM-463C0658,1000000108,Dr. Evelyn Galvan,MEM000277,FAC014,2026-02-25T14:00:00,99213,92.75,Chennai,CLEAN
CLM-9D374DA3,1000000112,Dr. Julia Torres,MEM000126,FAC024,2026-01-07T16:00:00,99214,146.41,Chennai,CLEAN
CLM-9227B268,1000000114,Dr. Garrett Lin,MEM000449,FAC025,2026-02-20T12:00:00,71045,81.44,Chennai,CLEAN
CLM-941D4847,1000000031,Dr. James Ferrell,MEM000095,FAC011,2026-05-10T17:00:00,99213,93.26,Chennai,CLEAN
CLM-4F854502,1000000053,Dr. Mark Perez,MEM000123,FAC031,2026-06-04T14:00:00,99215,216.27,Chennai,CLEAN
CLM-94FD399B,1000000053,Dr. Mark Perez,MEM000092,FAC032,2026-04-03T16:00:00,99215,220.38,Chennai,CLEAN
CLM-1F0460CD,1000000116,Dr. William Herrera,MEM000016,FAC000,2026-04-08T15:00:00,71045,87.39,Chennai,CLEAN
CLM-7A7C7BCC,1000000025,Dr. Judy Baker,MEM000363,FAC023,2026-03-21T10:00:00,71045,87.14,Chennai,CLEAN
CLM-32855C7D,1000000166,Dr. Alyssa Long,MEM000307,FAC014,2026-06-29T10:00:00,71045,86.02,Chennai,CLEAN
CLM-90E4B429,1000000004,Dr. Cristian Santos,MEM000974,FAC017,2026-06-15T14:00:00,99213,92.81,Chennai,CLEAN
CLM-D1213FCC,1000000063,Dr. Donald Wright,MEM000181,FAC036,2026-01-03T11:00:00,93000,55.87,Chennai,CLEAN
CLM-A7A4C587,1000000177,Dr. Michael Wang,MEM000481,FAC048,2026-01-10T09:00:00,93000,63.63,Chennai,CLEAN
CLM-5C32E7BC,1000000189,Dr. Jessica Gross,MEM000676,FAC018,2026-04-06T15:00:00,99214,147.58,Chennai,CLEAN
CLM-B5F3DCE9,1000000044,Dr. Angelica Tucker,MEM000958,FAC033,2026-02-08T11:00:00,99215,236.68,Chennai,CLEAN
CLM-D8988E97,1000000028,Dr. Zachary Hicks,MEM000805,FAC010,2026-01-08T16:00:00,99214,144.18,Chennai,CLEAN
CLM-22B73BAD,1000000160,Dr. Paul Castaneda,MEM000382,FAC016,2026-06-09T14:00:00,99213,105.67,Chennai,CLEAN
CLM-7C127843,1000000084,Dr. Zachary Ferrell,MEM000029,FAC030,2026-01-09T11:00:00,71045,72.74,Chennai,CLEAN
CLM-2B0273CE,1000000096,Dr. Aaron Wise,MEM000780,FAC038,2026-05-15T11:00:00,99214,138.0,Chennai,CLEAN
CLM-7D8170C8,1000000089,Dr. Aimee Montoya,MEM000918,FAC014,2026-01-24T15:00:00,99213,92.25,Chennai,CLEAN
CLM-5322E8B1,1000000121,Dr. Kenneth Scott,MEM000475,FAC026,2026-05-18T16:00:00,99214,160.71,Chennai,CLEAN
CLM-7874B7CE,1000000163,Dr. Jeffrey Johnson,MEM000000,FAC019,2026-05-02T16:00:00,99215,203.64,Chennai,CLEAN
CLM-0D01C273,1000000168,Dr. Joel Williams,MEM000552,FAC023,2026-06-07T10:00:00,71045,79.88,Chennai,CLEAN
CLM-4395704D,1000000146,Dr. Victoria Larson,MEM000200,FAC008,2026-02-26T17:00:00,99214,159.16,Chennai,CLEAN
CLM-979707B0,1000000036,Dr. Sherri Baker,MEM000230,FAC042,2026-01-22T10:00:00,71045,76.52,Chennai,CLEAN
CLM-A3EAE2AA,1000000157,Dr. Jason Stein,MEM000107,FAC015,2026-02-27T13:00:00,99214,156.9,Chennai,CLEAN
CLM-56D4F7D0,1000000077,Dr. Megan Young,MEM000336,FAC045,2026-04-29T17:00:00,93000,60.93,Chennai,CLEAN
CLM-0BBB1416,1000000068,Dr. James Brown,MEM000778,FAC008,2026-03-25T15:00:00,99215,227.09,Chennai,CLEAN
CLM-84A98E60,1000000148,Dr. Kathy Rivas,MEM000754,FAC002,2026-04-09T09:00:00,99214,164.39,Chennai,CLEAN
CLM-FC0E8801,1000000003,Dr. Daniel Wagner,MEM000146,FAC040,2026-01-09T12:00:00,99214,146.9,Chennai,CLEAN
CLM-6B8E6ECE,1000000002,Dr. Angie Henderson,MEM000585,FAC030,2026-05-04T14:00:00,99214,153.86,Chennai,CLEAN
CLM-DE05B7B7,1000000147,Dr. Stephanie Salazar,MEM000415,FAC028,2026-02-24T16:00:00,93000,57.15,Chennai,CLEAN
CLM-9591692B,1000000112,Dr. Julia Torres,MEM000120,FAC047,2026-03-13T17:00:00,99215,212.84,Chennai,CLEAN
CLM-A3EB1879,1000000047,Dr. Shane Henderson,MEM000261,FAC021,2026-05-05T17:00:00,71045,82.61,Chennai,CLEAN
CLM-B568B446,1000000171,Dr. Darlene Miller,MEM000876,FAC021,2026-05-13T13:00:00,99213,105.64,Chennai,CLEAN
CLM-883887C2,1000000109,Dr. Sharon Cochran,MEM000657,FAC001,2026-05-20T11:00:00,99213,94.54,Chennai,CLEAN
CLM-6D7FB2DC,1000000117,Dr. Ashley Waller,MEM000849,FAC007,2026-01-31T17:00:00,99215,203.56,Chennai,CLEAN
CLM-C27DF1D8,1000000088,Dr. Lisa Archer,MEM000314,FAC028,2026-04-22T17:00:00,99213,109.33,Chennai,CLEAN
CLM-2DB100D7,1000000129,Dr. Megan Orr,MEM000186,FAC025,2026-05-11T12:00:00,99214,160.2,Chennai,CLEAN
CLM-F5FF9C89,1000000056,Dr. Timothy Duncan,MEM000794,FAC001,2026-02-20T14:00:00,93000,61.21,Chennai,CLEAN
CLM-F325D19F,1000000038,Dr. Elizabeth Fowler,MEM000576,FAC033,2026-05-15T09:00:00,93000,58.35,Chennai,CLEAN
CLM-D6FF479D,1000000058,Dr. Brent Jordan,MEM000710,FAC033,2026-02-12T14:00:00,99214,138.0,Chennai,CLEAN
CLM-131CE38C,1000000042,Dr. Sherry Decker,MEM000650,FAC040,2026-06-08T12:00:00,99214,151.22,Chennai,CLEAN
CLM-ADF99A6B,1000000156,Dr. Joshua Perry,MEM000434,FAC012,2026-03-13T09:00:00,71045,76.74,Chennai,CLEAN
CLM-56F97798,1000000133,Dr. Daniel Kennedy,MEM000995,FAC026,2026-05-02T16:00:00,99215,203.99,Chennai,CLEAN
CLM-CDA69609,1000000076,Dr. Angela Lopez,MEM000000,FAC004,2026-03-06T17:00:00,99215,207.19,Chennai,CLEAN
CLM-F8F2D4F2,1000000187,Dr. Samantha Garcia,MEM000627,FAC038,2026-01-18T09:00:00,71045,74.24,Chennai,CLEAN
CLM-05742540,1000000123,Dr. Michelle Harmon,MEM000842,FAC010,2026-03-04T15:00:00,99214,154.38,Chennai,CLEAN
CLM-58798D35,1000000100,Dr. Sandra Aguilar,MEM000605,FAC012,2026-03-05T14:00:00,99213,94.53,Chennai,CLEAN
CLM-17A9C828,1000000070,Dr. Jordan Henderson,MEM000143,FAC025,2026-02-01T11:00:00,99214,148.3,Chennai,CLEAN
CLM-2C1309FC,1000000172,Dr. Joshua Cooke,MEM000282,FAC048,2026-03-25T09:00:00,99213,100.41,Chennai,CLEAN
CLM-87188DD6,1000000134,Dr. Rebecca Jackson,MEM000105,FAC049,2026-06-10T16:00:00,99214,154.81,Chennai,CLEAN
CLM-CCD98330,1000000076,Dr. Angela Lopez,MEM000841,FAC007,2026-05-19T16:00:00,99214,137.11,Chennai,CLEAN
CLM-DF85BA5A,1000000193,Dr. Angelica Keith,MEM000932,FAC046,2026-03-29T13:00:00,99213,97.63,Chennai,CLEAN
CLM-66844670,1000000065,Dr. Amber Kidd,MEM000115,FAC040,2026-04-30T15:00:00,93000,56.02,Chennai,CLEAN
CLM-FA0A74FA,1000000181,Dr. Tina Sanders,MEM000708,FAC031,2026-03-16T12:00:00,93000,55.24,Chennai,CLEAN
CLM-64BC5B2B,1000000187,Dr. Samantha Garcia,MEM000617,FAC038,2026-04-03T12:00:00,71045,85.39,Chennai,CLEAN
CLM-E599434B,1000000110,Dr. Richard Rodriguez,MEM000431,FAC003,2026-06-13T10:00:00,99215,235.06,Chennai,CLEAN
CLM-488A54CE,1000000187,Dr. Samantha Garcia,MEM000282,FAC016,2026-06-13T17:00:00,99215,216.46,Chennai,CLEAN
CLM-0246E05B,1000000064,Dr. Jessica Callahan,MEM000365,FAC005,2026-01-04T10:00:00,71045,75.88,Chennai,CLEAN
CLM-51F88887,1000000126,Dr. Michelle Evans,MEM000226,FAC037,2026-04-22T13:00:00,99213,109.95,Chennai,CLEAN
CLM-67B63AAA,1000000181,Dr. Tina Sanders,MEM000499,FAC035,2026-06-05T15:00:00,93000,60.23,Chennai,CLEAN
CLM-91DDC8E1,1000000170,Dr. Jamie Walton,MEM000391,FAC002,2026-06-04T10:00:00,93000,64.06,Chennai,CLEAN
CLM-15DCDFC6,1000000164,Dr. Michael Powell,MEM000976,FAC006,2026-05-28T10:00:00,99213,109.33,Chennai,CLEAN
CLM-8A0C6C78,1000000061,Dr. Gerald Hensley,MEM000369,FAC037,2026-06-22T15:00:00,71045,83.49,Chennai,CLEAN
CLM-7558F38C,1000000010,Dr. Monica Herrera,MEM000355,FAC041,2026-04-23T16:00:00,93000,64.36,Chennai,CLEAN
CLM-7E8A5D90,1000000009,Dr. Ryan Munoz,MEM000962,FAC025,2026-06-10T15:00:00,99213,94.32,Chennai,CLEAN
CLM-E44D1A7B,1000000046,Dr. John Pierce,MEM000024,FAC040,2026-03-26T10:00:00,99215,238.51,Chennai,CLEAN
CLM-2D5E70EE,1000000007,Dr. Gina Moore,MEM000746,FAC029,2026-03-06T14:00:00,99215,213.5,Chennai,CLEAN
CLM-17FEAEC9,1000000063,Dr. Donald Wright,MEM000283,FAC028,2026-01-13T14:00:00,71045,83.19,Chennai,CLEAN
CLM-E2B43E06,1000000162,Dr. Lindsey Walker,MEM000269,FAC049,2026-02-11T12:00:00,93000,63.25,Chennai,CLEAN
CLM-7C7A1CC1,1000000140,Dr. Cheyenne Horton,MEM000663,FAC020,2026-04-13T14:00:00,99214,160.34,Chennai,CLEAN
CLM-CC4EF611,1000000022,Dr. Ethan Adams,MEM000341,FAC022,2026-06-07T17:00:00,99214,144.5,Chennai,CLEAN
CLM-25925AE5,1000000078,Dr. Steve Sanchez,MEM000103,FAC046,2026-01-24T15:00:00,99215,225.36,Chennai,CLEAN
CLM-C469817F,1000000163,Dr. Jeffrey Johnson,MEM000190,FAC048,2026-04-08T12:00:00,99215,235.66,Chennai,CLEAN
CLM-34659CB4,1000000124,Dr. Helen Jones,MEM000359,FAC021,2026-04-23T14:00:00,99214,163.78,Chennai,CLEAN
CLM-BA964377,1000000082,Dr. Michael Evans,MEM000016,FAC007,2026-02-18T13:00:00,93000,62.4,Chennai,CLEAN
CLM-81452B8F,1000000143,Dr. Christopher Rubio,MEM000303,FAC048,2026-05-24T17:00:00,99214,146.94,Chennai,CLEAN
CLM-1868C4BD,1000000178,Dr. Lawrence Adkins,MEM000077,FAC012,2026-01-24T10:00:00,93000,64.98,Chennai,CLEAN
CLM-325F66E3,1000000169,Dr. Daniel Murphy,MEM000414,FAC016,2026-02-07T14:00:00,93000,58.25,Chennai,CLEAN
CLM-7E0BB110,1000000034,Dr. Debra Davidson,MEM000943,FAC024,2026-01-27T13:00:00,93000,60.84,Chennai,CLEAN
CLM-433206C1,1000000021,Dr. Patty Perez,MEM000331,FAC014,2026-04-24T09:00:00,99214,151.44,Chennai,CLEAN
CLM-52779D9F,1000000170,Dr. Jamie Walton,MEM000280,FAC001,2026-05-07T12:00:00,99214,142.36,Chennai,CLEAN
CLM-991687A4,1000000057,Dr. Richard Aguirre,MEM000450,FAC041,2026-02-25T11:00:00,99213,95.94,Chennai,CLEAN
CLM-7526AD54,1000000005,Dr. Connie Lawrence,MEM000878,FAC039,2026-05-04T16:00:00,71045,80.9,Chennai,CLEAN
CLM-F8BCFE51,1000000145,Dr. Joyce Solis,MEM000196,FAC026,2026-02-17T17:00:00,93000,58.8,Chennai,CLEAN
CLM-5A5F442A,1000000147,Dr. Stephanie Salazar,MEM000909,FAC024,2026-03-08T14:00:00,99215,216.98,Chennai,CLEAN
CLM-EED63E23,1000000093,Dr. Christina Walters,MEM000921,FAC015,2026-03-23T17:00:00,99215,201.39,Chennai,CLEAN
CLM-B0BAD0B4,1000000177,Dr. Michael Wang,MEM000137,FAC020,2026-06-29T12:00:00,93000,60.95,Chennai,CLEAN
CLM-495A9416,1000000024,Dr. Matthew Foster,MEM000939,FAC032,2026-05-02T17:00:00,99215,202.61,Chennai,CLEAN
CLM-82FD0EE5,1000000154,Dr. Brenda Hall,MEM000233,FAC046,2026-03-31T17:00:00,99214,148.96,Chennai,CLEAN
CLM-D54C2059,1000000147,Dr. Stephanie Salazar,MEM000856,FAC003,2026-04-28T16:00:00,71045,81.46,Chennai,CLEAN
CLM-DC8D207A,1000000016,Dr. Holly Wood,MEM000976,FAC010,2026-01-06T17:00:00,71045,80.94,Chennai,CLEAN
CLM-5E46B8C3,1000000014,Dr. Dylan Miller,MEM000917,FAC022,2026-05-03T11:00:00,99213,103.64,Chennai,CLEAN
CLM-898B0905,1000000016,Dr. Holly Wood,MEM000977,FAC046,2026-03-12T13:00:00,99213,104.27,Chennai,CLEAN
CLM-AD511EFB,1000000125,Dr. Erin Edwards,MEM000441,FAC045,2026-02-04T15:00:00,99214,154.85,Chennai,CLEAN
CLM-56A59BAE,1000000079,Dr. Lisa Barnes,MEM000551,FAC044,2026-06-22T13:00:00,99215,208.23,Chennai,CLEAN
CLM-433143D3,1000000130,Dr. Elizabeth Kelley,MEM000968,FAC026,2026-02-06T17:00:00,93000,57.77,Chennai,CLEAN
CLM-F9416511,1000000001,Dr. Noah Rhodes,MEM000994,FAC039,2026-01-14T14:00:00,93000,55.44,Chennai,CLEAN
CLM-02725CB6,1000000018,Dr. Lisa Jackson,MEM000628,FAC004,2026-05-16T15:00:00,99214,156.98,Chennai,CLEAN
CLM-4A623069,1000000063,Dr. Donald Wright,MEM000615,FAC049,2026-02-15T11:00:00,99213,102.99,Chennai,CLEAN
CLM-44D2262B,1000000126,Dr. Michelle Evans,MEM000746,FAC007,2026-03-26T10:00:00,99213,108.92,Chennai,CLEAN
CLM-25D14859,1000000146,Dr. Victoria Larson,MEM000717,FAC043,2026-04-10T15:00:00,71045,83.14,Chennai,CLEAN
CLM-25D3DCED,1000000035,Dr. Jeffrey Chavez,MEM000867,FAC021,2026-02-16T10:00:00,99215,213.63,Chennai,CLEAN
CLM-38D1A2C7,1000000181,Dr. Tina Sanders,MEM000440,FAC016,2026-05-08T10:00:00,99214,142.82,Chennai,CLEAN
CLM-A20094D5,1000000051,Dr. Danny Morgan,MEM000232,FAC022,2026-06-15T10:00:00,99215,217.88,Chennai,CLEAN
CLM-44E9BAAE,1000000024,Dr. Matthew Foster,MEM000536,FAC016,2026-01-06T09:00:00,93000,54.71,Chennai,CLEAN
CLM-4F0A80D7,1000000095,Dr. Anna Henderson,MEM000097,FAC010,2026-01-01T17:00:00,99213,90.09,Chennai,CLEAN
CLM-45DFFB61,1000000098,Dr. Jessica Smith,MEM000313,FAC001,2026-05-26T14:00:00,99213,109.11,Chennai,CLEAN
CLM-FABCE413,1000000048,Dr. Joshua Blair,MEM000651,FAC039,2026-05-08T11:00:00,93000,56.62,Chennai,CLEAN
CLM-E4BAB89A,1000000088,Dr. Lisa Archer,MEM000099,FAC043,2026-02-09T14:00:00,93000,56.12,Chennai,CLEAN
CLM-F19ACA3E,1000000112,Dr. Julia Torres,MEM000723,FAC049,2026-02-15T17:00:00,99214,159.43,Chennai,CLEAN
CLM-74916E3C,1000000113,Dr. Crystal Johnson,MEM000031,FAC039,2026-01-10T17:00:00,99213,106.14,Chennai,CLEAN
CLM-FD74F1AE,1000000079,Dr. Lisa Barnes,MEM000957,FAC018,2026-01-28T14:00:00,99214,152.7,Chennai,CLEAN
CLM-35A1DF72,1000000042,Dr. Sherry Decker,MEM000921,FAC006,2026-05-08T12:00:00,93000,55.86,Chennai,CLEAN
CLM-A6B0A3CA,1000000156,Dr. Joshua Perry,MEM000942,FAC021,2026-04-27T17:00:00,71045,84.55,Chennai,CLEAN
CLM-1425B791,1000000029,Dr. Anthony Rodriguez,MEM000684,FAC035,2026-01-17T14:00:00,99214,145.97,Chennai,CLEAN
CLM-A859DA4B,1000000061,Dr. Gerald Hensley,MEM000983,FAC031,2026-02-18T15:00:00,99213,97.17,Chennai,CLEAN
CLM-4BE0161D,1000000122,Dr. April Frost,MEM000830,FAC042,2026-06-01T10:00:00,93000,55.09,Chennai,CLEAN
CLM-F67003F8,1000000167,Dr. Alyssa Day,MEM000328,FAC033,2026-05-25T17:00:00,93000,58.73,Chennai,CLEAN
CLM-A82E67EA,1000000139,Dr. Angel Perry,MEM000658,FAC012,2026-03-14T14:00:00,99214,148.44,Chennai,CLEAN
CLM-BF0B4B83,1000000050,Dr. Jessica Holmes,MEM000299,FAC040,2026-04-20T15:00:00,71045,78.03,Chennai,CLEAN
CLM-E0B9C8E3,1000000125,Dr. Erin Edwards,MEM000024,FAC031,2026-01-27T14:00:00,93000,59.81,Chennai,CLEAN
CLM-E5B9AEAC,1000000099,Dr. Stephen Mckee,MEM000313,FAC031,2026-03-15T09:00:00,93000,63.98,Chennai,CLEAN
CLM-62B443A5,1000000048,Dr. Joshua Blair,MEM000969,FAC005,2026-03-20T17:00:00,99214,154.23,Chennai,CLEAN
CLM-E4BDB25E,1000000189,Dr. Jessica Gross,MEM000049,FAC034,2026-01-08T09:00:00,99215,214.94,Chennai,CLEAN
CLM-760A4E02,1000000090,Dr. Matthew Mcmillan,MEM000987,FAC034,2026-01-14T15:00:00,93000,60.29,Chennai,CLEAN
CLM-AA20F9E2,1000000045,Dr. Philip Cannon,MEM000520,FAC023,2026-06-24T09:00:00,99214,137.96,Chennai,CLEAN
CLM-601C7855,1000000047,Dr. Shane Henderson,MEM000913,FAC014,2026-03-23T10:00:00,99214,149.86,Chennai,CLEAN
CLM-4431C189,1000000146,Dr. Victoria Larson,MEM000655,FAC039,2026-01-04T09:00:00,71045,75.3,Chennai,CLEAN
CLM-A95AD0B3,1000000176,Dr. Michael Elliott,MEM000119,FAC018,2026-01-02T12:00:00,99215,241.31,Chennai,CLEAN
CLM-CCE98A89,1000000099,Dr. Stephen Mckee,MEM000846,FAC014,2026-04-06T15:00:00,99213,93.12,Chennai,CLEAN
CLM-D0B00B1E,1000000153,Dr. Devon Flores,MEM000252,FAC039,2026-06-21T13:00:00,71045,82.89,Chennai,CLEAN
CLM-8E35E87D,1000000181,Dr. Tina Sanders,MEM000884,FAC040,2026-03-21T12:00:00,99215,216.0,Chennai,CLEAN
CLM-DAC374DF,1000000002,Dr. Angie Henderson,MEM000425,FAC026,2026-04-07T13:00:00,99214,159.5,Chennai,CLEAN
CLM-0F808BEF,1000000124,Dr. Helen Jones,MEM000259,FAC038,2026-01-03T15:00:00,99213,103.92,Chennai,CLEAN
CLM-B43E9390,1000000114,Dr. Garrett Lin,MEM000131,FAC042,2026-06-26T12:00:00,99213,102.75,Chennai,CLEAN
CLM-5FBF362F,1000000029,Dr. Anthony Rodriguez,MEM000162,FAC031,2026-01-18T11:00:00,93000,57.93,Chennai,CLEAN
CLM-87B40B1A,1000000189,Dr. Jessica Gross,MEM000262,FAC043,2026-06-27T15:00:00,99215,221.6,Chennai,CLEAN
CLM-77F8121E,1000000072,Dr. Brittney Phillips,MEM000876,FAC036,2026-03-08T10:00:00,99213,97.9,Chennai,CLEAN
CLM-62FD93F2,1000000051,Dr. Danny Morgan,MEM000973,FAC005,2026-05-23T16:00:00,99214,138.81,Chennai,CLEAN
CLM-8D49F115,1000000009,Dr. Ryan Munoz,MEM000480,FAC030,2026-01-28T10:00:00,99214,136.14,Chennai,CLEAN
CLM-76180955,1000000099,Dr. Stephen Mckee,MEM000188,FAC005,2026-06-27T10:00:00,99214,148.08,Chennai,CLEAN
CLM-2C5AB737,1000000094,Dr. John Whitehead,MEM000448,FAC047,2026-02-06T16:00:00,93000,63.23,Chennai,CLEAN
CLM-FF3EDFAE,1000000169,Dr. Daniel Murphy,MEM000956,FAC032,2026-02-18T12:00:00,99215,199.93,Chennai,CLEAN
CLM-CD71EEF0,1000000003,Dr. Daniel Wagner,MEM000971,FAC009,2026-03-29T13:00:00,99214,145.5,Chennai,CLEAN
CLM-7C11A560,1000000051,Dr. Danny Morgan,MEM000923,FAC041,2026-01-15T15:00:00,71045,74.45,Chennai,CLEAN
CLM-3E37341C,1000000074,Dr. Amy Silva,MEM000517,FAC004,2026-02-27T11:00:00,99214,145.08,Chennai,CLEAN
CLM-A757CFB9,1000000184,Dr. Lindsay Martinez,MEM000449,FAC001,2026-04-23T10:00:00,99214,153.05,Chennai,CLEAN
CLM-BA96A14F,1000000073,Dr. Lauren Daniels,MEM000570,FAC010,2026-02-06T17:00:00,99215,200.5,Chennai,CLEAN
CLM-A6E70BB2,1000000175,Dr. Alex Hernandez,MEM000066,FAC026,2026-05-13T17:00:00,99213,102.37,Chennai,CLEAN
CLM-6AFD1240,1000000043,Dr. Anthony Humphrey,MEM000741,FAC020,2026-04-05T09:00:00,99214,162.05,Chennai,CLEAN
CLM-C54D1C92,1000000175,Dr. Alex Hernandez,MEM000239,FAC000,2026-04-08T09:00:00,93000,54.7,Chennai,CLEAN
CLM-B8FE338C,1000000099,Dr. Stephen Mckee,MEM000787,FAC036,2026-01-31T12:00:00,99213,101.27,Chennai,CLEAN
CLM-F10A4A52,1000000018,Dr. Lisa Jackson,MEM000020,FAC041,2026-05-02T15:00:00,99215,228.17,Chennai,CLEAN
CLM-CF269216,1000000099,Dr. Stephen Mckee,MEM000460,FAC047,2026-03-02T16:00:00,93000,57.0,Chennai,CLEAN
CLM-21768400,1000000162,Dr. Lindsey Walker,MEM000465,FAC030,2026-02-09T16:00:00,93000,64.55,Chennai,CLEAN
CLM-793CD5E9,1000000057,Dr. Richard Aguirre,MEM000147,FAC018,2026-06-13T11:00:00,71045,87.99,Chennai,CLEAN
CLM-468DC58B,1000000041,Dr. Fred Smith,MEM000376,FAC047,2026-01-06T15:00:00,99215,204.34,Chennai,CLEAN
CLM-EBB6B0B2,1000000117,Dr. Ashley Waller,MEM000420,FAC045,2026-05-19T12:00:00,71045,74.0,Chennai,CLEAN
CLM-E1162B4C,1000000160,Dr. Paul Castaneda,MEM000361,FAC013,2026-04-14T15:00:00,71045,79.37,Chennai,CLEAN
CLM-EC0B15BA,1000000115,Dr. Diana May,MEM000454,FAC024,2026-04-29T14:00:00,99215,212.34,Chennai,CLEAN
CLM-202AC40F,1000000102,Dr. Rebecca Valencia,MEM000136,FAC046,2026-05-16T12:00:00,99214,141.51,Chennai,CLEAN
CLM-8969D535,1000000048,Dr. Joshua Blair,MEM000582,FAC012,2026-06-18T14:00:00,71045,80.77,Chennai,CLEAN
CLM-D25B15AF,1000000195,Dr. Allen Rosales,MEM000811,FAC026,2026-04-06T13:00:00,99214,146.78,Chennai,CLEAN
CLM-039B04A6,1000000120,Dr. Larry Dixon,MEM000111,FAC034,2026-06-16T16:00:00,99215,237.81,Chennai,CLEAN
CLM-5C350BC7,1000000198,Dr. Adam Vaughan,MEM000890,FAC039,2026-04-16T09:00:00,99214,141.52,Chennai,CLEAN
CLM-1985AD3A,1000000141,Dr. David Douglas Jr.,MEM000911,FAC010,2026-06-18T15:00:00,93000,59.18,Chennai,CLEAN
CLM-8F00E1BC,1000000113,Dr. Crystal Johnson,MEM000024,FAC044,2026-02-22T15:00:00,93000,62.0,Chennai,CLEAN
CLM-8F504881,1000000069,Dr. William Baker,MEM000763,FAC043,2026-05-25T11:00:00,71045,81.2,Chennai,CLEAN
CLM-871E3DAA,1000000050,Dr. Jessica Holmes,MEM000154,FAC026,2026-03-23T16:00:00,99214,161.04,Chennai,CLEAN
CLM-3E4F3A35,1000000033,Dr. Nathan Maldonado,MEM000780,FAC031,2026-03-22T17:00:00,99213,103.52,Chennai,CLEAN
CLM-C629B59F,1888888888,Dr. Synthetic-B (Teleport),MEM000066,FAC005,2026-01-06T09:00:00,99213,96.63,Chennai,CLEAN
CLM-680BDCF1,1000000023,Dr. Tommy Walter,MEM000320,FAC022,2026-02-21T11:00:00,99214,144.23,Chennai,CLEAN
CLM-9EBEEB97,1000000016,Dr. Holly Wood,MEM000371,FAC039,2026-03-22T16:00:00,71045,77.42,Chennai,CLEAN
CLM-30705037,1000000044,Dr. Angelica Tucker,MEM000296,FAC019,2026-01-26T17:00:00,99214,162.02,Chennai,CLEAN
CLM-7D5AB98E,1000000038,Dr. Elizabeth Fowler,MEM000167,FAC026,2026-01-31T17:00:00,93000,58.92,Chennai,CLEAN
CLM-887C8A1B,1000000143,Dr. Christopher Rubio,MEM000565,FAC040,2026-05-01T13:00:00,99214,164.28,Chennai,CLEAN
CLM-E77BC283,1000000169,Dr. Daniel Murphy,MEM000968,FAC009,2026-04-24T10:00:00,99213,92.71,Chennai,CLEAN
CLM-A0673DB5,1000000097,Dr. Deborah Figueroa,MEM000484,FAC024,2026-05-03T11:00:00,99213,101.72,Chennai,CLEAN
CLM-61D1B86D,1000000092,Dr. Denise Jacobs,MEM000953,FAC028,2026-05-30T11:00:00,71045,86.3,Chennai,CLEAN
CLM-31AC7536,1000000125,Dr. Erin Edwards,MEM000969,FAC042,2026-05-26T14:00:00,99215,241.46,Chennai,CLEAN
CLM-CC6810E3,1000000094,Dr. John Whitehead,MEM000070,FAC011,2026-02-04T13:00:00,71045,86.67,Chennai,CLEAN
CLM-607E6EE5,1000000028,Dr. Zachary Hicks,MEM000957,FAC042,2026-02-20T14:00:00,99215,229.3,Chennai,CLEAN
CLM-C82CE0AA,1888888888,Dr. Synthetic-B (Teleport),MEM000085,FAC022,2026-06-04T16:00:00,99213,102.44,Chennai,CLEAN
CLM-7889EA0E,1000000151,Dr. Pamela Boyd,MEM000427,FAC010,2026-04-04T13:00:00,99214,150.4,Chennai,CLEAN
CLM-FFF4F2C0,1000000133,Dr. Daniel Kennedy,MEM000925,FAC001,2026-05-06T14:00:00,99214,136.56,Chennai,CLEAN
CLM-4B9B832F,1000000061,Dr. Gerald Hensley,MEM000717,FAC019,2026-03-09T16:00:00,71045,77.4,Chennai,CLEAN
CLM-F91EE40D,1000000069,Dr. William Baker,MEM000767,FAC048,2026-06-18T16:00:00,99213,96.66,Chennai,CLEAN
CLM-5E6447EC,1000000008,Dr. Gabrielle Davis,MEM000133,FAC039,2026-01-03T09:00:00,99215,214.75,Chennai,CLEAN
CLM-D24E3495,1000000120,Dr. Larry Dixon,MEM000389,FAC024,2026-01-10T13:00:00,71045,77.37,Chennai,CLEAN
CLM-6DEFB68C,1000000131,Dr. Dustin Jordan,MEM000874,FAC027,2026-04-15T14:00:00,99214,163.29,Chennai,CLEAN
CLM-8256F65D,1000000184,Dr. Lindsay Martinez,MEM000267,FAC035,2026-02-19T16:00:00,99215,209.73,Chennai,CLEAN
CLM-072760B9,1000000115,Dr. Diana May,MEM000940,FAC042,2026-01-22T14:00:00,93000,64.75,Chennai,CLEAN
CLM-48AD4C64,1000000005,Dr. Connie Lawrence,MEM000830,FAC008,2026-01-28T12:00:00,99213,93.54,Chennai,CLEAN
CLM-59922C07,1000000016,Dr. Holly Wood,MEM000157,FAC036,2026-03-02T10:00:00,99213,90.19,Chennai,CLEAN
CLM-98E5AA75,1000000003,Dr. Daniel Wagner,MEM000754,FAC021,2026-06-08T10:00:00,99214,152.48,Chennai,CLEAN
CLM-CC4FDC94,1000000117,Dr. Ashley Waller,MEM000646,FAC021,2026-06-20T10:00:00,93000,55.46,Chennai,CLEAN
CLM-963178A9,1000000180,Dr. Alexander Collins,MEM000142,FAC012,2026-01-21T11:00:00,99213,104.37,Chennai,CLEAN
CLM-EE5795D4,1000000023,Dr. Tommy Walter,MEM000003,FAC027,2026-06-25T12:00:00,99214,136.5,Chennai,CLEAN
CLM-5C40D7BD,1000000020,Dr. Margaret Hawkins DDS,MEM000396,FAC020,2026-06-10T17:00:00,99214,149.28,Chennai,CLEAN
CLM-D5783FA8,1000000050,Dr. Jessica Holmes,MEM000725,FAC031,2026-06-04T11:00:00,71045,76.61,Chennai,CLEAN
CLM-7BC2DF1D,1000000173,Dr. Matthew Harrington,MEM000606,FAC003,2026-04-24T11:00:00,93000,54.08,Chennai,CLEAN
CLM-43B43FAD,1000000045,Dr. Philip Cannon,MEM000997,FAC012,2026-03-09T11:00:00,93000,60.91,Chennai,CLEAN
CLM-662E501C,1000000048,Dr. Joshua Blair,MEM000716,FAC007,2026-06-29T10:00:00,99214,140.61,Chennai,CLEAN
CLM-D7923284,1000000082,Dr. Michael Evans,MEM000774,FAC014,2026-02-11T15:00:00,93000,57.56,Chennai,CLEAN
CLM-E168451B,1000000105,Dr. Marc Moore,MEM000518,FAC040,2026-03-15T12:00:00,71045,76.02,Chennai,CLEAN
CLM-AC0F2E60,1000000088,Dr. Lisa Archer,MEM000753,FAC015,2026-05-16T09:00:00,99215,210.38,Chennai,CLEAN
CLM-8FC1F8BE,1000000041,Dr. Fred Smith,MEM000066,FAC003,2026-01-17T16:00:00,99215,237.72,Chennai,CLEAN
CLM-445450C9,1000000015,Dr. Brian Ramirez,MEM000634,FAC048,2026-04-21T10:00:00,71045,72.19,Chennai,CLEAN
CLM-DCDD5987,1000000190,Dr. Debra Morton,MEM000690,FAC005,2026-03-23T14:00:00,93000,62.14,Chennai,CLEAN
CLM-369EC1A9,1000000016,Dr. Holly Wood,MEM000582,FAC016,2026-03-23T16:00:00,99215,230.66,Chennai,CLEAN
CLM-66594705,1000000122,Dr. April Frost,MEM000379,FAC031,2026-03-18T16:00:00,99215,222.02,Chennai,CLEAN
CLM-A455C668,1000000190,Dr. Debra Morton,MEM000194,FAC014,2026-05-31T11:00:00,99213,103.82,Chennai,CLEAN
CLM-0DFC77F2,1000000104,Dr. Richard Henson,MEM000476,FAC029,2026-03-25T15:00:00,71045,85.9,Chennai,CLEAN
CLM-793B2C81,1000000118,Dr. Victor Baker,MEM000463,FAC009,2026-02-06T15:00:00,71045,87.19,Chennai,CLEAN
CLM-8451639A,1000000035,Dr. Jeffrey Chavez,MEM000807,FAC020,2026-04-08T11:00:00,71045,77.85,Chennai,CLEAN
CLM-4859562C,1000000111,Dr. Shannon Walker,MEM000810,FAC042,2026-02-14T11:00:00,93000,65.35,Chennai,CLEAN
CLM-BEDA4C8F,1000000055,Dr. Michael Lewis,MEM000097,FAC001,2026-04-11T16:00:00,99214,143.13,Chennai,CLEAN
CLM-92219A6C,1000000050,Dr. Jessica Holmes,MEM000022,FAC031,2026-04-11T11:00:00,99215,234.51,Chennai,CLEAN
CLM-3DEC1B75,1000000140,Dr. Cheyenne Horton,MEM000284,FAC014,2026-02-18T16:00:00,93000,62.68,Chennai,CLEAN
CLM-24BBCC42,1000000110,Dr. Richard Rodriguez,MEM000445,FAC010,2026-05-05T09:00:00,99215,240.3,Chennai,CLEAN
CLM-A6F5C583,1000000017,Dr. Derek Zuniga,MEM000975,FAC020,2026-06-30T16:00:00,93000,57.47,Chennai,CLEAN
CLM-0C236569,1000000060,Dr. Victoria Garcia,MEM000531,FAC031,2026-02-25T15:00:00,71045,72.21,Chennai,CLEAN
CLM-A8155DA7,1000000078,Dr. Steve Sanchez,MEM000646,FAC010,2026-03-28T13:00:00,93000,59.15,Chennai,CLEAN
CLM-86BD5AB5,1000000031,Dr. James Ferrell,MEM000613,FAC008,2026-05-16T13:00:00,99215,229.89,Chennai,CLEAN
CLM-8AC9D174,1000000176,Dr. Michael Elliott,MEM000884,FAC008,2026-04-05T16:00:00,99213,90.35,Chennai,CLEAN
CLM-82D5EB7C,1000000094,Dr. John Whitehead,MEM000427,FAC015,2026-02-23T14:00:00,99214,162.3,Chennai,CLEAN
CLM-8E3370EF,1000000080,Dr. Kelly Donovan,MEM000649,FAC030,2026-03-13T17:00:00,99215,223.4,Chennai,CLEAN
CLM-E6783FD6,1000000084,Dr. Zachary Ferrell,MEM000715,FAC012,2026-02-02T14:00:00,93000,65.65,Chennai,CLEAN
CLM-B1F107B2,1000000058,Dr. Brent Jordan,MEM000725,FAC037,2026-06-06T12:00:00,99214,149.66,Chennai,CLEAN
CLM-573A5E8E,1000000120,Dr. Larry Dixon,MEM000911,FAC001,2026-03-22T17:00:00,99213,97.68,Chennai,CLEAN
CLM-B7C02B21,1000000037,Dr. Cassandra Gaines,MEM000638,FAC020,2026-01-21T17:00:00,71045,79.4,Chennai,CLEAN
CLM-36794820,1000000186,Dr. Jonathan Peterson,MEM000272,FAC004,2026-04-26T15:00:00,99214,158.74,Chennai,CLEAN
CLM-73AB34E2,1000000070,Dr. Jordan Henderson,MEM000728,FAC009,2026-04-04T09:00:00,71045,75.95,Chennai,CLEAN
CLM-ABCA7C80,1000000162,Dr. Lindsey Walker,MEM000003,FAC020,2026-04-02T16:00:00,93000,55.75,Chennai,CLEAN
CLM-B0B73BED,1000000069,Dr. William Baker,MEM000979,FAC020,2026-05-05T14:00:00,93000,64.6,Chennai,CLEAN
CLM-9EE9DBA3,1000000051,Dr. Danny Morgan,MEM000843,FAC041,2026-02-18T10:00:00,99215,230.27,Chennai,CLEAN
CLM-250351EA,1000000188,Dr. Madison Poole,MEM000906,FAC012,2026-05-15T17:00:00,99215,208.92,Chennai,CLEAN
CLM-AA1C5656,1000000096,Dr. Aaron Wise,MEM000433,FAC044,2026-01-03T13:00:00,99215,206.99,Chennai,CLEAN
CLM-7FAA92F7,1000000075,Dr. Sarah Moore,MEM000025,FAC001,2026-06-16T15:00:00,99213,97.37,Chennai,CLEAN
CLM-315E93E1,1000000198,Dr. Adam Vaughan,MEM000931,FAC009,2026-04-25T15:00:00,93000,55.88,Chennai,CLEAN
CLM-F7E12FA2,1000000113,Dr. Crystal Johnson,MEM000776,FAC020,2026-01-28T13:00:00,71045,76.42,Chennai,CLEAN
CLM-8D776600,1000000180,Dr. Alexander Collins,MEM000621,FAC029,2026-03-14T11:00:00,93000,55.54,Chennai,CLEAN
CLM-568B62A1,1000000004,Dr. Cristian Santos,MEM000126,FAC003,2026-03-25T17:00:00,71045,77.9,Chennai,CLEAN
CLM-C9511A6E,1000000080,Dr. Kelly Donovan,MEM000851,FAC046,2026-04-07T17:00:00,99213,102.58,Chennai,CLEAN
CLM-2080B4DA,1000000165,Dr. John Anderson,MEM000331,FAC025,2026-02-15T14:00:00,93000,64.03,Chennai,CLEAN
CLM-F1675FC0,1000000008,Dr. Gabrielle Davis,MEM000659,FAC018,2026-03-24T09:00:00,93000,54.67,Chennai,CLEAN
CLM-BC99F11B,1000000183,Dr. Ashley Barton,MEM000730,FAC008,2026-05-08T10:00:00,99213,92.8,Chennai,CLEAN
CLM-B1214A47,1000000026,Dr. Justin Baker,MEM000535,FAC010,2026-03-02T10:00:00,99215,240.78,Chennai,CLEAN
CLM-0FCB6924,1000000086,Dr. Shirley Suarez,MEM000083,FAC026,2026-03-29T10:00:00,71045,78.41,Chennai,CLEAN
CLM-8C5C9DD1,1000000015,Dr. Brian Ramirez,MEM000537,FAC026,2026-06-14T15:00:00,99214,151.44,Chennai,CLEAN
CLM-53857B73,1000000022,Dr. Ethan Adams,MEM000833,FAC013,2026-04-25T11:00:00,99213,105.26,Chennai,CLEAN
CLM-16FE7AE3,1000000066,Dr. Tracy House,MEM000232,FAC015,2026-01-15T17:00:00,99213,91.05,Chennai,CLEAN
CLM-0C3D98AB,1000000178,Dr. Lawrence Adkins,MEM000230,FAC030,2026-01-11T09:00:00,99214,157.76,Chennai,CLEAN
CLM-EE2D3490,1000000039,Dr. Brittany Farmer,MEM000977,FAC008,2026-05-09T14:00:00,99215,215.05,Chennai,CLEAN
CLM-24C2B6E4,1000000162,Dr. Lindsey Walker,MEM000686,FAC025,2026-01-05T17:00:00,99215,219.66,Chennai,CLEAN
CLM-7B79E172,1000000171,Dr. Darlene Miller,MEM000731,FAC044,2026-04-17T17:00:00,99213,90.8,Chennai,CLEAN
CLM-66C7AC0A,1000000150,Dr. David Wright,MEM000036,FAC013,2026-02-28T16:00:00,99213,96.99,Chennai,CLEAN
CLM-1A4827B6,1000000020,Dr. Margaret Hawkins DDS,MEM000595,FAC023,2026-05-11T11:00:00,71045,75.4,Chennai,CLEAN
CLM-5AE61734,1000000137,Dr. Courtney Gonzalez,MEM000007,FAC040,2026-06-09T13:00:00,99215,222.48,Chennai,CLEAN
CLM-D9ADC213,1000000130,Dr. Elizabeth Kelley,MEM000397,FAC010,2026-02-21T13:00:00,99215,206.61,Chennai,CLEAN
CLM-FDC79412,1000000066,Dr. Tracy House,MEM000402,FAC007,2026-06-16T13:00:00,71045,72.46,Chennai,CLEAN
CLM-5D554D5A,1000000154,Dr. Brenda Hall,MEM000990,FAC041,2026-06-21T17:00:00,71045,75.27,Chennai,CLEAN
CLM-1828846D,1000000028,Dr. Zachary Hicks,MEM000042,FAC024,2026-01-28T12:00:00,99214,157.79,Chennai,CLEAN
CLM-FD460E91,1000000188,Dr. Madison Poole,MEM000765,FAC019,2026-06-26T12:00:00,93000,63.81,Chennai,CLEAN
CLM-F5C663C3,1000000092,Dr. Denise Jacobs,MEM000474,FAC003,2026-06-15T12:00:00,93000,64.68,Chennai,CLEAN
CLM-457ABA5E,1000000064,Dr. Jessica Callahan,MEM000222,FAC032,2026-01-07T13:00:00,99213,94.33,Chennai,CLEAN
CLM-6DC4BE56,1000000046,Dr. John Pierce,MEM000881,FAC021,2026-02-22T16:00:00,71045,83.52,Chennai,CLEAN
CLM-DBCE6A65,1000000117,Dr. Ashley Waller,MEM000400,FAC038,2026-02-12T16:00:00,71045,80.97,Chennai,CLEAN
CLM-2C103BEF,1000000073,Dr. Lauren Daniels,MEM000814,FAC042,2026-03-05T10:00:00,93000,55.29,Chennai,CLEAN
CLM-AACFB65C,1000000000,Dr. Allison Hill,MEM000873,FAC001,2026-06-08T09:00:00,99213,108.94,Chennai,CLEAN
CLM-8ABBE12F,1000000000,Dr. Allison Hill,MEM000310,FAC028,2026-04-08T11:00:00,99213,91.07,Chennai,CLEAN
CLM-15D59E4E,1000000055,Dr. Michael Lewis,MEM000661,FAC012,2026-04-19T14:00:00,99213,95.6,Chennai,CLEAN
CLM-789C84F6,1000000167,Dr. Alyssa Day,MEM000022,FAC019,2026-01-09T10:00:00,99215,204.24,Chennai,CLEAN
CLM-21E8477F,1000000116,Dr. William Herrera,MEM000952,FAC013,2026-01-31T09:00:00,71045,74.79,Chennai,CLEAN
CLM-DB8BAAB3,1000000028,Dr. Zachary Hicks,MEM000088,FAC046,2026-03-02T16:00:00,93000,62.34,Chennai,CLEAN
CLM-106CB690,1000000069,Dr. William Baker,MEM000276,FAC001,2026-06-29T16:00:00,99213,104.63,Chennai,CLEAN
CLM-230EBBD0,1000000039,Dr. Brittany Farmer,MEM000220,FAC004,2026-04-12T15:00:00,99213,90.74,Chennai,CLEAN
CLM-4320645A,1000000110,Dr. Richard Rodriguez,MEM000850,FAC029,2026-04-16T11:00:00,99213,101.54,Chennai,CLEAN
CLM-D338D857,1000000011,Dr. Jamie Arnold,MEM000672,FAC004,2026-03-13T13:00:00,71045,75.24,Chennai,CLEAN
CLM-FA153FF5,1000000068,Dr. James Brown,MEM000024,FAC042,2026-03-11T12:00:00,99214,155.69,Chennai,CLEAN
CLM-3541C24A,1000000000,Dr. Allison Hill,MEM000665,FAC002,2026-05-25T15:00:00,93000,65.43,Chennai,CLEAN
CLM-46144B15,1000000125,Dr. Erin Edwards,MEM000810,FAC014,2026-01-13T13:00:00,99215,201.89,Chennai,CLEAN
CLM-BCDA457B,1000000094,Dr. John Whitehead,MEM000467,FAC030,2026-05-20T11:00:00,99215,226.98,Chennai,CLEAN
CLM-13A871BD,1000000095,Dr. Anna Henderson,MEM000743,FAC035,2026-05-19T11:00:00,99215,230.35,Chennai,CLEAN
CLM-B3D56DFF,1000000088,Dr. Lisa Archer,MEM000416,FAC011,2026-05-29T15:00:00,99215,218.57,Chennai,CLEAN
CLM-5FBA3854,1000000088,Dr. Lisa Archer,MEM000785,FAC018,2026-02-07T16:00:00,93000,58.89,Chennai,CLEAN
CLM-95D877E5,1000000110,Dr. Richard Rodriguez,MEM000088,FAC038,2026-03-06T11:00:00,99215,238.69,Chennai,CLEAN
CLM-11A8590F,1000000165,Dr. John Anderson,MEM000477,FAC028,2026-05-19T11:00:00,99213,96.87,Chennai,CLEAN
CLM-C548BF1E,1000000160,Dr. Paul Castaneda,MEM000148,FAC038,2026-03-29T17:00:00,99214,160.53,Chennai,CLEAN
CLM-1342E1C7,1000000146,Dr. Victoria Larson,MEM000142,FAC013,2026-06-27T15:00:00,99213,106.47,Chennai,CLEAN
CLM-6FF8AE0A,1000000028,Dr. Zachary Hicks,MEM000513,FAC034,2026-01-11T17:00:00,99213,101.51,Chennai,CLEAN
CLM-32603AAF,1000000065,Dr. Amber Kidd,MEM000956,FAC035,2026-06-20T11:00:00,99214,155.52,Chennai,CLEAN
CLM-3EAC8BDF,1888888888,Dr. Synthetic-B (Teleport),MEM000342,FAC031,2026-01-30T14:00:00,99215,222.13,Chennai,CLEAN
CLM-97564C7D,1000000101,Dr. Cameron Parker,MEM000535,FAC042,2026-04-11T12:00:00,93000,58.21,Chennai,CLEAN
CLM-959114F4,1000000104,Dr. Richard Henson,MEM000704,FAC048,2026-01-28T12:00:00,71045,74.49,Chennai,CLEAN
CLM-19B19180,1000000177,Dr. Michael Wang,MEM000916,FAC048,2026-02-18T09:00:00,93000,63.6,Chennai,CLEAN
CLM-C2310405,1000000126,Dr. Michelle Evans,MEM000147,FAC004,2026-06-27T13:00:00,99214,157.67,Chennai,CLEAN
CLM-F0387AC2,1000000077,Dr. Megan Young,MEM000845,FAC013,2026-05-19T10:00:00,99214,135.71,Chennai,CLEAN
CLM-9BCB4E21,1000000007,Dr. Gina Moore,MEM000302,FAC007,2026-02-23T11:00:00,99213,91.34,Chennai,CLEAN
CLM-4C7CFB21,1000000115,Dr. Diana May,MEM000973,FAC007,2026-04-19T14:00:00,71045,72.17,Chennai,CLEAN
CLM-591310F0,1000000152,Dr. Denise Jones,MEM000307,FAC021,2026-04-10T14:00:00,99214,144.11,Chennai,CLEAN
CLM-9B94CCE3,1000000158,Dr. Melissa Gates,MEM000603,FAC030,2026-06-12T09:00:00,71045,87.63,Chennai,CLEAN
CLM-67D06CB4,1000000127,Dr. Jason Powell,MEM000327,FAC022,2026-01-08T13:00:00,71045,85.78,Chennai,CLEAN
CLM-FCD75668,1000000098,Dr. Jessica Smith,MEM000770,FAC034,2026-01-26T15:00:00,93000,61.44,Chennai,CLEAN
CLM-225DD30E,1000000089,Dr. Aimee Montoya,MEM000971,FAC043,2026-05-06T09:00:00,71045,72.62,Chennai,CLEAN
CLM-F7EFAE3C,1000000124,Dr. Helen Jones,MEM000777,FAC005,2026-05-02T13:00:00,93000,55.1,Chennai,CLEAN
CLM-785BD50A,1000000062,Dr. Connor West,MEM000741,FAC045,2026-06-11T10:00:00,71045,78.08,Chennai,CLEAN
CLM-0C439C7E,1000000086,Dr. Shirley Suarez,MEM000247,FAC038,2026-05-01T09:00:00,99215,211.63,Chennai,CLEAN
CLM-BAA8BAD7,1000000198,Dr. Adam Vaughan,MEM000720,FAC028,2026-02-25T15:00:00,99213,90.21,Chennai,CLEAN
CLM-B2529049,1000000032,Dr. Tricia Valencia,MEM000607,FAC043,2026-01-08T17:00:00,71045,73.11,Chennai,CLEAN
CLM-1B91C298,1000000046,Dr. John Pierce,MEM000474,FAC017,2026-06-28T15:00:00,93000,61.84,Chennai,CLEAN
CLM-7521AF47,1000000012,Dr. Lisa Hensley,MEM000259,FAC037,2026-01-31T17:00:00,71045,74.78,Chennai,CLEAN
CLM-D502F9E5,1000000115,Dr. Diana May,MEM000300,FAC010,2026-01-11T13:00:00,93000,57.98,Chennai,CLEAN
CLM-F4E4B805,1000000028,Dr. Zachary Hicks,MEM000703,FAC009,2026-01-20T12:00:00,71045,79.78,Chennai,CLEAN
CLM-F76E2480,1000000001,Dr. Noah Rhodes,MEM000396,FAC049,2026-06-17T11:00:00,71045,72.7,Chennai,CLEAN
CLM-1C26DC8D,1000000046,Dr. John Pierce,MEM000228,FAC021,2026-06-24T16:00:00,99214,156.41,Chennai,CLEAN
CLM-8DC49BB1,1000000179,Dr. Robert Oconnell,MEM000970,FAC007,2026-01-26T11:00:00,99214,138.96,Chennai,CLEAN
CLM-67A10C07,1000000154,Dr. Brenda Hall,MEM000576,FAC001,2026-04-23T16:00:00,99215,232.95,Chennai,CLEAN
CLM-5B536224,1000000110,Dr. Richard Rodriguez,MEM000021,FAC045,2026-05-15T14:00:00,93000,55.28,Chennai,CLEAN
CLM-5CA7FC26,1000000121,Dr. Kenneth Scott,MEM000034,FAC017,2026-04-22T17:00:00,71045,73.07,Chennai,CLEAN
CLM-3CD0A1DD,1000000022,Dr. Ethan Adams,MEM000269,FAC042,2026-04-02T16:00:00,71045,80.11,Chennai,CLEAN
CLM-4F113B5C,1000000062,Dr. Connor West,MEM000928,FAC008,2026-01-31T09:00:00,99214,137.59,Chennai,CLEAN
CLM-3AFBCF57,1000000047,Dr. Shane Henderson,MEM000680,FAC012,2026-04-25T17:00:00,99215,222.52,Chennai,CLEAN
CLM-49E46B5B,1000000122,Dr. April Frost,MEM000068,FAC042,2026-02-17T15:00:00,99213,101.19,Chennai,CLEAN
CLM-AB3D8653,1000000059,Dr. John Daniel,MEM000207,FAC009,2026-03-18T11:00:00,71045,72.18,Chennai,CLEAN
CLM-1416769B,1000000015,Dr. Brian Ramirez,MEM000522,FAC000,2026-01-29T17:00:00,99215,223.77,Chennai,CLEAN
CLM-AA2641B9,1000000002,Dr. Angie Henderson,MEM000310,FAC008,2026-03-23T12:00:00,71045,84.82,Chennai,CLEAN
CLM-30CEE315,1000000048,Dr. Joshua Blair,MEM000679,FAC030,2026-05-03T16:00:00,99214,137.97,Chennai,CLEAN
CLM-42041E9A,1000000099,Dr. Stephen Mckee,MEM000566,FAC040,2026-06-10T17:00:00,99213,92.92,Chennai,CLEAN
CLM-3881F84B,1000000032,Dr. Tricia Valencia,MEM000878,FAC032,2026-02-07T10:00:00,71045,80.21,Chennai,CLEAN
CLM-33A46A4E,1000000018,Dr. Lisa Jackson,MEM000579,FAC010,2026-03-05T15:00:00,99215,239.25,Chennai,CLEAN
CLM-39A329BD,1000000067,Dr. Carol Tucker,MEM000416,FAC003,2026-04-21T09:00:00,99215,232.35,Chennai,CLEAN
CLM-56410B6C,1000000007,Dr. Gina Moore,MEM000197,FAC042,2026-04-06T15:00:00,71045,81.7,Chennai,CLEAN
CLM-3A3680FB,1000000057,Dr. Richard Aguirre,MEM000766,FAC008,2026-05-03T17:00:00,71045,82.34,Chennai,CLEAN
CLM-B0D3BAE7,1000000193,Dr. Angelica Keith,MEM000650,FAC010,2026-03-03T17:00:00,99215,219.87,Chennai,CLEAN
CLM-40FAD1FF,1000000019,Dr. Carla Gray,MEM000443,FAC038,2026-01-08T15:00:00,99213,101.23,Chennai,CLEAN
CLM-C2703AE1,1000000180,Dr. Alexander Collins,MEM000913,FAC049,2026-02-07T09:00:00,99215,210.21,Chennai,CLEAN
CLM-C5C5D5DA,1000000071,Dr. Whitney Peters,MEM000475,FAC041,2026-03-29T13:00:00,93000,61.26,Chennai,CLEAN
CLM-F1CF526D,1000000078,Dr. Steve Sanchez,MEM000875,FAC030,2026-05-11T16:00:00,71045,84.12,Chennai,CLEAN
CLM-0F4FD183,1000000176,Dr. Michael Elliott,MEM000603,FAC044,2026-05-24T11:00:00,71045,77.39,Chennai,CLEAN
CLM-E93DA092,1000000177,Dr. Michael Wang,MEM000501,FAC021,2026-05-17T17:00:00,93000,61.58,Chennai,CLEAN
CLM-B6239478,1000000064,Dr. Jessica Callahan,MEM000644,FAC017,2026-03-11T13:00:00,93000,60.16,Chennai,CLEAN
CLM-338FC8C4,1000000080,Dr. Kelly Donovan,MEM000949,FAC020,2026-03-03T12:00:00,99215,240.78,Chennai,CLEAN
CLM-131419E9,1000000049,Dr. Eric Carney,MEM000845,FAC021,2026-05-13T15:00:00,99215,209.61,Chennai,CLEAN
CLM-D762F25A,1000000108,Dr. Evelyn Galvan,MEM000685,FAC042,2026-02-18T11:00:00,99215,206.36,Chennai,CLEAN
CLM-B8CCC804,1000000175,Dr. Alex Hernandez,MEM000370,FAC045,2026-05-19T17:00:00,99215,207.0,Chennai,CLEAN
CLM-E475D2EF,1000000118,Dr. Victor Baker,MEM000595,FAC033,2026-02-14T10:00:00,99215,226.1,Chennai,CLEAN
CLM-9FFFD92B,1000000052,Dr. Crystal Robinson,MEM000612,FAC040,2026-03-28T11:00:00,71045,78.0,Chennai,CLEAN
CLM-5384B4A2,1000000100,Dr. Sandra Aguilar,MEM000495,FAC045,2026-03-11T16:00:00,93000,58.1,Chennai,CLEAN
CLM-DE9C5F77,1000000065,Dr. Amber Kidd,MEM000620,FAC004,2026-03-06T10:00:00,71045,85.01,Chennai,CLEAN
CLM-ACF271FD,1000000100,Dr. Sandra Aguilar,MEM000003,FAC004,2026-02-18T13:00:00,71045,79.28,Chennai,CLEAN
CLM-790F7A5B,1000000140,Dr. Cheyenne Horton,MEM000597,FAC017,2026-05-11T15:00:00,99214,142.97,Chennai,CLEAN
CLM-D9DDA0D5,1000000109,Dr. Sharon Cochran,MEM000643,FAC031,2026-06-02T10:00:00,71045,78.99,Chennai,CLEAN
CLM-BEBA5225,1000000080,Dr. Kelly Donovan,MEM000122,FAC008,2026-02-16T10:00:00,99215,231.45,Chennai,CLEAN
CLM-46660413,1000000013,Dr. Michele Williams,MEM000042,FAC004,2026-03-13T10:00:00,93000,60.42,Chennai,CLEAN
CLM-E34E2F31,1000000032,Dr. Tricia Valencia,MEM000802,FAC006,2026-06-25T15:00:00,99214,136.2,Chennai,CLEAN
CLM-BB956780,1000000169,Dr. Daniel Murphy,MEM000580,FAC003,2026-01-03T10:00:00,99215,240.98,Chennai,CLEAN
CLM-A1FCB15E,1000000184,Dr. Lindsay Martinez,MEM000283,FAC018,2026-04-21T12:00:00,99214,141.61,Chennai,CLEAN
CLM-7C965B29,1000000154,Dr. Brenda Hall,MEM000584,FAC048,2026-03-10T17:00:00,99215,234.99,Chennai,CLEAN
CLM-F8A711B6,1000000038,Dr. Elizabeth Fowler,MEM000023,FAC035,2026-05-30T14:00:00,99214,140.16,Chennai,CLEAN
CLM-6D3A2953,1000000098,Dr. Jessica Smith,MEM000208,FAC034,2026-06-07T09:00:00,99214,137.74,Chennai,CLEAN
CLM-F6EFD908,1000000189,Dr. Jessica Gross,MEM000628,FAC017,2026-05-05T10:00:00,99213,94.92,Chennai,CLEAN
CLM-C5F4F83C,1000000104,Dr. Richard Henson,MEM000226,FAC015,2026-04-28T11:00:00,99214,162.53,Chennai,CLEAN
CLM-F544A398,1000000071,Dr. Whitney Peters,MEM000109,FAC000,2026-03-03T13:00:00,71045,81.27,Chennai,CLEAN
CLM-157B18D2,1000000153,Dr. Devon Flores,MEM000869,FAC024,2026-04-25T12:00:00,99214,138.01,Chennai,CLEAN
CLM-3BA05418,1000000020,Dr. Margaret Hawkins DDS,MEM000418,FAC045,2026-04-24T16:00:00,99214,157.17,Chennai,CLEAN
CLM-E07E389E,1000000098,Dr. Jessica Smith,MEM000871,FAC039,2026-04-08T09:00:00,93000,63.18,Chennai,CLEAN
CLM-12701730,1000000052,Dr. Crystal Robinson,MEM000902,FAC043,2026-05-06T15:00:00,93000,58.11,Chennai,CLEAN
CLM-37573461,1000000005,Dr. Connie Lawrence,MEM000511,FAC032,2026-06-07T15:00:00,71045,81.7,Chennai,CLEAN
CLM-F161A7FB,1000000095,Dr. Anna Henderson,MEM000147,FAC045,2026-01-20T15:00:00,99214,158.64,Chennai,CLEAN
CLM-ED2A8C61,1000000053,Dr. Mark Perez,MEM000223,FAC020,2026-04-01T15:00:00,99215,208.95,Chennai,CLEAN
CLM-DA7EEDA1,1000000074,Dr. Amy Silva,MEM000920,FAC014,2026-04-08T16:00:00,99213,103.73,Chennai,CLEAN
CLM-5FDB264C,1000000144,Dr. Amber Wright,MEM000249,FAC041,2026-06-28T10:00:00,71045,83.41,Chennai,CLEAN
CLM-7FDDE627,1000000005,Dr. Connie Lawrence,MEM000398,FAC036,2026-03-30T14:00:00,71045,72.33,Chennai,CLEAN
CLM-D4D88B44,1000000111,Dr. Shannon Walker,MEM000741,FAC028,2026-04-19T10:00:00,71045,76.08,Chennai,CLEAN
CLM-FCAEE1B5,1000000058,Dr. Brent Jordan,MEM000275,FAC023,2026-03-08T16:00:00,99214,140.06,Chennai,CLEAN
CLM-67AE9B51,1000000149,Dr. Stephanie Manning,MEM000660,FAC033,2026-06-03T17:00:00,99214,160.38,Chennai,CLEAN
CLM-0D8D2CB2,1000000097,Dr. Deborah Figueroa,MEM000373,FAC003,2026-02-28T10:00:00,99214,137.77,Chennai,CLEAN
CLM-A22E2341,1000000178,Dr. Lawrence Adkins,MEM000566,FAC003,2026-03-06T10:00:00,93000,65.18,Chennai,CLEAN
CLM-04634DBA,1000000115,Dr. Diana May,MEM000152,FAC018,2026-02-06T15:00:00,99215,236.32,Chennai,CLEAN
CLM-9BA2EADD,1000000047,Dr. Shane Henderson,MEM000234,FAC026,2026-03-21T11:00:00,93000,54.8,Chennai,CLEAN
CLM-1F195E8C,1000000023,Dr. Tommy Walter,MEM000635,FAC003,2026-05-27T11:00:00,99215,222.11,Chennai,CLEAN
CLM-C26A667F,1000000108,Dr. Evelyn Galvan,MEM000916,FAC010,2026-03-02T09:00:00,99214,153.08,Chennai,CLEAN
CLM-E8E46FB6,1000000019,Dr. Carla Gray,MEM000068,FAC049,2026-01-26T13:00:00,99214,151.02,Chennai,CLEAN
CLM-8B0A13EA,1000000199,Dr. Nathan Freeman,MEM000473,FAC035,2026-04-05T11:00:00,99214,151.01,Chennai,CLEAN
CLM-2251E539,1000000047,Dr. Shane Henderson,MEM000251,FAC000,2026-03-25T11:00:00,99215,220.58,Chennai,CLEAN
CLM-6A9E967E,1000000005,Dr. Connie Lawrence,MEM000512,FAC032,2026-01-15T15:00:00,99214,140.01,Chennai,CLEAN
CLM-21E3F765,1000000120,Dr. Larry Dixon,MEM000159,FAC008,2026-03-03T14:00:00,93000,63.4,Chennai,CLEAN
CLM-4732AD6F,1000000118,Dr. Victor Baker,MEM000251,FAC029,2026-02-14T10:00:00,99214,139.86,Chennai,CLEAN
CLM-1516DBE6,1000000155,Dr. Michelle Brown,MEM000772,FAC002,2026-01-18T15:00:00,99214,135.02,Chennai,CLEAN
CLM-9EA3D3BB,1000000117,Dr. Ashley Waller,MEM000541,FAC031,2026-06-23T15:00:00,93000,60.5,Chennai,CLEAN
CLM-C382429C,1000000103,Dr. Christine Wright,MEM000910,FAC033,2026-04-30T17:00:00,99215,232.6,Chennai,CLEAN
CLM-37E37530,1000000147,Dr. Stephanie Salazar,MEM000735,FAC047,2026-04-14T13:00:00,93000,65.24,Chennai,CLEAN
CLM-ED539B8C,1000000042,Dr. Sherry Decker,MEM000515,FAC031,2026-02-02T09:00:00,99214,137.2,Chennai,CLEAN
CLM-00A1A08A,1000000094,Dr. John Whitehead,MEM000862,FAC019,2026-01-30T15:00:00,71045,78.02,Chennai,CLEAN
CLM-899FE688,1000000095,Dr. Anna Henderson,MEM000024,FAC020,2026-05-05T12:00:00,99213,94.31,Chennai,CLEAN
CLM-5DBC2F07,1000000198,Dr. Adam Vaughan,MEM000653,FAC048,2026-02-07T16:00:00,93000,63.49,Chennai,CLEAN
CLM-F4B2C7F2,1000000191,Dr. Karen Graham,MEM000143,FAC041,2026-03-19T15:00:00,99214,139.27,Chennai,CLEAN
CLM-E0A13F9E,1000000058,Dr. Brent Jordan,MEM000925,FAC028,2026-03-06T16:00:00,71045,79.46,Chennai,CLEAN
CLM-3DC50AA8,1000000119,Dr. Jeffrey Chandler,MEM000380,FAC013,2026-04-29T11:00:00,71045,87.35,Chennai,CLEAN
CLM-7CDD4A1C,1000000062,Dr. Connor West,MEM000970,FAC009,2026-06-13T10:00:00,99215,214.46,Chennai,CLEAN
CLM-FE27A2ED,1000000089,Dr. Aimee Montoya,MEM000476,FAC024,2026-06-17T15:00:00,99213,101.96,Chennai,CLEAN
CLM-3AE7844C,1000000090,Dr. Matthew Mcmillan,MEM000840,FAC032,2026-05-22T16:00:00,99213,108.68,Chennai,CLEAN
CLM-BE304FAC,1000000122,Dr. April Frost,MEM000069,FAC022,2026-03-26T12:00:00,99215,238.57,Chennai,CLEAN
CLM-E8ED4A64,1000000042,Dr. Sherry Decker,MEM000011,FAC006,2026-02-07T17:00:00,99215,200.64,Chennai,CLEAN
CLM-33A00305,1000000130,Dr. Elizabeth Kelley,MEM000223,FAC040,2026-05-14T14:00:00,99213,98.97,Chennai,CLEAN
CLM-2202E975,1000000085,Dr. Daniel Baker,MEM000817,FAC039,2026-04-28T14:00:00,93000,57.92,Chennai,CLEAN
CLM-37ED250B,1000000094,Dr. John Whitehead,MEM000052,FAC033,2026-05-30T10:00:00,71045,84.14,Chennai,CLEAN
CLM-5E2DA85E,1000000110,Dr. Richard Rodriguez,MEM000781,FAC032,2026-01-10T17:00:00,93000,60.07,Chennai,CLEAN
CLM-65066DD6,1000000039,Dr. Brittany Farmer,MEM000955,FAC024,2026-03-26T16:00:00,99215,204.33,Chennai,CLEAN
CLM-449BEB80,1000000195,Dr. Allen Rosales,MEM000936,FAC012,2026-01-24T15:00:00,99215,215.35,Chennai,CLEAN
CLM-6448026B,1000000010,Dr. Monica Herrera,MEM000045,FAC019,2026-01-04T11:00:00,99214,147.55,Chennai,CLEAN
CLM-6EA96128,1000000049,Dr. Eric Carney,MEM000427,FAC009,2026-04-20T17:00:00,93000,57.06,Chennai,CLEAN
CLM-3E7C6628,1000000053,Dr. Mark Perez,MEM000000,FAC004,2026-02-11T09:00:00,99215,230.0,Chennai,CLEAN
CLM-41E8EA99,1888888888,Dr. Synthetic-B (Teleport),MEM000067,FAC014,2026-04-30T11:00:00,71045,73.83,Chennai,CLEAN
CLM-BAC2138B,1000000171,Dr. Darlene Miller,MEM000470,FAC021,2026-06-07T14:00:00,71045,87.29,Chennai,CLEAN
CLM-8F3FDA17,1000000066,Dr. Tracy House,MEM000590,FAC035,2026-05-21T14:00:00,99215,221.18,Chennai,CLEAN
CLM-04C84818,1000000170,Dr. Jamie Walton,MEM000698,FAC045,2026-05-31T17:00:00,99215,233.47,Chennai,CLEAN
CLM-7BFBB1DB,1000000199,Dr. Nathan Freeman,MEM000918,FAC015,2026-02-27T09:00:00,71045,79.73,Chennai,CLEAN
CLM-F964D41E,1000000084,Dr. Zachary Ferrell,MEM000962,FAC032,2026-03-18T16:00:00,71045,72.82,Chennai,CLEAN
CLM-5092B5B4,1000000151,Dr. Pamela Boyd,MEM000307,FAC016,2026-01-28T11:00:00,93000,56.68,Chennai,CLEAN
CLM-62829432,1999999999,Dr. Synthetic-A (Phantom),MEM000224,FAC015,2026-04-29T11:00:00,99213,103.95,Chennai,CLEAN
CLM-167BE65C,1000000129,Dr. Megan Orr,MEM000371,FAC026,2026-04-13T15:00:00,93000,57.97,Chennai,CLEAN
CLM-5AD7BCE7,1000000020,Dr. Margaret Hawkins DDS,MEM000248,FAC010,2026-06-09T16:00:00,99213,105.5,Chennai,CLEAN
CLM-98CD43B9,1000000014,Dr. Dylan Miller,MEM000446,FAC025,2026-04-21T11:00:00,71045,79.57,Chennai,CLEAN
CLM-E4DF6F7F,1000000007,Dr. Gina Moore,MEM000341,FAC023,2026-01-31T13:00:00,99214,149.6,Chennai,CLEAN
CLM-03287BB2,1000000125,Dr. Erin Edwards,MEM000950,FAC025,2026-05-31T12:00:00,71045,78.88,Chennai,CLEAN
CLM-B4CF01B6,1000000060,Dr. Victoria Garcia,MEM000293,FAC015,2026-06-06T11:00:00,99215,205.0,Chennai,CLEAN
CLM-F2F12DA1,1000000083,Dr. Paul Jones,MEM000607,FAC024,2026-01-22T10:00:00,99213,91.65,Chennai,CLEAN
CLM-1EEC2AA2,1000000188,Dr. Madison Poole,MEM000008,FAC009,2026-05-19T15:00:00,71045,86.35,Chennai,CLEAN
CLM-9A0E5143,1000000178,Dr. Lawrence Adkins,MEM000663,FAC009,2026-01-14T09:00:00,71045,74.84,Chennai,CLEAN
CLM-9D2FC0D3,1000000034,Dr. Debra Davidson,MEM000298,FAC023,2026-06-23T14:00:00,93000,55.05,Chennai,CLEAN
CLM-77989609,1000000042,Dr. Sherry Decker,MEM000914,FAC019,2026-03-26T10:00:00,99213,109.93,Chennai,CLEAN
CLM-0A6A0ABF,1000000021,Dr. Patty Perez,MEM000040,FAC039,2026-01-01T12:00:00,99214,161.91,Chennai,CLEAN
CLM-ED00F9F5,1000000125,Dr. Erin Edwards,MEM000110,FAC017,2026-06-01T13:00:00,93000,64.04,Chennai,CLEAN
CLM-C0D083EF,1000000018,Dr. Lisa Jackson,MEM000851,FAC039,2026-03-14T11:00:00,99213,99.25,Chennai,CLEAN
CLM-BC6B3E8E,1000000066,Dr. Tracy House,MEM000161,FAC041,2026-06-29T17:00:00,99213,99.93,Chennai,CLEAN
CLM-A353C2C1,1000000057,Dr. Richard Aguirre,MEM000705,FAC018,2026-01-09T15:00:00,99215,227.26,Chennai,CLEAN
CLM-497F39C9,1000000177,Dr. Michael Wang,MEM000484,FAC028,2026-04-02T17:00:00,99215,210.92,Chennai,CLEAN
CLM-B5E6A70B,1000000180,Dr. Alexander Collins,MEM000834,FAC025,2026-04-18T12:00:00,99215,227.32,Chennai,CLEAN
CLM-6CC3B924,1000000053,Dr. Mark Perez,MEM000246,FAC029,2026-02-08T11:00:00,99213,91.59,Chennai,CLEAN
CLM-810CA334,1000000150,Dr. David Wright,MEM000896,FAC007,2026-02-07T10:00:00,71045,74.02,Chennai,CLEAN
CLM-8A9FF372,1000000185,Dr. Dr. Hannah Patterson,MEM000075,FAC018,2026-03-27T14:00:00,93000,56.87,Chennai,CLEAN
CLM-BD00E878,1000000123,Dr. Michelle Harmon,MEM000445,FAC026,2026-02-01T17:00:00,93000,57.63,Chennai,CLEAN
CLM-05C81DD7,1000000181,Dr. Tina Sanders,MEM000214,FAC030,2026-06-17T09:00:00,99215,204.89,Chennai,CLEAN
CLM-B5BE492A,1000000049,Dr. Eric Carney,MEM000353,FAC004,2026-01-13T09:00:00,99215,215.14,Chennai,CLEAN
CLM-327DB21C,1000000127,Dr. Jason Powell,MEM000474,FAC042,2026-04-12T14:00:00,71045,74.13,Chennai,CLEAN
CLM-4A8BE002,1000000083,Dr. Paul Jones,MEM000763,FAC045,2026-04-19T14:00:00,93000,64.42,Chennai,CLEAN
CLM-6CF620CE,1000000047,Dr. Shane Henderson,MEM000007,FAC010,2026-03-06T15:00:00,99213,99.74,Chennai,CLEAN
CLM-44EEAA29,1000000085,Dr. Daniel Baker,MEM000151,FAC002,2026-02-05T12:00:00,93000,61.25,Chennai,CLEAN
CLM-887DB450,1000000071,Dr. Whitney Peters,MEM000929,FAC012,2026-02-16T15:00:00,99213,105.42,Chennai,CLEAN
CLM-211B5DD4,1000000161,Dr. Jennifer Adkins,MEM000369,FAC045,2026-03-29T14:00:00,99215,198.12,Chennai,CLEAN
CLM-EB108715,1000000123,Dr. Michelle Harmon,MEM000790,FAC032,2026-02-21T12:00:00,99214,144.98,Chennai,CLEAN
CLM-9E2C49B9,1000000168,Dr. Joel Williams,MEM000878,FAC047,2026-05-10T13:00:00,93000,58.69,Chennai,CLEAN
CLM-4D78B734,1000000135,Dr. Jose Schultz,MEM000604,FAC039,2026-06-06T12:00:00,71045,84.32,Chennai,CLEAN
CLM-EAC188BC,1000000187,Dr. Samantha Garcia,MEM000819,FAC002,2026-04-27T17:00:00,99215,221.71,Chennai,CLEAN
CLM-D9C0D327,1000000193,Dr. Angelica Keith,MEM000467,FAC002,2026-03-14T14:00:00,99213,98.15,Chennai,CLEAN
CLM-884F02B1,1000000160,Dr. Paul Castaneda,MEM000988,FAC004,2026-05-02T15:00:00,71045,86.63,Chennai,CLEAN
CLM-11FBA7F8,1000000155,Dr. Michelle Brown,MEM000585,FAC014,2026-03-22T12:00:00,71045,76.24,Chennai,CLEAN
CLM-170A327A,1000000166,Dr. Alyssa Long,MEM000872,FAC002,2026-02-28T13:00:00,71045,76.25,Chennai,CLEAN
CLM-8085EE4A,1000000135,Dr. Jose Schultz,MEM000234,FAC002,2026-02-26T16:00:00,99214,146.91,Chennai,CLEAN
CLM-C0AA39F8,1000000110,Dr. Richard Rodriguez,MEM000048,FAC004,2026-03-12T17:00:00,93000,65.28,Chennai,CLEAN
CLM-9409A414,1000000004,Dr. Cristian Santos,MEM000513,FAC046,2026-06-13T13:00:00,93000,61.96,Chennai,CLEAN
CLM-3ED15936,1000000127,Dr. Jason Powell,MEM000594,FAC013,2026-05-17T17:00:00,99215,232.31,Chennai,CLEAN
CLM-401CBD99,1000000060,Dr. Victoria Garcia,MEM000947,FAC024,2026-05-24T14:00:00,99214,151.35,Chennai,CLEAN
CLM-FC02F772,1000000051,Dr. Danny Morgan,MEM000014,FAC043,2026-04-20T10:00:00,99215,226.46,Chennai,CLEAN
CLM-435DE2CC,1000000122,Dr. April Frost,MEM000021,FAC006,2026-02-03T13:00:00,99214,154.72,Chennai,CLEAN
CLM-FDF5C38B,1000000171,Dr. Darlene Miller,MEM000263,FAC026,2026-02-11T15:00:00,99214,156.87,Chennai,CLEAN
CLM-561DED9E,1000000092,Dr. Denise Jacobs,MEM000099,FAC048,2026-03-15T13:00:00,93000,62.3,Chennai,CLEAN
CLM-E992DBEA,1000000163,Dr. Jeffrey Johnson,MEM000070,FAC004,2026-02-09T10:00:00,99213,109.07,Chennai,CLEAN
CLM-67330C77,1000000016,Dr. Holly Wood,MEM000797,FAC049,2026-03-11T11:00:00,99213,105.3,Chennai,CLEAN
CLM-C530051D,1000000086,Dr. Shirley Suarez,MEM000124,FAC032,2026-05-17T16:00:00,93000,55.47,Chennai,CLEAN
CLM-90A5923D,1000000171,Dr. Darlene Miller,MEM000629,FAC017,2026-01-22T14:00:00,99213,97.06,Chennai,CLEAN
CLM-2B635D40,1000000099,Dr. Stephen Mckee,MEM000825,FAC012,2026-05-20T13:00:00,99213,108.22,Chennai,CLEAN
CLM-63D98ADB,1000000158,Dr. Melissa Gates,MEM000823,FAC049,2026-01-23T10:00:00,99214,139.37,Chennai,CLEAN
CLM-E9405DA7,1000000041,Dr. Fred Smith,MEM000534,FAC044,2026-05-17T12:00:00,71045,87.86,Chennai,CLEAN
CLM-F8922A6F,1000000193,Dr. Angelica Keith,MEM000646,FAC022,2026-01-08T14:00:00,71045,84.68,Chennai,CLEAN
CLM-154DCC98,1000000110,Dr. Richard Rodriguez,MEM000106,FAC032,2026-04-14T12:00:00,99214,140.7,Chennai,CLEAN
CLM-DE81230A,1000000163,Dr. Jeffrey Johnson,MEM000495,FAC049,2026-05-31T10:00:00,99214,160.04,Chennai,CLEAN
CLM-7CF2CBD7,1000000199,Dr. Nathan Freeman,MEM000506,FAC035,2026-04-28T15:00:00,99215,226.27,Chennai,CLEAN
CLM-04424460,1000000050,Dr. Jessica Holmes,MEM000921,FAC002,2026-01-10T16:00:00,99214,135.11,Chennai,CLEAN
CLM-4E239059,1000000090,Dr. Matthew Mcmillan,MEM000017,FAC042,2026-04-06T14:00:00,71045,84.0,Chennai,CLEAN
CLM-1DB37733,1000000001,Dr. Noah Rhodes,MEM000992,FAC020,2026-04-29T10:00:00,99214,160.29,Chennai,CLEAN
CLM-A03CCC3D,1000000152,Dr. Denise Jones,MEM000533,FAC035,2026-01-30T11:00:00,71045,79.91,Chennai,CLEAN
CLM-3AD35128,1000000141,Dr. David Douglas Jr.,MEM000743,FAC048,2026-03-29T10:00:00,93000,63.73,Chennai,CLEAN
CLM-5D63EB7C,1888888888,Dr. Synthetic-B (Teleport),MEM000855,FAC040,2026-03-23T12:00:00,99215,221.63,Chennai,CLEAN
CLM-71A9A331,1000000108,Dr. Evelyn Galvan,MEM000300,FAC002,2026-01-28T09:00:00,99215,227.25,Chennai,CLEAN
CLM-C0F40CC3,1000000035,Dr. Jeffrey Chavez,MEM000712,FAC016,2026-04-08T11:00:00,99215,212.96,Chennai,CLEAN
CLM-63D949DB,1000000105,Dr. Marc Moore,MEM000076,FAC033,2026-04-04T10:00:00,71045,76.93,Chennai,CLEAN
CLM-1AAAA1C0,1000000076,Dr. Angela Lopez,MEM000416,FAC001,2026-01-07T13:00:00,99215,206.13,Chennai,CLEAN
CLM-07CD253B,1000000023,Dr. Tommy Walter,MEM000890,FAC008,2026-05-15T10:00:00,99215,202.99,Chennai,CLEAN
CLM-2D63E57E,1000000067,Dr. Carol Tucker,MEM000786,FAC021,2026-03-23T10:00:00,99214,152.29,Chennai,CLEAN
CLM-0ACC8EC0,1000000149,Dr. Stephanie Manning,MEM000819,FAC005,2026-03-01T09:00:00,99215,211.71,Chennai,CLEAN
CLM-45E23658,1000000194,Dr. John Bishop,MEM000563,FAC048,2026-05-19T10:00:00,93000,65.22,Chennai,CLEAN
CLM-C2031839,1000000176,Dr. Michael Elliott,MEM000559,FAC019,2026-05-22T13:00:00,99213,107.91,Chennai,CLEAN
CLM-A15A2905,1000000192,Dr. Debra Christian,MEM000953,FAC002,2026-03-21T15:00:00,99213,103.16,Chennai,CLEAN
CLM-45741929,1000000068,Dr. James Brown,MEM000758,FAC003,2026-02-05T10:00:00,99213,108.98,Chennai,CLEAN
CLM-DCBC4D78,1000000150,Dr. David Wright,MEM000004,FAC006,2026-05-03T09:00:00,71045,84.95,Chennai,CLEAN
CLM-7A678FCF,1000000103,Dr. Christine Wright,MEM000554,FAC006,2026-03-09T11:00:00,93000,65.28,Chennai,CLEAN
CLM-55BAC0B5,1000000063,Dr. Donald Wright,MEM000083,FAC021,2026-02-13T11:00:00,93000,62.41,Chennai,CLEAN
CLM-35BF996F,1000000026,Dr. Justin Baker,MEM000645,FAC001,2026-05-01T12:00:00,99214,140.08,Chennai,CLEAN
CLM-109CA2CF,1000000174,Dr. Nicole Herring,MEM000521,FAC015,2026-04-15T09:00:00,93000,64.5,Chennai,CLEAN
CLM-2E313AEF,1000000147,Dr. Stephanie Salazar,MEM000813,FAC046,2026-02-18T16:00:00,93000,56.85,Chennai,CLEAN
CLM-51621B94,1000000110,Dr. Richard Rodriguez,MEM000216,FAC039,2026-06-20T15:00:00,99214,159.75,Chennai,CLEAN
CLM-29E716BF,1000000074,Dr. Amy Silva,MEM000352,FAC008,2026-04-14T15:00:00,93000,57.45,Chennai,CLEAN
CLM-513F06B0,1000000063,Dr. Donald Wright,MEM000631,FAC007,2026-06-30T15:00:00,99215,226.53,Chennai,CLEAN
CLM-31608C62,1000000127,Dr. Jason Powell,MEM000001,FAC007,2026-04-14T12:00:00,99215,228.42,Chennai,CLEAN
CLM-12AA074A,1000000147,Dr. Stephanie Salazar,MEM000188,FAC041,2026-05-29T10:00:00,99214,138.97,Chennai,CLEAN
CLM-3026A0DB,1000000010,Dr. Monica Herrera,MEM000236,FAC015,2026-01-12T10:00:00,71045,74.13,Chennai,CLEAN
CLM-D3560A71,1000000055,Dr. Michael Lewis,MEM000283,FAC007,2026-05-28T09:00:00,99214,156.52,Chennai,CLEAN
CLM-34553FF0,1000000178,Dr. Lawrence Adkins,MEM000014,FAC026,2026-01-28T14:00:00,99214,148.41,Chennai,CLEAN
CLM-E07AFE0F,1000000037,Dr. Cassandra Gaines,MEM000741,FAC041,2026-02-01T14:00:00,99215,241.0,Chennai,CLEAN
CLM-94CF3CEE,1000000096,Dr. Aaron Wise,MEM000675,FAC033,2026-06-24T13:00:00,71045,82.61,Chennai,CLEAN
CLM-6481E450,1000000162,Dr. Lindsey Walker,MEM000149,FAC013,2026-04-10T14:00:00,99214,161.1,Chennai,CLEAN
CLM-BBBC72B6,1000000169,Dr. Daniel Murphy,MEM000248,FAC031,2026-05-06T13:00:00,71045,72.78,Chennai,CLEAN
CLM-6FDF5BB3,1000000000,Dr. Allison Hill,MEM000443,FAC029,2026-02-10T09:00:00,99213,104.97,Chennai,CLEAN
CLM-62A1A92C,1000000134,Dr. Rebecca Jackson,MEM000296,FAC013,2026-04-16T10:00:00,99215,204.19,Chennai,CLEAN
CLM-47D81FAB,1000000071,Dr. Whitney Peters,MEM000181,FAC027,2026-01-04T16:00:00,93000,54.78,Chennai,CLEAN
CLM-0676C6CA,1000000116,Dr. William Herrera,MEM000356,FAC019,2026-06-14T12:00:00,71045,75.21,Chennai,CLEAN
CLM-E2A97E41,1000000070,Dr. Jordan Henderson,MEM000859,FAC030,2026-04-10T13:00:00,99214,149.41,Chennai,CLEAN
CLM-D7D23E6D,1000000112,Dr. Julia Torres,MEM000926,FAC008,2026-01-05T12:00:00,71045,78.15,Chennai,CLEAN
CLM-F1EE0DD6,1000000141,Dr. David Douglas Jr.,MEM000521,FAC041,2026-02-07T10:00:00,99215,229.73,Chennai,CLEAN
CLM-917E35A8,1000000133,Dr. Daniel Kennedy,MEM000260,FAC044,2026-01-26T13:00:00,93000,63.59,Chennai,CLEAN
CLM-2E5382BA,1000000191,Dr. Karen Graham,MEM000413,FAC001,2026-01-17T10:00:00,99214,161.96,Chennai,CLEAN
CLM-80F1CC82,1000000064,Dr. Jessica Callahan,MEM000829,FAC015,2026-06-21T17:00:00,93000,60.89,Chennai,CLEAN
CLM-EE9E0AC2,1000000135,Dr. Jose Schultz,MEM000943,FAC011,2026-06-10T16:00:00,93000,54.04,Chennai,CLEAN
CLM-A8B31CAE,1000000005,Dr. Connie Lawrence,MEM000335,FAC049,2026-06-26T17:00:00,71045,81.09,Chennai,CLEAN
CLM-3A2FA1EB,1000000000,Dr. Allison Hill,MEM000492,FAC012,2026-02-17T10:00:00,99215,229.72,Chennai,CLEAN
CLM-99169916,1000000108,Dr. Evelyn Galvan,MEM000257,FAC044,2026-03-11T12:00:00,71045,82.72,Chennai,CLEAN
CLM-3F3E71F6,1000000154,Dr. Brenda Hall,MEM000578,FAC036,2026-04-02T10:00:00,71045,79.55,Chennai,CLEAN
CLM-8F16ECBC,1000000050,Dr. Jessica Holmes,MEM000911,FAC015,2026-03-25T09:00:00,99215,213.7,Chennai,CLEAN
CLM-D1CB749D,1000000194,Dr. John Bishop,MEM000246,FAC034,2026-03-27T16:00:00,99214,147.92,Chennai,CLEAN
CLM-A73B15A2,1000000143,Dr. Christopher Rubio,MEM000016,FAC044,2026-01-20T10:00:00,93000,64.75,Chennai,CLEAN
CLM-0F79798E,1000000059,Dr. John Daniel,MEM000420,FAC002,2026-02-22T16:00:00,71045,80.56,Chennai,CLEAN
CLM-5763EA25,1000000189,Dr. Jessica Gross,MEM000074,FAC006,2026-06-24T17:00:00,71045,83.49,Chennai,CLEAN
CLM-AB260552,1000000056,Dr. Timothy Duncan,MEM000755,FAC013,2026-02-25T14:00:00,99213,90.73,Chennai,CLEAN
CLM-9627BAE4,1000000002,Dr. Angie Henderson,MEM000940,FAC037,2026-04-15T10:00:00,99215,226.29,Chennai,CLEAN
CLM-45C563CC,1000000115,Dr. Diana May,MEM000914,FAC013,2026-01-24T14:00:00,99214,153.35,Chennai,CLEAN
CLM-D419EE1A,1000000023,Dr. Tommy Walter,MEM000824,FAC016,2026-06-03T17:00:00,99214,136.33,Chennai,CLEAN
CLM-112824B5,1000000176,Dr. Michael Elliott,MEM000283,FAC034,2026-02-12T09:00:00,71045,85.07,Chennai,CLEAN
CLM-4D0DC98B,1000000055,Dr. Michael Lewis,MEM000814,FAC026,2026-03-26T10:00:00,99213,100.07,Chennai,CLEAN
CLM-6CB2FEB6,1000000058,Dr. Brent Jordan,MEM000947,FAC036,2026-03-13T09:00:00,71045,83.14,Chennai,CLEAN
CLM-111D7EFF,1000000091,Dr. Brian Rodriguez,MEM000771,FAC028,2026-05-23T11:00:00,99213,104.78,Chennai,CLEAN
CLM-BC5451A2,1000000160,Dr. Paul Castaneda,MEM000585,FAC001,2026-06-20T13:00:00,99214,140.16,Chennai,CLEAN
CLM-FCA9D3FB,1000000040,Dr. Paula Moreno,MEM000239,FAC047,2026-01-12T11:00:00,99214,159.82,Chennai,CLEAN
CLM-A6B9628F,1000000050,Dr. Jessica Holmes,MEM000135,FAC018,2026-04-28T09:00:00,71045,75.61,Chennai,CLEAN
CLM-7EFA03D0,1000000034,Dr. Debra Davidson,MEM000032,FAC007,2026-02-22T14:00:00,99215,234.73,Chennai,CLEAN
CLM-A82626A9,1000000110,Dr. Richard Rodriguez,MEM000157,FAC044,2026-01-17T11:00:00,71045,78.05,Chennai,CLEAN
CLM-27EB3735,1000000043,Dr. Anthony Humphrey,MEM000383,FAC002,2026-05-17T11:00:00,71045,73.74,Chennai,CLEAN
CLM-E9F80010,1000000195,Dr. Allen Rosales,MEM000161,FAC013,2026-01-19T11:00:00,71045,73.74,Chennai,CLEAN
CLM-5BD732BF,1000000058,Dr. Brent Jordan,MEM000716,FAC010,2026-03-10T17:00:00,93000,64.61,Chennai,CLEAN
CLM-2FC96506,1000000135,Dr. Jose Schultz,MEM000972,FAC037,2026-05-30T14:00:00,71045,74.52,Chennai,CLEAN
CLM-62F79709,1000000152,Dr. Denise Jones,MEM000545,FAC042,2026-05-26T12:00:00,71045,78.8,Chennai,CLEAN
CLM-9DBF1C15,1000000156,Dr. Joshua Perry,MEM000856,FAC028,2026-03-13T14:00:00,99215,224.68,Chennai,CLEAN
CLM-1ED5357D,1000000187,Dr. Samantha Garcia,MEM000817,FAC049,2026-01-06T12:00:00,71045,76.73,Chennai,CLEAN
CLM-25E93349,1000000197,Dr. Spencer Haynes,MEM000548,FAC029,2026-01-24T10:00:00,99214,162.02,Chennai,CLEAN
CLM-C9DDD80E,1000000058,Dr. Brent Jordan,MEM000754,FAC044,2026-05-17T10:00:00,93000,59.75,Chennai,CLEAN
CLM-AB1CF1F9,1000000166,Dr. Alyssa Long,MEM000594,FAC045,2026-02-04T09:00:00,93000,56.16,Chennai,CLEAN
CLM-BF643E69,1000000059,Dr. John Daniel,MEM000818,FAC008,2026-03-03T09:00:00,93000,64.3,Chennai,CLEAN
CLM-20FFD953,1000000139,Dr. Angel Perry,MEM000905,FAC004,2026-03-03T17:00:00,93000,55.0,Chennai,CLEAN
CLM-478835AB,1000000134,Dr. Rebecca Jackson,MEM000550,FAC005,2026-03-08T13:00:00,99215,222.15,Chennai,CLEAN
CLM-6707D6FB,1000000045,Dr. Philip Cannon,MEM000045,FAC027,2026-05-06T12:00:00,99214,159.09,Chennai,CLEAN
CLM-8ECE984F,1000000056,Dr. Timothy Duncan,MEM000715,FAC040,2026-01-23T17:00:00,99214,153.75,Chennai,CLEAN
CLM-9AF642D8,1000000018,Dr. Lisa Jackson,MEM000432,FAC046,2026-06-12T17:00:00,99213,104.75,Chennai,CLEAN
CLM-2BB03505,1000000082,Dr. Michael Evans,MEM000471,FAC010,2026-06-24T13:00:00,99215,199.32,Chennai,CLEAN
CLM-09AAAAA0,1000000195,Dr. Allen Rosales,MEM000011,FAC049,2026-01-07T09:00:00,99213,91.67,Chennai,CLEAN
CLM-E61B6A0D,1000000042,Dr. Sherry Decker,MEM000775,FAC047,2026-06-13T10:00:00,99213,103.76,Chennai,CLEAN
CLM-4ECE21F7,1000000123,Dr. Michelle Harmon,MEM000975,FAC006,2026-04-23T17:00:00,99215,200.52,Chennai,CLEAN
CLM-D1BAC821,1000000161,Dr. Jennifer Adkins,MEM000766,FAC038,2026-01-07T11:00:00,99215,211.77,Chennai,CLEAN
CLM-B456311C,1000000172,Dr. Joshua Cooke,MEM000117,FAC032,2026-06-15T13:00:00,99215,209.48,Chennai,CLEAN
CLM-51A160D6,1000000021,Dr. Patty Perez,MEM000558,FAC009,2026-06-03T17:00:00,71045,76.59,Chennai,CLEAN
CLM-EE14C613,1000000133,Dr. Daniel Kennedy,MEM000932,FAC049,2026-01-20T11:00:00,99214,159.73,Chennai,CLEAN
CLM-CAC35875,1000000073,Dr. Lauren Daniels,MEM000513,FAC039,2026-01-11T14:00:00,71045,79.5,Chennai,CLEAN
CLM-DA98EEC7,1000000129,Dr. Megan Orr,MEM000445,FAC029,2026-01-07T09:00:00,93000,54.59,Chennai,CLEAN
CLM-ACCDA51B,1000000169,Dr. Daniel Murphy,MEM000267,FAC015,2026-04-07T14:00:00,99215,201.9,Chennai,CLEAN
CLM-B358ABE5,1000000185,Dr. Dr. Hannah Patterson,MEM000528,FAC017,2026-05-16T11:00:00,71045,78.04,Chennai,CLEAN
CLM-F2C52C00,1000000031,Dr. James Ferrell,MEM000241,FAC026,2026-02-08T13:00:00,93000,56.73,Chennai,CLEAN
CLM-15D57228,1000000082,Dr. Michael Evans,MEM000378,FAC042,2026-01-13T14:00:00,99215,234.15,Chennai,CLEAN
CLM-A359B146,1999999999,Dr. Synthetic-A (Phantom),MEM000590,FAC024,2026-01-11T17:00:00,99213,102.5,Chennai,CLEAN
CLM-4BBCDCBE,1000000013,Dr. Michele Williams,MEM000416,FAC013,2026-03-03T15:00:00,93000,64.27,Chennai,CLEAN
CLM-592C5728,1000000142,Dr. Patricia Rodriguez,MEM000471,FAC039,2026-04-01T09:00:00,93000,63.34,Chennai,CLEAN
CLM-57EC4CA4,1000000134,Dr. Rebecca Jackson,MEM000189,FAC008,2026-01-17T09:00:00,99215,233.29,Chennai,CLEAN
CLM-7C89C339,1000000031,Dr. James Ferrell,MEM000886,FAC025,2026-03-06T17:00:00,99213,107.8,Chennai,CLEAN
CLM-6D3FD06D,1000000135,Dr. Jose Schultz,MEM000756,FAC000,2026-03-08T13:00:00,99214,151.42,Chennai,CLEAN
CLM-819B6996,1000000121,Dr. Kenneth Scott,MEM000510,FAC015,2026-05-13T12:00:00,71045,83.49,Chennai,CLEAN
CLM-98A9FE0F,1000000048,Dr. Joshua Blair,MEM000541,FAC041,2026-01-17T15:00:00,99215,208.66,Chennai,CLEAN
CLM-EF03BED2,1000000172,Dr. Joshua Cooke,MEM000067,FAC009,2026-06-28T15:00:00,93000,62.13,Chennai,CLEAN
CLM-D689AA63,1000000185,Dr. Dr. Hannah Patterson,MEM000174,FAC033,2026-05-27T13:00:00,71045,76.76,Chennai,CLEAN
CLM-EEB0FD60,1000000005,Dr. Connie Lawrence,MEM000248,FAC026,2026-02-03T14:00:00,93000,59.17,Chennai,CLEAN
CLM-F83A6BFB,1000000026,Dr. Justin Baker,MEM000317,FAC049,2026-03-06T10:00:00,71045,85.98,Chennai,CLEAN
CLM-C6160E85,1000000099,Dr. Stephen Mckee,MEM000298,FAC040,2026-04-10T11:00:00,99215,239.63,Chennai,CLEAN
CLM-A6716480,1000000095,Dr. Anna Henderson,MEM000775,FAC018,2026-01-11T11:00:00,71045,84.62,Chennai,CLEAN
CLM-1917B64E,1000000184,Dr. Lindsay Martinez,MEM000691,FAC023,2026-03-29T17:00:00,99214,143.81,Chennai,CLEAN
CLM-45A969B5,1000000186,Dr. Jonathan Peterson,MEM000023,FAC042,2026-01-22T16:00:00,71045,76.92,Chennai,CLEAN
CLM-706B257F,1777777777,Dr. Synthetic-C (Upcoder),MEM000286,FAC018,2026-05-12T17:00:00,93000,65.0,Mumbai,CLEAN
CLM-DD9EC565,1000000005,Dr. Connie Lawrence,MEM000790,FAC014,2026-01-28T14:00:00,99214,151.68,Chennai,CLEAN
CLM-7A8E1BC3,1000000128,Dr. Cameron Fisher,MEM000531,FAC011,2026-03-12T14:00:00,99214,148.97,Chennai,CLEAN
CLM-DE6C30C7,1000000178,Dr. Lawrence Adkins,MEM000063,FAC043,2026-06-26T14:00:00,99213,95.79,Chennai,CLEAN
CLM-3A3FD3AA,1000000163,Dr. Jeffrey Johnson,MEM000058,FAC018,2026-03-03T12:00:00,99214,141.27,Chennai,CLEAN
CLM-632C4C0B,1000000195,Dr. Allen Rosales,MEM000843,FAC022,2026-02-19T17:00:00,99215,223.83,Chennai,CLEAN
CLM-0BCA65D5,1000000181,Dr. Tina Sanders,MEM000125,FAC025,2026-02-26T11:00:00,99213,91.8,Chennai,CLEAN
CLM-32E8B774,1000000182,Dr. Angela Vaughn,MEM000614,FAC029,2026-05-15T16:00:00,99213,100.89,Chennai,CLEAN
CLM-D6A3CF1F,1000000155,Dr. Michelle Brown,MEM000999,FAC012,2026-03-03T10:00:00,99214,149.78,Chennai,CLEAN
CLM-733B77A9,1000000034,Dr. Debra Davidson,MEM000414,FAC041,2026-03-24T12:00:00,99213,107.65,Chennai,CLEAN
CLM-2D9165A1,1000000008,Dr. Gabrielle Davis,MEM000740,FAC004,2026-01-22T17:00:00,71045,84.13,Chennai,CLEAN
CLM-6C5E83AE,1000000083,Dr. Paul Jones,MEM000398,FAC006,2026-04-29T17:00:00,71045,84.46,Chennai,CLEAN
CLM-EEA3E90D,1000000184,Dr. Lindsay Martinez,MEM000884,FAC033,2026-01-03T09:00:00,99214,141.26,Chennai,CLEAN
CLM-4F875F6F,1000000006,Dr. Abigail Shaffer,MEM000830,FAC001,2026-05-31T10:00:00,99215,232.26,Chennai,CLEAN
CLM-F45D4AA4,1000000028,Dr. Zachary Hicks,MEM000562,FAC008,2026-06-02T17:00:00,99213,94.89,Chennai,CLEAN
CLM-9C282ABF,1000000096,Dr. Aaron Wise,MEM000341,FAC030,2026-06-13T16:00:00,99215,230.09,Chennai,CLEAN
CLM-3AF358A4,1000000152,Dr. Denise Jones,MEM000122,FAC046,2026-04-17T09:00:00,93000,62.16,Chennai,CLEAN
CLM-F8CCF265,1000000100,Dr. Sandra Aguilar,MEM000376,FAC039,2026-03-30T11:00:00,99213,91.53,Chennai,CLEAN
CLM-D7B343AE,1000000154,Dr. Brenda Hall,MEM000072,FAC007,2026-05-15T13:00:00,99213,100.78,Chennai,CLEAN
CLM-18926042,1000000057,Dr. Richard Aguirre,MEM000236,FAC025,2026-05-16T16:00:00,99215,234.87,Chennai,CLEAN
CLM-B3012C15,1000000150,Dr. David Wright,MEM000142,FAC048,2026-04-15T12:00:00,99214,159.45,Chennai,CLEAN
CLM-F864DCE5,1000000040,Dr. Paula Moreno,MEM000964,FAC013,2026-06-05T17:00:00,99214,137.21,Chennai,CLEAN
CLM-836D5B60,1000000115,Dr. Diana May,MEM000281,FAC021,2026-03-28T15:00:00,99213,91.84,Chennai,CLEAN
CLM-4F21EC0E,1000000009,Dr. Ryan Munoz,MEM000712,FAC047,2026-03-17T11:00:00,93000,60.43,Chennai,CLEAN
CLM-4FD60FCF,1000000191,Dr. Karen Graham,MEM000043,FAC023,2026-06-11T09:00:00,99215,208.46,Chennai,CLEAN
CLM-A6BD2F18,1000000101,Dr. Cameron Parker,MEM000438,FAC027,2026-01-12T17:00:00,99213,92.33,Chennai,CLEAN
CLM-4BE07662,1000000032,Dr. Tricia Valencia,MEM000436,FAC049,2026-01-05T09:00:00,99214,161.24,Chennai,CLEAN
CLM-FD83D63D,1000000014,Dr. Dylan Miller,MEM000532,FAC013,2026-04-03T15:00:00,71045,86.15,Chennai,CLEAN
CLM-3CDE7F00,1000000022,Dr. Ethan Adams,MEM000837,FAC048,2026-01-07T15:00:00,99214,155.55,Chennai,CLEAN
CLM-6F83954E,1000000018,Dr. Lisa Jackson,MEM000328,FAC047,2026-02-24T10:00:00,99214,158.03,Chennai,CLEAN
CLM-54AFDF46,1000000065,Dr. Amber Kidd,MEM000919,FAC021,2026-04-02T09:00:00,71045,80.15,Chennai,CLEAN
CLM-7D18FF35,1000000046,Dr. John Pierce,MEM000446,FAC036,2026-01-28T16:00:00,71045,78.79,Chennai,CLEAN
CLM-675BF9AA,1000000143,Dr. Christopher Rubio,MEM000659,FAC009,2026-06-09T12:00:00,93000,63.98,Chennai,CLEAN
CLM-804C7647,1000000074,Dr. Amy Silva,MEM000767,FAC002,2026-01-30T12:00:00,99215,237.44,Chennai,CLEAN
CLM-8442010C,1000000001,Dr. Noah Rhodes,MEM000812,FAC033,2026-04-25T12:00:00,99215,211.13,Chennai,CLEAN
CLM-847464B5,1000000122,Dr. April Frost,MEM000883,FAC042,2026-05-21T17:00:00,99214,147.22,Chennai,CLEAN
CLM-5E73E6A4,1000000054,Dr. Shannon Jones,MEM000239,FAC041,2026-04-06T10:00:00,99213,92.05,Chennai,CLEAN
CLM-8112AE80,1000000094,Dr. John Whitehead,MEM000462,FAC044,2026-06-27T09:00:00,93000,63.87,Chennai,CLEAN
CLM-CF96D203,1000000129,Dr. Megan Orr,MEM000377,FAC036,2026-05-29T10:00:00,99215,210.57,Chennai,CLEAN
CLM-7B8379B4,1000000046,Dr. John Pierce,MEM000957,FAC001,2026-04-26T13:00:00,93000,63.69,Chennai,CLEAN
CLM-72558572,1000000103,Dr. Christine Wright,MEM000774,FAC038,2026-06-30T15:00:00,93000,60.87,Chennai,CLEAN
CLM-268839DF,1000000096,Dr. Aaron Wise,MEM000890,FAC049,2026-06-18T13:00:00,93000,61.7,Chennai,CLEAN
CLM-7D335A16,1000000194,Dr. John Bishop,MEM000614,FAC047,2026-06-23T16:00:00,99213,107.78,Chennai,CLEAN
CLM-FC07A602,1000000075,Dr. Sarah Moore,MEM000148,FAC034,2026-04-04T15:00:00,93000,56.98,Chennai,CLEAN
CLM-330DD89E,1000000084,Dr. Zachary Ferrell,MEM000578,FAC006,2026-03-17T09:00:00,93000,64.65,Chennai,CLEAN
CLM-4A43B9F7,1000000145,Dr. Joyce Solis,MEM000633,FAC012,2026-02-14T12:00:00,99213,93.7,Chennai,CLEAN
CLM-5B1BF9F9,1000000199,Dr. Nathan Freeman,MEM000826,FAC014,2026-03-17T11:00:00,71045,78.47,Chennai,CLEAN
CLM-5D948A97,1000000143,Dr. Christopher Rubio,MEM000983,FAC003,2026-04-15T09:00:00,93000,59.68,Chennai,CLEAN
CLM-48888D37,1000000101,Dr. Cameron Parker,MEM000655,FAC007,2026-04-28T15:00:00,99213,102.84,Chennai,CLEAN
CLM-C0F31C86,1000000044,Dr. Angelica Tucker,MEM000767,FAC013,2026-03-21T17:00:00,99214,150.6,Chennai,CLEAN
CLM-512C392A,1000000056,Dr. Timothy Duncan,MEM000333,FAC042,2026-06-19T14:00:00,99214,161.96,Chennai,CLEAN
CLM-D3732DF4,1000000133,Dr. Daniel Kennedy,MEM000141,FAC042,2026-05-24T09:00:00,99215,234.43,Chennai,CLEAN
CLM-83D554A3,1000000088,Dr. Lisa Archer,MEM000983,FAC026,2026-06-19T10:00:00,99214,162.07,Chennai,CLEAN
CLM-65E8D8DC,1000000144,Dr. Amber Wright,MEM000624,FAC027,2026-03-29T09:00:00,93000,63.66,Chennai,CLEAN
CLM-4F9BDF23,1999999999,Dr. Synthetic-A (Phantom),MEM000150,FAC025,2026-06-01T14:00:00,93000,62.12,Chennai,CLEAN
CLM-DF6EC81B,1000000111,Dr. Shannon Walker,MEM000676,FAC017,2026-01-24T17:00:00,71045,81.17,Chennai,CLEAN
CLM-20EFE6C6,1000000088,Dr. Lisa Archer,MEM000416,FAC040,2026-01-19T12:00:00,99213,101.24,Chennai,CLEAN
CLM-4020B365,1000000109,Dr. Sharon Cochran,MEM000100,FAC043,2026-06-25T11:00:00,99214,159.22,Chennai,CLEAN
CLM-D6A39341,1000000080,Dr. Kelly Donovan,MEM000585,FAC021,2026-01-31T13:00:00,99214,158.32,Chennai,CLEAN
CLM-0A1FA155,1000000102,Dr. Rebecca Valencia,MEM000554,FAC009,2026-03-03T13:00:00,93000,57.26,Chennai,CLEAN
CLM-5D0825BD,1000000010,Dr. Monica Herrera,MEM000875,FAC001,2026-02-12T16:00:00,99214,135.03,Chennai,CLEAN
CLM-44432A8B,1000000170,Dr. Jamie Walton,MEM000872,FAC032,2026-04-22T15:00:00,71045,73.0,Chennai,CLEAN
CLM-04D187B0,1000000014,Dr. Dylan Miller,MEM000119,FAC048,2026-04-10T17:00:00,99214,137.25,Chennai,CLEAN
CLM-BED64D67,1000000171,Dr. Darlene Miller,MEM000197,FAC039,2026-03-27T09:00:00,99213,108.91,Chennai,CLEAN
CLM-66C92B2C,1000000096,Dr. Aaron Wise,MEM000540,FAC003,2026-06-06T13:00:00,99213,95.86,Chennai,CLEAN
CLM-38834292,1000000155,Dr. Michelle Brown,MEM000074,FAC047,2026-03-24T09:00:00,71045,78.52,Chennai,CLEAN
CLM-47C3D81D,1000000045,Dr. Philip Cannon,MEM000883,FAC040,2026-05-14T12:00:00,93000,65.39,Chennai,CLEAN
CLM-3A0F6DD4,1000000164,Dr. Michael Powell,MEM000421,FAC040,2026-02-06T09:00:00,99215,207.7,Chennai,CLEAN
CLM-0C259A1A,1000000071,Dr. Whitney Peters,MEM000276,FAC001,2026-05-07T16:00:00,71045,81.58,Chennai,CLEAN
CLM-D62BC8A0,1000000100,Dr. Sandra Aguilar,MEM000166,FAC003,2026-04-25T11:00:00,71045,84.21,Chennai,CLEAN
CLM-14FF99AA,1000000105,Dr. Marc Moore,MEM000687,FAC008,2026-06-02T11:00:00,99215,198.86,Chennai,CLEAN
CLM-018002AA,1000000023,Dr. Tommy Walter,MEM000763,FAC031,2026-06-10T16:00:00,71045,86.77,Chennai,CLEAN
CLM-DCAD2D68,1000000041,Dr. Fred Smith,MEM000578,FAC044,2026-06-04T10:00:00,99215,199.0,Chennai,CLEAN
CLM-B6F42BA9,1000000134,Dr. Rebecca Jackson,MEM000690,FAC034,2026-03-09T10:00:00,99214,140.95,Chennai,CLEAN
CLM-8D912FCB,1000000116,Dr. William Herrera,MEM000237,FAC005,2026-02-03T14:00:00,99215,229.46,Chennai,CLEAN
CLM-8535F7DA,1000000043,Dr. Anthony Humphrey,MEM000207,FAC022,2026-04-13T10:00:00,71045,80.71,Chennai,CLEAN
CLM-22A7A07D,1000000020,Dr. Margaret Hawkins DDS,MEM000475,FAC000,2026-02-22T11:00:00,99213,91.57,Chennai,CLEAN
CLM-9E31BDAB,1000000041,Dr. Fred Smith,MEM000000,FAC024,2026-01-29T12:00:00,71045,75.81,Chennai,CLEAN
CLM-E9292360,1000000131,Dr. Dustin Jordan,MEM000685,FAC020,2026-02-03T16:00:00,71045,80.74,Chennai,CLEAN
CLM-C89D2BF1,1000000088,Dr. Lisa Archer,MEM000385,FAC007,2026-02-18T12:00:00,71045,73.19,Chennai,CLEAN
CLM-0A4A0AB8,1000000170,Dr. Jamie Walton,MEM000558,FAC018,2026-03-20T13:00:00,93000,54.59,Chennai,CLEAN
CLM-781B87CA,1000000043,Dr. Anthony Humphrey,MEM000885,FAC037,2026-03-24T09:00:00,99214,160.92,Chennai,CLEAN
CLM-606B2332,1000000075,Dr. Sarah Moore,MEM000522,FAC002,2026-01-25T15:00:00,99215,210.53,Chennai,CLEAN
CLM-84BAC520,1000000013,Dr. Michele Williams,MEM000242,FAC028,2026-02-22T13:00:00,99213,97.97,Chennai,CLEAN
CLM-2C42C7D6,1000000136,Dr. Robert Potter,MEM000110,FAC009,2026-04-29T16:00:00,93000,56.04,Chennai,CLEAN
CLM-AFF32D58,1000000047,Dr. Shane Henderson,MEM000076,FAC000,2026-02-11T10:00:00,71045,86.31,Chennai,CLEAN
CLM-3778FF76,1000000150,Dr. David Wright,MEM000549,FAC011,2026-01-27T12:00:00,99215,220.85,Chennai,CLEAN
CLM-521A7154,1000000107,Dr. Sierra Johnson,MEM000175,FAC036,2026-05-20T14:00:00,71045,84.55,Chennai,CLEAN
CLM-04287C80,1000000175,Dr. Alex Hernandez,MEM000621,FAC028,2026-03-01T15:00:00,99214,161.24,Chennai,CLEAN
CLM-BDFAD60D,1000000138,Dr. David Alvarez,MEM000248,FAC007,2026-05-12T11:00:00,93000,62.18,Chennai,CLEAN
CLM-F08B4374,1000000081,Dr. Mike Allen,MEM000418,FAC001,2026-03-28T12:00:00,93000,63.0,Chennai,CLEAN
CLM-ED56A86E,1000000189,Dr. Jessica Gross,MEM000023,FAC031,2026-06-29T17:00:00,71045,78.44,Chennai,CLEAN
CLM-32869CFF,1000000030,Dr. Rebecca Henderson,MEM000464,FAC030,2026-06-29T09:00:00,71045,85.77,Chennai,CLEAN
CLM-71D9BDEC,1000000127,Dr. Jason Powell,MEM000241,FAC025,2026-05-13T11:00:00,99213,97.3,Chennai,CLEAN
CLM-899B905E,1000000000,Dr. Allison Hill,MEM000385,FAC034,2026-02-06T10:00:00,99214,140.41,Chennai,CLEAN
CLM-BA7FB512,1000000161,Dr. Jennifer Adkins,MEM000357,FAC020,2026-06-22T11:00:00,99213,109.84,Chennai,CLEAN
CLM-9D280375,1000000173,Dr. Matthew Harrington,MEM000894,FAC042,2026-04-04T09:00:00,99215,221.72,Chennai,CLEAN
CLM-DFA5CF2D,1000000114,Dr. Garrett Lin,MEM000959,FAC006,2026-06-25T13:00:00,71045,81.11,Chennai,CLEAN
CLM-F768B220,1000000187,Dr. Samantha Garcia,MEM000074,FAC033,2026-06-16T11:00:00,99213,109.63,Chennai,CLEAN
CLM-4F962120,1000000035,Dr. Jeffrey Chavez,MEM000335,FAC036,2026-04-12T16:00:00,93000,65.46,Chennai,CLEAN
CLM-EEA1FB51,1000000142,Dr. Patricia Rodriguez,MEM000604,FAC034,2026-06-24T13:00:00,99214,147.9,Chennai,CLEAN
CLM-08FABB8D,1000000155,Dr. Michelle Brown,MEM000554,FAC018,2026-05-20T09:00:00,99214,138.81,Chennai,CLEAN
CLM-0E9503C8,1000000009,Dr. Ryan Munoz,MEM000871,FAC021,2026-01-09T12:00:00,93000,59.2,Chennai,CLEAN
CLM-AECF386A,1000000184,Dr. Lindsay Martinez,MEM000612,FAC045,2026-06-27T13:00:00,93000,65.63,Chennai,CLEAN
CLM-D9E8D174,1000000165,Dr. John Anderson,MEM000133,FAC019,2026-06-05T14:00:00,93000,60.15,Chennai,CLEAN
CLM-DA131E61,1000000161,Dr. Jennifer Adkins,MEM000067,FAC041,2026-01-22T13:00:00,99215,217.88,Chennai,CLEAN
CLM-CAD8031D,1000000139,Dr. Angel Perry,MEM000519,FAC029,2026-01-10T16:00:00,99213,97.14,Chennai,CLEAN
CLM-98AF79E2,1000000045,Dr. Philip Cannon,MEM000240,FAC034,2026-04-13T16:00:00,71045,79.64,Chennai,CLEAN
CLM-A8A6793D,1000000138,Dr. David Alvarez,MEM000787,FAC042,2026-02-17T09:00:00,93000,59.42,Chennai,CLEAN
CLM-059C08AC,1000000097,Dr. Deborah Figueroa,MEM000798,FAC004,2026-06-07T10:00:00,71045,79.92,Chennai,CLEAN
CLM-0FFE0D1E,1000000136,Dr. Robert Potter,MEM000504,FAC024,2026-05-19T11:00:00,93000,60.9,Chennai,CLEAN
CLM-81CCAC59,1000000111,Dr. Shannon Walker,MEM000517,FAC031,2026-02-09T11:00:00,99215,220.71,Chennai,CLEAN
CLM-F8763632,1000000050,Dr. Jessica Holmes,MEM000505,FAC047,2026-01-10T17:00:00,99215,227.99,Chennai,CLEAN
CLM-9B80C67A,1000000000,Dr. Allison Hill,MEM000408,FAC041,2026-02-17T12:00:00,99215,200.28,Chennai,CLEAN
CLM-32FB88AA,1000000068,Dr. James Brown,MEM000904,FAC001,2026-06-19T14:00:00,71045,78.1,Chennai,CLEAN
CLM-FCC084AA,1000000158,Dr. Melissa Gates,MEM000339,FAC043,2026-04-27T09:00:00,99213,103.46,Chennai,CLEAN
CLM-E6A5F7EC,1000000042,Dr. Sherry Decker,MEM000286,FAC034,2026-02-15T14:00:00,99215,209.81,Chennai,CLEAN
CLM-081A482E,1000000046,Dr. John Pierce,MEM000956,FAC033,2026-04-11T16:00:00,93000,58.73,Chennai,CLEAN
CLM-C78F6F6B,1000000035,Dr. Jeffrey Chavez,MEM000361,FAC039,2026-03-17T11:00:00,99214,154.02,Chennai,CLEAN
CLM-4A6B8F0F,1000000034,Dr. Debra Davidson,MEM000699,FAC034,2026-05-28T13:00:00,71045,85.28,Chennai,CLEAN
CLM-738344A6,1000000056,Dr. Timothy Duncan,MEM000887,FAC012,2026-05-20T10:00:00,99215,215.82,Chennai,CLEAN
CLM-576B2528,1000000066,Dr. Tracy House,MEM000081,FAC043,2026-06-24T14:00:00,99214,150.99,Chennai,CLEAN
CLM-937ED566,1000000086,Dr. Shirley Suarez,MEM000739,FAC030,2026-02-15T14:00:00,71045,74.68,Chennai,CLEAN
CLM-7DD6C748,1000000147,Dr. Stephanie Salazar,MEM000175,FAC025,2026-05-31T12:00:00,99214,145.3,Chennai,CLEAN
CLM-B125A1B1,1000000155,Dr. Michelle Brown,MEM000800,FAC043,2026-04-05T10:00:00,99214,160.81,Chennai,CLEAN
CLM-8C65930A,1000000129,Dr. Megan Orr,MEM000108,FAC035,2026-04-11T14:00:00,99215,199.13,Chennai,CLEAN
CLM-6ED06F68,1000000165,Dr. John Anderson,MEM000501,FAC033,2026-03-09T15:00:00,93000,57.89,Chennai,CLEAN
CLM-5231274E,1000000156,Dr. Joshua Perry,MEM000328,FAC048,2026-05-05T13:00:00,99215,207.87,Chennai,CLEAN
CLM-E0786ADD,1000000049,Dr. Eric Carney,MEM000313,FAC040,2026-06-09T10:00:00,93000,63.89,Chennai,CLEAN
CLM-BA9789CB,1000000019,Dr. Carla Gray,MEM000948,FAC007,2026-05-04T16:00:00,99214,136.41,Chennai,CLEAN
CLM-13393216,1000000133,Dr. Daniel Kennedy,MEM000853,FAC045,2026-03-27T12:00:00,99215,232.91,Chennai,CLEAN
CLM-23C86E75,1000000022,Dr. Ethan Adams,MEM000858,FAC023,2026-02-23T15:00:00,99215,201.88,Chennai,CLEAN
CLM-907DE908,1000000075,Dr. Sarah Moore,MEM000464,FAC006,2026-03-25T14:00:00,99214,138.22,Chennai,CLEAN
CLM-BB2EAE86,1000000186,Dr. Jonathan Peterson,MEM000177,FAC023,2026-06-08T12:00:00,71045,79.61,Chennai,CLEAN
CLM-7EA28A81,1000000134,Dr. Rebecca Jackson,MEM000099,FAC015,2026-04-20T16:00:00,99215,200.01,Chennai,CLEAN
CLM-3FD1AB6D,1000000158,Dr. Melissa Gates,MEM000272,FAC009,2026-06-28T10:00:00,99215,239.82,Chennai,CLEAN
CLM-5313A6AD,1777777777,Dr. Synthetic-C (Upcoder),MEM000089,FAC002,2026-04-01T11:00:00,71045,78.13,Mumbai,CLEAN
CLM-5B97AFC8,1000000135,Dr. Jose Schultz,MEM000970,FAC007,2026-06-28T17:00:00,71045,80.98,Chennai,CLEAN
CLM-3DD22A89,1000000154,Dr. Brenda Hall,MEM000750,FAC008,2026-05-03T09:00:00,99215,213.88,Chennai,CLEAN
CLM-2F3AB575,1000000060,Dr. Victoria Garcia,MEM000864,FAC032,2026-05-15T17:00:00,99215,215.7,Chennai,CLEAN
CLM-83748675,1000000035,Dr. Jeffrey Chavez,MEM000957,FAC021,2026-05-23T15:00:00,71045,72.93,Chennai,CLEAN
CLM-4EB3C3F9,1000000083,Dr. Paul Jones,MEM000884,FAC049,2026-05-30T17:00:00,71045,84.68,Chennai,CLEAN
CLM-FC826209,1000000115,Dr. Diana May,MEM000551,FAC028,2026-03-13T13:00:00,99214,139.15,Chennai,CLEAN
CLM-44DBF32C,1000000180,Dr. Alexander Collins,MEM000345,FAC032,2026-03-28T13:00:00,93000,61.59,Chennai,CLEAN
CLM-DE1F80D9,1000000187,Dr. Samantha Garcia,MEM000602,FAC027,2026-04-04T14:00:00,93000,57.46,Chennai,CLEAN
CLM-788E8C80,1000000128,Dr. Cameron Fisher,MEM000131,FAC019,2026-06-07T10:00:00,99213,106.25,Chennai,CLEAN
CLM-7130F3DA,1000000109,Dr. Sharon Cochran,MEM000340,FAC001,2026-02-04T09:00:00,99213,90.86,Chennai,CLEAN
CLM-670E4B6D,1000000078,Dr. Steve Sanchez,MEM000381,FAC040,2026-02-28T12:00:00,99213,109.17,Chennai,CLEAN
CLM-7DA13397,1000000033,Dr. Nathan Maldonado,MEM000658,FAC007,2026-03-25T14:00:00,99213,94.17,Chennai,CLEAN
CLM-29E0CA19,1000000082,Dr. Michael Evans,MEM000348,FAC030,2026-01-09T17:00:00,99214,154.0,Chennai,CLEAN
CLM-7DFE20F6,1000000108,Dr. Evelyn Galvan,MEM000568,FAC047,2026-02-16T10:00:00,99215,211.34,Chennai,CLEAN
CLM-63FABE4D,1000000133,Dr. Daniel Kennedy,MEM000537,FAC039,2026-04-09T15:00:00,93000,61.44,Chennai,CLEAN
CLM-7D672C9C,1000000183,Dr. Ashley Barton,MEM000502,FAC009,2026-05-08T12:00:00,71045,79.18,Chennai,CLEAN
CLM-8B5E1875,1000000163,Dr. Jeffrey Johnson,MEM000807,FAC028,2026-03-16T15:00:00,99214,157.41,Chennai,CLEAN
CLM-07BA43BA,1000000033,Dr. Nathan Maldonado,MEM000375,FAC032,2026-06-30T11:00:00,99215,210.67,Chennai,CLEAN
CLM-6C4CEDAD,1000000017,Dr. Derek Zuniga,MEM000538,FAC013,2026-02-14T17:00:00,99213,104.74,Chennai,CLEAN
CLM-6BC0B2E4,1000000048,Dr. Joshua Blair,MEM000856,FAC004,2026-02-02T12:00:00,93000,55.72,Chennai,CLEAN
CLM-FD3923A8,1000000165,Dr. John Anderson,MEM000007,FAC040,2026-03-20T10:00:00,99213,97.54,Chennai,CLEAN
CLM-D0E789F3,1000000002,Dr. Angie Henderson,MEM000906,FAC005,2026-05-14T12:00:00,71045,76.2,Chennai,CLEAN
CLM-ED957EEF,1000000040,Dr. Paula Moreno,MEM000208,FAC045,2026-05-22T16:00:00,99215,199.07,Chennai,CLEAN
CLM-60A4D248,1000000042,Dr. Sherry Decker,MEM000785,FAC030,2026-04-14T17:00:00,99213,103.3,Chennai,CLEAN
CLM-413A0533,1000000045,Dr. Philip Cannon,MEM000805,FAC011,2026-03-31T16:00:00,71045,77.13,Chennai,CLEAN
CLM-97B0C1BA,1000000191,Dr. Karen Graham,MEM000996,FAC023,2026-05-24T13:00:00,71045,74.17,Chennai,CLEAN
CLM-FB15A847,1000000039,Dr. Brittany Farmer,MEM000883,FAC036,2026-01-09T14:00:00,99214,153.56,Chennai,CLEAN
CLM-2FACD2B2,1000000130,Dr. Elizabeth Kelley,MEM000836,FAC049,2026-06-21T16:00:00,71045,86.39,Chennai,CLEAN
CLM-7A8CDF89,1000000141,Dr. David Douglas Jr.,MEM000246,FAC046,2026-01-27T15:00:00,99213,100.99,Chennai,CLEAN
CLM-A7F4A681,1000000046,Dr. John Pierce,MEM000735,FAC028,2026-01-31T16:00:00,99214,136.9,Chennai,CLEAN
CLM-81B83ABE,1000000175,Dr. Alex Hernandez,MEM000220,FAC012,2026-04-24T12:00:00,93000,61.86,Chennai,CLEAN
CLM-B8A5A487,1000000047,Dr. Shane Henderson,MEM000979,FAC001,2026-03-25T11:00:00,99214,139.66,Chennai,CLEAN
CLM-7FBA6844,1000000145,Dr. Joyce Solis,MEM000931,FAC039,2026-02-24T15:00:00,99214,163.66,Chennai,CLEAN
CLM-25D0A66C,1000000187,Dr. Samantha Garcia,MEM000437,FAC020,2026-06-18T10:00:00,99215,208.4,Chennai,CLEAN
CLM-9839F85D,1000000140,Dr. Cheyenne Horton,MEM000147,FAC015,2026-02-12T14:00:00,99215,228.91,Chennai,CLEAN
CLM-AF891A9C,1000000062,Dr. Connor West,MEM000808,FAC036,2026-05-19T12:00:00,99215,222.46,Chennai,CLEAN
CLM-10D1A1F6,1000000078,Dr. Steve Sanchez,MEM000273,FAC026,2026-02-01T16:00:00,71045,83.79,Chennai,CLEAN
CLM-85C3A12D,1000000126,Dr. Michelle Evans,MEM000224,FAC010,2026-04-11T13:00:00,99214,163.26,Chennai,CLEAN
CLM-E262CF71,1000000146,Dr. Victoria Larson,MEM000340,FAC016,2026-03-06T16:00:00,93000,62.59,Chennai,CLEAN
CLM-80D4EDC2,1000000029,Dr. Anthony Rodriguez,MEM000184,FAC028,2026-06-04T16:00:00,99213,93.74,Chennai,CLEAN
CLM-53BB4A93,1000000044,Dr. Angelica Tucker,MEM000450,FAC004,2026-02-11T09:00:00,99215,208.85,Chennai,CLEAN
CLM-D8F7A7AA,1000000152,Dr. Denise Jones,MEM000479,FAC048,2026-05-15T16:00:00,99213,94.28,Chennai,CLEAN
CLM-4B7CB757,1000000181,Dr. Tina Sanders,MEM000916,FAC020,2026-02-05T17:00:00,93000,56.92,Chennai,CLEAN
CLM-86BC77BF,1000000038,Dr. Elizabeth Fowler,MEM000028,FAC043,2026-01-26T11:00:00,99215,215.47,Chennai,CLEAN
CLM-8A99B049,1777777777,Dr. Synthetic-C (Upcoder),MEM000743,FAC003,2026-05-21T12:00:00,99214,136.13,Mumbai,CLEAN
CLM-5D8D457E,1000000011,Dr. Jamie Arnold,MEM000271,FAC048,2026-05-22T16:00:00,93000,63.73,Chennai,CLEAN
CLM-1C704F49,1000000175,Dr. Alex Hernandez,MEM000906,FAC029,2026-05-13T17:00:00,93000,64.36,Chennai,CLEAN
CLM-410A8B41,1000000112,Dr. Julia Torres,MEM000357,FAC043,2026-02-23T14:00:00,93000,58.29,Chennai,CLEAN
CLM-DA7BA9BD,1000000060,Dr. Victoria Garcia,MEM000652,FAC034,2026-04-11T09:00:00,99213,94.04,Chennai,CLEAN
CLM-2354C868,1000000071,Dr. Whitney Peters,MEM000309,FAC015,2026-04-10T10:00:00,93000,64.26,Chennai,CLEAN
CLM-7FE82584,1000000146,Dr. Victoria Larson,MEM000328,FAC007,2026-04-28T10:00:00,99215,234.75,Chennai,CLEAN
CLM-93DA92D8,1000000041,Dr. Fred Smith,MEM000976,FAC013,2026-05-27T10:00:00,99213,105.58,Chennai,CLEAN
CLM-4AF9BBCC,1000000164,Dr. Michael Powell,MEM000591,FAC010,2026-05-31T14:00:00,99213,91.85,Chennai,CLEAN
CLM-FFD102A9,1000000050,Dr. Jessica Holmes,MEM000489,FAC017,2026-06-17T17:00:00,99214,136.7,Chennai,CLEAN
CLM-0BC3EFB5,1000000050,Dr. Jessica Holmes,MEM000933,FAC000,2026-05-28T15:00:00,71045,73.32,Chennai,CLEAN
CLM-A5EA75B8,1000000175,Dr. Alex Hernandez,MEM000607,FAC031,2026-01-24T10:00:00,99214,146.93,Chennai,CLEAN
CLM-8EA82A58,1000000162,Dr. Lindsey Walker,MEM000154,FAC046,2026-02-08T10:00:00,99214,139.72,Chennai,CLEAN
CLM-08A86054,1000000175,Dr. Alex Hernandez,MEM000946,FAC044,2026-04-28T15:00:00,71045,84.04,Chennai,CLEAN
CLM-F37FBBED,1000000035,Dr. Jeffrey Chavez,MEM000054,FAC007,2026-06-05T10:00:00,99213,92.25,Chennai,CLEAN
CLM-930BB78B,1000000103,Dr. Christine Wright,MEM000107,FAC008,2026-02-16T09:00:00,99213,102.35,Chennai,CLEAN
CLM-6BDFA7FD,1000000008,Dr. Gabrielle Davis,MEM000457,FAC008,2026-03-29T17:00:00,71045,86.92,Chennai,CLEAN
CLM-45DBD0F5,1000000050,Dr. Jessica Holmes,MEM000947,FAC039,2026-02-24T09:00:00,99215,223.16,Chennai,CLEAN
CLM-08EF1F8C,1000000110,Dr. Richard Rodriguez,MEM000389,FAC021,2026-02-23T17:00:00,99213,103.21,Chennai,CLEAN
CLM-A695A9CF,1000000116,Dr. William Herrera,MEM000666,FAC042,2026-03-19T17:00:00,99213,92.99,Chennai,CLEAN
CLM-80D91431,1999999999,Dr. Synthetic-A (Phantom),MEM000288,FAC011,2026-01-26T10:00:00,99215,199.0,Chennai,CLEAN
CLM-C0C891D6,1000000142,Dr. Patricia Rodriguez,MEM000699,FAC025,2026-06-10T17:00:00,99214,162.66,Chennai,CLEAN
CLM-AD15CBBB,1000000002,Dr. Angie Henderson,MEM000590,FAC042,2026-03-25T11:00:00,99214,152.89,Chennai,CLEAN
CLM-1EE59F9F,1000000096,Dr. Aaron Wise,MEM000131,FAC001,2026-06-01T12:00:00,99215,241.76,Chennai,CLEAN
CLM-4BCFD52F,1000000089,Dr. Aimee Montoya,MEM000738,FAC024,2026-01-17T09:00:00,99214,156.47,Chennai,CLEAN
CLM-5ECE0521,1000000145,Dr. Joyce Solis,MEM000610,FAC022,2026-02-02T16:00:00,99213,105.53,Chennai,CLEAN
CLM-CC624554,1000000058,Dr. Brent Jordan,MEM000992,FAC029,2026-01-31T11:00:00,99215,206.39,Chennai,CLEAN
CLM-97E244D6,1000000091,Dr. Brian Rodriguez,MEM000562,FAC020,2026-05-19T14:00:00,71045,76.91,Chennai,CLEAN
CLM-718CB763,1000000033,Dr. Nathan Maldonado,MEM000217,FAC001,2026-03-08T10:00:00,99214,135.77,Chennai,CLEAN
CLM-637C1935,1000000123,Dr. Michelle Harmon,MEM000952,FAC003,2026-04-19T10:00:00,99215,225.03,Chennai,CLEAN
CLM-2C2940BC,1000000122,Dr. April Frost,MEM000236,FAC035,2026-05-07T13:00:00,99213,93.33,Chennai,CLEAN
CLM-AB767E5F,1000000158,Dr. Melissa Gates,MEM000062,FAC028,2026-01-22T15:00:00,71045,85.79,Chennai,CLEAN
CLM-DDEDDFE7,1000000005,Dr. Connie Lawrence,MEM000422,FAC014,2026-02-03T11:00:00,99215,221.37,Chennai,CLEAN
CLM-C2AC4099,1000000027,Dr. Stephanie Ross,MEM000350,FAC020,2026-03-08T11:00:00,99213,94.44,Chennai,CLEAN
CLM-433023C9,1000000181,Dr. Tina Sanders,MEM000887,FAC018,2026-01-09T12:00:00,99213,92.49,Chennai,CLEAN
CLM-FA7EFF21,1000000157,Dr. Jason Stein,MEM000371,FAC025,2026-05-08T16:00:00,99215,216.62,Chennai,CLEAN
CLM-FA22D270,1888888888,Dr. Synthetic-B (Teleport),MEM000315,FAC039,2026-01-17T14:00:00,71045,81.44,Chennai,CLEAN
CLM-2969AD98,1000000199,Dr. Nathan Freeman,MEM000356,FAC023,2026-03-14T15:00:00,99214,163.37,Chennai,CLEAN
CLM-7ACC71C7,1000000064,Dr. Jessica Callahan,MEM000491,FAC006,2026-02-05T13:00:00,71045,78.95,Chennai,CLEAN
CLM-D97D4584,1000000028,Dr. Zachary Hicks,MEM000045,FAC035,2026-01-16T10:00:00,93000,55.47,Chennai,CLEAN
CLM-92A9BE2B,1000000053,Dr. Mark Perez,MEM000027,FAC047,2026-04-16T17:00:00,99214,138.01,Chennai,CLEAN
CLM-D12C6F48,1000000102,Dr. Rebecca Valencia,MEM000282,FAC048,2026-01-24T16:00:00,99214,147.71,Chennai,CLEAN
CLM-24EF0568,1000000010,Dr. Monica Herrera,MEM000557,FAC000,2026-05-13T10:00:00,99215,217.7,Chennai,CLEAN
CLM-9B2D6075,1000000037,Dr. Cassandra Gaines,MEM000606,FAC001,2026-01-28T14:00:00,99213,99.27,Chennai,CLEAN
CLM-ED272F9F,1000000050,Dr. Jessica Holmes,MEM000520,FAC002,2026-04-15T16:00:00,99213,94.93,Chennai,CLEAN
CLM-C1F3E968,1000000118,Dr. Victor Baker,MEM000729,FAC014,2026-03-27T10:00:00,99213,106.26,Chennai,CLEAN
CLM-05D2502E,1000000073,Dr. Lauren Daniels,MEM000369,FAC033,2026-03-12T16:00:00,99215,206.78,Chennai,CLEAN
CLM-20C85E54,1000000102,Dr. Rebecca Valencia,MEM000179,FAC007,2026-06-30T12:00:00,99213,90.35,Chennai,CLEAN
CLM-8389F186,1000000111,Dr. Shannon Walker,MEM000186,FAC022,2026-05-17T17:00:00,99215,217.66,Chennai,CLEAN
CLM-C4D73D08,1000000180,Dr. Alexander Collins,MEM000439,FAC038,2026-03-06T16:00:00,99213,94.09,Chennai,CLEAN
CLM-5D58B17C,1000000143,Dr. Christopher Rubio,MEM000005,FAC021,2026-02-20T12:00:00,93000,58.83,Chennai,CLEAN
CLM-BDB4212E,1000000112,Dr. Julia Torres,MEM000944,FAC016,2026-04-22T15:00:00,71045,85.17,Chennai,CLEAN
CLM-CA309510,1000000020,Dr. Margaret Hawkins DDS,MEM000361,FAC037,2026-01-17T17:00:00,99214,159.92,Chennai,CLEAN
CLM-33C55AE4,1000000179,Dr. Robert Oconnell,MEM000874,FAC030,2026-01-05T09:00:00,99213,109.6,Chennai,CLEAN
CLM-6F8FD6CD,1000000103,Dr. Christine Wright,MEM000424,FAC027,2026-01-26T13:00:00,99215,225.58,Chennai,CLEAN
CLM-AFD30BAC,1000000006,Dr. Abigail Shaffer,MEM000773,FAC004,2026-01-30T09:00:00,71045,81.42,Chennai,CLEAN
CLM-1B0132C6,1000000170,Dr. Jamie Walton,MEM000478,FAC007,2026-03-06T09:00:00,99213,104.98,Chennai,CLEAN
CLM-AE477450,1000000067,Dr. Carol Tucker,MEM000599,FAC015,2026-05-20T17:00:00,99213,106.41,Chennai,CLEAN
CLM-57195BF2,1000000144,Dr. Amber Wright,MEM000775,FAC044,2026-06-11T13:00:00,93000,54.04,Chennai,CLEAN
CLM-494AB784,1000000063,Dr. Donald Wright,MEM000683,FAC045,2026-01-17T14:00:00,99214,136.27,Chennai,CLEAN
CLM-3BF0D62B,1000000156,Dr. Joshua Perry,MEM000623,FAC032,2026-01-10T13:00:00,93000,63.86,Chennai,CLEAN
CLM-295CADC1,1000000101,Dr. Cameron Parker,MEM000802,FAC038,2026-05-16T16:00:00,99214,154.44,Chennai,CLEAN
CLM-28DBF3CA,1000000050,Dr. Jessica Holmes,MEM000474,FAC037,2026-04-23T10:00:00,71045,78.12,Chennai,CLEAN
CLM-F99118B9,1000000142,Dr. Patricia Rodriguez,MEM000767,FAC018,2026-01-27T15:00:00,71045,87.29,Chennai,CLEAN
CLM-810E5FCD,1000000038,Dr. Elizabeth Fowler,MEM000221,FAC031,2026-03-15T09:00:00,71045,79.68,Chennai,CLEAN
CLM-EED2A60A,1000000068,Dr. James Brown,MEM000254,FAC014,2026-02-14T14:00:00,71045,74.93,Chennai,CLEAN
CLM-DE9C899D,1000000188,Dr. Madison Poole,MEM000705,FAC032,2026-06-21T13:00:00,93000,60.82,Chennai,CLEAN
CLM-6390A771,1000000029,Dr. Anthony Rodriguez,MEM000625,FAC028,2026-01-04T10:00:00,99215,205.27,Chennai,CLEAN
CLM-8420AEAD,1000000110,Dr. Richard Rodriguez,MEM000868,FAC042,2026-02-05T09:00:00,99214,149.02,Chennai,CLEAN
CLM-4D071D74,1000000131,Dr. Dustin Jordan,MEM000471,FAC034,2026-02-13T10:00:00,99213,98.21,Chennai,CLEAN
CLM-1A8D6B19,1000000040,Dr. Paula Moreno,MEM000676,FAC042,2026-06-18T09:00:00,99215,202.18,Chennai,CLEAN
CLM-45C771AE,1000000139,Dr. Angel Perry,MEM000966,FAC005,2026-03-02T14:00:00,93000,60.86,Chennai,CLEAN
CLM-6712748A,1000000152,Dr. Denise Jones,MEM000516,FAC049,2026-05-30T16:00:00,99214,161.92,Chennai,CLEAN
CLM-0AD6BEA2,1000000021,Dr. Patty Perez,MEM000999,FAC028,2026-01-06T17:00:00,93000,61.51,Chennai,CLEAN
CLM-DD41146D,1000000074,Dr. Amy Silva,MEM000950,FAC042,2026-05-11T09:00:00,99213,109.41,Chennai,CLEAN
CLM-4B550C3C,1000000102,Dr. Rebecca Valencia,MEM000915,FAC016,2026-03-19T17:00:00,99214,139.82,Chennai,CLEAN
CLM-84C1D40A,1000000030,Dr. Rebecca Henderson,MEM000462,FAC022,2026-05-14T17:00:00,99214,152.13,Chennai,CLEAN
CLM-77876D5A,1000000112,Dr. Julia Torres,MEM000995,FAC032,2026-04-06T16:00:00,99213,100.78,Chennai,CLEAN
CLM-85F91EBF,1000000015,Dr. Brian Ramirez,MEM000831,FAC001,2026-03-08T17:00:00,99213,98.38,Chennai,CLEAN
CLM-82CF32FA,1000000081,Dr. Mike Allen,MEM000484,FAC042,2026-01-24T11:00:00,99214,146.41,Chennai,CLEAN
CLM-BA797B0D,1000000021,Dr. Patty Perez,MEM000306,FAC038,2026-04-14T10:00:00,99213,108.68,Chennai,CLEAN
CLM-7A2935E8,1000000130,Dr. Elizabeth Kelley,MEM000912,FAC031,2026-06-22T13:00:00,99214,153.0,Chennai,CLEAN
CLM-0316CA2F,1000000108,Dr. Evelyn Galvan,MEM000573,FAC032,2026-02-08T16:00:00,71045,81.26,Chennai,CLEAN
CLM-6727ABCA,1000000171,Dr. Darlene Miller,MEM000952,FAC030,2026-06-20T09:00:00,99215,199.9,Chennai,CLEAN
CLM-E885E28E,1000000090,Dr. Matthew Mcmillan,MEM000234,FAC045,2026-01-31T13:00:00,99213,105.8,Chennai,CLEAN
CLM-27664773,1000000108,Dr. Evelyn Galvan,MEM000115,FAC022,2026-04-20T09:00:00,71045,86.39,Chennai,CLEAN
CLM-270485CD,1000000164,Dr. Michael Powell,MEM000254,FAC011,2026-05-05T13:00:00,93000,60.7,Chennai,CLEAN
CLM-BDFAEE62,1000000085,Dr. Daniel Baker,MEM000740,FAC024,2026-04-01T10:00:00,71045,81.3,Chennai,CLEAN
CLM-6ADA05D9,1000000168,Dr. Joel Williams,MEM000686,FAC041,2026-04-12T11:00:00,99215,226.16,Chennai,CLEAN
CLM-705158C2,1000000154,Dr. Brenda Hall,MEM000948,FAC026,2026-06-29T13:00:00,93000,58.52,Chennai,CLEAN
CLM-887F61B2,1000000139,Dr. Angel Perry,MEM000254,FAC046,2026-03-09T15:00:00,99213,95.31,Chennai,CLEAN
CLM-01399D34,1000000130,Dr. Elizabeth Kelley,MEM000319,FAC009,2026-01-17T16:00:00,99213,93.06,Chennai,CLEAN
CLM-2789F714,1000000086,Dr. Shirley Suarez,MEM000104,FAC024,2026-02-06T11:00:00,99215,223.52,Chennai,CLEAN
CLM-17BEDD3E,1000000062,Dr. Connor West,MEM000845,FAC040,2026-04-15T13:00:00,93000,60.56,Chennai,CLEAN
CLM-3653E7F0,1000000000,Dr. Allison Hill,MEM000514,FAC036,2026-02-26T13:00:00,93000,58.8,Chennai,CLEAN
CLM-BD599F02,1000000178,Dr. Lawrence Adkins,MEM000513,FAC014,2026-06-07T09:00:00,71045,74.2,Chennai,CLEAN
CLM-2E020C45,1000000066,Dr. Tracy House,MEM000404,FAC030,2026-02-08T17:00:00,71045,81.63,Chennai,CLEAN
CLM-C89E106E,1000000017,Dr. Derek Zuniga,MEM000435,FAC001,2026-06-09T10:00:00,99213,96.0,Chennai,CLEAN
CLM-E3447B1D,1000000054,Dr. Shannon Jones,MEM000849,FAC007,2026-05-31T12:00:00,99215,227.09,Chennai,CLEAN
CLM-DA4704E1,1000000153,Dr. Devon Flores,MEM000655,FAC010,2026-02-22T15:00:00,99213,94.65,Chennai,CLEAN
CLM-1B2B7C5F,1000000121,Dr. Kenneth Scott,MEM000736,FAC026,2026-01-01T14:00:00,99214,164.43,Chennai,CLEAN
CLM-CD0E31B2,1000000011,Dr. Jamie Arnold,MEM000940,FAC016,2026-03-24T17:00:00,93000,55.13,Chennai,CLEAN
CLM-EEDBAFF6,1000000085,Dr. Daniel Baker,MEM000798,FAC044,2026-01-06T11:00:00,99215,237.88,Chennai,CLEAN
CLM-985BDBC1,1000000071,Dr. Whitney Peters,MEM000768,FAC019,2026-05-07T11:00:00,99215,203.48,Chennai,CLEAN
CLM-2FF12C58,1000000024,Dr. Matthew Foster,MEM000439,FAC020,2026-06-16T09:00:00,99214,155.91,Chennai,CLEAN
CLM-B7A7056E,1000000070,Dr. Jordan Henderson,MEM000028,FAC036,2026-04-17T15:00:00,99213,99.4,Chennai,CLEAN
CLM-84F0CA59,1000000189,Dr. Jessica Gross,MEM000495,FAC047,2026-01-17T17:00:00,99214,156.01,Chennai,CLEAN
CLM-86E4824B,1000000152,Dr. Denise Jones,MEM000551,FAC036,2026-05-20T09:00:00,93000,60.49,Chennai,CLEAN
CLM-BB71CA5C,1000000186,Dr. Jonathan Peterson,MEM000002,FAC025,2026-04-29T17:00:00,99214,137.91,Chennai,CLEAN
CLM-F54E6080,1000000020,Dr. Margaret Hawkins DDS,MEM000453,FAC017,2026-04-16T17:00:00,99213,105.75,Chennai,CLEAN
CLM-B6A2379A,1000000083,Dr. Paul Jones,MEM000637,FAC011,2026-04-11T15:00:00,99215,222.02,Chennai,CLEAN
CLM-F3104811,1000000157,Dr. Jason Stein,MEM000679,FAC034,2026-06-08T12:00:00,93000,58.75,Chennai,CLEAN
CLM-C7A95D69,1000000158,Dr. Melissa Gates,MEM000562,FAC028,2026-03-21T17:00:00,71045,81.08,Chennai,CLEAN
CLM-D8050B45,1000000176,Dr. Michael Elliott,MEM000913,FAC005,2026-03-25T14:00:00,93000,57.13,Chennai,CLEAN
CLM-81CBD773,1000000080,Dr. Kelly Donovan,MEM000822,FAC042,2026-01-13T10:00:00,99213,102.27,Chennai,CLEAN
CLM-305499BE,1000000184,Dr. Lindsay Martinez,MEM000613,FAC043,2026-02-16T09:00:00,71045,87.91,Chennai,CLEAN
CLM-623602E0,1000000063,Dr. Donald Wright,MEM000713,FAC024,2026-06-27T09:00:00,99215,202.99,Chennai,CLEAN
CLM-A30A8914,1000000121,Dr. Kenneth Scott,MEM000080,FAC027,2026-06-24T09:00:00,99214,159.98,Chennai,CLEAN
CLM-0BD3AE26,1000000137,Dr. Courtney Gonzalez,MEM000770,FAC049,2026-05-23T15:00:00,99214,147.64,Chennai,CLEAN
CLM-7AF9046C,1000000063,Dr. Donald Wright,MEM000420,FAC045,2026-06-15T11:00:00,99213,100.29,Chennai,CLEAN
CLM-02424140,1000000066,Dr. Tracy House,MEM000335,FAC023,2026-06-03T09:00:00,71045,79.77,Chennai,CLEAN
CLM-76D2504D,1000000012,Dr. Lisa Hensley,MEM000025,FAC038,2026-06-17T13:00:00,99214,143.96,Chennai,CLEAN
CLM-14E2ACC5,1000000148,Dr. Kathy Rivas,MEM000256,FAC011,2026-01-13T13:00:00,71045,87.98,Chennai,CLEAN
CLM-A51AD4C4,1000000174,Dr. Nicole Herring,MEM000885,FAC017,2026-05-23T15:00:00,71045,79.96,Chennai,CLEAN
CLM-73DDBC8A,1000000012,Dr. Lisa Hensley,MEM000334,FAC027,2026-03-09T11:00:00,99213,106.4,Chennai,CLEAN
CLM-63B6DC76,1000000079,Dr. Lisa Barnes,MEM000322,FAC027,2026-04-04T16:00:00,71045,77.44,Chennai,CLEAN
CLM-499324EB,1000000007,Dr. Gina Moore,MEM000584,FAC028,2026-03-20T14:00:00,99214,140.77,Chennai,CLEAN
CLM-FCB27726,1000000129,Dr. Megan Orr,MEM000824,FAC038,2026-01-08T15:00:00,99214,142.28,Chennai,CLEAN
CLM-2BF35774,1999999999,Dr. Synthetic-A (Phantom),MEM000378,FAC016,2026-04-14T15:00:00,99214,160.63,Chennai,CLEAN
CLM-7322581E,1000000047,Dr. Shane Henderson,MEM000788,FAC026,2026-03-28T13:00:00,99213,92.17,Chennai,CLEAN
CLM-6F3B1DCE,1000000161,Dr. Jennifer Adkins,MEM000342,FAC038,2026-06-05T14:00:00,99214,162.76,Chennai,CLEAN
CLM-CF531E86,1000000002,Dr. Angie Henderson,MEM000711,FAC043,2026-04-19T11:00:00,99214,138.55,Chennai,CLEAN
CLM-0BA889B4,1000000038,Dr. Elizabeth Fowler,MEM000301,FAC011,2026-04-26T15:00:00,71045,83.1,Chennai,CLEAN
CLM-49BBB7E2,1000000121,Dr. Kenneth Scott,MEM000318,FAC025,2026-02-04T14:00:00,93000,54.81,Chennai,CLEAN
CLM-43254234,1000000007,Dr. Gina Moore,MEM000106,FAC005,2026-02-15T13:00:00,99213,91.85,Chennai,CLEAN
CLM-5D1510B6,1000000128,Dr. Cameron Fisher,MEM000834,FAC016,2026-05-17T17:00:00,71045,87.89,Chennai,CLEAN
CLM-B83279E4,1000000001,Dr. Noah Rhodes,MEM000778,FAC034,2026-01-04T10:00:00,71045,81.42,Chennai,CLEAN
CLM-FC5F506A,1000000101,Dr. Cameron Parker,MEM000492,FAC045,2026-05-07T17:00:00,99214,140.88,Chennai,CLEAN
CLM-07435E07,1000000020,Dr. Margaret Hawkins DDS,MEM000177,FAC036,2026-06-02T14:00:00,71045,86.89,Chennai,CLEAN
CLM-9C9F7083,1000000003,Dr. Daniel Wagner,MEM000953,FAC017,2026-04-25T11:00:00,71045,84.68,Chennai,CLEAN
CLM-209068CE,1000000042,Dr. Sherry Decker,MEM000653,FAC027,2026-01-20T11:00:00,99213,108.39,Chennai,CLEAN
CLM-EA8D3C26,1000000013,Dr. Michele Williams,MEM000208,FAC033,2026-03-06T12:00:00,71045,77.47,Chennai,CLEAN
CLM-75AACCA0,1000000110,Dr. Richard Rodriguez,MEM000354,FAC044,2026-05-31T15:00:00,93000,54.58,Chennai,CLEAN
CLM-D20B1D85,1000000141,Dr. David Douglas Jr.,MEM000358,FAC040,2026-02-13T14:00:00,99215,239.71,Chennai,CLEAN
CLM-35BE3C63,1000000044,Dr. Angelica Tucker,MEM000317,FAC008,2026-02-01T17:00:00,99214,150.1,Chennai,CLEAN
CLM-F4D2C7DF,1000000064,Dr. Jessica Callahan,MEM000370,FAC048,2026-03-10T09:00:00,99213,103.52,Chennai,CLEAN
CLM-25FA8C70,1000000109,Dr. Sharon Cochran,MEM000260,FAC019,2026-06-17T14:00:00,99215,226.7,Chennai,CLEAN
CLM-93818244,1000000086,Dr. Shirley Suarez,MEM000757,FAC009,2026-02-20T10:00:00,99213,92.8,Chennai,CLEAN
CLM-A78277EE,1000000049,Dr. Eric Carney,MEM000157,FAC045,2026-04-25T13:00:00,93000,61.38,Chennai,CLEAN
CLM-D9530B48,1000000188,Dr. Madison Poole,MEM000748,FAC031,2026-06-24T10:00:00,71045,79.01,Chennai,CLEAN
CLM-34F52E59,1000000198,Dr. Adam Vaughan,MEM000407,FAC048,2026-02-22T12:00:00,99215,226.38,Chennai,CLEAN
CLM-F839F959,1000000173,Dr. Matthew Harrington,MEM000760,FAC010,2026-05-06T11:00:00,99213,93.83,Chennai,CLEAN
CLM-D1E68C0C,1000000142,Dr. Patricia Rodriguez,MEM000551,FAC024,2026-06-25T11:00:00,99213,107.95,Chennai,CLEAN
CLM-207ED60A,1000000090,Dr. Matthew Mcmillan,MEM000731,FAC000,2026-06-17T17:00:00,99213,106.02,Chennai,CLEAN
CLM-F46FF9E5,1000000017,Dr. Derek Zuniga,MEM000621,FAC024,2026-03-05T09:00:00,99215,212.47,Chennai,CLEAN
CLM-B6AAD3C4,1000000162,Dr. Lindsey Walker,MEM000199,FAC002,2026-04-09T12:00:00,99215,229.64,Chennai,CLEAN
CLM-43CA525F,1000000128,Dr. Cameron Fisher,MEM000849,FAC009,2026-03-10T12:00:00,99215,235.3,Chennai,CLEAN
CLM-3976B715,1000000078,Dr. Steve Sanchez,MEM000012,FAC002,2026-06-29T10:00:00,93000,54.83,Chennai,CLEAN
CLM-68B8F80A,1000000101,Dr. Cameron Parker,MEM000451,FAC030,2026-05-10T13:00:00,93000,64.86,Chennai,CLEAN
CLM-351273B6,1000000108,Dr. Evelyn Galvan,MEM000353,FAC011,2026-03-13T13:00:00,99215,238.34,Chennai,CLEAN
CLM-648C90BA,1000000092,Dr. Denise Jacobs,MEM000267,FAC016,2026-04-20T09:00:00,93000,56.52,Chennai,CLEAN
CLM-C2EC8916,1000000136,Dr. Robert Potter,MEM000900,FAC023,2026-06-26T10:00:00,71045,81.64,Chennai,CLEAN
CLM-12A6DA26,1000000055,Dr. Michael Lewis,MEM000461,FAC045,2026-05-22T10:00:00,99213,102.84,Chennai,CLEAN
CLM-3D92B1BD,1000000166,Dr. Alyssa Long,MEM000773,FAC046,2026-06-21T14:00:00,99214,154.31,Chennai,CLEAN
CLM-3F5804EA,1000000031,Dr. James Ferrell,MEM000150,FAC034,2026-04-27T17:00:00,93000,61.93,Chennai,CLEAN
CLM-88DC8AA3,1000000137,Dr. Courtney Gonzalez,MEM000752,FAC024,2026-06-09T15:00:00,93000,60.33,Chennai,CLEAN
CLM-F70504F4,1000000198,Dr. Adam Vaughan,MEM000158,FAC048,2026-06-26T09:00:00,99215,241.7,Chennai,CLEAN
CLM-DF5F817D,1000000080,Dr. Kelly Donovan,MEM000492,FAC037,2026-06-29T11:00:00,71045,73.67,Chennai,CLEAN
CLM-D2899372,1000000115,Dr. Diana May,MEM000697,FAC008,2026-03-06T15:00:00,99214,136.09,Chennai,CLEAN
CLM-B267B619,1000000022,Dr. Ethan Adams,MEM000882,FAC046,2026-06-03T17:00:00,71045,83.37,Chennai,CLEAN
CLM-26A6A35A,1000000044,Dr. Angelica Tucker,MEM000274,FAC008,2026-02-22T17:00:00,99214,152.77,Chennai,CLEAN
CLM-05EF58A8,1000000041,Dr. Fred Smith,MEM000533,FAC015,2026-03-02T10:00:00,99214,164.27,Chennai,CLEAN
CLM-70CFF6E2,1000000165,Dr. John Anderson,MEM000675,FAC035,2026-05-08T09:00:00,71045,86.72,Chennai,CLEAN
CLM-508B2A79,1000000040,Dr. Paula Moreno,MEM000966,FAC036,2026-02-23T11:00:00,93000,64.4,Chennai,CLEAN
CLM-55E49D79,1000000012,Dr. Lisa Hensley,MEM000728,FAC036,2026-05-23T12:00:00,99214,139.37,Chennai,CLEAN
CLM-4BE6ED16,1000000011,Dr. Jamie Arnold,MEM000835,FAC007,2026-01-04T11:00:00,99214,140.27,Chennai,CLEAN
CLM-D86C57B6,1000000000,Dr. Allison Hill,MEM000016,FAC004,2026-06-27T17:00:00,71045,79.38,Chennai,CLEAN
CLM-163E7227,1000000097,Dr. Deborah Figueroa,MEM000117,FAC002,2026-01-08T17:00:00,93000,62.06,Chennai,CLEAN
CLM-226BBEFD,1000000142,Dr. Patricia Rodriguez,MEM000941,FAC043,2026-05-04T15:00:00,99213,90.22,Chennai,CLEAN
CLM-797D7D79,1000000021,Dr. Patty Perez,MEM000837,FAC018,2026-02-18T14:00:00,71045,84.75,Chennai,CLEAN
CLM-B0EB483C,1000000073,Dr. Lauren Daniels,MEM000063,FAC046,2026-03-02T17:00:00,99215,238.86,Chennai,CLEAN
CLM-BBB90CD2,1000000166,Dr. Alyssa Long,MEM000249,FAC041,2026-01-22T17:00:00,99213,105.72,Chennai,CLEAN
CLM-AE69EC8B,1000000070,Dr. Jordan Henderson,MEM000431,FAC048,2026-05-21T11:00:00,99214,144.45,Chennai,CLEAN
CLM-A7C9A275,1000000104,Dr. Richard Henson,MEM000887,FAC037,2026-03-22T10:00:00,99213,90.07,Chennai,CLEAN
CLM-8E05C5D3,1000000187,Dr. Samantha Garcia,MEM000791,FAC001,2026-04-28T15:00:00,99214,135.11,Chennai,CLEAN
CLM-9274459D,1000000071,Dr. Whitney Peters,MEM000966,FAC021,2026-05-31T15:00:00,71045,85.35,Chennai,CLEAN
CLM-11245A68,1000000084,Dr. Zachary Ferrell,MEM000020,FAC044,2026-01-12T15:00:00,71045,87.56,Chennai,CLEAN
CLM-8B1E5E5A,1000000171,Dr. Darlene Miller,MEM000399,FAC027,2026-03-10T10:00:00,99213,90.26,Chennai,CLEAN
CLM-A71D6184,1000000165,Dr. John Anderson,MEM000402,FAC023,2026-03-18T10:00:00,99213,104.08,Chennai,CLEAN
CLM-EA3493AD,1000000057,Dr. Richard Aguirre,MEM000288,FAC000,2026-04-25T17:00:00,99215,202.43,Chennai,CLEAN
CLM-5AF8A782,1000000157,Dr. Jason Stein,MEM000837,FAC037,2026-03-10T16:00:00,99213,100.46,Chennai,CLEAN
CLM-91790571,1000000003,Dr. Daniel Wagner,MEM000376,FAC049,2026-05-24T12:00:00,71045,78.72,Chennai,CLEAN
CLM-7FF97991,1000000051,Dr. Danny Morgan,MEM000301,FAC035,2026-02-06T15:00:00,93000,62.71,Chennai,CLEAN
CLM-4C6F3AC2,1000000144,Dr. Amber Wright,MEM000636,FAC025,2026-02-10T15:00:00,93000,59.51,Chennai,CLEAN
CLM-68EB3A16,1000000003,Dr. Daniel Wagner,MEM000540,FAC014,2026-05-19T15:00:00,93000,60.67,Chennai,CLEAN
CLM-ADF6D4F4,1000000162,Dr. Lindsey Walker,MEM000579,FAC007,2026-05-01T17:00:00,71045,84.51,Chennai,CLEAN
CLM-D89806C5,1000000018,Dr. Lisa Jackson,MEM000372,FAC001,2026-04-05T15:00:00,99214,145.89,Chennai,CLEAN
CLM-AC0185C8,1000000019,Dr. Carla Gray,MEM000583,FAC029,2026-04-07T09:00:00,93000,56.84,Chennai,CLEAN
CLM-A47D0D36,1000000005,Dr. Connie Lawrence,MEM000965,FAC005,2026-02-03T15:00:00,99215,218.0,Chennai,CLEAN
CLM-6EB11D82,1000000161,Dr. Jennifer Adkins,MEM000534,FAC036,2026-05-24T11:00:00,71045,72.24,Chennai,CLEAN
CLM-F668191A,1000000020,Dr. Margaret Hawkins DDS,MEM000566,FAC000,2026-05-27T14:00:00,99214,163.22,Chennai,CLEAN
CLM-3E169873,1999999999,Dr. Synthetic-A (Phantom),MEM000472,FAC023,2026-03-27T17:00:00,99215,240.75,Chennai,CLEAN
CLM-07A708DB,1000000030,Dr. Rebecca Henderson,MEM000471,FAC031,2026-04-27T13:00:00,99213,103.42,Chennai,CLEAN
CLM-F0C1FFE0,1000000035,Dr. Jeffrey Chavez,MEM000499,FAC018,2026-04-09T11:00:00,99213,91.93,Chennai,CLEAN
CLM-E18323F2,1000000172,Dr. Joshua Cooke,MEM000816,FAC041,2026-05-22T11:00:00,99215,202.04,Chennai,CLEAN
CLM-9A62C0F2,1000000182,Dr. Angela Vaughn,MEM000606,FAC025,2026-02-05T15:00:00,99215,205.79,Chennai,CLEAN
CLM-FCDEDDF9,1000000036,Dr. Sherri Baker,MEM000617,FAC030,2026-03-27T17:00:00,93000,54.89,Chennai,CLEAN
CLM-05427FC4,1000000013,Dr. Michele Williams,MEM000830,FAC045,2026-03-09T14:00:00,99215,238.31,Chennai,CLEAN
CLM-3C073A2B,1000000026,Dr. Justin Baker,MEM000843,FAC035,2026-03-30T13:00:00,99215,219.39,Chennai,CLEAN
CLM-7B9D2587,1000000011,Dr. Jamie Arnold,MEM000326,FAC027,2026-05-10T11:00:00,99213,106.9,Chennai,CLEAN
CLM-E4F2E815,1000000036,Dr. Sherri Baker,MEM000129,FAC023,2026-05-08T09:00:00,93000,54.22,Chennai,CLEAN
CLM-1C81E8A8,1000000187,Dr. Samantha Garcia,MEM000050,FAC004,2026-06-11T15:00:00,99214,162.76,Chennai,CLEAN
CLM-0890302B,1000000087,Dr. Christopher Bass,MEM000419,FAC017,2026-01-14T16:00:00,99214,141.34,Chennai,CLEAN
CLM-7EEF931D,1000000034,Dr. Debra Davidson,MEM000285,FAC030,2026-02-15T17:00:00,99214,162.59,Chennai,CLEAN
CLM-8C88C917,1000000156,Dr. Joshua Perry,MEM000335,FAC046,2026-03-13T09:00:00,99213,91.78,Chennai,CLEAN
CLM-D299D66C,1000000133,Dr. Daniel Kennedy,MEM000667,FAC033,2026-02-16T11:00:00,99215,229.55,Chennai,CLEAN
CLM-4D14327B,1000000061,Dr. Gerald Hensley,MEM000092,FAC008,2026-04-18T10:00:00,71045,87.07,Chennai,CLEAN
CLM-217E89DF,1000000138,Dr. David Alvarez,MEM000946,FAC049,2026-04-06T09:00:00,71045,73.05,Chennai,CLEAN
CLM-2CF47BB2,1888888888,Dr. Synthetic-B (Teleport),MEM000359,FAC035,2026-06-14T09:00:00,99213,92.32,Chennai,CLEAN
CLM-AD1D0053,1000000095,Dr. Anna Henderson,MEM000998,FAC000,2026-06-06T11:00:00,71045,86.17,Chennai,CLEAN
CLM-6DC6E0DA,1000000027,Dr. Stephanie Ross,MEM000835,FAC042,2026-01-23T14:00:00,99214,147.82,Chennai,CLEAN
CLM-BABB63E3,1000000191,Dr. Karen Graham,MEM000901,FAC002,2026-04-03T12:00:00,71045,72.85,Chennai,CLEAN
CLM-475572CF,1000000145,Dr. Joyce Solis,MEM000139,FAC012,2026-01-12T09:00:00,71045,73.13,Chennai,CLEAN
CLM-42019512,1000000110,Dr. Richard Rodriguez,MEM000607,FAC020,2026-06-24T09:00:00,99213,109.14,Chennai,CLEAN
CLM-5C2B7D87,1000000065,Dr. Amber Kidd,MEM000927,FAC044,2026-06-17T10:00:00,93000,60.89,Chennai,CLEAN
CLM-5464F0F3,1000000079,Dr. Lisa Barnes,MEM000575,FAC045,2026-03-25T13:00:00,99214,159.32,Chennai,CLEAN
CLM-243ABE57,1000000036,Dr. Sherri Baker,MEM000816,FAC036,2026-05-14T16:00:00,71045,81.49,Chennai,CLEAN
CLM-74DBB3F5,1000000146,Dr. Victoria Larson,MEM000218,FAC026,2026-03-30T11:00:00,93000,57.09,Chennai,CLEAN
CLM-57338DEC,1000000120,Dr. Larry Dixon,MEM000784,FAC007,2026-04-16T10:00:00,93000,63.52,Chennai,CLEAN
CLM-AC024A60,1000000131,Dr. Dustin Jordan,MEM000947,FAC009,2026-05-02T12:00:00,99215,233.68,Chennai,CLEAN
CLM-D32B6815,1000000021,Dr. Patty Perez,MEM000218,FAC049,2026-01-19T09:00:00,99215,212.62,Chennai,CLEAN
CLM-6E278494,1000000039,Dr. Brittany Farmer,MEM000360,FAC049,2026-05-24T15:00:00,99214,155.54,Chennai,CLEAN
CLM-1B4C20A4,1000000017,Dr. Derek Zuniga,MEM000479,FAC018,2026-02-24T14:00:00,71045,76.1,Chennai,CLEAN
CLM-12756AB7,1000000195,Dr. Allen Rosales,MEM000902,FAC015,2026-03-28T11:00:00,71045,80.48,Chennai,CLEAN
CLM-105F0D07,1000000103,Dr. Christine Wright,MEM000882,FAC017,2026-05-20T15:00:00,99213,104.91,Chennai,CLEAN
CLM-93A682C1,1000000114,Dr. Garrett Lin,MEM000198,FAC037,2026-05-21T12:00:00,99215,237.2,Chennai,CLEAN
CLM-7AC22B62,1000000138,Dr. David Alvarez,MEM000515,FAC012,2026-05-21T13:00:00,99214,144.54,Chennai,CLEAN
CLM-9B3F8FAD,1000000058,Dr. Brent Jordan,MEM000391,FAC040,2026-03-18T15:00:00,99214,151.21,Chennai,CLEAN
CLM-38AD72F4,1000000084,Dr. Zachary Ferrell,MEM000342,FAC003,2026-04-25T16:00:00,99215,229.01,Chennai,CLEAN
CLM-B24D20BF,1000000100,Dr. Sandra Aguilar,MEM000368,FAC028,2026-06-08T14:00:00,99215,201.52,Chennai,CLEAN
CLM-8ECA96F8,1000000101,Dr. Cameron Parker,MEM000163,FAC013,2026-05-25T11:00:00,99213,101.88,Chennai,CLEAN
CLM-1E00FF8C,1000000138,Dr. David Alvarez,MEM000959,FAC021,2026-03-25T10:00:00,99213,99.87,Chennai,CLEAN
CLM-EF5CD10A,1000000179,Dr. Robert Oconnell,MEM000316,FAC046,2026-01-08T10:00:00,99214,137.99,Chennai,CLEAN
CLM-D716EB86,1000000021,Dr. Patty Perez,MEM000102,FAC029,2026-05-10T15:00:00,99213,102.02,Chennai,CLEAN
CLM-327B0976,1000000175,Dr. Alex Hernandez,MEM000019,FAC009,2026-03-26T13:00:00,71045,82.91,Chennai,CLEAN
CLM-363039D0,1000000013,Dr. Michele Williams,MEM000703,FAC044,2026-02-15T11:00:00,99213,98.12,Chennai,CLEAN
CLM-4ECECBC7,1000000158,Dr. Melissa Gates,MEM000379,FAC014,2026-03-22T13:00:00,99213,103.65,Chennai,CLEAN
CLM-0AB5AA89,1000000000,Dr. Allison Hill,MEM000914,FAC005,2026-06-20T11:00:00,99214,148.13,Chennai,CLEAN
CLM-9A0E31C6,1000000080,Dr. Kelly Donovan,MEM000803,FAC036,2026-04-02T09:00:00,99213,93.16,Chennai,CLEAN
CLM-C052CA21,1000000106,Dr. Sharon Cherry,MEM000777,FAC044,2026-01-13T10:00:00,99215,202.88,Chennai,CLEAN
CLM-FBA9ED4C,1000000054,Dr. Shannon Jones,MEM000883,FAC046,2026-02-16T14:00:00,93000,57.12,Chennai,CLEAN
CLM-548E040C,1000000162,Dr. Lindsey Walker,MEM000911,FAC039,2026-03-28T09:00:00,71045,76.52,Chennai,CLEAN
CLM-BEC46E05,1000000126,Dr. Michelle Evans,MEM000102,FAC048,2026-04-24T12:00:00,99214,148.91,Chennai,CLEAN
CLM-44B847D2,1000000140,Dr. Cheyenne Horton,MEM000050,FAC022,2026-06-01T14:00:00,99213,108.27,Chennai,CLEAN
CLM-E9986BAB,1000000170,Dr. Jamie Walton,MEM000769,FAC004,2026-01-13T09:00:00,71045,76.61,Chennai,CLEAN
CLM-905AD168,1000000173,Dr. Matthew Harrington,MEM000636,FAC013,2026-03-19T09:00:00,99214,155.7,Chennai,CLEAN
CLM-DA58932A,1000000148,Dr. Kathy Rivas,MEM000121,FAC000,2026-03-13T14:00:00,99214,163.13,Chennai,CLEAN
CLM-B5609403,1000000054,Dr. Shannon Jones,MEM000438,FAC002,2026-05-10T13:00:00,99213,91.44,Chennai,CLEAN
CLM-66F091F5,1000000076,Dr. Angela Lopez,MEM000641,FAC039,2026-01-25T12:00:00,99215,236.74,Chennai,CLEAN
CLM-373304A8,1000000157,Dr. Jason Stein,MEM000913,FAC011,2026-05-20T14:00:00,99215,231.44,Chennai,CLEAN
CLM-7CBC6570,1000000062,Dr. Connor West,MEM000931,FAC023,2026-06-25T14:00:00,99214,136.37,Chennai,CLEAN
CLM-EB0B75FF,1000000099,Dr. Stephen Mckee,MEM000072,FAC002,2026-01-16T15:00:00,71045,81.11,Chennai,CLEAN
CLM-C3012F91,1000000147,Dr. Stephanie Salazar,MEM000013,FAC041,2026-01-05T15:00:00,93000,59.14,Chennai,CLEAN
CLM-B7396423,1000000140,Dr. Cheyenne Horton,MEM000060,FAC004,2026-05-20T15:00:00,71045,79.64,Chennai,CLEAN
CLM-BB150E38,1000000011,Dr. Jamie Arnold,MEM000796,FAC044,2026-03-03T16:00:00,93000,57.2,Chennai,CLEAN
CLM-F917A08A,1000000174,Dr. Nicole Herring,MEM000128,FAC045,2026-02-25T12:00:00,93000,64.18,Chennai,CLEAN
CLM-F6AAB71C,1000000078,Dr. Steve Sanchez,MEM000594,FAC044,2026-04-06T12:00:00,99213,90.06,Chennai,CLEAN
CLM-E9F92D16,1000000125,Dr. Erin Edwards,MEM000469,FAC024,2026-02-10T14:00:00,99215,198.35,Chennai,CLEAN
CLM-9979B1C2,1000000041,Dr. Fred Smith,MEM000648,FAC022,2026-01-03T10:00:00,71045,75.4,Chennai,CLEAN
CLM-676E482A,1000000097,Dr. Deborah Figueroa,MEM000320,FAC016,2026-02-03T15:00:00,99214,143.58,Chennai,CLEAN
CLM-0A23A7CA,1000000117,Dr. Ashley Waller,MEM000550,FAC016,2026-02-17T09:00:00,99214,154.84,Chennai,CLEAN
CLM-2ECB4A15,1000000146,Dr. Victoria Larson,MEM000719,FAC049,2026-02-08T12:00:00,99214,144.23,Chennai,CLEAN
CLM-D1835A4A,1000000024,Dr. Matthew Foster,MEM000071,FAC000,2026-01-09T09:00:00,71045,85.42,Chennai,CLEAN
CLM-C3CE468B,1000000011,Dr. Jamie Arnold,MEM000364,FAC015,2026-01-02T17:00:00,93000,64.96,Chennai,CLEAN
CLM-3D10C551,1000000130,Dr. Elizabeth Kelley,MEM000259,FAC015,2026-01-04T11:00:00,99213,91.77,Chennai,CLEAN
CLM-EF7688BF,1000000100,Dr. Sandra Aguilar,MEM000454,FAC014,2026-02-04T09:00:00,99215,237.44,Chennai,CLEAN
CLM-3A275F0A,1000000085,Dr. Daniel Baker,MEM000980,FAC029,2026-03-27T17:00:00,93000,59.41,Chennai,CLEAN
CLM-27E33D07,1000000144,Dr. Amber Wright,MEM000881,FAC011,2026-01-23T11:00:00,93000,62.84,Chennai,CLEAN
CLM-CB674E21,1000000197,Dr. Spencer Haynes,MEM000433,FAC019,2026-02-12T15:00:00,99213,94.62,Chennai,CLEAN
CLM-A66824EC,1000000061,Dr. Gerald Hensley,MEM000429,FAC042,2026-02-15T09:00:00,99214,148.73,Chennai,CLEAN
CLM-BCC0C912,1000000090,Dr. Matthew Mcmillan,MEM000533,FAC011,2026-01-20T13:00:00,71045,87.73,Chennai,CLEAN
CLM-1384E58F,1000000006,Dr. Abigail Shaffer,MEM000711,FAC038,2026-02-02T09:00:00,71045,73.83,Chennai,CLEAN
CLM-9039CFE5,1000000088,Dr. Lisa Archer,MEM000862,FAC010,2026-02-27T17:00:00,99213,93.62,Chennai,CLEAN
CLM-F6A80A27,1000000110,Dr. Richard Rodriguez,MEM000717,FAC010,2026-01-26T11:00:00,99213,97.05,Chennai,CLEAN
CLM-DD2E611E,1000000134,Dr. Rebecca Jackson,MEM000804,FAC007,2026-05-14T16:00:00,99213,103.73,Chennai,CLEAN
CLM-D68C9B74,1000000144,Dr. Amber Wright,MEM000096,FAC027,2026-01-28T10:00:00,93000,59.24,Chennai,CLEAN
CLM-FEEEF72A,1000000137,Dr. Courtney Gonzalez,MEM000380,FAC021,2026-05-21T17:00:00,99213,104.61,Chennai,CLEAN
CLM-A6DA8AC3,1000000080,Dr. Kelly Donovan,MEM000582,FAC047,2026-04-29T16:00:00,99214,156.12,Chennai,CLEAN
CLM-C10FE3FE,1000000024,Dr. Matthew Foster,MEM000390,FAC035,2026-05-13T09:00:00,99213,105.01,Chennai,CLEAN
CLM-DD946CF0,1000000197,Dr. Spencer Haynes,MEM000347,FAC015,2026-05-03T17:00:00,93000,64.3,Chennai,CLEAN
CLM-1DA32148,1000000017,Dr. Derek Zuniga,MEM000560,FAC024,2026-06-05T11:00:00,93000,64.9,Chennai,CLEAN
CLM-3EFECF2D,1000000122,Dr. April Frost,MEM000920,FAC011,2026-05-11T13:00:00,99215,240.3,Chennai,CLEAN
CLM-C0F62B72,1000000079,Dr. Lisa Barnes,MEM000887,FAC003,2026-06-18T10:00:00,93000,55.66,Chennai,CLEAN
CLM-381AF3F2,1000000184,Dr. Lindsay Martinez,MEM000772,FAC030,2026-02-11T09:00:00,99213,93.55,Chennai,CLEAN
CLM-2EF90726,1000000054,Dr. Shannon Jones,MEM000629,FAC018,2026-05-18T11:00:00,99214,139.06,Chennai,CLEAN
CLM-9632BD57,1000000039,Dr. Brittany Farmer,MEM000060,FAC016,2026-01-23T13:00:00,99215,219.44,Chennai,CLEAN
CLM-9A8AC39F,1000000071,Dr. Whitney Peters,MEM000670,FAC013,2026-02-03T17:00:00,99213,91.32,Chennai,CLEAN
CLM-1BFADAA0,1000000092,Dr. Denise Jacobs,MEM000591,FAC038,2026-02-20T09:00:00,99214,157.07,Chennai,CLEAN
CLM-B859FF25,1000000188,Dr. Madison Poole,MEM000013,FAC008,2026-01-10T12:00:00,99213,95.54,Chennai,CLEAN
CLM-9DF524D2,1000000182,Dr. Angela Vaughn,MEM000712,FAC009,2026-02-26T11:00:00,99214,156.51,Chennai,CLEAN
CLM-45543C5D,1000000127,Dr. Jason Powell,MEM000367,FAC008,2026-06-28T10:00:00,99214,146.19,Chennai,CLEAN
CLM-0D77FE98,1000000049,Dr. Eric Carney,MEM000042,FAC049,2026-02-03T17:00:00,99213,98.36,Chennai,CLEAN
CLM-4380889E,1000000012,Dr. Lisa Hensley,MEM000416,FAC016,2026-04-12T12:00:00,99213,103.64,Chennai,CLEAN
CLM-EF2440C6,1000000014,Dr. Dylan Miller,MEM000352,FAC045,2026-06-02T12:00:00,71045,79.31,Chennai,CLEAN
CLM-948468A3,1000000091,Dr. Brian Rodriguez,MEM000407,FAC037,2026-01-25T17:00:00,99214,138.96,Chennai,CLEAN
CLM-F77B9FF5,1000000018,Dr. Lisa Jackson,MEM000700,FAC001,2026-06-16T11:00:00,93000,55.08,Chennai,CLEAN
CLM-7EA77272,1000000174,Dr. Nicole Herring,MEM000904,FAC043,2026-01-19T16:00:00,99215,214.64,Chennai,CLEAN
CLM-7EF70468,1000000155,Dr. Michelle Brown,MEM000041,FAC010,2026-05-30T17:00:00,99214,138.58,Chennai,CLEAN
CLM-9D199F58,1888888888,Dr. Synthetic-B (Teleport),MEM000029,FAC016,2026-03-05T17:00:00,99215,200.94,Chennai,CLEAN
CLM-618F4339,1000000099,Dr. Stephen Mckee,MEM000401,FAC010,2026-02-08T10:00:00,99214,163.17,Chennai,CLEAN
CLM-AB626A1E,1000000107,Dr. Sierra Johnson,MEM000498,FAC000,2026-05-09T09:00:00,99215,215.86,Chennai,CLEAN
CLM-5FDBF8A0,1000000094,Dr. John Whitehead,MEM000992,FAC026,2026-04-11T16:00:00,99213,97.66,Chennai,CLEAN
CLM-EC9E5320,1000000179,Dr. Robert Oconnell,MEM000403,FAC009,2026-01-22T17:00:00,71045,77.79,Chennai,CLEAN
CLM-E3AB125C,1000000015,Dr. Brian Ramirez,MEM000310,FAC037,2026-03-15T13:00:00,99215,226.87,Chennai,CLEAN
CLM-AAEB18BD,1000000112,Dr. Julia Torres,MEM000988,FAC027,2026-04-11T12:00:00,99215,224.61,Chennai,CLEAN
CLM-08083C76,1000000048,Dr. Joshua Blair,MEM000734,FAC014,2026-05-26T15:00:00,99215,198.38,Chennai,CLEAN
CLM-0D317F89,1000000165,Dr. John Anderson,MEM000619,FAC024,2026-02-12T16:00:00,99214,138.88,Chennai,CLEAN
CLM-198C4443,1000000043,Dr. Anthony Humphrey,MEM000394,FAC008,2026-04-22T10:00:00,99213,95.91,Chennai,CLEAN
CLM-D51D0CDE,1000000037,Dr. Cassandra Gaines,MEM000261,FAC013,2026-04-16T11:00:00,99215,239.4,Chennai,CLEAN
CLM-723772EB,1000000142,Dr. Patricia Rodriguez,MEM000712,FAC020,2026-03-10T11:00:00,99213,103.58,Chennai,CLEAN
CLM-AB5AA764,1000000131,Dr. Dustin Jordan,MEM000651,FAC002,2026-05-17T16:00:00,93000,65.4,Chennai,CLEAN
CLM-6D3CE264,1000000158,Dr. Melissa Gates,MEM000100,FAC047,2026-06-09T15:00:00,99214,154.18,Chennai,CLEAN
CLM-E846C7C6,1000000185,Dr. Dr. Hannah Patterson,MEM000318,FAC045,2026-01-22T15:00:00,99215,207.71,Chennai,CLEAN
CLM-24C16F08,1000000143,Dr. Christopher Rubio,MEM000346,FAC015,2026-02-04T13:00:00,71045,87.59,Chennai,CLEAN
CLM-87D30373,1000000047,Dr. Shane Henderson,MEM000910,FAC023,2026-06-20T09:00:00,99215,221.39,Chennai,CLEAN
CLM-EC3D5CA3,1000000057,Dr. Richard Aguirre,MEM000251,FAC016,2026-02-21T09:00:00,99214,137.33,Chennai,CLEAN
CLM-36249A00,1000000180,Dr. Alexander Collins,MEM000854,FAC023,2026-06-21T17:00:00,71045,78.49,Chennai,CLEAN
CLM-58CC776D,1000000095,Dr. Anna Henderson,MEM000736,FAC017,2026-04-05T16:00:00,71045,86.66,Chennai,CLEAN
CLM-B38AB081,1000000144,Dr. Amber Wright,MEM000691,FAC017,2026-05-08T14:00:00,71045,78.42,Chennai,CLEAN
CLM-3E4A7EA9,1000000182,Dr. Angela Vaughn,MEM000916,FAC046,2026-03-10T14:00:00,99214,145.81,Chennai,CLEAN
CLM-2AD61158,1000000061,Dr. Gerald Hensley,MEM000447,FAC023,2026-05-25T16:00:00,99215,215.29,Chennai,CLEAN
CLM-6D6FF62E,1000000186,Dr. Jonathan Peterson,MEM000608,FAC049,2026-05-09T15:00:00,99213,98.62,Chennai,CLEAN
CLM-5441BB27,1000000071,Dr. Whitney Peters,MEM000129,FAC005,2026-02-15T14:00:00,99215,214.28,Chennai,CLEAN
CLM-7929C169,1000000137,Dr. Courtney Gonzalez,MEM000714,FAC000,2026-05-27T14:00:00,93000,65.0,Chennai,CLEAN
CLM-A00F22C2,1000000078,Dr. Steve Sanchez,MEM000520,FAC005,2026-03-29T11:00:00,71045,81.54,Chennai,CLEAN
CLM-D12FF8EA,1000000082,Dr. Michael Evans,MEM000805,FAC023,2026-05-28T15:00:00,71045,76.83,Chennai,CLEAN
CLM-477E2CA9,1000000114,Dr. Garrett Lin,MEM000186,FAC007,2026-03-03T09:00:00,71045,85.92,Chennai,CLEAN
CLM-A833EF1A,1000000070,Dr. Jordan Henderson,MEM000139,FAC015,2026-04-05T10:00:00,99215,205.99,Chennai,CLEAN
CLM-C2AD8EF9,1000000031,Dr. James Ferrell,MEM000955,FAC018,2026-01-14T13:00:00,93000,61.0,Chennai,CLEAN
CLM-C1418559,1000000063,Dr. Donald Wright,MEM000811,FAC010,2026-04-17T10:00:00,99215,232.18,Chennai,CLEAN
CLM-91AC18A1,1000000079,Dr. Lisa Barnes,MEM000218,FAC045,2026-01-15T16:00:00,93000,58.95,Chennai,CLEAN
CLM-7A4F2FF8,1000000168,Dr. Joel Williams,MEM000788,FAC029,2026-02-27T10:00:00,99213,90.6,Chennai,CLEAN
CLM-CDB9E4FA,1000000165,Dr. John Anderson,MEM000702,FAC046,2026-02-01T16:00:00,93000,63.86,Chennai,CLEAN
CLM-3357022F,1000000042,Dr. Sherry Decker,MEM000145,FAC007,2026-01-21T14:00:00,93000,59.36,Chennai,CLEAN
CLM-8BADF47B,1000000142,Dr. Patricia Rodriguez,MEM000287,FAC020,2026-02-10T12:00:00,99215,233.89,Chennai,CLEAN
CLM-A74CEADF,1000000168,Dr. Joel Williams,MEM000286,FAC047,2026-02-15T15:00:00,93000,63.57,Chennai,CLEAN
CLM-CCC29D32,1000000066,Dr. Tracy House,MEM000273,FAC043,2026-06-16T16:00:00,99213,92.25,Chennai,CLEAN
CLM-48DDA464,1000000049,Dr. Eric Carney,MEM000658,FAC010,2026-06-15T09:00:00,93000,58.93,Chennai,CLEAN
CLM-070C89AC,1000000087,Dr. Christopher Bass,MEM000896,FAC047,2026-02-07T12:00:00,71045,79.4,Chennai,CLEAN
CLM-252E7CB1,1000000033,Dr. Nathan Maldonado,MEM000591,FAC027,2026-04-13T14:00:00,71045,75.01,Chennai,CLEAN
CLM-E3D25D55,1000000119,Dr. Jeffrey Chandler,MEM000003,FAC007,2026-03-13T09:00:00,99213,108.5,Chennai,CLEAN
CLM-FFEF93B6,1000000161,Dr. Jennifer Adkins,MEM000717,FAC022,2026-02-09T16:00:00,93000,54.75,Chennai,CLEAN
CLM-D07425E4,1000000094,Dr. John Whitehead,MEM000333,FAC041,2026-05-13T09:00:00,99213,90.51,Chennai,CLEAN
CLM-A724B82D,1000000038,Dr. Elizabeth Fowler,MEM000495,FAC043,2026-02-15T11:00:00,99213,96.18,Chennai,CLEAN
CLM-1C37F0B7,1000000081,Dr. Mike Allen,MEM000474,FAC042,2026-02-19T10:00:00,71045,72.42,Chennai,CLEAN
CLM-C3DD7C0B,1000000077,Dr. Megan Young,MEM000232,FAC036,2026-06-27T10:00:00,99214,157.89,Chennai,CLEAN
CLM-2519D436,1000000135,Dr. Jose Schultz,MEM000825,FAC040,2026-06-27T10:00:00,71045,87.9,Chennai,CLEAN
CLM-140CCCF8,1000000008,Dr. Gabrielle Davis,MEM000203,FAC007,2026-02-20T15:00:00,93000,58.15,Chennai,CLEAN
CLM-C20093AC,1000000181,Dr. Tina Sanders,MEM000157,FAC033,2026-04-11T11:00:00,99213,102.02,Chennai,CLEAN
CLM-FED2F043,1000000047,Dr. Shane Henderson,MEM000589,FAC046,2026-06-11T16:00:00,99214,145.32,Chennai,CLEAN
CLM-EEA93FF0,1000000184,Dr. Lindsay Martinez,MEM000382,FAC039,2026-04-01T12:00:00,99214,139.45,Chennai,CLEAN
CLM-161D2FE8,1000000038,Dr. Elizabeth Fowler,MEM000655,FAC044,2026-04-24T12:00:00,93000,56.28,Chennai,CLEAN
CLM-3F44D36C,1000000133,Dr. Daniel Kennedy,MEM000617,FAC038,2026-02-14T09:00:00,99215,214.0,Chennai,CLEAN
CLM-D81FA490,1000000121,Dr. Kenneth Scott,MEM000707,FAC044,2026-02-26T14:00:00,99214,138.88,Chennai,CLEAN
CLM-24D86CBA,1000000108,Dr. Evelyn Galvan,MEM000437,FAC005,2026-05-10T14:00:00,99213,99.39,Chennai,CLEAN
CLM-DD639B3D,1000000023,Dr. Tommy Walter,MEM000929,FAC003,2026-05-22T16:00:00,99213,100.23,Chennai,CLEAN
CLM-360F3B94,1000000099,Dr. Stephen Mckee,MEM000621,FAC031,2026-01-31T17:00:00,99214,159.89,Chennai,CLEAN
CLM-6B2E8C02,1000000051,Dr. Danny Morgan,MEM000390,FAC002,2026-01-26T09:00:00,71045,73.99,Chennai,CLEAN
CLM-9C096A78,1000000101,Dr. Cameron Parker,MEM000102,FAC022,2026-06-15T17:00:00,99214,161.79,Chennai,CLEAN
CLM-23363F5F,1000000142,Dr. Patricia Rodriguez,MEM000694,FAC035,2026-06-11T11:00:00,99213,109.27,Chennai,CLEAN
CLM-5F971517,1000000126,Dr. Michelle Evans,MEM000682,FAC040,2026-04-22T13:00:00,93000,64.31,Chennai,CLEAN
CLM-3F1813B1,1000000199,Dr. Nathan Freeman,MEM000412,FAC030,2026-02-21T14:00:00,71045,84.06,Chennai,CLEAN
CLM-B97AECC2,1000000033,Dr. Nathan Maldonado,MEM000148,FAC013,2026-02-25T11:00:00,99214,163.57,Chennai,CLEAN
CLM-E17D9537,1000000182,Dr. Angela Vaughn,MEM000520,FAC001,2026-06-12T10:00:00,93000,57.5,Chennai,CLEAN
CLM-46FEC129,1000000039,Dr. Brittany Farmer,MEM000354,FAC035,2026-06-21T11:00:00,99214,140.36,Chennai,CLEAN
CLM-24764967,1000000090,Dr. Matthew Mcmillan,MEM000414,FAC003,2026-04-07T11:00:00,93000,65.91,Chennai,CLEAN
CLM-1D836616,1000000086,Dr. Shirley Suarez,MEM000216,FAC023,2026-06-17T09:00:00,71045,75.88,Chennai,CLEAN
CLM-4F116399,1000000162,Dr. Lindsey Walker,MEM000809,FAC046,2026-05-03T12:00:00,99213,107.1,Chennai,CLEAN
CLM-5A8289E4,1000000029,Dr. Anthony Rodriguez,MEM000544,FAC003,2026-03-11T15:00:00,71045,76.41,Chennai,CLEAN
CLM-AD362291,1000000060,Dr. Victoria Garcia,MEM000006,FAC031,2026-06-21T14:00:00,99214,160.7,Chennai,CLEAN
CLM-BC1E5A79,1000000078,Dr. Steve Sanchez,MEM000790,FAC007,2026-06-17T17:00:00,99215,204.53,Chennai,CLEAN
CLM-10E474AE,1000000168,Dr. Joel Williams,MEM000073,FAC014,2026-04-09T11:00:00,71045,82.58,Chennai,CLEAN
CLM-2B9D1D5B,1000000130,Dr. Elizabeth Kelley,MEM000803,FAC018,2026-06-19T15:00:00,99214,152.13,Chennai,CLEAN
CLM-78260CE0,1000000184,Dr. Lindsay Martinez,MEM000484,FAC042,2026-04-04T15:00:00,99213,96.28,Chennai,CLEAN
CLM-A1BB511D,1000000070,Dr. Jordan Henderson,MEM000809,FAC030,2026-01-12T14:00:00,99215,209.06,Chennai,CLEAN
CLM-81A1619B,1000000018,Dr. Lisa Jackson,MEM000818,FAC011,2026-06-10T10:00:00,99215,201.81,Chennai,CLEAN
CLM-F203AF1F,1000000184,Dr. Lindsay Martinez,MEM000274,FAC004,2026-01-20T14:00:00,99215,216.84,Chennai,CLEAN
CLM-C583872E,1000000004,Dr. Cristian Santos,MEM000583,FAC042,2026-01-24T15:00:00,93000,65.82,Chennai,CLEAN
CLM-2811859E,1000000151,Dr. Pamela Boyd,MEM000328,FAC028,2026-05-21T16:00:00,99215,233.41,Chennai,CLEAN
CLM-DACEC145,1000000015,Dr. Brian Ramirez,MEM000488,FAC000,2026-02-05T09:00:00,99215,205.42,Chennai,CLEAN
CLM-AE45EA98,1000000040,Dr. Paula Moreno,MEM000682,FAC000,2026-01-19T16:00:00,99213,92.72,Chennai,CLEAN
CLM-36D9C558,1000000169,Dr. Daniel Murphy,MEM000091,FAC009,2026-03-20T10:00:00,99214,152.15,Chennai,CLEAN
CLM-15F022B7,1000000192,Dr. Debra Christian,MEM000733,FAC027,2026-06-08T15:00:00,71045,80.51,Chennai,CLEAN
CLM-98F297F4,1000000165,Dr. John Anderson,MEM000464,FAC025,2026-01-10T17:00:00,71045,75.45,Chennai,CLEAN
CLM-6A3FDC36,1000000042,Dr. Sherry Decker,MEM000436,FAC031,2026-05-04T12:00:00,99213,105.96,Chennai,CLEAN
CLM-CFD81D34,1000000197,Dr. Spencer Haynes,MEM000189,FAC008,2026-04-23T15:00:00,99213,99.21,Chennai,CLEAN
CLM-2D36C9A8,1000000086,Dr. Shirley Suarez,MEM000712,FAC036,2026-05-16T17:00:00,93000,59.7,Chennai,CLEAN
CLM-B6BF9BE4,1000000139,Dr. Angel Perry,MEM000430,FAC022,2026-03-02T12:00:00,93000,64.8,Chennai,CLEAN
CLM-35D2083C,1000000178,Dr. Lawrence Adkins,MEM000709,FAC019,2026-02-21T10:00:00,93000,55.1,Chennai,CLEAN
CLM-2CC9043C,1000000197,Dr. Spencer Haynes,MEM000391,FAC021,2026-03-21T12:00:00,99213,109.08,Chennai,CLEAN
CLM-198C585D,1000000172,Dr. Joshua Cooke,MEM000742,FAC037,2026-06-13T14:00:00,99214,142.0,Chennai,CLEAN
CLM-2621AE63,1000000037,Dr. Cassandra Gaines,MEM000046,FAC010,2026-01-31T10:00:00,99215,235.06,Chennai,CLEAN
CLM-3FA63D73,1000000198,Dr. Adam Vaughan,MEM000357,FAC031,2026-04-07T13:00:00,99215,222.77,Chennai,CLEAN
CLM-2AC781C4,1000000116,Dr. William Herrera,MEM000818,FAC018,2026-05-03T09:00:00,99213,90.02,Chennai,CLEAN
CLM-83C81895,1000000107,Dr. Sierra Johnson,MEM000991,FAC035,2026-04-29T15:00:00,99215,211.6,Chennai,CLEAN
CLM-A07306A6,1000000170,Dr. Jamie Walton,MEM000780,FAC027,2026-05-08T15:00:00,99215,223.19,Chennai,CLEAN
CLM-AA3DC406,1000000151,Dr. Pamela Boyd,MEM000460,FAC019,2026-01-23T15:00:00,99214,146.57,Chennai,CLEAN
CLM-F2E26107,1000000088,Dr. Lisa Archer,MEM000436,FAC044,2026-01-09T13:00:00,99215,199.45,Chennai,CLEAN
CLM-B477CA5E,1000000104,Dr. Richard Henson,MEM000250,FAC022,2026-03-22T12:00:00,71045,75.19,Chennai,CLEAN
CLM-06D1FF0C,1000000150,Dr. David Wright,MEM000756,FAC024,2026-03-11T15:00:00,93000,56.24,Chennai,CLEAN
CLM-E616BD51,1000000118,Dr. Victor Baker,MEM000451,FAC005,2026-01-29T14:00:00,99214,152.08,Chennai,CLEAN
CLM-9AE56BCB,1000000097,Dr. Deborah Figueroa,MEM000228,FAC020,2026-02-22T09:00:00,99215,224.12,Chennai,CLEAN
CLM-01760BC1,1000000184,Dr. Lindsay Martinez,MEM000008,FAC011,2026-04-05T14:00:00,99213,93.23,Chennai,CLEAN
CLM-549AF3F8,1000000041,Dr. Fred Smith,MEM000473,FAC026,2026-06-22T12:00:00,71045,76.8,Chennai,CLEAN
CLM-DE427BC8,1000000020,Dr. Margaret Hawkins DDS,MEM000873,FAC020,2026-06-07T13:00:00,93000,61.45,Chennai,CLEAN
CLM-AFB3AD5A,1000000143,Dr. Christopher Rubio,MEM000860,FAC036,2026-03-27T15:00:00,99215,238.59,Chennai,CLEAN
CLM-2F907393,1000000105,Dr. Marc Moore,MEM000673,FAC027,2026-03-05T13:00:00,99215,231.16,Chennai,CLEAN
CLM-D52880F2,1000000074,Dr. Amy Silva,MEM000763,FAC014,2026-03-20T13:00:00,99213,105.83,Chennai,CLEAN
CLM-0DC414EC,1000000078,Dr. Steve Sanchez,MEM000626,FAC007,2026-04-12T12:00:00,93000,56.91,Chennai,CLEAN
CLM-936200F6,1000000180,Dr. Alexander Collins,MEM000967,FAC016,2026-03-12T16:00:00,99215,207.96,Chennai,CLEAN
CLM-D4ECECC2,1000000069,Dr. William Baker,MEM000898,FAC026,2026-03-09T09:00:00,93000,63.11,Chennai,CLEAN
CLM-FD950746,1000000168,Dr. Joel Williams,MEM000716,FAC035,2026-02-13T11:00:00,99214,136.43,Chennai,CLEAN
CLM-08AD835F,1000000084,Dr. Zachary Ferrell,MEM000512,FAC026,2026-02-02T16:00:00,99214,164.65,Chennai,CLEAN
CLM-8C482952,1000000171,Dr. Darlene Miller,MEM000837,FAC034,2026-06-14T17:00:00,93000,64.3,Chennai,CLEAN
CLM-864231B4,1000000069,Dr. William Baker,MEM000102,FAC015,2026-02-10T10:00:00,99213,109.95,Chennai,CLEAN
CLM-7DA7EB2E,1000000194,Dr. John Bishop,MEM000584,FAC028,2026-02-03T09:00:00,99214,138.45,Chennai,CLEAN
CLM-85EF4517,1000000122,Dr. April Frost,MEM000779,FAC002,2026-05-03T14:00:00,99215,237.57,Chennai,CLEAN
CLM-871373F2,1000000132,Dr. Mary Marshall,MEM000356,FAC012,2026-03-15T15:00:00,99215,212.81,Chennai,CLEAN
CLM-CFE39CBC,1000000149,Dr. Stephanie Manning,MEM000135,FAC049,2026-02-02T09:00:00,99214,135.3,Chennai,CLEAN
CLM-D93BBEBE,1000000077,Dr. Megan Young,MEM000284,FAC036,2026-04-21T13:00:00,71045,86.86,Chennai,CLEAN
CLM-CEC0B8A6,1000000037,Dr. Cassandra Gaines,MEM000740,FAC039,2026-02-27T09:00:00,99213,92.83,Chennai,CLEAN
CLM-66025CFA,1000000188,Dr. Madison Poole,MEM000895,FAC022,2026-01-28T11:00:00,99213,94.08,Chennai,CLEAN
CLM-4723F3B3,1000000118,Dr. Victor Baker,MEM000341,FAC025,2026-04-02T17:00:00,93000,58.7,Chennai,CLEAN
CLM-7CA795E3,1000000084,Dr. Zachary Ferrell,MEM000596,FAC021,2026-06-10T16:00:00,99213,101.11,Chennai,CLEAN
CLM-C96244D5,1000000110,Dr. Richard Rodriguez,MEM000994,FAC005,2026-05-27T12:00:00,99213,95.22,Chennai,CLEAN
CLM-FC5A2960,1000000092,Dr. Denise Jacobs,MEM000565,FAC019,2026-02-18T13:00:00,99215,215.45,Chennai,CLEAN
CLM-BDF5B9B8,1000000056,Dr. Timothy Duncan,MEM000086,FAC004,2026-02-27T17:00:00,93000,58.45,Chennai,CLEAN
CLM-AD08FCC7,1000000052,Dr. Crystal Robinson,MEM000303,FAC011,2026-02-18T15:00:00,99214,162.98,Chennai,CLEAN
CLM-81AEB506,1000000189,Dr. Jessica Gross,MEM000138,FAC002,2026-03-05T12:00:00,99215,218.13,Chennai,CLEAN
CLM-0F0D6BA9,1000000046,Dr. John Pierce,MEM000271,FAC026,2026-02-23T10:00:00,99213,96.03,Chennai,CLEAN
CLM-47EBB2E3,1000000169,Dr. Daniel Murphy,MEM000461,FAC045,2026-05-29T15:00:00,93000,62.9,Chennai,CLEAN
CLM-6CAED313,1000000172,Dr. Joshua Cooke,MEM000820,FAC042,2026-04-12T17:00:00,99213,90.65,Chennai,CLEAN
CLM-17C3802D,1777777777,Dr. Synthetic-C (Upcoder),MEM000923,FAC041,2026-03-22T11:00:00,93000,64.32,Mumbai,CLEAN
CLM-53AA1282,1000000097,Dr. Deborah Figueroa,MEM000771,FAC037,2026-01-13T11:00:00,99213,102.93,Chennai,CLEAN
CLM-86145E11,1000000124,Dr. Helen Jones,MEM000448,FAC018,2026-01-17T16:00:00,99215,206.29,Chennai,CLEAN
CLM-0720953D,1000000009,Dr. Ryan Munoz,MEM000309,FAC013,2026-03-23T09:00:00,99214,141.85,Chennai,CLEAN
CLM-5192A5B4,1777777777,Dr. Synthetic-C (Upcoder),MEM000854,FAC023,2026-01-13T11:00:00,99214,159.45,Mumbai,CLEAN
CLM-D1E9541D,1000000156,Dr. Joshua Perry,MEM000966,FAC017,2026-04-19T15:00:00,99215,205.97,Chennai,CLEAN
CLM-C0EFED62,1000000192,Dr. Debra Christian,MEM000344,FAC046,2026-02-10T12:00:00,99214,139.0,Chennai,CLEAN
CLM-CA4B0058,1000000039,Dr. Brittany Farmer,MEM000638,FAC014,2026-01-03T11:00:00,99213,92.69,Chennai,CLEAN
CLM-AF5767F3,1000000102,Dr. Rebecca Valencia,MEM000587,FAC006,2026-02-25T12:00:00,99213,94.59,Chennai,CLEAN
CLM-13C34368,1000000056,Dr. Timothy Duncan,MEM000202,FAC016,2026-04-15T16:00:00,71045,73.08,Chennai,CLEAN
CLM-6927F242,1000000177,Dr. Michael Wang,MEM000125,FAC042,2026-04-20T16:00:00,99215,239.04,Chennai,CLEAN
CLM-D631423C,1000000002,Dr. Angie Henderson,MEM000448,FAC027,2026-02-06T16:00:00,93000,61.32,Chennai,CLEAN
CLM-40B67C50,1000000192,Dr. Debra Christian,MEM000833,FAC020,2026-03-05T09:00:00,99214,143.34,Chennai,CLEAN
CLM-C61DBFAC,1000000094,Dr. John Whitehead,MEM000215,FAC003,2026-01-21T11:00:00,99214,157.04,Chennai,CLEAN
CLM-C96A01A1,1000000142,Dr. Patricia Rodriguez,MEM000788,FAC016,2026-05-05T11:00:00,99214,135.87,Chennai,CLEAN
CLM-D91680F0,1000000069,Dr. William Baker,MEM000733,FAC008,2026-01-12T11:00:00,93000,57.55,Chennai,CLEAN
CLM-52849F7C,1000000017,Dr. Derek Zuniga,MEM000969,FAC037,2026-01-05T10:00:00,71045,83.48,Chennai,CLEAN
CLM-DD48095D,1000000041,Dr. Fred Smith,MEM000677,FAC008,2026-03-16T09:00:00,99215,200.57,Chennai,CLEAN
CLM-64EA22A6,1000000184,Dr. Lindsay Martinez,MEM000423,FAC016,2026-06-19T17:00:00,71045,83.67,Chennai,CLEAN
CLM-CA4F5283,1000000026,Dr. Justin Baker,MEM000851,FAC030,2026-06-14T16:00:00,99215,234.29,Chennai,CLEAN
CLM-20244107,1000000105,Dr. Marc Moore,MEM000108,FAC039,2026-06-03T11:00:00,99215,200.2,Chennai,CLEAN
CLM-408F091D,1000000092,Dr. Denise Jacobs,MEM000655,FAC034,2026-02-28T17:00:00,71045,74.47,Chennai,CLEAN
CLM-26188574,1000000173,Dr. Matthew Harrington,MEM000480,FAC040,2026-02-07T14:00:00,93000,64.47,Chennai,CLEAN
CLM-5CB21F0D,1000000016,Dr. Holly Wood,MEM000184,FAC009,2026-03-23T09:00:00,93000,63.38,Chennai,CLEAN
CLM-E2F3B149,1000000087,Dr. Christopher Bass,MEM000394,FAC025,2026-05-17T13:00:00,99215,238.25,Chennai,CLEAN
CLM-AAAF93BD,1000000185,Dr. Dr. Hannah Patterson,MEM000757,FAC009,2026-03-05T16:00:00,99214,153.82,Chennai,CLEAN
CLM-B6287A97,1000000115,Dr. Diana May,MEM000587,FAC049,2026-01-20T11:00:00,99213,92.6,Chennai,CLEAN
CLM-DF92717C,1000000022,Dr. Ethan Adams,MEM000048,FAC007,2026-05-16T16:00:00,93000,54.5,Chennai,CLEAN
CLM-3850F06C,1000000178,Dr. Lawrence Adkins,MEM000354,FAC044,2026-05-22T15:00:00,93000,54.6,Chennai,CLEAN
CLM-FC0D3CA5,1000000018,Dr. Lisa Jackson,MEM000465,FAC003,2026-05-05T13:00:00,99213,105.96,Chennai,CLEAN
CLM-985A879F,1000000057,Dr. Richard Aguirre,MEM000612,FAC009,2026-04-01T10:00:00,93000,65.66,Chennai,CLEAN
CLM-2122F794,1000000158,Dr. Melissa Gates,MEM000257,FAC044,2026-04-01T11:00:00,93000,57.82,Chennai,CLEAN
CLM-C618D924,1000000195,Dr. Allen Rosales,MEM000112,FAC031,2026-01-27T11:00:00,99214,139.26,Chennai,CLEAN
CLM-2F40B0B3,1000000126,Dr. Michelle Evans,MEM000968,FAC024,2026-03-07T12:00:00,99214,151.73,Chennai,CLEAN
CLM-3B9FE98D,1000000046,Dr. John Pierce,MEM000167,FAC001,2026-04-03T13:00:00,99214,139.33,Chennai,CLEAN
CLM-24BCB279,1000000096,Dr. Aaron Wise,MEM000180,FAC024,2026-06-23T14:00:00,99215,224.01,Chennai,CLEAN
CLM-948042BA,1000000165,Dr. John Anderson,MEM000391,FAC012,2026-02-19T09:00:00,93000,63.8,Chennai,CLEAN
CLM-EA07272E,1000000051,Dr. Danny Morgan,MEM000999,FAC018,2026-03-17T13:00:00,71045,86.04,Chennai,CLEAN
CLM-FC8F335E,1000000004,Dr. Cristian Santos,MEM000312,FAC032,2026-05-13T16:00:00,93000,61.19,Chennai,CLEAN
CLM-09F5CD41,1000000084,Dr. Zachary Ferrell,MEM000012,FAC017,2026-04-29T09:00:00,99214,135.31,Chennai,CLEAN
CLM-888DE9B7,1000000095,Dr. Anna Henderson,MEM000628,FAC043,2026-04-07T17:00:00,99215,201.14,Chennai,CLEAN
CLM-D31E3395,1000000196,Dr. Daniel Salinas,MEM000895,FAC020,2026-02-18T16:00:00,71045,76.12,Chennai,CLEAN
CLM-93DDF8E8,1000000179,Dr. Robert Oconnell,MEM000925,FAC011,2026-04-12T15:00:00,99214,139.8,Chennai,CLEAN
CLM-984AD6C9,1000000153,Dr. Devon Flores,MEM000758,FAC020,2026-04-17T12:00:00,99215,206.14,Chennai,CLEAN
CLM-EEDA4735,1000000127,Dr. Jason Powell,MEM000485,FAC020,2026-02-13T11:00:00,99215,222.96,Chennai,CLEAN
CLM-6A6A5AA8,1000000004,Dr. Cristian Santos,MEM000428,FAC005,2026-04-13T14:00:00,93000,55.0,Chennai,CLEAN
CLM-543A481E,1000000154,Dr. Brenda Hall,MEM000137,FAC001,2026-06-17T14:00:00,93000,62.7,Chennai,CLEAN
CLM-53C8A714,1000000040,Dr. Paula Moreno,MEM000154,FAC037,2026-03-15T10:00:00,99213,96.45,Chennai,CLEAN
CLM-E836E912,1000000196,Dr. Daniel Salinas,MEM000420,FAC013,2026-01-11T11:00:00,93000,57.81,Chennai,CLEAN
CLM-1D1E8E80,1000000193,Dr. Angelica Keith,MEM000680,FAC044,2026-05-29T15:00:00,99214,148.08,Chennai,CLEAN
CLM-54527734,1000000118,Dr. Victor Baker,MEM000684,FAC046,2026-02-09T15:00:00,99214,159.8,Chennai,CLEAN
CLM-63408C91,1000000185,Dr. Dr. Hannah Patterson,MEM000303,FAC042,2026-02-16T09:00:00,71045,78.03,Chennai,CLEAN
CLM-4F5A5DF0,1000000085,Dr. Daniel Baker,MEM000679,FAC016,2026-06-09T17:00:00,99213,102.93,Chennai,CLEAN
CLM-4A980858,1000000141,Dr. David Douglas Jr.,MEM000347,FAC006,2026-02-19T12:00:00,99213,94.46,Chennai,CLEAN
CLM-84A691C9,1000000137,Dr. Courtney Gonzalez,MEM000778,FAC002,2026-01-12T13:00:00,93000,60.41,Chennai,CLEAN
CLM-2C32F455,1000000057,Dr. Richard Aguirre,MEM000721,FAC010,2026-01-17T10:00:00,99214,160.52,Chennai,CLEAN
CLM-789A6198,1000000024,Dr. Matthew Foster,MEM000972,FAC011,2026-01-20T14:00:00,99215,220.5,Chennai,CLEAN
CLM-27BF3650,1000000028,Dr. Zachary Hicks,MEM000728,FAC023,2026-05-18T11:00:00,71045,80.7,Chennai,CLEAN
CLM-7B2FD833,1000000137,Dr. Courtney Gonzalez,MEM000511,FAC025,2026-03-18T09:00:00,99213,105.27,Chennai,CLEAN
CLM-8A12D21E,1000000028,Dr. Zachary Hicks,MEM000543,FAC020,2026-03-09T17:00:00,93000,54.7,Chennai,CLEAN
CLM-C493A7B5,1000000079,Dr. Lisa Barnes,MEM000312,FAC048,2026-02-04T09:00:00,99213,105.89,Chennai,CLEAN
CLM-3D8BBF09,1000000045,Dr. Philip Cannon,MEM000583,FAC032,2026-05-08T16:00:00,93000,59.77,Chennai,CLEAN
CLM-EF67A315,1000000080,Dr. Kelly Donovan,MEM000533,FAC020,2026-04-10T15:00:00,99215,239.61,Chennai,CLEAN
CLM-AD1288B3,1000000102,Dr. Rebecca Valencia,MEM000766,FAC019,2026-01-31T15:00:00,99214,141.53,Chennai,CLEAN
CLM-761DEB0B,1000000168,Dr. Joel Williams,MEM000184,FAC007,2026-06-06T11:00:00,71045,84.94,Chennai,CLEAN
CLM-E1E488CE,1000000045,Dr. Philip Cannon,MEM000076,FAC012,2026-02-16T09:00:00,99215,228.37,Chennai,CLEAN
CLM-F0FBAE0E,1000000011,Dr. Jamie Arnold,MEM000291,FAC010,2026-06-06T13:00:00,93000,56.6,Chennai,CLEAN
CLM-1A8B90AC,1000000028,Dr. Zachary Hicks,MEM000288,FAC046,2026-05-05T17:00:00,93000,63.27,Chennai,CLEAN
CLM-25F92E71,1000000179,Dr. Robert Oconnell,MEM000886,FAC007,2026-01-24T16:00:00,93000,59.36,Chennai,CLEAN
CLM-56999C51,1000000194,Dr. John Bishop,MEM000416,FAC037,2026-06-06T13:00:00,93000,62.29,Chennai,CLEAN
CLM-04F3B677,1000000024,Dr. Matthew Foster,MEM000667,FAC010,2026-05-12T12:00:00,99213,104.71,Chennai,CLEAN
CLM-5B588E03,1000000005,Dr. Connie Lawrence,MEM000058,FAC014,2026-04-21T15:00:00,71045,72.33,Chennai,CLEAN
CLM-F9E4E7B2,1000000176,Dr. Michael Elliott,MEM000763,FAC010,2026-06-30T09:00:00,99213,90.11,Chennai,CLEAN
CLM-9A1FEDD7,1000000050,Dr. Jessica Holmes,MEM000765,FAC010,2026-05-19T14:00:00,99214,151.32,Chennai,CLEAN
CLM-9253CF5F,1000000048,Dr. Joshua Blair,MEM000893,FAC006,2026-01-01T14:00:00,99213,96.53,Chennai,CLEAN
CLM-A8D85C5D,1000000045,Dr. Philip Cannon,MEM000276,FAC015,2026-05-16T12:00:00,93000,62.52,Chennai,CLEAN
CLM-9AC5B882,1000000090,Dr. Matthew Mcmillan,MEM000566,FAC044,2026-02-11T15:00:00,93000,56.05,Chennai,CLEAN
CLM-71737F98,1000000199,Dr. Nathan Freeman,MEM000578,FAC049,2026-06-06T09:00:00,99213,99.02,Chennai,CLEAN
CLM-F7332AFC,1000000136,Dr. Robert Potter,MEM000714,FAC027,2026-02-11T16:00:00,71045,86.94,Chennai,CLEAN
CLM-7D70AE0B,1000000058,Dr. Brent Jordan,MEM000181,FAC035,2026-02-22T17:00:00,93000,64.72,Chennai,CLEAN
CLM-523D46A8,1000000172,Dr. Joshua Cooke,MEM000808,FAC013,2026-02-24T16:00:00,71045,86.4,Chennai,CLEAN
CLM-66AAC0C4,1000000021,Dr. Patty Perez,MEM000517,FAC021,2026-06-12T10:00:00,93000,64.96,Chennai,CLEAN
CLM-64581AEF,1000000192,Dr. Debra Christian,MEM000847,FAC049,2026-04-14T11:00:00,71045,79.28,Chennai,CLEAN
CLM-FCC73D19,1000000063,Dr. Donald Wright,MEM000444,FAC035,2026-03-20T10:00:00,99213,109.46,Chennai,CLEAN
CLM-EF928C13,1000000048,Dr. Joshua Blair,MEM000158,FAC042,2026-05-10T11:00:00,99214,162.0,Chennai,CLEAN
CLM-8904E9CC,1000000183,Dr. Ashley Barton,MEM000623,FAC009,2026-01-26T17:00:00,93000,62.77,Chennai,CLEAN
CLM-FA7543B2,1000000057,Dr. Richard Aguirre,MEM000357,FAC011,2026-04-29T10:00:00,93000,59.72,Chennai,CLEAN
CLM-70A63E1C,1000000181,Dr. Tina Sanders,MEM000960,FAC048,2026-06-29T09:00:00,71045,87.24,Chennai,CLEAN
CLM-14E8653C,1000000123,Dr. Michelle Harmon,MEM000504,FAC024,2026-01-25T09:00:00,71045,84.09,Chennai,CLEAN
CLM-1771F57D,1000000185,Dr. Dr. Hannah Patterson,MEM000379,FAC037,2026-02-12T09:00:00,93000,60.27,Chennai,CLEAN
CLM-EBA18D1B,1000000167,Dr. Alyssa Day,MEM000832,FAC017,2026-03-05T10:00:00,93000,55.53,Chennai,CLEAN
CLM-C066AE45,1000000155,Dr. Michelle Brown,MEM000455,FAC026,2026-01-30T16:00:00,93000,62.34,Chennai,CLEAN
CLM-E268ECA6,1000000090,Dr. Matthew Mcmillan,MEM000993,FAC037,2026-04-18T17:00:00,99214,151.23,Chennai,CLEAN
CLM-FA51DE08,1000000076,Dr. Angela Lopez,MEM000358,FAC042,2026-05-08T11:00:00,99213,109.81,Chennai,CLEAN
CLM-CFAD92FE,1000000187,Dr. Samantha Garcia,MEM000154,FAC044,2026-04-11T15:00:00,99215,228.62,Chennai,CLEAN
CLM-F2045985,1000000102,Dr. Rebecca Valencia,MEM000546,FAC024,2026-02-13T14:00:00,93000,63.95,Chennai,CLEAN
CLM-7082A171,1000000035,Dr. Jeffrey Chavez,MEM000331,FAC028,2026-02-22T13:00:00,93000,60.09,Chennai,CLEAN
CLM-7118AB43,1000000144,Dr. Amber Wright,MEM000912,FAC010,2026-03-29T14:00:00,99214,153.07,Chennai,CLEAN
CLM-AB59604A,1000000171,Dr. Darlene Miller,MEM000445,FAC040,2026-06-12T09:00:00,71045,83.81,Chennai,CLEAN
CLM-6FDE0076,1000000034,Dr. Debra Davidson,MEM000593,FAC038,2026-01-06T16:00:00,99215,225.61,Chennai,CLEAN
CLM-BF0588C2,1000000036,Dr. Sherri Baker,MEM000783,FAC039,2026-04-16T15:00:00,93000,65.86,Chennai,CLEAN
CLM-43895EA5,1000000077,Dr. Megan Young,MEM000064,FAC048,2026-04-23T15:00:00,71045,72.35,Chennai,CLEAN
CLM-FDA56D1F,1000000000,Dr. Allison Hill,MEM000566,FAC038,2026-04-28T13:00:00,71045,76.08,Chennai,CLEAN
CLM-7D172886,1000000090,Dr. Matthew Mcmillan,MEM000702,FAC039,2026-05-27T13:00:00,71045,76.41,Chennai,CLEAN
CLM-7ED673B2,1000000130,Dr. Elizabeth Kelley,MEM000198,FAC038,2026-05-10T13:00:00,99213,98.22,Chennai,CLEAN
CLM-1EFAAAB4,1000000062,Dr. Connor West,MEM000295,FAC029,2026-05-13T14:00:00,99214,146.96,Chennai,CLEAN
CLM-07F2A66E,1000000148,Dr. Kathy Rivas,MEM000549,FAC034,2026-01-28T15:00:00,99215,232.16,Chennai,CLEAN
CLM-F3E4B75D,1000000136,Dr. Robert Potter,MEM000028,FAC016,2026-03-16T14:00:00,99213,105.85,Chennai,CLEAN
CLM-400ACBC9,1000000042,Dr. Sherry Decker,MEM000678,FAC040,2026-05-12T15:00:00,99213,96.53,Chennai,CLEAN
CLM-DD997AC8,1000000043,Dr. Anthony Humphrey,MEM000121,FAC002,2026-02-11T15:00:00,99214,163.84,Chennai,CLEAN
CLM-CF34FC87,1000000010,Dr. Monica Herrera,MEM000406,FAC025,2026-03-16T17:00:00,93000,64.82,Chennai,CLEAN
CLM-C559B7BC,1000000004,Dr. Cristian Santos,MEM000860,FAC034,2026-02-15T13:00:00,93000,64.0,Chennai,CLEAN
CLM-91BF5C49,1000000091,Dr. Brian Rodriguez,MEM000532,FAC006,2026-02-26T09:00:00,93000,64.53,Chennai,CLEAN
CLM-7DA6CC4C,1000000146,Dr. Victoria Larson,MEM000568,FAC012,2026-06-20T09:00:00,99215,219.23,Chennai,CLEAN
CLM-0EBCC835,1000000170,Dr. Jamie Walton,MEM000834,FAC034,2026-05-22T12:00:00,93000,61.14,Chennai,CLEAN
CLM-7C62BA39,1000000121,Dr. Kenneth Scott,MEM000268,FAC047,2026-01-28T17:00:00,99215,216.3,Chennai,CLEAN
CLM-E03E1EFC,1000000060,Dr. Victoria Garcia,MEM000014,FAC009,2026-04-25T14:00:00,99213,90.94,Chennai,CLEAN
CLM-3A62AC44,1000000054,Dr. Shannon Jones,MEM000047,FAC043,2026-03-30T15:00:00,71045,73.63,Chennai,CLEAN
CLM-B820C987,1000000199,Dr. Nathan Freeman,MEM000610,FAC022,2026-06-15T12:00:00,99213,108.22,Chennai,CLEAN
CLM-9BFBAC94,1000000091,Dr. Brian Rodriguez,MEM000396,FAC018,2026-01-25T17:00:00,99215,231.76,Chennai,CLEAN
CLM-295EED29,1000000049,Dr. Eric Carney,MEM000845,FAC028,2026-05-19T13:00:00,71045,79.18,Chennai,CLEAN
CLM-872A8237,1000000013,Dr. Michele Williams,MEM000514,FAC048,2026-05-03T09:00:00,99213,100.62,Chennai,CLEAN
CLM-3079E1AD,1000000041,Dr. Fred Smith,MEM000424,FAC041,2026-01-09T09:00:00,99213,102.62,Chennai,CLEAN
CLM-93F1CA6C,1000000052,Dr. Crystal Robinson,MEM000437,FAC023,2026-06-26T10:00:00,99213,94.62,Chennai,CLEAN
CLM-722C9A6C,1000000075,Dr. Sarah Moore,MEM000310,FAC016,2026-02-03T09:00:00,71045,79.74,Chennai,CLEAN
CLM-A0E4CA13,1000000170,Dr. Jamie Walton,MEM000351,FAC027,2026-05-24T15:00:00,99215,205.25,Chennai,CLEAN
CLM-6AA8F6D5,1000000009,Dr. Ryan Munoz,MEM000386,FAC009,2026-02-02T10:00:00,99215,238.05,Chennai,CLEAN
CLM-E9B512EC,1000000156,Dr. Joshua Perry,MEM000611,FAC027,2026-05-03T11:00:00,99215,239.03,Chennai,CLEAN
CLM-2F9DCADD,1000000196,Dr. Daniel Salinas,MEM000182,FAC011,2026-02-16T10:00:00,93000,54.09,Chennai,CLEAN
CLM-53C35EA9,1000000060,Dr. Victoria Garcia,MEM000220,FAC040,2026-06-15T13:00:00,71045,84.69,Chennai,CLEAN
CLM-C84A1F00,1000000066,Dr. Tracy House,MEM000510,FAC019,2026-05-03T15:00:00,99215,221.81,Chennai,CLEAN
CLM-B9ADBD0E,1000000175,Dr. Alex Hernandez,MEM000804,FAC020,2026-04-06T12:00:00,93000,59.24,Chennai,CLEAN
CLM-01711272,1000000043,Dr. Anthony Humphrey,MEM000098,FAC014,2026-05-17T12:00:00,99215,198.27,Chennai,CLEAN
CLM-B8C82013,1000000020,Dr. Margaret Hawkins DDS,MEM000992,FAC008,2026-03-15T14:00:00,99215,207.6,Chennai,CLEAN
CLM-15BCB5C8,1000000042,Dr. Sherry Decker,MEM000718,FAC038,2026-01-15T09:00:00,99214,146.83,Chennai,CLEAN
CLM-7DF66066,1000000168,Dr. Joel Williams,MEM000189,FAC005,2026-01-18T16:00:00,99214,162.69,Chennai,CLEAN
CLM-36DC14B6,1000000163,Dr. Jeffrey Johnson,MEM000146,FAC040,2026-04-29T16:00:00,99214,147.77,Chennai,CLEAN
CLM-76C252CB,1000000069,Dr. William Baker,MEM000548,FAC041,2026-05-20T12:00:00,93000,58.16,Chennai,CLEAN
CLM-40610E7C,1000000082,Dr. Michael Evans,MEM000729,FAC043,2026-03-24T17:00:00,99215,205.52,Chennai,CLEAN
CLM-7E0FEEE5,1000000149,Dr. Stephanie Manning,MEM000684,FAC019,2026-02-13T14:00:00,99214,156.38,Chennai,CLEAN
CLM-5ECC8751,1000000080,Dr. Kelly Donovan,MEM000103,FAC025,2026-01-30T17:00:00,99215,219.53,Chennai,CLEAN
CLM-250F648D,1000000157,Dr. Jason Stein,MEM000086,FAC028,2026-01-18T09:00:00,99215,238.31,Chennai,CLEAN
CLM-C4A4153E,1000000135,Dr. Jose Schultz,MEM000872,FAC040,2026-01-13T14:00:00,99215,224.37,Chennai,CLEAN
CLM-5E5D3A2A,1000000066,Dr. Tracy House,MEM000458,FAC029,2026-03-20T13:00:00,71045,75.69,Chennai,CLEAN
CLM-C320DDF7,1000000093,Dr. Christina Walters,MEM000653,FAC013,2026-04-02T11:00:00,99215,217.29,Chennai,CLEAN
CLM-A397D063,1000000135,Dr. Jose Schultz,MEM000749,FAC047,2026-03-17T10:00:00,71045,73.91,Chennai,CLEAN
CLM-61462617,1000000148,Dr. Kathy Rivas,MEM000307,FAC044,2026-05-27T16:00:00,99214,142.8,Chennai,CLEAN
CLM-46D893C5,1000000154,Dr. Brenda Hall,MEM000208,FAC002,2026-03-27T12:00:00,71045,80.17,Chennai,CLEAN
CLM-F373BB55,1000000007,Dr. Gina Moore,MEM000227,FAC012,2026-02-01T17:00:00,99214,147.64,Chennai,CLEAN
CLM-CC309240,1888888888,Dr. Synthetic-B (Teleport),MEM000070,FAC044,2026-02-21T12:00:00,93000,65.02,Chennai,CLEAN
CLM-FF5C8212,1000000046,Dr. John Pierce,MEM000437,FAC002,2026-05-12T16:00:00,93000,60.42,Chennai,CLEAN
CLM-C6BC1F99,1000000044,Dr. Angelica Tucker,MEM000831,FAC035,2026-01-18T14:00:00,99214,149.4,Chennai,CLEAN
CLM-A8A560AC,1000000121,Dr. Kenneth Scott,MEM000201,FAC000,2026-03-15T17:00:00,71045,74.94,Chennai,CLEAN
CLM-6AAE5D32,1000000175,Dr. Alex Hernandez,MEM000064,FAC020,2026-02-16T10:00:00,71045,83.06,Chennai,CLEAN
CLM-97B20B91,1000000104,Dr. Richard Henson,MEM000334,FAC042,2026-02-24T14:00:00,99214,149.48,Chennai,CLEAN
CLM-BCF87956,1999999999,Dr. Synthetic-A (Phantom),MEM000524,FAC003,2026-01-26T17:00:00,93000,64.36,Chennai,CLEAN
CLM-E72771AE,1000000091,Dr. Brian Rodriguez,MEM000435,FAC043,2026-05-03T12:00:00,99215,210.29,Chennai,CLEAN
CLM-96861F03,1000000097,Dr. Deborah Figueroa,MEM000508,FAC005,2026-05-03T16:00:00,71045,86.94,Chennai,CLEAN
CLM-D4A3CAA1,1000000151,Dr. Pamela Boyd,MEM000828,FAC025,2026-05-31T10:00:00,99215,207.88,Chennai,CLEAN
CLM-0D04D12B,1000000101,Dr. Cameron Parker,MEM000139,FAC037,2026-06-04T13:00:00,71045,82.07,Chennai,CLEAN
CLM-3139F22D,1000000110,Dr. Richard Rodriguez,MEM000268,FAC021,2026-01-14T09:00:00,99213,92.24,Chennai,CLEAN
CLM-0ED43805,1000000136,Dr. Robert Potter,MEM000609,FAC035,2026-03-29T16:00:00,99214,152.32,Chennai,CLEAN
CLM-08449DE4,1000000136,Dr. Robert Potter,MEM000927,FAC014,2026-06-25T14:00:00,99214,137.86,Chennai,CLEAN
CLM-5240A8BF,1000000021,Dr. Patty Perez,MEM000553,FAC038,2026-04-15T17:00:00,99215,237.8,Chennai,CLEAN
CLM-80AF1E6C,1000000043,Dr. Anthony Humphrey,MEM000666,FAC018,2026-04-10T13:00:00,93000,63.32,Chennai,CLEAN
CLM-4A817BE0,1000000076,Dr. Angela Lopez,MEM000634,FAC048,2026-06-21T16:00:00,93000,58.45,Chennai,CLEAN
CLM-2C610091,1000000043,Dr. Anthony Humphrey,MEM000574,FAC023,2026-05-06T14:00:00,93000,58.18,Chennai,CLEAN
CLM-DD772DF8,1000000133,Dr. Daniel Kennedy,MEM000129,FAC033,2026-01-29T09:00:00,99214,139.3,Chennai,CLEAN
CLM-3D18BE44,1000000112,Dr. Julia Torres,MEM000763,FAC037,2026-04-29T17:00:00,93000,61.92,Chennai,CLEAN
CLM-B89A15A2,1000000169,Dr. Daniel Murphy,MEM000866,FAC040,2026-01-19T11:00:00,99215,221.27,Chennai,CLEAN
CLM-0FE55124,1000000048,Dr. Joshua Blair,MEM000654,FAC038,2026-04-26T10:00:00,71045,72.23,Chennai,CLEAN
CLM-5DD19231,1000000084,Dr. Zachary Ferrell,MEM000768,FAC037,2026-05-16T13:00:00,99215,238.72,Chennai,CLEAN
CLM-7868D882,1000000025,Dr. Judy Baker,MEM000808,FAC017,2026-02-22T15:00:00,71045,84.17,Chennai,CLEAN
CLM-E162EFB3,1000000040,Dr. Paula Moreno,MEM000535,FAC025,2026-05-14T10:00:00,99213,93.64,Chennai,CLEAN
CLM-B61B14DD,1000000055,Dr. Michael Lewis,MEM000653,FAC001,2026-02-23T17:00:00,93000,58.1,Chennai,CLEAN
CLM-29F94255,1000000111,Dr. Shannon Walker,MEM000869,FAC034,2026-01-30T10:00:00,93000,56.95,Chennai,CLEAN
CLM-A50F70F6,1000000125,Dr. Erin Edwards,MEM000854,FAC034,2026-01-21T13:00:00,99215,223.36,Chennai,CLEAN
CLM-65A8D662,1000000005,Dr. Connie Lawrence,MEM000755,FAC039,2026-06-18T11:00:00,99213,98.91,Chennai,CLEAN
CLM-6BBACC05,1000000147,Dr. Stephanie Salazar,MEM000048,FAC023,2026-03-22T11:00:00,93000,64.34,Chennai,CLEAN
CLM-5AD7205D,1000000108,Dr. Evelyn Galvan,MEM000599,FAC013,2026-02-26T14:00:00,99213,102.56,Chennai,CLEAN
CLM-84A85931,1000000168,Dr. Joel Williams,MEM000320,FAC047,2026-05-10T17:00:00,99213,105.09,Chennai,CLEAN
CLM-31795C67,1000000118,Dr. Victor Baker,MEM000984,FAC047,2026-01-04T14:00:00,99214,138.8,Chennai,CLEAN
CLM-41A38523,1000000101,Dr. Cameron Parker,MEM000020,FAC047,2026-02-01T10:00:00,93000,56.89,Chennai,CLEAN
CLM-E8D4F1C9,1000000149,Dr. Stephanie Manning,MEM000081,FAC000,2026-03-05T17:00:00,99214,160.58,Chennai,CLEAN
CLM-A1C69F78,1000000121,Dr. Kenneth Scott,MEM000314,FAC008,2026-06-15T14:00:00,99215,203.34,Chennai,CLEAN
CLM-FC3C8439,1000000185,Dr. Dr. Hannah Patterson,MEM000436,FAC002,2026-05-27T09:00:00,93000,57.94,Chennai,CLEAN
CLM-0BC6F76A,1000000136,Dr. Robert Potter,MEM000816,FAC006,2026-05-09T10:00:00,99213,95.67,Chennai,CLEAN
CLM-C7C39207,1000000015,Dr. Brian Ramirez,MEM000900,FAC008,2026-03-18T12:00:00,71045,75.31,Chennai,CLEAN
CLM-8E2EC29F,1000000017,Dr. Derek Zuniga,MEM000927,FAC021,2026-06-28T17:00:00,71045,75.29,Chennai,CLEAN
CLM-1892AB73,1000000193,Dr. Angelica Keith,MEM000411,FAC008,2026-04-23T10:00:00,99214,155.71,Chennai,CLEAN
CLM-0FA5F353,1000000130,Dr. Elizabeth Kelley,MEM000737,FAC038,2026-04-13T12:00:00,99214,145.6,Chennai,CLEAN
CLM-7D64D12F,1000000158,Dr. Melissa Gates,MEM000061,FAC045,2026-01-02T14:00:00,93000,57.86,Chennai,CLEAN
CLM-A89EA884,1000000192,Dr. Debra Christian,MEM000861,FAC027,2026-01-24T14:00:00,99215,217.82,Chennai,CLEAN
CLM-108EB4BD,1000000063,Dr. Donald Wright,MEM000088,FAC041,2026-03-27T15:00:00,71045,75.83,Chennai,CLEAN
CLM-21A47E97,1000000124,Dr. Helen Jones,MEM000581,FAC011,2026-04-02T14:00:00,99213,92.03,Chennai,CLEAN
CLM-8B6E5F43,1000000074,Dr. Amy Silva,MEM000252,FAC025,2026-06-23T09:00:00,99214,160.15,Chennai,CLEAN
CLM-4370B692,1000000061,Dr. Gerald Hensley,MEM000482,FAC031,2026-02-16T16:00:00,99213,107.11,Chennai,CLEAN
CLM-E2B51997,1000000139,Dr. Angel Perry,MEM000608,FAC026,2026-06-16T15:00:00,71045,72.07,Chennai,CLEAN
CLM-B6201BF0,1000000063,Dr. Donald Wright,MEM000302,FAC011,2026-05-14T10:00:00,71045,84.92,Chennai,CLEAN
CLM-52130885,1000000065,Dr. Amber Kidd,MEM000070,FAC045,2026-06-24T15:00:00,99213,90.7,Chennai,CLEAN
CLM-82CDC7D3,1000000026,Dr. Justin Baker,MEM000638,FAC044,2026-04-29T14:00:00,99214,145.04,Chennai,CLEAN
CLM-64F4EE43,1000000162,Dr. Lindsey Walker,MEM000941,FAC019,2026-04-15T13:00:00,99213,109.51,Chennai,CLEAN
CLM-5DF1B52D,1000000031,Dr. James Ferrell,MEM000038,FAC012,2026-06-21T17:00:00,93000,54.01,Chennai,CLEAN
CLM-93C1F5FA,1000000125,Dr. Erin Edwards,MEM000219,FAC000,2026-03-09T11:00:00,71045,78.72,Chennai,CLEAN
CLM-6E60D71D,1000000108,Dr. Evelyn Galvan,MEM000137,FAC032,2026-01-27T13:00:00,99215,227.76,Chennai,CLEAN
CLM-E81F0BB2,1000000116,Dr. William Herrera,MEM000118,FAC033,2026-05-29T12:00:00,93000,57.8,Chennai,CLEAN
CLM-A1CC53ED,1000000054,Dr. Shannon Jones,MEM000948,FAC001,2026-05-28T15:00:00,93000,63.57,Chennai,CLEAN
CLM-124E893F,1000000107,Dr. Sierra Johnson,MEM000507,FAC025,2026-03-08T09:00:00,93000,56.08,Chennai,CLEAN
CLM-36585A6D,1000000129,Dr. Megan Orr,MEM000549,FAC048,2026-03-13T17:00:00,71045,84.24,Chennai,CLEAN
CLM-FD2A4850,1000000081,Dr. Mike Allen,MEM000772,FAC022,2026-01-29T12:00:00,99215,221.66,Chennai,CLEAN
CLM-EAE22480,1000000116,Dr. William Herrera,MEM000139,FAC031,2026-02-01T16:00:00,99215,237.08,Chennai,CLEAN
CLM-FE489601,1000000005,Dr. Connie Lawrence,MEM000657,FAC027,2026-05-22T17:00:00,99213,105.78,Chennai,CLEAN
CLM-43D83B5B,1000000193,Dr. Angelica Keith,MEM000392,FAC017,2026-01-09T12:00:00,99215,239.67,Chennai,CLEAN
CLM-0101CF22,1000000151,Dr. Pamela Boyd,MEM000515,FAC048,2026-05-14T10:00:00,93000,59.92,Chennai,CLEAN
CLM-F86D65A0,1000000140,Dr. Cheyenne Horton,MEM000481,FAC028,2026-06-16T14:00:00,93000,56.67,Chennai,CLEAN
CLM-F06B3D35,1000000059,Dr. John Daniel,MEM000219,FAC025,2026-03-14T16:00:00,71045,72.22,Chennai,CLEAN
CLM-A70B90AC,1000000064,Dr. Jessica Callahan,MEM000096,FAC014,2026-01-03T09:00:00,93000,64.96,Chennai,CLEAN
CLM-0F58E1C0,1000000089,Dr. Aimee Montoya,MEM000197,FAC032,2026-06-13T15:00:00,99213,93.73,Chennai,CLEAN
CLM-35546F27,1000000032,Dr. Tricia Valencia,MEM000405,FAC008,2026-03-31T13:00:00,99214,164.1,Chennai,CLEAN
CLM-4866A7BC,1000000067,Dr. Carol Tucker,MEM000069,FAC041,2026-02-13T12:00:00,99213,102.22,Chennai,CLEAN
CLM-9022D9E2,1000000185,Dr. Dr. Hannah Patterson,MEM000668,FAC022,2026-04-26T16:00:00,99214,135.22,Chennai,CLEAN
CLM-0195A56A,1000000194,Dr. John Bishop,MEM000286,FAC004,2026-01-06T09:00:00,71045,83.03,Chennai,CLEAN
CLM-423D6B19,1000000180,Dr. Alexander Collins,MEM000278,FAC006,2026-05-25T12:00:00,99214,143.12,Chennai,CLEAN
CLM-5269A952,1000000199,Dr. Nathan Freeman,MEM000245,FAC035,2026-06-14T10:00:00,99213,102.43,Chennai,CLEAN
CLM-5BDDD3D6,1000000182,Dr. Angela Vaughn,MEM000630,FAC019,2026-01-26T11:00:00,99214,157.52,Chennai,CLEAN
CLM-5A61AA9F,1000000139,Dr. Angel Perry,MEM000974,FAC029,2026-01-08T17:00:00,71045,74.42,Chennai,CLEAN
CLM-8BD84F08,1000000099,Dr. Stephen Mckee,MEM000261,FAC036,2026-04-15T12:00:00,99214,140.32,Chennai,CLEAN
CLM-F44CD80A,1000000020,Dr. Margaret Hawkins DDS,MEM000507,FAC019,2026-02-06T11:00:00,99215,198.62,Chennai,CLEAN
CLM-7CE75F4B,1000000177,Dr. Michael Wang,MEM000661,FAC043,2026-02-24T11:00:00,71045,73.59,Chennai,CLEAN
CLM-B8528149,1000000136,Dr. Robert Potter,MEM000848,FAC039,2026-01-14T09:00:00,99214,144.16,Chennai,CLEAN
CLM-4CBA37D8,1000000134,Dr. Rebecca Jackson,MEM000441,FAC006,2026-06-26T15:00:00,99214,136.51,Chennai,CLEAN
CLM-7955F828,1000000003,Dr. Daniel Wagner,MEM000152,FAC034,2026-04-13T16:00:00,99214,136.68,Chennai,CLEAN
CLM-28075629,1000000038,Dr. Elizabeth Fowler,MEM000797,FAC002,2026-01-09T14:00:00,99214,146.73,Chennai,CLEAN
CLM-FA62EA80,1000000106,Dr. Sharon Cherry,MEM000738,FAC008,2026-01-18T14:00:00,99214,147.28,Chennai,CLEAN
CLM-88E496D0,1000000139,Dr. Angel Perry,MEM000597,FAC001,2026-01-03T14:00:00,71045,79.61,Chennai,CLEAN
CLM-D977A9B0,1000000080,Dr. Kelly Donovan,MEM000030,FAC003,2026-01-25T16:00:00,99214,139.1,Chennai,CLEAN
CLM-0D830AFD,1000000144,Dr. Amber Wright,MEM000988,FAC000,2026-01-07T16:00:00,99214,153.46,Chennai,CLEAN
CLM-5B84B107,1000000022,Dr. Ethan Adams,MEM000194,FAC048,2026-01-09T16:00:00,99214,139.81,Chennai,CLEAN
CLM-70E8A544,1000000027,Dr. Stephanie Ross,MEM000209,FAC034,2026-04-08T09:00:00,93000,59.67,Chennai,CLEAN
CLM-4E0B1EE3,1000000019,Dr. Carla Gray,MEM000670,FAC024,2026-05-07T11:00:00,99214,138.6,Chennai,CLEAN
CLM-1946F00E,1000000064,Dr. Jessica Callahan,MEM000323,FAC045,2026-03-13T15:00:00,99213,109.98,Chennai,CLEAN
CLM-BC5C5DC8,1000000028,Dr. Zachary Hicks,MEM000583,FAC010,2026-05-21T10:00:00,71045,85.35,Chennai,CLEAN
CLM-47544DB2,1000000116,Dr. William Herrera,MEM000262,FAC019,2026-03-04T15:00:00,99213,109.67,Chennai,CLEAN
CLM-1BE147A2,1000000037,Dr. Cassandra Gaines,MEM000844,FAC014,2026-03-19T13:00:00,99214,140.51,Chennai,CLEAN
CLM-EF7EFC3D,1000000036,Dr. Sherri Baker,MEM000095,FAC041,2026-04-12T09:00:00,99214,145.27,Chennai,CLEAN
CLM-BC208CD9,1000000054,Dr. Shannon Jones,MEM000933,FAC037,2026-03-11T10:00:00,99214,163.63,Chennai,CLEAN
CLM-347320B7,1000000170,Dr. Jamie Walton,MEM000747,FAC001,2026-05-30T13:00:00,99215,230.64,Chennai,CLEAN
CLM-0388E2FF,1000000114,Dr. Garrett Lin,MEM000816,FAC030,2026-02-16T15:00:00,93000,54.27,Chennai,CLEAN
CLM-D843D845,1000000172,Dr. Joshua Cooke,MEM000187,FAC026,2026-06-14T14:00:00,99215,202.15,Chennai,CLEAN
CLM-9E6A631C,1000000033,Dr. Nathan Maldonado,MEM000481,FAC026,2026-01-21T16:00:00,93000,63.82,Chennai,CLEAN
CLM-6D7C2306,1000000184,Dr. Lindsay Martinez,MEM000570,FAC001,2026-06-23T11:00:00,99215,239.71,Chennai,CLEAN
CLM-4D0B5357,1000000177,Dr. Michael Wang,MEM000367,FAC037,2026-05-19T14:00:00,99213,97.65,Chennai,CLEAN
CLM-89EC9149,1000000033,Dr. Nathan Maldonado,MEM000108,FAC006,2026-05-28T10:00:00,99215,240.02,Chennai,CLEAN
CLM-92BA2E7D,1000000137,Dr. Courtney Gonzalez,MEM000595,FAC005,2026-02-13T15:00:00,93000,64.57,Chennai,CLEAN
CLM-AC6D876A,1000000193,Dr. Angelica Keith,MEM000719,FAC018,2026-06-05T17:00:00,71045,76.08,Chennai,CLEAN
CLM-0E71E857,1000000142,Dr. Patricia Rodriguez,MEM000438,FAC032,2026-06-22T15:00:00,99214,141.42,Chennai,CLEAN
CLM-0AA24F35,1000000097,Dr. Deborah Figueroa,MEM000060,FAC000,2026-05-09T17:00:00,99215,211.73,Chennai,CLEAN
CLM-00359107,1000000066,Dr. Tracy House,MEM000024,FAC032,2026-03-01T16:00:00,93000,65.72,Chennai,CLEAN
CLM-081B3D3B,1000000144,Dr. Amber Wright,MEM000112,FAC036,2026-01-09T16:00:00,99215,225.27,Chennai,CLEAN
CLM-D98C7BAD,1000000145,Dr. Joyce Solis,MEM000133,FAC005,2026-04-22T13:00:00,99213,91.01,Chennai,CLEAN
CLM-996087EE,1000000146,Dr. Victoria Larson,MEM000754,FAC046,2026-05-16T12:00:00,71045,81.73,Chennai,CLEAN
CLM-7CD02EC9,1000000186,Dr. Jonathan Peterson,MEM000640,FAC008,2026-02-20T14:00:00,99214,143.36,Chennai,CLEAN
CLM-EFF68D87,1000000068,Dr. James Brown,MEM000522,FAC027,2026-03-11T16:00:00,99213,100.08,Chennai,CLEAN
CLM-D4C13362,1000000030,Dr. Rebecca Henderson,MEM000229,FAC036,2026-05-16T15:00:00,99215,210.07,Chennai,CLEAN
CLM-64EF92E1,1000000047,Dr. Shane Henderson,MEM000151,FAC045,2026-01-03T11:00:00,99213,109.96,Chennai,CLEAN
CLM-A9743355,1000000051,Dr. Danny Morgan,MEM000761,FAC046,2026-05-06T11:00:00,99213,97.19,Chennai,CLEAN
CLM-4700CADB,1000000084,Dr. Zachary Ferrell,MEM000001,FAC013,2026-02-25T09:00:00,99213,90.41,Chennai,CLEAN
CLM-89488C8F,1000000140,Dr. Cheyenne Horton,MEM000531,FAC024,2026-03-05T13:00:00,71045,79.25,Chennai,CLEAN
CLM-B19F1A18,1000000151,Dr. Pamela Boyd,MEM000113,FAC039,2026-01-02T09:00:00,93000,60.25,Chennai,CLEAN
CLM-EBC8E6D7,1000000196,Dr. Daniel Salinas,MEM000796,FAC036,2026-01-24T10:00:00,99215,203.24,Chennai,CLEAN
CLM-01421AD5,1000000000,Dr. Allison Hill,MEM000023,FAC037,2026-01-24T15:00:00,93000,63.04,Chennai,CLEAN
CLM-AD170222,1000000160,Dr. Paul Castaneda,MEM000155,FAC015,2026-02-05T16:00:00,99214,163.01,Chennai,CLEAN
CLM-743E4C30,1000000189,Dr. Jessica Gross,MEM000851,FAC037,2026-06-22T17:00:00,93000,62.72,Chennai,CLEAN
CLM-5577413F,1000000189,Dr. Jessica Gross,MEM000733,FAC039,2026-01-12T15:00:00,99213,100.84,Chennai,CLEAN
CLM-A5B1E2D4,1000000187,Dr. Samantha Garcia,MEM000344,FAC019,2026-05-20T10:00:00,93000,59.1,Chennai,CLEAN
CLM-BB27FADF,1000000066,Dr. Tracy House,MEM000397,FAC015,2026-01-11T09:00:00,99213,108.43,Chennai,CLEAN
CLM-A47644D5,1000000150,Dr. David Wright,MEM000527,FAC017,2026-06-25T12:00:00,99214,148.04,Chennai,CLEAN
CLM-9D1933E5,1000000024,Dr. Matthew Foster,MEM000740,FAC015,2026-04-25T10:00:00,99213,100.47,Chennai,CLEAN
CLM-3544C738,1000000021,Dr. Patty Perez,MEM000325,FAC005,2026-06-19T17:00:00,99215,228.55,Chennai,CLEAN
CLM-76E4D96F,1000000084,Dr. Zachary Ferrell,MEM000513,FAC009,2026-05-27T13:00:00,99214,164.18,Chennai,CLEAN
CLM-E63BC3F8,1000000048,Dr. Joshua Blair,MEM000651,FAC016,2026-06-20T09:00:00,99213,97.26,Chennai,CLEAN
CLM-DAF73389,1000000082,Dr. Michael Evans,MEM000780,FAC015,2026-03-13T15:00:00,71045,72.48,Chennai,CLEAN
CLM-835195C3,1000000082,Dr. Michael Evans,MEM000384,FAC036,2026-06-05T13:00:00,99215,223.61,Chennai,CLEAN
CLM-4A1FFAE8,1000000180,Dr. Alexander Collins,MEM000279,FAC025,2026-04-21T16:00:00,99214,156.48,Chennai,CLEAN
CLM-D12821C5,1000000024,Dr. Matthew Foster,MEM000059,FAC035,2026-02-05T13:00:00,99213,106.2,Chennai,CLEAN
CLM-282DC857,1000000180,Dr. Alexander Collins,MEM000788,FAC034,2026-01-24T17:00:00,99214,162.62,Chennai,CLEAN
CLM-9C0F056A,1000000167,Dr. Alyssa Day,MEM000227,FAC032,2026-04-25T13:00:00,99213,92.99,Chennai,CLEAN
CLM-923AC803,1000000100,Dr. Sandra Aguilar,MEM000144,FAC002,2026-05-16T14:00:00,93000,64.65,Chennai,CLEAN
CLM-BE33E403,1000000127,Dr. Jason Powell,MEM000268,FAC044,2026-03-25T11:00:00,71045,75.64,Chennai,CLEAN
CLM-D816963D,1000000091,Dr. Brian Rodriguez,MEM000652,FAC012,2026-04-16T13:00:00,99214,163.53,Chennai,CLEAN
CLM-81F5C6DA,1000000056,Dr. Timothy Duncan,MEM000352,FAC029,2026-01-05T09:00:00,99215,201.84,Chennai,CLEAN
CLM-E67824AD,1000000158,Dr. Melissa Gates,MEM000096,FAC049,2026-05-24T11:00:00,93000,62.41,Chennai,CLEAN
CLM-1298F558,1000000027,Dr. Stephanie Ross,MEM000562,FAC007,2026-06-25T15:00:00,99213,102.57,Chennai,CLEAN
CLM-882976A5,1888888888,Dr. Synthetic-B (Teleport),MEM000646,FAC020,2026-03-30T09:00:00,99215,227.28,Chennai,CLEAN
CLM-16CC7C9E,1000000101,Dr. Cameron Parker,MEM000117,FAC002,2026-01-16T16:00:00,93000,56.07,Chennai,CLEAN
CLM-7DB00435,1000000014,Dr. Dylan Miller,MEM000270,FAC027,2026-04-15T09:00:00,99213,91.71,Chennai,CLEAN
CLM-1A38E742,1000000143,Dr. Christopher Rubio,MEM000248,FAC033,2026-02-06T16:00:00,99213,90.59,Chennai,CLEAN
CLM-E74C16D0,1000000185,Dr. Dr. Hannah Patterson,MEM000900,FAC047,2026-02-14T12:00:00,99214,152.03,Chennai,CLEAN
CLM-D09418BF,1000000160,Dr. Paul Castaneda,MEM000437,FAC004,2026-03-31T10:00:00,99214,135.88,Chennai,CLEAN
CLM-121D18E7,1000000067,Dr. Carol Tucker,MEM000969,FAC034,2026-04-06T09:00:00,71045,83.77,Chennai,CLEAN
CLM-8850E3DA,1000000111,Dr. Shannon Walker,MEM000769,FAC020,2026-02-27T13:00:00,99215,214.8,Chennai,CLEAN
CLM-4AEC8B99,1000000011,Dr. Jamie Arnold,MEM000993,FAC019,2026-06-17T11:00:00,99214,164.35,Chennai,CLEAN
CLM-BE3557AE,1000000107,Dr. Sierra Johnson,MEM000224,FAC040,2026-03-18T15:00:00,99213,92.14,Chennai,CLEAN
CLM-1BD7B22D,1000000022,Dr. Ethan Adams,MEM000340,FAC015,2026-01-02T14:00:00,71045,83.51,Chennai,CLEAN
CLM-02304F01,1000000160,Dr. Paul Castaneda,MEM000209,FAC046,2026-03-21T16:00:00,99214,142.78,Chennai,CLEAN
CLM-978A062B,1000000089,Dr. Aimee Montoya,MEM000571,FAC026,2026-01-22T16:00:00,71045,80.56,Chennai,CLEAN
CLM-5FC1768B,1000000041,Dr. Fred Smith,MEM000962,FAC020,2026-01-26T11:00:00,71045,82.69,Chennai,CLEAN
CLM-8D283B7D,1000000046,Dr. John Pierce,MEM000403,FAC028,2026-01-01T17:00:00,71045,85.56,Chennai,CLEAN
CLM-3BBCD66A,1000000180,Dr. Alexander Collins,MEM000828,FAC024,2026-03-31T15:00:00,99214,160.68,Chennai,CLEAN
CLM-F9313EC1,1000000070,Dr. Jordan Henderson,MEM000078,FAC039,2026-04-24T15:00:00,93000,59.3,Chennai,CLEAN
CLM-3E0F5043,1000000069,Dr. William Baker,MEM000809,FAC039,2026-03-17T16:00:00,71045,85.28,Chennai,CLEAN
CLM-4060171E,1000000169,Dr. Daniel Murphy,MEM000163,FAC037,2026-01-16T12:00:00,99215,198.66,Chennai,CLEAN
CLM-76792BA2,1000000105,Dr. Marc Moore,MEM000998,FAC006,2026-05-11T13:00:00,93000,60.79,Chennai,CLEAN
CLM-B536F935,1000000077,Dr. Megan Young,MEM000996,FAC009,2026-02-02T12:00:00,99215,236.02,Chennai,CLEAN
CLM-D79FF36A,1000000053,Dr. Mark Perez,MEM000314,FAC003,2026-03-20T15:00:00,71045,80.76,Chennai,CLEAN
CLM-2F82BDB8,1000000028,Dr. Zachary Hicks,MEM000154,FAC005,2026-03-28T15:00:00,99215,224.6,Chennai,CLEAN
CLM-30C61387,1000000192,Dr. Debra Christian,MEM000364,FAC010,2026-04-02T13:00:00,93000,63.43,Chennai,CLEAN
CLM-E8CEEF28,1000000004,Dr. Cristian Santos,MEM000993,FAC025,2026-06-18T13:00:00,99215,226.28,Chennai,CLEAN
CLM-6A48852E,1000000022,Dr. Ethan Adams,MEM000784,FAC007,2026-01-26T16:00:00,99214,151.4,Chennai,CLEAN
CLM-F5C13189,1000000020,Dr. Margaret Hawkins DDS,MEM000543,FAC009,2026-04-29T12:00:00,99213,107.14,Chennai,CLEAN
CLM-8AD6674B,1000000109,Dr. Sharon Cochran,MEM000239,FAC019,2026-02-27T14:00:00,93000,63.47,Chennai,CLEAN
CLM-5D58EC16,1000000128,Dr. Cameron Fisher,MEM000895,FAC032,2026-02-15T10:00:00,93000,60.2,Chennai,CLEAN
CLM-139C6F87,1000000150,Dr. David Wright,MEM000820,FAC026,2026-05-18T09:00:00,71045,78.48,Chennai,CLEAN
CLM-EC05890C,1000000198,Dr. Adam Vaughan,MEM000018,FAC022,2026-01-26T10:00:00,99213,93.63,Chennai,CLEAN
CLM-A324F368,1000000041,Dr. Fred Smith,MEM000834,FAC023,2026-03-21T12:00:00,99215,201.62,Chennai,CLEAN
CLM-49B8D6F5,1000000185,Dr. Dr. Hannah Patterson,MEM000190,FAC015,2026-01-08T10:00:00,71045,72.82,Chennai,CLEAN
CLM-4EFAEAC5,1000000156,Dr. Joshua Perry,MEM000761,FAC033,2026-04-19T09:00:00,99214,149.9,Chennai,CLEAN
CLM-F43CCA9B,1000000025,Dr. Judy Baker,MEM000730,FAC046,2026-06-14T17:00:00,71045,72.85,Chennai,CLEAN
CLM-A9E0D226,1000000014,Dr. Dylan Miller,MEM000207,FAC010,2026-01-16T12:00:00,99213,101.89,Chennai,CLEAN
CLM-0707125B,1000000140,Dr. Cheyenne Horton,MEM000847,FAC037,2026-06-09T09:00:00,99213,91.79,Chennai,CLEAN
CLM-8364E998,1000000070,Dr. Jordan Henderson,MEM000033,FAC000,2026-02-23T13:00:00,71045,85.01,Chennai,CLEAN
CLM-A1161623,1000000061,Dr. Gerald Hensley,MEM000109,FAC048,2026-06-26T16:00:00,99213,101.79,Chennai,CLEAN
CLM-E8AE67CF,1000000119,Dr. Jeffrey Chandler,MEM000780,FAC041,2026-05-23T15:00:00,99213,105.61,Chennai,CLEAN
CLM-AB8F4E33,1000000026,Dr. Justin Baker,MEM000905,FAC040,2026-04-10T11:00:00,99215,228.08,Chennai,CLEAN
CLM-6EAC2EF9,1000000157,Dr. Jason Stein,MEM000769,FAC003,2026-05-10T13:00:00,99213,101.64,Chennai,CLEAN
CLM-840666D3,1000000072,Dr. Brittney Phillips,MEM000865,FAC040,2026-04-30T17:00:00,99215,236.16,Chennai,CLEAN
CLM-83F9B507,1000000002,Dr. Angie Henderson,MEM000643,FAC007,2026-01-20T12:00:00,71045,77.45,Chennai,CLEAN
CLM-5DE27CAD,1000000086,Dr. Shirley Suarez,MEM000542,FAC010,2026-06-30T10:00:00,99213,99.45,Chennai,CLEAN
CLM-F508DC9E,1000000042,Dr. Sherry Decker,MEM000571,FAC033,2026-06-23T16:00:00,93000,62.94,Chennai,CLEAN
CLM-2ADA9728,1000000120,Dr. Larry Dixon,MEM000140,FAC049,2026-04-30T09:00:00,99214,149.04,Chennai,CLEAN
CLM-D12EF46F,1000000106,Dr. Sharon Cherry,MEM000108,FAC027,2026-01-08T17:00:00,93000,55.33,Chennai,CLEAN
CLM-E764E9B4,1000000157,Dr. Jason Stein,MEM000481,FAC009,2026-02-03T12:00:00,93000,64.55,Chennai,CLEAN
CLM-2F8B9F23,1000000150,Dr. David Wright,MEM000648,FAC024,2026-03-06T16:00:00,71045,84.4,Chennai,CLEAN
CLM-F349F918,1000000137,Dr. Courtney Gonzalez,MEM000202,FAC031,2026-03-28T12:00:00,99213,98.95,Chennai,CLEAN
CLM-E70D89D5,1000000107,Dr. Sierra Johnson,MEM000573,FAC006,2026-01-02T11:00:00,99215,222.07,Chennai,CLEAN
CLM-678FA210,1000000172,Dr. Joshua Cooke,MEM000740,FAC045,2026-05-21T14:00:00,99215,218.48,Chennai,CLEAN
CLM-E1E46FA3,1000000128,Dr. Cameron Fisher,MEM000032,FAC000,2026-02-13T13:00:00,99215,206.54,Chennai,CLEAN
CLM-E157AB55,1000000196,Dr. Daniel Salinas,MEM000138,FAC013,2026-04-12T11:00:00,99214,164.11,Chennai,CLEAN
CLM-E6397AEC,1000000031,Dr. James Ferrell,MEM000400,FAC037,2026-01-10T15:00:00,93000,62.03,Chennai,CLEAN
CLM-05C6B98D,1000000097,Dr. Deborah Figueroa,MEM000564,FAC022,2026-04-27T13:00:00,71045,82.66,Chennai,CLEAN
CLM-AA39F41D,1000000005,Dr. Connie Lawrence,MEM000398,FAC028,2026-06-24T14:00:00,99213,98.74,Chennai,CLEAN
CLM-426CE60C,1000000176,Dr. Michael Elliott,MEM000121,FAC015,2026-05-28T14:00:00,99214,137.68,Chennai,CLEAN
CLM-A98FEE4B,1000000014,Dr. Dylan Miller,MEM000753,FAC007,2026-04-15T13:00:00,99214,146.65,Chennai,CLEAN
CLM-7260186B,1000000001,Dr. Noah Rhodes,MEM000491,FAC000,2026-02-25T12:00:00,99215,200.04,Chennai,CLEAN
CLM-5E14FD74,1000000166,Dr. Alyssa Long,MEM000535,FAC049,2026-03-08T11:00:00,99215,235.34,Chennai,CLEAN
CLM-A5F474A8,1000000179,Dr. Robert Oconnell,MEM000766,FAC044,2026-01-29T17:00:00,99214,152.34,Chennai,CLEAN
CLM-BC0C7E2E,1000000073,Dr. Lauren Daniels,MEM000554,FAC018,2026-05-09T10:00:00,99214,135.71,Chennai,CLEAN
CLM-C089E868,1000000077,Dr. Megan Young,MEM000934,FAC006,2026-04-19T10:00:00,99213,96.33,Chennai,CLEAN
CLM-138FA841,1000000058,Dr. Brent Jordan,MEM000047,FAC009,2026-01-26T14:00:00,99213,97.54,Chennai,CLEAN
CLM-89AB719B,1000000184,Dr. Lindsay Martinez,MEM000373,FAC048,2026-05-21T15:00:00,99215,215.79,Chennai,CLEAN
CLM-01D3A56D,1000000062,Dr. Connor West,MEM000236,FAC042,2026-06-07T14:00:00,99214,144.3,Chennai,CLEAN
CLM-D817241C,1000000023,Dr. Tommy Walter,MEM000095,FAC000,2026-03-25T09:00:00,99213,107.61,Chennai,CLEAN
CLM-B547FF50,1000000070,Dr. Jordan Henderson,MEM000933,FAC031,2026-04-18T13:00:00,99214,149.72,Chennai,CLEAN
CLM-CC9FA1DA,1000000149,Dr. Stephanie Manning,MEM000806,FAC027,2026-02-01T14:00:00,71045,75.95,Chennai,CLEAN
CLM-99804BA3,1000000086,Dr. Shirley Suarez,MEM000328,FAC047,2026-01-29T11:00:00,93000,63.25,Chennai,CLEAN
CLM-694EDB6E,1000000114,Dr. Garrett Lin,MEM000929,FAC031,2026-03-26T10:00:00,99214,142.03,Chennai,CLEAN
CLM-D2795AC6,1000000095,Dr. Anna Henderson,MEM000783,FAC036,2026-05-08T17:00:00,99213,96.83,Chennai,CLEAN
CLM-010FDA1B,1000000066,Dr. Tracy House,MEM000158,FAC024,2026-06-13T09:00:00,93000,59.54,Chennai,CLEAN
CLM-22849A71,1000000058,Dr. Brent Jordan,MEM000751,FAC024,2026-01-05T11:00:00,99215,232.62,Chennai,CLEAN
CLM-8961F88E,1000000111,Dr. Shannon Walker,MEM000776,FAC047,2026-04-05T13:00:00,71045,84.37,Chennai,CLEAN
CLM-C583758E,1000000119,Dr. Jeffrey Chandler,MEM000144,FAC002,2026-04-02T10:00:00,71045,73.63,Chennai,CLEAN
CLM-CA001DF8,1000000117,Dr. Ashley Waller,MEM000208,FAC003,2026-05-09T16:00:00,99213,97.23,Chennai,CLEAN
CLM-B444C940,1000000067,Dr. Carol Tucker,MEM000772,FAC041,2026-05-04T17:00:00,99214,149.43,Chennai,CLEAN
CLM-7A206592,1000000185,Dr. Dr. Hannah Patterson,MEM000062,FAC013,2026-01-26T16:00:00,99215,211.5,Chennai,CLEAN
CLM-9AAD2FB3,1000000058,Dr. Brent Jordan,MEM000542,FAC001,2026-02-17T16:00:00,99215,234.14,Chennai,CLEAN
CLM-E4FD8866,1000000077,Dr. Megan Young,MEM000515,FAC020,2026-06-30T16:00:00,99214,146.5,Chennai,CLEAN
CLM-685A9BBC,1000000041,Dr. Fred Smith,MEM000576,FAC011,2026-03-27T13:00:00,71045,82.96,Chennai,CLEAN
CLM-37CBECFC,1000000103,Dr. Christine Wright,MEM000151,FAC028,2026-02-17T17:00:00,93000,64.01,Chennai,CLEAN
CLM-7BF4DE45,1000000011,Dr. Jamie Arnold,MEM000459,FAC026,2026-04-20T13:00:00,99214,135.31,Chennai,CLEAN
CLM-6E7C81A5,1000000167,Dr. Alyssa Day,MEM000913,FAC024,2026-06-24T12:00:00,99214,149.35,Chennai,CLEAN
CLM-1C869470,1000000017,Dr. Derek Zuniga,MEM000880,FAC045,2026-02-22T14:00:00,99214,156.8,Chennai,CLEAN
CLM-0F1144E3,1000000102,Dr. Rebecca Valencia,MEM000487,FAC026,2026-06-27T11:00:00,99215,224.56,Chennai,CLEAN
CLM-64F3674B,1000000055,Dr. Michael Lewis,MEM000914,FAC033,2026-04-21T17:00:00,71045,81.72,Chennai,CLEAN
CLM-D2DF7C87,1000000104,Dr. Richard Henson,MEM000917,FAC042,2026-06-27T09:00:00,99215,220.75,Chennai,CLEAN
CLM-CC9A3C06,1000000133,Dr. Daniel Kennedy,MEM000402,FAC037,2026-06-23T12:00:00,99214,136.73,Chennai,CLEAN
CLM-ADE7AF1F,1000000085,Dr. Daniel Baker,MEM000798,FAC023,2026-03-02T13:00:00,99213,96.94,Chennai,CLEAN
CLM-29812192,1000000006,Dr. Abigail Shaffer,MEM000703,FAC033,2026-06-04T11:00:00,71045,75.2,Chennai,CLEAN
CLM-86F22D90,1000000107,Dr. Sierra Johnson,MEM000760,FAC005,2026-03-25T16:00:00,71045,87.22,Chennai,CLEAN
CLM-02D5C684,1000000198,Dr. Adam Vaughan,MEM000009,FAC020,2026-02-19T14:00:00,71045,79.2,Chennai,CLEAN
CLM-E67C3B9A,1000000188,Dr. Madison Poole,MEM000485,FAC032,2026-06-02T16:00:00,71045,83.37,Chennai,CLEAN
CLM-6C07752E,1000000088,Dr. Lisa Archer,MEM000260,FAC010,2026-04-22T10:00:00,93000,62.45,Chennai,CLEAN
CLM-9474C87E,1000000007,Dr. Gina Moore,MEM000247,FAC033,2026-03-08T11:00:00,99214,149.31,Chennai,CLEAN
CLM-117E8D4F,1000000103,Dr. Christine Wright,MEM000767,FAC008,2026-04-27T12:00:00,99214,136.79,Chennai,CLEAN
CLM-2B31093B,1000000045,Dr. Philip Cannon,MEM000179,FAC041,2026-02-07T16:00:00,99213,92.13,Chennai,CLEAN
CLM-8F020E40,1000000019,Dr. Carla Gray,MEM000855,FAC029,2026-04-05T16:00:00,71045,81.71,Chennai,CLEAN
CLM-75DE5B95,1000000125,Dr. Erin Edwards,MEM000109,FAC027,2026-02-12T09:00:00,99215,204.94,Chennai,CLEAN
CLM-74D634F1,1000000139,Dr. Angel Perry,MEM000380,FAC007,2026-03-15T13:00:00,93000,58.85,Chennai,CLEAN
CLM-A05320F6,1000000141,Dr. David Douglas Jr.,MEM000238,FAC002,2026-04-06T11:00:00,99213,106.71,Chennai,CLEAN
CLM-B85FA73F,1000000148,Dr. Kathy Rivas,MEM000008,FAC013,2026-05-30T11:00:00,99214,135.89,Chennai,CLEAN
CLM-30C0FC3A,1000000046,Dr. John Pierce,MEM000764,FAC026,2026-05-26T17:00:00,99213,91.91,Chennai,CLEAN
CLM-61ABC0F5,1000000068,Dr. James Brown,MEM000188,FAC043,2026-04-12T13:00:00,71045,85.26,Chennai,CLEAN
CLM-1E528A87,1000000015,Dr. Brian Ramirez,MEM000432,FAC034,2026-01-07T10:00:00,71045,79.43,Chennai,CLEAN
CLM-4784B122,1000000194,Dr. John Bishop,MEM000019,FAC013,2026-01-21T15:00:00,99214,148.37,Chennai,CLEAN
CLM-C474FD27,1000000199,Dr. Nathan Freeman,MEM000040,FAC021,2026-06-25T09:00:00,99213,95.82,Chennai,CLEAN
CLM-C9DAB657,1000000050,Dr. Jessica Holmes,MEM000213,FAC011,2026-04-16T16:00:00,99214,142.61,Chennai,CLEAN
CLM-EA6E6E2D,1000000071,Dr. Whitney Peters,MEM000385,FAC036,2026-02-27T10:00:00,71045,74.56,Chennai,CLEAN
CLM-A6FE6D73,1000000071,Dr. Whitney Peters,MEM000801,FAC028,2026-04-21T12:00:00,93000,54.06,Chennai,CLEAN
CLM-01B15227,1000000056,Dr. Timothy Duncan,MEM000980,FAC036,2026-01-09T15:00:00,99215,209.44,Chennai,CLEAN
CLM-42A67253,1000000040,Dr. Paula Moreno,MEM000902,FAC022,2026-06-07T17:00:00,99215,202.78,Chennai,CLEAN
CLM-7620B950,1000000154,Dr. Brenda Hall,MEM000224,FAC047,2026-06-04T12:00:00,99214,148.86,Chennai,CLEAN
CLM-DA32BC3D,1000000040,Dr. Paula Moreno,MEM000776,FAC031,2026-02-16T17:00:00,99213,93.2,Chennai,CLEAN
CLM-07715314,1000000146,Dr. Victoria Larson,MEM000120,FAC024,2026-02-26T14:00:00,99213,95.97,Chennai,CLEAN
CLM-63B88B95,1000000197,Dr. Spencer Haynes,MEM000576,FAC027,2026-01-16T11:00:00,71045,83.5,Chennai,CLEAN
CLM-4BFD1DC8,1000000115,Dr. Diana May,MEM000404,FAC041,2026-03-26T11:00:00,71045,85.81,Chennai,CLEAN
CLM-121D7408,1000000141,Dr. David Douglas Jr.,MEM000659,FAC019,2026-04-02T12:00:00,93000,59.87,Chennai,CLEAN
CLM-369DBE90,1000000159,Dr. Jamie Smith,MEM000766,FAC040,2026-05-31T14:00:00,99213,99.05,Chennai,CLEAN
CLM-88885029,1000000000,Dr. Allison Hill,MEM000517,FAC034,2026-04-22T13:00:00,99213,98.37,Chennai,CLEAN
CLM-8371D1FD,1000000126,Dr. Michelle Evans,MEM000372,FAC048,2026-04-16T09:00:00,99214,136.34,Chennai,CLEAN
CLM-27C4146E,1000000002,Dr. Angie Henderson,MEM000681,FAC045,2026-01-27T11:00:00,93000,54.56,Chennai,CLEAN
CLM-B9F8F4A0,1000000047,Dr. Shane Henderson,MEM000790,FAC004,2026-04-06T13:00:00,99214,153.59,Chennai,CLEAN
CLM-249CB3E5,1000000071,Dr. Whitney Peters,MEM000265,FAC034,2026-05-27T09:00:00,93000,56.7,Chennai,CLEAN
CLM-83A6272A,1000000040,Dr. Paula Moreno,MEM000356,FAC012,2026-03-05T12:00:00,99214,135.2,Chennai,CLEAN
CLM-9AC796B8,1000000042,Dr. Sherry Decker,MEM000250,FAC022,2026-01-18T09:00:00,99214,159.29,Chennai,CLEAN
CLM-5F72B5A7,1000000166,Dr. Alyssa Long,MEM000824,FAC021,2026-03-30T09:00:00,99213,102.36,Chennai,CLEAN
CLM-ED26EC1B,1000000186,Dr. Jonathan Peterson,MEM000231,FAC021,2026-03-14T14:00:00,99213,94.52,Chennai,CLEAN
CLM-1E656FD7,1000000103,Dr. Christine Wright,MEM000594,FAC032,2026-05-22T17:00:00,99215,228.59,Chennai,CLEAN
CLM-F766A370,1000000053,Dr. Mark Perez,MEM000638,FAC012,2026-03-04T12:00:00,99214,143.84,Chennai,CLEAN
CLM-C366F083,1000000063,Dr. Donald Wright,MEM000403,FAC010,2026-06-01T15:00:00,99214,135.22,Chennai,CLEAN
CLM-FD453887,1000000137,Dr. Courtney Gonzalez,MEM000027,FAC022,2026-05-25T17:00:00,99214,138.67,Chennai,CLEAN
CLM-317FF5F0,1888888888,Dr. Synthetic-B (Teleport),MEM000275,FAC048,2026-03-11T10:00:00,99214,161.39,Chennai,CLEAN
CLM-1A8CF7B6,1000000014,Dr. Dylan Miller,MEM000454,FAC049,2026-03-27T15:00:00,99215,237.94,Chennai,CLEAN
CLM-76904424,1000000156,Dr. Joshua Perry,MEM000615,FAC039,2026-02-04T09:00:00,99213,92.85,Chennai,CLEAN
CLM-4EABA723,1000000127,Dr. Jason Powell,MEM000411,FAC012,2026-01-20T16:00:00,71045,76.94,Chennai,CLEAN
CLM-1A0A0BEF,1000000095,Dr. Anna Henderson,MEM000284,FAC010,2026-01-17T09:00:00,71045,74.92,Chennai,CLEAN
CLM-A068D7FC,1000000198,Dr. Adam Vaughan,MEM000887,FAC017,2026-06-14T10:00:00,93000,56.44,Chennai,CLEAN
CLM-D1B19419,1000000114,Dr. Garrett Lin,MEM000350,FAC039,2026-01-26T11:00:00,99214,146.87,Chennai,CLEAN
CLM-D5F5E059,1000000019,Dr. Carla Gray,MEM000719,FAC014,2026-01-26T16:00:00,99215,208.21,Chennai,CLEAN
CLM-912EFB5B,1000000102,Dr. Rebecca Valencia,MEM000131,FAC027,2026-03-12T16:00:00,99215,204.65,Chennai,CLEAN
CLM-33DDADAE,1000000130,Dr. Elizabeth Kelley,MEM000644,FAC025,2026-03-06T15:00:00,99213,107.95,Chennai,CLEAN
CLM-8422D152,1000000036,Dr. Sherri Baker,MEM000718,FAC001,2026-06-08T15:00:00,99213,98.97,Chennai,CLEAN
CLM-340D01FB,1000000196,Dr. Daniel Salinas,MEM000234,FAC001,2026-01-02T11:00:00,93000,64.83,Chennai,CLEAN
CLM-5C4FC41E,1000000080,Dr. Kelly Donovan,MEM000895,FAC008,2026-03-11T09:00:00,99214,139.99,Chennai,CLEAN
CLM-A4F35DFB,1000000027,Dr. Stephanie Ross,MEM000064,FAC022,2026-06-26T12:00:00,99215,213.6,Chennai,CLEAN
CLM-03FEADBE,1000000081,Dr. Mike Allen,MEM000096,FAC017,2026-02-23T11:00:00,99213,101.64,Chennai,CLEAN
CLM-4ED8F4A1,1000000026,Dr. Justin Baker,MEM000306,FAC015,2026-06-20T09:00:00,93000,64.22,Chennai,CLEAN
CLM-DFEBD3EE,1000000124,Dr. Helen Jones,MEM000939,FAC037,2026-04-29T11:00:00,99215,218.51,Chennai,CLEAN
CLM-2727E9BC,1000000032,Dr. Tricia Valencia,MEM000383,FAC044,2026-03-06T11:00:00,99214,164.12,Chennai,CLEAN
CLM-3F00E546,1000000128,Dr. Cameron Fisher,MEM000558,FAC015,2026-03-07T14:00:00,93000,63.49,Chennai,CLEAN
CLM-343CE716,1000000151,Dr. Pamela Boyd,MEM000184,FAC047,2026-01-02T13:00:00,93000,59.8,Chennai,CLEAN
CLM-3C4A42D5,1000000010,Dr. Monica Herrera,MEM000441,FAC031,2026-06-12T15:00:00,93000,56.38,Chennai,CLEAN
CLM-17CCFDB2,1000000053,Dr. Mark Perez,MEM000901,FAC015,2026-02-13T17:00:00,71045,77.67,Chennai,CLEAN
CLM-EBB1F644,1000000091,Dr. Brian Rodriguez,MEM000893,FAC039,2026-01-15T11:00:00,99215,218.56,Chennai,CLEAN
CLM-87F9ECF5,1000000138,Dr. David Alvarez,MEM000681,FAC018,2026-04-21T13:00:00,99213,107.67,Chennai,CLEAN
CLM-C9224A53,1000000085,Dr. Daniel Baker,MEM000651,FAC032,2026-04-02T17:00:00,93000,56.31,Chennai,CLEAN
CLM-CDBF68B2,1000000189,Dr. Jessica Gross,MEM000554,FAC010,2026-03-24T15:00:00,71045,74.16,Chennai,CLEAN
CLM-9E3F8A60,1888888888,Dr. Synthetic-B (Teleport),MEM000176,FAC001,2026-05-11T13:00:00,71045,79.72,Chennai,CLEAN
CLM-1CAEF3B6,1000000168,Dr. Joel Williams,MEM000598,FAC049,2026-02-13T14:00:00,99215,238.66,Chennai,CLEAN
CLM-2C0D2BEC,1000000199,Dr. Nathan Freeman,MEM000652,FAC020,2026-04-06T10:00:00,93000,58.7,Chennai,CLEAN
CLM-865A1535,1000000142,Dr. Patricia Rodriguez,MEM000162,FAC011,2026-02-16T14:00:00,99213,105.1,Chennai,CLEAN
CLM-60394CD3,1000000136,Dr. Robert Potter,MEM000187,FAC022,2026-06-19T15:00:00,99214,157.71,Chennai,CLEAN
CLM-350F4D8E,1000000076,Dr. Angela Lopez,MEM000457,FAC011,2026-05-22T15:00:00,99214,152.67,Chennai,CLEAN
CLM-42C51EEE,1000000064,Dr. Jessica Callahan,MEM000901,FAC011,2026-06-15T09:00:00,99213,107.02,Chennai,CLEAN
CLM-E334F472,1000000043,Dr. Anthony Humphrey,MEM000811,FAC010,2026-03-04T13:00:00,99213,95.75,Chennai,CLEAN
CLM-FBABA23D,1000000146,Dr. Victoria Larson,MEM000179,FAC038,2026-01-03T09:00:00,93000,62.43,Chennai,CLEAN
CLM-C9A01B31,1000000106,Dr. Sharon Cherry,MEM000403,FAC010,2026-06-27T16:00:00,99213,92.69,Chennai,CLEAN
CLM-69F5E780,1000000102,Dr. Rebecca Valencia,MEM000000,FAC016,2026-03-29T09:00:00,93000,58.34,Chennai,CLEAN
CLM-39D8EE98,1000000049,Dr. Eric Carney,MEM000189,FAC004,2026-05-03T13:00:00,99213,90.38,Chennai,CLEAN
CLM-D2B821DE,1000000059,Dr. John Daniel,MEM000629,FAC004,2026-01-13T10:00:00,93000,56.64,Chennai,CLEAN
CLM-C108520B,1000000094,Dr. John Whitehead,MEM000781,FAC012,2026-05-18T11:00:00,99214,139.81,Chennai,CLEAN
CLM-1FA27925,1000000118,Dr. Victor Baker,MEM000095,FAC005,2026-06-01T12:00:00,71045,85.63,Chennai,CLEAN
CLM-A155A94D,1000000177,Dr. Michael Wang,MEM000047,FAC026,2026-01-06T17:00:00,99214,148.84,Chennai,CLEAN
CLM-B2A75DA1,1000000168,Dr. Joel Williams,MEM000038,FAC020,2026-04-13T13:00:00,71045,73.77,Chennai,CLEAN
CLM-3C81D791,1000000175,Dr. Alex Hernandez,MEM000766,FAC026,2026-01-15T16:00:00,71045,85.92,Chennai,CLEAN
CLM-93447107,1000000100,Dr. Sandra Aguilar,MEM000288,FAC013,2026-05-15T14:00:00,99213,90.29,Chennai,CLEAN
CLM-1DB78457,1000000083,Dr. Paul Jones,MEM000233,FAC029,2026-02-14T12:00:00,99215,216.64,Chennai,CLEAN
CLM-9755E44A,1000000113,Dr. Crystal Johnson,MEM000845,FAC027,2026-06-18T11:00:00,99214,155.2,Chennai,CLEAN
CLM-6EB3E89C,1000000052,Dr. Crystal Robinson,MEM000888,FAC012,2026-04-16T10:00:00,99213,102.86,Chennai,CLEAN
CLM-C9ACFF80,1777777777,Dr. Synthetic-C (Upcoder),MEM000632,FAC016,2026-03-14T10:00:00,71045,76.79,Mumbai,CLEAN
CLM-E0531024,1000000051,Dr. Danny Morgan,MEM000732,FAC006,2026-04-10T14:00:00,99215,237.6,Chennai,CLEAN
CLM-C63F2FC8,1000000073,Dr. Lauren Daniels,MEM000119,FAC047,2026-02-20T16:00:00,99214,148.92,Chennai,CLEAN
CLM-AAAC88ED,1000000168,Dr. Joel Williams,MEM000916,FAC024,2026-05-14T14:00:00,71045,87.22,Chennai,CLEAN
CLM-22FE0E3F,1000000192,Dr. Debra Christian,MEM000032,FAC027,2026-06-27T12:00:00,99215,224.59,Chennai,CLEAN
CLM-4F4E2705,1000000046,Dr. John Pierce,MEM000638,FAC002,2026-03-13T15:00:00,99213,99.47,Chennai,CLEAN
CLM-1BF53D41,1000000087,Dr. Christopher Bass,MEM000102,FAC032,2026-05-21T16:00:00,99213,109.96,Chennai,CLEAN
CLM-7CCD8A81,1000000126,Dr. Michelle Evans,MEM000634,FAC039,2026-05-25T12:00:00,99214,143.99,Chennai,CLEAN
CLM-2F0C0065,1000000046,Dr. John Pierce,MEM000042,FAC010,2026-03-15T17:00:00,99214,148.36,Chennai,CLEAN
CLM-3ED1F455,1000000068,Dr. James Brown,MEM000790,FAC017,2026-01-20T16:00:00,99214,141.57,Chennai,CLEAN
CLM-C52D70E9,1000000088,Dr. Lisa Archer,MEM000438,FAC049,2026-03-27T12:00:00,93000,63.89,Chennai,CLEAN
CLM-6346075A,1000000146,Dr. Victoria Larson,MEM000261,FAC028,2026-05-26T09:00:00,99214,145.77,Chennai,CLEAN
CLM-D761E80C,1000000075,Dr. Sarah Moore,MEM000791,FAC034,2026-04-05T12:00:00,71045,85.47,Chennai,CLEAN
CLM-FCC90A20,1000000035,Dr. Jeffrey Chavez,MEM000428,FAC035,2026-05-26T09:00:00,99215,228.28,Chennai,CLEAN
CLM-4EB96455,1000000044,Dr. Angelica Tucker,MEM000202,FAC033,2026-04-22T13:00:00,99213,103.06,Chennai,CLEAN
CLM-45874154,1000000000,Dr. Allison Hill,MEM000609,FAC021,2026-02-28T17:00:00,99215,225.54,Chennai,CLEAN
CLM-18A6CD6D,1000000080,Dr. Kelly Donovan,MEM000493,FAC047,2026-03-10T11:00:00,99213,97.82,Chennai,CLEAN
CLM-B52C6C65,1000000071,Dr. Whitney Peters,MEM000240,FAC020,2026-06-01T09:00:00,99213,101.63,Chennai,CLEAN
CLM-A84DEFF6,1000000056,Dr. Timothy Duncan,MEM000488,FAC034,2026-01-20T13:00:00,71045,72.8,Chennai,CLEAN
CLM-C2341047,1000000125,Dr. Erin Edwards,MEM000866,FAC041,2026-06-12T15:00:00,99213,95.87,Chennai,CLEAN
CLM-F26CB3F4,1000000116,Dr. William Herrera,MEM000517,FAC033,2026-03-09T13:00:00,99214,148.71,Chennai,CLEAN
CLM-09C93E50,1000000101,Dr. Cameron Parker,MEM000745,FAC024,2026-01-22T17:00:00,71045,85.49,Chennai,CLEAN
CLM-422F1E98,1000000089,Dr. Aimee Montoya,MEM000899,FAC026,2026-03-07T15:00:00,71045,74.1,Chennai,CLEAN
CLM-3D607D66,1000000099,Dr. Stephen Mckee,MEM000773,FAC014,2026-04-14T17:00:00,99213,97.35,Chennai,CLEAN
CLM-D4A51D9B,1000000076,Dr. Angela Lopez,MEM000903,FAC044,2026-01-23T17:00:00,99215,233.92,Chennai,CLEAN
CLM-3E0740A1,1000000191,Dr. Karen Graham,MEM000623,FAC036,2026-01-09T09:00:00,99214,148.58,Chennai,CLEAN
CLM-C509008B,1000000178,Dr. Lawrence Adkins,MEM000170,FAC036,2026-01-29T09:00:00,93000,57.7,Chennai,CLEAN
CLM-D0CF0E8A,1000000010,Dr. Monica Herrera,MEM000714,FAC029,2026-06-16T17:00:00,71045,72.33,Chennai,CLEAN
CLM-7BDB777B,1000000060,Dr. Victoria Garcia,MEM000372,FAC026,2026-04-20T09:00:00,99215,237.57,Chennai,CLEAN
CLM-ADE19427,1000000058,Dr. Brent Jordan,MEM000722,FAC015,2026-04-24T13:00:00,71045,81.47,Chennai,CLEAN
CLM-B15402CD,1000000062,Dr. Connor West,MEM000216,FAC001,2026-04-12T16:00:00,71045,82.65,Chennai,CLEAN
CLM-1ACEA888,1000000005,Dr. Connie Lawrence,MEM000837,FAC025,2026-05-01T10:00:00,93000,65.2,Chennai,CLEAN
CLM-C5E23D4E,1000000046,Dr. John Pierce,MEM000752,FAC011,2026-04-18T15:00:00,71045,86.58,Chennai,CLEAN
CLM-7F90C911,1000000164,Dr. Michael Powell,MEM000287,FAC049,2026-01-21T09:00:00,93000,59.43,Chennai,CLEAN
CLM-FADD7D9E,1000000165,Dr. John Anderson,MEM000519,FAC027,2026-03-26T12:00:00,93000,63.12,Chennai,CLEAN
CLM-B5B0BE72,1000000173,Dr. Matthew Harrington,MEM000612,FAC002,2026-04-10T16:00:00,99214,152.18,Chennai,CLEAN
CLM-68F5BCC4,1000000052,Dr. Crystal Robinson,MEM000311,FAC043,2026-02-13T17:00:00,93000,64.42,Chennai,CLEAN
CLM-F1348C58,1000000128,Dr. Cameron Fisher,MEM000774,FAC030,2026-04-13T09:00:00,99215,233.15,Chennai,CLEAN
CLM-817D17C0,1000000163,Dr. Jeffrey Johnson,MEM000330,FAC001,2026-06-21T13:00:00,93000,55.66,Chennai,CLEAN
CLM-7F90A473,1000000030,Dr. Rebecca Henderson,MEM000711,FAC029,2026-01-16T13:00:00,93000,59.07,Chennai,CLEAN
CLM-3372CC68,1000000179,Dr. Robert Oconnell,MEM000783,FAC004,2026-05-20T15:00:00,71045,72.48,Chennai,CLEAN
CLM-9592991C,1000000100,Dr. Sandra Aguilar,MEM000210,FAC011,2026-01-16T10:00:00,71045,84.21,Chennai,CLEAN
CLM-F356643A,1000000147,Dr. Stephanie Salazar,MEM000953,FAC043,2026-01-04T16:00:00,99214,163.31,Chennai,CLEAN
CLM-69701B21,1000000148,Dr. Kathy Rivas,MEM000595,FAC011,2026-05-11T10:00:00,93000,63.8,Chennai,CLEAN
CLM-DD46287E,1000000040,Dr. Paula Moreno,MEM000502,FAC007,2026-05-24T11:00:00,71045,83.24,Chennai,CLEAN
CLM-CE71D59B,1000000196,Dr. Daniel Salinas,MEM000208,FAC049,2026-03-01T16:00:00,99213,99.15,Chennai,CLEAN
CLM-5EE56FC4,1000000001,Dr. Noah Rhodes,MEM000546,FAC027,2026-03-20T13:00:00,99214,147.16,Chennai,CLEAN
CLM-F76632F9,1000000074,Dr. Amy Silva,MEM000161,FAC001,2026-02-22T17:00:00,99214,164.17,Chennai,CLEAN
CLM-8CB91DAD,1000000022,Dr. Ethan Adams,MEM000690,FAC049,2026-03-02T14:00:00,99215,228.23,Chennai,CLEAN
CLM-4F7CF325,1000000163,Dr. Jeffrey Johnson,MEM000615,FAC044,2026-01-05T10:00:00,99215,213.79,Chennai,CLEAN
CLM-CF3883CD,1000000144,Dr. Amber Wright,MEM000625,FAC026,2026-04-26T09:00:00,71045,81.58,Chennai,CLEAN
CLM-7B69AA00,1000000016,Dr. Holly Wood,MEM000631,FAC021,2026-05-18T16:00:00,99214,135.06,Chennai,CLEAN
CLM-DF093E8B,1000000066,Dr. Tracy House,MEM000621,FAC033,2026-02-11T13:00:00,99214,151.84,Chennai,CLEAN
CLM-74153AC2,1000000131,Dr. Dustin Jordan,MEM000760,FAC049,2026-03-13T12:00:00,99213,103.95,Chennai,CLEAN
CLM-C4D6A6E6,1999999999,Dr. Synthetic-A (Phantom),MEM000892,FAC044,2026-06-23T10:00:00,71045,83.59,Chennai,CLEAN
CLM-42823DC6,1000000028,Dr. Zachary Hicks,MEM000424,FAC030,2026-05-09T09:00:00,71045,82.14,Chennai,CLEAN
CLM-7E6ED940,1000000164,Dr. Michael Powell,MEM000277,FAC042,2026-02-26T10:00:00,99215,236.85,Chennai,CLEAN
CLM-AC47A1F7,1000000135,Dr. Jose Schultz,MEM000593,FAC048,2026-01-14T10:00:00,71045,82.41,Chennai,CLEAN
CLM-6E69310A,1000000064,Dr. Jessica Callahan,MEM000903,FAC049,2026-05-29T11:00:00,93000,55.12,Chennai,CLEAN
CLM-B86CC619,1000000000,Dr. Allison Hill,MEM000204,FAC028,2026-01-12T10:00:00,71045,72.87,Chennai,CLEAN
CLM-E61386DA,1000000153,Dr. Devon Flores,MEM000159,FAC026,2026-06-11T13:00:00,99213,98.93,Chennai,CLEAN
CLM-118E8712,1000000012,Dr. Lisa Hensley,MEM000208,FAC001,2026-05-12T17:00:00,99213,100.35,Chennai,CLEAN
CLM-7584BF3C,1000000016,Dr. Holly Wood,MEM000465,FAC010,2026-04-13T11:00:00,93000,55.99,Chennai,CLEAN
CLM-4E30D918,1000000106,Dr. Sharon Cherry,MEM000563,FAC011,2026-06-16T13:00:00,99215,235.07,Chennai,CLEAN
CLM-8419E288,1000000083,Dr. Paul Jones,MEM000770,FAC001,2026-06-19T09:00:00,71045,74.36,Chennai,CLEAN
CLM-AC680DDC,1000000129,Dr. Megan Orr,MEM000675,FAC037,2026-03-28T11:00:00,71045,82.1,Chennai,CLEAN
CLM-71EC6BD8,1000000022,Dr. Ethan Adams,MEM000077,FAC026,2026-05-19T09:00:00,71045,86.99,Chennai,CLEAN
CLM-73FCE4A2,1000000175,Dr. Alex Hernandez,MEM000115,FAC046,2026-06-03T15:00:00,99213,93.43,Chennai,CLEAN
CLM-CCA5865D,1000000120,Dr. Larry Dixon,MEM000415,FAC025,2026-02-03T09:00:00,93000,54.4,Chennai,CLEAN
CLM-0FCB3985,1000000034,Dr. Debra Davidson,MEM000860,FAC001,2026-03-03T10:00:00,71045,72.91,Chennai,CLEAN
CLM-19CD5A13,1000000193,Dr. Angelica Keith,MEM000823,FAC011,2026-04-18T12:00:00,99215,210.35,Chennai,CLEAN
CLM-49FF68B9,1000000055,Dr. Michael Lewis,MEM000333,FAC038,2026-04-08T11:00:00,99215,212.7,Chennai,CLEAN
CLM-7C6FCC9F,1000000133,Dr. Daniel Kennedy,MEM000696,FAC031,2026-01-02T10:00:00,99214,135.33,Chennai,CLEAN
CLM-99E00E5A,1000000191,Dr. Karen Graham,MEM000302,FAC042,2026-06-18T11:00:00,99215,205.14,Chennai,CLEAN
CLM-54868B99,1000000095,Dr. Anna Henderson,MEM000220,FAC026,2026-06-02T09:00:00,93000,55.08,Chennai,CLEAN
CLM-E0192DAE,1000000039,Dr. Brittany Farmer,MEM000979,FAC014,2026-04-28T14:00:00,99214,135.27,Chennai,CLEAN
CLM-7050329B,1000000141,Dr. David Douglas Jr.,MEM000931,FAC017,2026-05-26T16:00:00,71045,85.17,Chennai,CLEAN
CLM-1174D54E,1000000180,Dr. Alexander Collins,MEM000060,FAC015,2026-06-06T15:00:00,71045,72.01,Chennai,CLEAN
CLM-4144EE3C,1000000193,Dr. Angelica Keith,MEM000300,FAC015,2026-04-07T14:00:00,99214,160.33,Chennai,CLEAN
CLM-E37F2435,1000000176,Dr. Michael Elliott,MEM000315,FAC002,2026-04-01T14:00:00,99214,155.95,Chennai,CLEAN
CLM-11B667BC,1000000108,Dr. Evelyn Galvan,MEM000261,FAC032,2026-01-21T17:00:00,71045,84.64,Chennai,CLEAN
CLM-1EE37F06,1000000199,Dr. Nathan Freeman,MEM000964,FAC017,2026-06-23T09:00:00,99214,161.21,Chennai,CLEAN
CLM-5C25BCBE,1000000179,Dr. Robert Oconnell,MEM000278,FAC032,2026-05-20T11:00:00,99213,97.05,Chennai,CLEAN
CLM-B64B5FC8,1000000183,Dr. Ashley Barton,MEM000583,FAC028,2026-05-08T12:00:00,93000,58.43,Chennai,CLEAN
CLM-B63AE477,1000000182,Dr. Angela Vaughn,MEM000409,FAC026,2026-02-08T12:00:00,99214,141.92,Chennai,CLEAN
CLM-8E3BF08C,1000000009,Dr. Ryan Munoz,MEM000390,FAC025,2026-04-29T17:00:00,71045,76.54,Chennai,CLEAN
CLM-0DFE694A,1000000018,Dr. Lisa Jackson,MEM000132,FAC023,2026-05-29T13:00:00,93000,63.8,Chennai,CLEAN
CLM-8AB989A5,1000000170,Dr. Jamie Walton,MEM000926,FAC011,2026-02-04T09:00:00,99215,206.18,Chennai,CLEAN
CLM-3E54FC66,1000000134,Dr. Rebecca Jackson,MEM000396,FAC011,2026-02-12T15:00:00,93000,61.44,Chennai,CLEAN
CLM-84A638C0,1000000002,Dr. Angie Henderson,MEM000393,FAC026,2026-04-12T10:00:00,71045,87.18,Chennai,CLEAN
CLM-F3DB7A1C,1000000145,Dr. Joyce Solis,MEM000597,FAC026,2026-02-15T12:00:00,99215,214.59,Chennai,CLEAN
CLM-839CBA4F,1000000151,Dr. Pamela Boyd,MEM000930,FAC038,2026-06-18T11:00:00,93000,64.98,Chennai,CLEAN
CLM-B2FC65EA,1000000154,Dr. Brenda Hall,MEM000810,FAC046,2026-05-21T12:00:00,99214,144.62,Chennai,CLEAN
CLM-E2A4BDFE,1000000141,Dr. David Douglas Jr.,MEM000752,FAC030,2026-04-13T17:00:00,93000,59.57,Chennai,CLEAN
CLM-24DC6C38,1000000126,Dr. Michelle Evans,MEM000461,FAC039,2026-02-17T14:00:00,71045,72.2,Chennai,CLEAN
CLM-6BF55AD8,1000000031,Dr. James Ferrell,MEM000252,FAC016,2026-05-15T11:00:00,99213,100.47,Chennai,CLEAN
CLM-7C696EB6,1000000064,Dr. Jessica Callahan,MEM000916,FAC038,2026-03-05T10:00:00,99215,206.81,Chennai,CLEAN
CLM-B5AEA654,1000000135,Dr. Jose Schultz,MEM000763,FAC012,2026-06-03T10:00:00,99214,164.73,Chennai,CLEAN
CLM-9C9E7630,1000000103,Dr. Christine Wright,MEM000010,FAC001,2026-01-02T10:00:00,99215,211.09,Chennai,CLEAN
CLM-470BB28A,1000000167,Dr. Alyssa Day,MEM000674,FAC044,2026-04-30T15:00:00,99214,160.2,Chennai,CLEAN
CLM-AE33C246,1000000185,Dr. Dr. Hannah Patterson,MEM000764,FAC004,2026-03-20T12:00:00,99213,107.41,Chennai,CLEAN
CLM-0E0709F8,1000000187,Dr. Samantha Garcia,MEM000958,FAC036,2026-01-19T12:00:00,99215,203.2,Chennai,CLEAN
CLM-9300528F,1000000052,Dr. Crystal Robinson,MEM000528,FAC036,2026-05-07T14:00:00,99214,162.03,Chennai,CLEAN
CLM-04D4D555,1000000139,Dr. Angel Perry,MEM000481,FAC008,2026-01-09T17:00:00,71045,82.31,Chennai,CLEAN
CLM-CA790D73,1000000171,Dr. Darlene Miller,MEM000392,FAC019,2026-02-10T11:00:00,99215,237.98,Chennai,CLEAN
CLM-8F78CA46,1000000084,Dr. Zachary Ferrell,MEM000635,FAC045,2026-06-16T11:00:00,99213,100.37,Chennai,CLEAN
CLM-CF09B298,1000000059,Dr. John Daniel,MEM000344,FAC014,2026-01-08T16:00:00,71045,78.85,Chennai,CLEAN
CLM-CFA18EEA,1000000026,Dr. Justin Baker,MEM000637,FAC016,2026-05-24T15:00:00,99214,162.46,Chennai,CLEAN
CLM-0EA4D3FB,1000000145,Dr. Joyce Solis,MEM000962,FAC049,2026-05-20T09:00:00,99215,215.7,Chennai,CLEAN
CLM-49BE3E55,1000000033,Dr. Nathan Maldonado,MEM000900,FAC000,2026-01-22T16:00:00,99215,208.82,Chennai,CLEAN
CLM-B0E1C3D8,1000000000,Dr. Allison Hill,MEM000459,FAC039,2026-04-15T15:00:00,99213,108.73,Chennai,CLEAN
CLM-7AE8F64E,1000000110,Dr. Richard Rodriguez,MEM000585,FAC021,2026-05-03T11:00:00,99215,235.38,Chennai,CLEAN
CLM-CF8CF58F,1000000001,Dr. Noah Rhodes,MEM000317,FAC015,2026-03-20T16:00:00,99215,203.3,Chennai,CLEAN
CLM-C7396A8A,1000000041,Dr. Fred Smith,MEM000325,FAC014,2026-01-19T12:00:00,71045,82.57,Chennai,CLEAN
CLM-3CCE224B,1000000080,Dr. Kelly Donovan,MEM000870,FAC025,2026-01-25T09:00:00,99213,99.92,Chennai,CLEAN
CLM-7F5D4C94,1000000126,Dr. Michelle Evans,MEM000201,FAC041,2026-02-13T10:00:00,71045,87.85,Chennai,CLEAN
CLM-A8B7B300,1000000089,Dr. Aimee Montoya,MEM000063,FAC014,2026-04-18T10:00:00,93000,63.14,Chennai,CLEAN
CLM-1C870FB7,1000000045,Dr. Philip Cannon,MEM000989,FAC002,2026-02-07T14:00:00,93000,62.93,Chennai,CLEAN
CLM-BB12CC29,1000000149,Dr. Stephanie Manning,MEM000611,FAC046,2026-01-19T12:00:00,93000,59.81,Chennai,CLEAN
CLM-E67AE246,1000000053,Dr. Mark Perez,MEM000470,FAC002,2026-02-18T13:00:00,99214,159.31,Chennai,CLEAN
CLM-5CB71F80,1000000079,Dr. Lisa Barnes,MEM000281,FAC028,2026-03-15T17:00:00,93000,54.0,Chennai,CLEAN
CLM-9A769711,1000000069,Dr. William Baker,MEM000505,FAC027,2026-01-07T16:00:00,93000,58.99,Chennai,CLEAN
CLM-FE2D8286,1000000032,Dr. Tricia Valencia,MEM000793,FAC014,2026-03-22T10:00:00,99213,103.84,Chennai,CLEAN
CLM-1B3773B0,1000000120,Dr. Larry Dixon,MEM000423,FAC020,2026-01-20T10:00:00,71045,82.08,Chennai,CLEAN
CLM-63CD1826,1000000176,Dr. Michael Elliott,MEM000570,FAC049,2026-04-02T10:00:00,71045,83.12,Chennai,CLEAN
CLM-2A147217,1000000168,Dr. Joel Williams,MEM000170,FAC034,2026-06-01T14:00:00,99213,95.36,Chennai,CLEAN
CLM-51258287,1000000098,Dr. Jessica Smith,MEM000197,FAC016,2026-01-10T10:00:00,93000,63.54,Chennai,CLEAN
CLM-3C8FB4ED,1000000130,Dr. Elizabeth Kelley,MEM000001,FAC022,2026-03-30T17:00:00,99213,104.58,Chennai,CLEAN
CLM-DF443005,1000000024,Dr. Matthew Foster,MEM000328,FAC028,2026-03-08T13:00:00,93000,58.71,Chennai,CLEAN
CLM-5857ABAF,1000000093,Dr. Christina Walters,MEM000254,FAC038,2026-06-20T10:00:00,71045,72.75,Chennai,CLEAN
CLM-15ACC284,1000000125,Dr. Erin Edwards,MEM000840,FAC030,2026-01-01T09:00:00,99215,198.5,Chennai,CLEAN
CLM-8A54BAD2,1000000062,Dr. Connor West,MEM000913,FAC000,2026-03-21T14:00:00,99215,203.16,Chennai,CLEAN
CLM-A7D668B2,1000000070,Dr. Jordan Henderson,MEM000018,FAC048,2026-03-05T17:00:00,99214,140.35,Chennai,CLEAN
CLM-71B25B01,1000000138,Dr. David Alvarez,MEM000024,FAC043,2026-02-23T15:00:00,71045,84.3,Chennai,CLEAN
CLM-3B8C0C8F,1000000196,Dr. Daniel Salinas,MEM000962,FAC047,2026-01-11T12:00:00,93000,58.46,Chennai,CLEAN
CLM-D066AFD0,1000000139,Dr. Angel Perry,MEM000567,FAC025,2026-06-25T13:00:00,99213,103.2,Chennai,CLEAN
CLM-BA57C3CE,1000000136,Dr. Robert Potter,MEM000553,FAC000,2026-02-08T15:00:00,99215,204.93,Chennai,CLEAN
CLM-ED64F503,1000000178,Dr. Lawrence Adkins,MEM000346,FAC005,2026-04-08T13:00:00,71045,83.35,Chennai,CLEAN
CLM-2521F14E,1000000052,Dr. Crystal Robinson,MEM000887,FAC013,2026-03-02T14:00:00,71045,74.11,Chennai,CLEAN
CLM-4DF121AC,1000000014,Dr. Dylan Miller,MEM000954,FAC012,2026-06-04T16:00:00,99215,209.6,Chennai,CLEAN
CLM-8EFCE037,1000000005,Dr. Connie Lawrence,MEM000515,FAC032,2026-01-14T15:00:00,71045,72.68,Chennai,CLEAN
CLM-1D17555A,1000000184,Dr. Lindsay Martinez,MEM000988,FAC038,2026-05-23T16:00:00,99213,101.93,Chennai,CLEAN
CLM-16CA7F3F,1000000010,Dr. Monica Herrera,MEM000695,FAC045,2026-01-31T10:00:00,93000,64.07,Chennai,CLEAN
CLM-16068466,1000000177,Dr. Michael Wang,MEM000644,FAC018,2026-02-26T10:00:00,99213,93.99,Chennai,CLEAN
CLM-7817CD5F,1000000037,Dr. Cassandra Gaines,MEM000830,FAC024,2026-04-07T10:00:00,99213,96.71,Chennai,CLEAN
CLM-CC599BF5,1000000070,Dr. Jordan Henderson,MEM000566,FAC021,2026-05-24T09:00:00,99215,205.17,Chennai,CLEAN
CLM-680593F1,1000000102,Dr. Rebecca Valencia,MEM000246,FAC011,2026-06-18T10:00:00,99213,101.88,Chennai,CLEAN
CLM-E1EB2AF1,1000000103,Dr. Christine Wright,MEM000033,FAC018,2026-04-27T11:00:00,99214,135.54,Chennai,CLEAN
CLM-3982F764,1000000057,Dr. Richard Aguirre,MEM000615,FAC030,2026-06-23T09:00:00,71045,79.64,Chennai,CLEAN
CLM-D9C6B979,1000000069,Dr. William Baker,MEM000372,FAC045,2026-03-13T13:00:00,71045,83.62,Chennai,CLEAN
CLM-F8A7AD27,1777777777,Dr. Synthetic-C (Upcoder),MEM000058,FAC034,2026-06-23T11:00:00,99214,137.4,Mumbai,CLEAN
CLM-C5D13DAB,1000000192,Dr. Debra Christian,MEM000065,FAC018,2026-04-10T10:00:00,93000,60.87,Chennai,CLEAN
CLM-1931B9BA,1000000186,Dr. Jonathan Peterson,MEM000249,FAC036,2026-03-11T15:00:00,71045,84.86,Chennai,CLEAN
CLM-FF2829BD,1000000104,Dr. Richard Henson,MEM000135,FAC026,2026-02-16T12:00:00,99215,228.94,Chennai,CLEAN
CLM-9DFC2990,1000000147,Dr. Stephanie Salazar,MEM000384,FAC000,2026-04-04T12:00:00,99213,92.76,Chennai,CLEAN
CLM-2511FDFD,1000000098,Dr. Jessica Smith,MEM000075,FAC047,2026-05-17T13:00:00,99213,92.59,Chennai,CLEAN
CLM-3D64100C,1000000124,Dr. Helen Jones,MEM000832,FAC035,2026-04-25T09:00:00,99214,162.21,Chennai,CLEAN
CLM-60DD6AAC,1000000132,Dr. Mary Marshall,MEM000410,FAC003,2026-03-26T09:00:00,71045,75.78,Chennai,CLEAN
CLM-A2BD9FE9,1000000101,Dr. Cameron Parker,MEM000405,FAC015,2026-04-22T09:00:00,99215,199.94,Chennai,CLEAN
CLM-694D2571,1000000187,Dr. Samantha Garcia,MEM000543,FAC041,2026-01-23T15:00:00,99215,234.85,Chennai,CLEAN
CLM-3FEE29FF,1000000159,Dr. Jamie Smith,MEM000558,FAC037,2026-01-31T09:00:00,99214,152.6,Chennai,CLEAN
CLM-00259FEA,1000000151,Dr. Pamela Boyd,MEM000121,FAC010,2026-01-16T12:00:00,99213,92.86,Chennai,CLEAN
CLM-172EEC84,1000000034,Dr. Debra Davidson,MEM000023,FAC038,2026-03-09T14:00:00,99214,155.66,Chennai,CLEAN
CLM-26C163CA,1000000196,Dr. Daniel Salinas,MEM000965,FAC029,2026-04-05T16:00:00,93000,58.4,Chennai,CLEAN
CLM-071D9F57,1000000028,Dr. Zachary Hicks,MEM000588,FAC041,2026-02-17T15:00:00,99213,90.99,Chennai,CLEAN
CLM-E8262612,1000000183,Dr. Ashley Barton,MEM000546,FAC027,2026-01-12T11:00:00,71045,77.58,Chennai,CLEAN
CLM-215B7ACE,1000000126,Dr. Michelle Evans,MEM000956,FAC018,2026-06-19T14:00:00,99215,233.7,Chennai,CLEAN
CLM-58BB646E,1000000161,Dr. Jennifer Adkins,MEM000604,FAC008,2026-01-12T14:00:00,99215,230.88,Chennai,CLEAN
CLM-30A2309E,1000000154,Dr. Brenda Hall,MEM000288,FAC044,2026-03-15T14:00:00,99214,150.41,Chennai,CLEAN
CLM-BD385ADC,1000000031,Dr. James Ferrell,MEM000570,FAC001,2026-06-11T17:00:00,99213,104.37,Chennai,CLEAN
CLM-7D40F458,1000000152,Dr. Denise Jones,MEM000398,FAC022,2026-06-11T14:00:00,93000,56.54,Chennai,CLEAN
CLM-A91CD1B7,1000000072,Dr. Brittney Phillips,MEM000780,FAC021,2026-04-12T15:00:00,99214,161.01,Chennai,CLEAN
CLM-8A119052,1000000152,Dr. Denise Jones,MEM000813,FAC043,2026-04-05T11:00:00,99213,99.87,Chennai,CLEAN
CLM-B415DD6A,1000000126,Dr. Michelle Evans,MEM000053,FAC020,2026-06-29T15:00:00,71045,72.19,Chennai,CLEAN
CLM-068C1A15,1000000104,Dr. Richard Henson,MEM000105,FAC026,2026-02-05T13:00:00,93000,59.08,Chennai,CLEAN
CLM-6986131C,1000000114,Dr. Garrett Lin,MEM000010,FAC018,2026-04-25T11:00:00,71045,86.43,Chennai,CLEAN
CLM-0FE1F961,1000000103,Dr. Christine Wright,MEM000016,FAC008,2026-02-20T14:00:00,99213,97.32,Chennai,CLEAN
CLM-DFD93FF2,1000000093,Dr. Christina Walters,MEM000027,FAC004,2026-04-06T12:00:00,99213,91.36,Chennai,CLEAN
CLM-3A02F563,1000000058,Dr. Brent Jordan,MEM000695,FAC046,2026-06-12T10:00:00,71045,79.95,Chennai,CLEAN
CLM-E2C7133D,1000000024,Dr. Matthew Foster,MEM000323,FAC027,2026-01-14T14:00:00,93000,59.28,Chennai,CLEAN
CLM-78A1216F,1000000015,Dr. Brian Ramirez,MEM000382,FAC008,2026-02-15T13:00:00,99215,201.3,Chennai,CLEAN
CLM-6447BC90,1000000062,Dr. Connor West,MEM000604,FAC020,2026-03-20T16:00:00,93000,57.18,Chennai,CLEAN
CLM-E7DBBEA7,1000000181,Dr. Tina Sanders,MEM000384,FAC016,2026-04-04T12:00:00,99213,103.6,Chennai,CLEAN
CLM-86B8E1F7,1000000081,Dr. Mike Allen,MEM000711,FAC029,2026-05-30T09:00:00,99215,229.8,Chennai,CLEAN
CLM-3AFD7609,1000000031,Dr. James Ferrell,MEM000586,FAC047,2026-01-21T17:00:00,93000,60.38,Chennai,CLEAN
CLM-3577DA46,1000000111,Dr. Shannon Walker,MEM000987,FAC047,2026-03-18T15:00:00,93000,56.58,Chennai,CLEAN
CLM-999EEE2E,1000000084,Dr. Zachary Ferrell,MEM000397,FAC007,2026-05-22T12:00:00,99214,161.43,Chennai,CLEAN
CLM-440DAC44,1000000182,Dr. Angela Vaughn,MEM000621,FAC031,2026-03-09T17:00:00,71045,78.34,Chennai,CLEAN
CLM-F4195E56,1000000001,Dr. Noah Rhodes,MEM000383,FAC043,2026-04-30T09:00:00,99214,164.12,Chennai,CLEAN
CLM-DC746E35,1000000190,Dr. Debra Morton,MEM000710,FAC030,2026-05-02T10:00:00,93000,57.18,Chennai,CLEAN
CLM-CB6C699E,1000000001,Dr. Noah Rhodes,MEM000825,FAC041,2026-01-26T11:00:00,99214,135.77,Chennai,CLEAN
CLM-E1A85212,1000000092,Dr. Denise Jacobs,MEM000442,FAC031,2026-03-03T12:00:00,99214,160.51,Chennai,CLEAN
CLM-F6C0B739,1000000036,Dr. Sherri Baker,MEM000706,FAC045,2026-06-04T16:00:00,99214,158.58,Chennai,CLEAN
CLM-1339C9F8,1000000034,Dr. Debra Davidson,MEM000215,FAC036,2026-04-14T13:00:00,99215,199.76,Chennai,CLEAN
CLM-70459833,1000000143,Dr. Christopher Rubio,MEM000943,FAC008,2026-03-24T12:00:00,99214,159.46,Chennai,CLEAN
CLM-EC419925,1000000117,Dr. Ashley Waller,MEM000385,FAC039,2026-06-01T11:00:00,99215,205.27,Chennai,CLEAN
CLM-400CACD1,1000000121,Dr. Kenneth Scott,MEM000940,FAC015,2026-06-09T11:00:00,99214,156.63,Chennai,CLEAN
CLM-646088EE,1000000086,Dr. Shirley Suarez,MEM000667,FAC009,2026-01-12T11:00:00,99214,155.58,Chennai,CLEAN
CLM-C92EC25E,1000000005,Dr. Connie Lawrence,MEM000589,FAC006,2026-03-06T09:00:00,99213,98.47,Chennai,CLEAN
CLM-25EA9797,1000000048,Dr. Joshua Blair,MEM000233,FAC048,2026-02-14T17:00:00,99215,210.91,Chennai,CLEAN
CLM-C0AA3A1F,1000000054,Dr. Shannon Jones,MEM000984,FAC019,2026-05-07T10:00:00,93000,61.09,Chennai,CLEAN
CLM-8B9A7171,1000000038,Dr. Elizabeth Fowler,MEM000910,FAC038,2026-01-03T16:00:00,99215,234.07,Chennai,CLEAN
CLM-A8DCD926,1000000021,Dr. Patty Perez,MEM000336,FAC017,2026-06-26T14:00:00,99214,161.9,Chennai,CLEAN
CLM-B7D90BD6,1000000014,Dr. Dylan Miller,MEM000936,FAC028,2026-03-24T15:00:00,93000,62.28,Chennai,CLEAN
CLM-40527DCF,1000000159,Dr. Jamie Smith,MEM000071,FAC012,2026-05-22T12:00:00,99213,90.59,Chennai,CLEAN
CLM-E14D7D95,1000000183,Dr. Ashley Barton,MEM000852,FAC025,2026-03-14T12:00:00,99214,155.2,Chennai,CLEAN
CLM-252EE430,1000000047,Dr. Shane Henderson,MEM000792,FAC048,2026-04-21T11:00:00,99214,149.78,Chennai,CLEAN
CLM-8DCF4812,1000000119,Dr. Jeffrey Chandler,MEM000478,FAC013,2026-02-22T10:00:00,71045,86.19,Chennai,CLEAN
CLM-4DE737A8,1000000129,Dr. Megan Orr,MEM000716,FAC002,2026-04-12T15:00:00,99215,230.12,Chennai,CLEAN
CLM-EBF273B5,1000000007,Dr. Gina Moore,MEM000947,FAC028,2026-01-01T12:00:00,93000,58.34,Chennai,CLEAN
CLM-3B92C9AF,1000000060,Dr. Victoria Garcia,MEM000387,FAC002,2026-03-27T14:00:00,99214,153.72,Chennai,CLEAN
CLM-6F49AE32,1000000077,Dr. Megan Young,MEM000138,FAC040,2026-03-15T10:00:00,99213,102.81,Chennai,CLEAN
CLM-C1CF6015,1777777777,Dr. Synthetic-C (Upcoder),MEM000725,FAC019,2026-01-14T11:00:00,71045,76.32,Mumbai,CLEAN
CLM-6521AF05,1000000172,Dr. Joshua Cooke,MEM000663,FAC027,2026-05-02T14:00:00,93000,56.0,Chennai,CLEAN
CLM-18897EF6,1000000116,Dr. William Herrera,MEM000430,FAC008,2026-04-06T09:00:00,71045,85.29,Chennai,CLEAN
CLM-AAF96B78,1000000003,Dr. Daniel Wagner,MEM000862,FAC002,2026-03-04T15:00:00,99214,159.15,Chennai,CLEAN
CLM-AAC81DA0,1000000169,Dr. Daniel Murphy,MEM000365,FAC040,2026-04-14T13:00:00,71045,83.66,Chennai,CLEAN
CLM-5BF469A7,1000000072,Dr. Brittney Phillips,MEM000587,FAC028,2026-03-10T14:00:00,93000,59.83,Chennai,CLEAN
CLM-6E10354B,1000000150,Dr. David Wright,MEM000213,FAC006,2026-05-14T12:00:00,93000,62.39,Chennai,CLEAN
CLM-59AB73A3,1000000146,Dr. Victoria Larson,MEM000695,FAC031,2026-05-28T17:00:00,99215,235.05,Chennai,CLEAN
CLM-A52BBF94,1000000153,Dr. Devon Flores,MEM000808,FAC004,2026-03-07T17:00:00,71045,72.55,Chennai,CLEAN
CLM-61A83237,1000000189,Dr. Jessica Gross,MEM000635,FAC020,2026-03-22T09:00:00,99215,224.28,Chennai,CLEAN
CLM-DF0ED227,1000000169,Dr. Daniel Murphy,MEM000212,FAC009,2026-04-17T15:00:00,99215,207.53,Chennai,CLEAN
CLM-40B03A18,1000000033,Dr. Nathan Maldonado,MEM000763,FAC014,2026-06-01T13:00:00,71045,73.62,Chennai,CLEAN
CLM-C5BAE8F6,1000000025,Dr. Judy Baker,MEM000160,FAC045,2026-05-21T17:00:00,99213,103.21,Chennai,CLEAN
CLM-AEEDF95E,1000000026,Dr. Justin Baker,MEM000337,FAC039,2026-03-15T17:00:00,99215,208.03,Chennai,CLEAN
CLM-6B519683,1000000004,Dr. Cristian Santos,MEM000004,FAC044,2026-01-19T11:00:00,71045,78.99,Chennai,CLEAN
CLM-2687DDF1,1000000178,Dr. Lawrence Adkins,MEM000941,FAC010,2026-02-05T12:00:00,93000,65.67,Chennai,CLEAN
CLM-3B8C45DA,1000000180,Dr. Alexander Collins,MEM000937,FAC019,2026-05-08T13:00:00,99214,159.8,Chennai,CLEAN
CLM-4E555C8E,1000000163,Dr. Jeffrey Johnson,MEM000165,FAC021,2026-04-12T16:00:00,93000,62.35,Chennai,CLEAN
CLM-CE73BBE7,1000000016,Dr. Holly Wood,MEM000867,FAC032,2026-05-09T17:00:00,99214,162.27,Chennai,CLEAN
CLM-E8300DA1,1000000032,Dr. Tricia Valencia,MEM000209,FAC028,2026-05-15T17:00:00,71045,72.92,Chennai,CLEAN
CLM-0382F2B2,1000000168,Dr. Joel Williams,MEM000559,FAC018,2026-01-18T15:00:00,93000,54.59,Chennai,CLEAN
CLM-C246D8C2,1000000178,Dr. Lawrence Adkins,MEM000078,FAC046,2026-02-21T13:00:00,93000,61.71,Chennai,CLEAN
CLM-60A437C2,1000000102,Dr. Rebecca Valencia,MEM000313,FAC029,2026-05-28T17:00:00,99215,215.22,Chennai,CLEAN
CLM-43CC01D6,1000000192,Dr. Debra Christian,MEM000695,FAC020,2026-05-12T15:00:00,71045,81.98,Chennai,CLEAN
CLM-914CC8AE,1000000145,Dr. Joyce Solis,MEM000793,FAC024,2026-02-19T17:00:00,99214,164.13,Chennai,CLEAN
CLM-31F159B2,1000000158,Dr. Melissa Gates,MEM000878,FAC028,2026-02-09T12:00:00,71045,84.86,Chennai,CLEAN
CLM-24A8FA61,1000000012,Dr. Lisa Hensley,MEM000859,FAC034,2026-01-16T11:00:00,71045,73.34,Chennai,CLEAN
CLM-716ADD74,1000000102,Dr. Rebecca Valencia,MEM000135,FAC000,2026-01-26T15:00:00,99215,213.68,Chennai,CLEAN
CLM-0A5099AF,1000000081,Dr. Mike Allen,MEM000750,FAC028,2026-06-25T17:00:00,71045,87.22,Chennai,CLEAN
CLM-827C1C4F,1000000084,Dr. Zachary Ferrell,MEM000511,FAC042,2026-05-14T15:00:00,99215,212.42,Chennai,CLEAN
CLM-F136E082,1000000194,Dr. John Bishop,MEM000367,FAC031,2026-04-01T10:00:00,99214,142.64,Chennai,CLEAN
CLM-025209B6,1000000110,Dr. Richard Rodriguez,MEM000281,FAC000,2026-01-02T09:00:00,71045,80.38,Chennai,CLEAN
CLM-AEC3030D,1000000086,Dr. Shirley Suarez,MEM000533,FAC026,2026-05-16T11:00:00,99215,228.06,Chennai,CLEAN
CLM-C2D800DB,1000000091,Dr. Brian Rodriguez,MEM000073,FAC026,2026-04-08T14:00:00,99215,212.3,Chennai,CLEAN
CLM-6EE60396,1000000039,Dr. Brittany Farmer,MEM000179,FAC016,2026-03-19T13:00:00,99213,105.4,Chennai,CLEAN
CLM-924599BF,1000000150,Dr. David Wright,MEM000626,FAC030,2026-03-17T09:00:00,99214,159.05,Chennai,CLEAN
CLM-E0C43889,1000000051,Dr. Danny Morgan,MEM000206,FAC033,2026-04-15T17:00:00,71045,72.27,Chennai,CLEAN
CLM-90D7C3ED,1000000198,Dr. Adam Vaughan,MEM000238,FAC020,2026-05-01T09:00:00,99213,99.05,Chennai,CLEAN
CLM-D46E026A,1000000062,Dr. Connor West,MEM000418,FAC012,2026-01-12T13:00:00,99215,204.77,Chennai,CLEAN
CLM-EAEDD8E1,1000000054,Dr. Shannon Jones,MEM000524,FAC041,2026-04-16T09:00:00,99214,136.36,Chennai,CLEAN
CLM-4CC8BD68,1000000177,Dr. Michael Wang,MEM000340,FAC046,2026-01-13T17:00:00,93000,62.83,Chennai,CLEAN
CLM-888F3D58,1000000057,Dr. Richard Aguirre,MEM000031,FAC038,2026-03-13T10:00:00,99214,143.07,Chennai,CLEAN
CLM-BDF66B0F,1000000148,Dr. Kathy Rivas,MEM000012,FAC037,2026-04-21T10:00:00,93000,59.71,Chennai,CLEAN
CLM-507A532C,1000000124,Dr. Helen Jones,MEM000888,FAC036,2026-05-05T11:00:00,99215,212.81,Chennai,CLEAN
CLM-170DA39C,1000000039,Dr. Brittany Farmer,MEM000568,FAC017,2026-01-29T12:00:00,99215,215.13,Chennai,CLEAN
CLM-F653A1A5,1000000069,Dr. William Baker,MEM000539,FAC000,2026-03-18T14:00:00,99213,99.28,Chennai,CLEAN
CLM-1229DAB9,1000000090,Dr. Matthew Mcmillan,MEM000771,FAC049,2026-04-07T16:00:00,99215,241.47,Chennai,CLEAN
CLM-2C920036,1000000003,Dr. Daniel Wagner,MEM000586,FAC020,2026-05-08T12:00:00,93000,57.01,Chennai,CLEAN
CLM-ACAC5932,1000000004,Dr. Cristian Santos,MEM000909,FAC021,2026-05-30T17:00:00,99213,92.81,Chennai,CLEAN
CLM-911C1C78,1000000110,Dr. Richard Rodriguez,MEM000001,FAC010,2026-06-07T13:00:00,99215,204.47,Chennai,CLEAN
CLM-4A22C292,1000000011,Dr. Jamie Arnold,MEM000820,FAC014,2026-01-24T14:00:00,93000,61.21,Chennai,CLEAN
CLM-71CDC68E,1000000195,Dr. Allen Rosales,MEM000143,FAC021,2026-05-14T13:00:00,93000,64.1,Chennai,CLEAN
CLM-CFB93398,1000000004,Dr. Cristian Santos,MEM000479,FAC012,2026-03-21T11:00:00,99213,94.55,Chennai,CLEAN
CLM-9E22E0F2,1000000144,Dr. Amber Wright,MEM000761,FAC028,2026-06-20T16:00:00,71045,76.57,Chennai,CLEAN
CLM-C6A14B4C,1000000111,Dr. Shannon Walker,MEM000471,FAC023,2026-06-06T14:00:00,99213,103.13,Chennai,CLEAN
CLM-DB949F03,1000000017,Dr. Derek Zuniga,MEM000525,FAC027,2026-03-10T17:00:00,99214,141.04,Chennai,CLEAN
CLM-F4F5F5D3,1000000128,Dr. Cameron Fisher,MEM000534,FAC048,2026-02-03T14:00:00,93000,64.49,Chennai,CLEAN
CLM-8445CE54,1000000178,Dr. Lawrence Adkins,MEM000526,FAC017,2026-01-28T15:00:00,99214,142.34,Chennai,CLEAN
CLM-4F41F93B,1000000196,Dr. Daniel Salinas,MEM000225,FAC010,2026-04-20T09:00:00,99215,229.79,Chennai,CLEAN
CLM-A4C65EAF,1000000096,Dr. Aaron Wise,MEM000733,FAC039,2026-03-13T11:00:00,71045,78.72,Chennai,CLEAN
CLM-6B5A3953,1000000123,Dr. Michelle Harmon,MEM000299,FAC033,2026-02-23T10:00:00,71045,75.08,Chennai,CLEAN
CLM-616EF2C7,1000000000,Dr. Allison Hill,MEM000393,FAC025,2026-02-16T12:00:00,99213,97.43,Chennai,CLEAN
CLM-804CC337,1000000135,Dr. Jose Schultz,MEM000945,FAC048,2026-01-24T16:00:00,93000,60.01,Chennai,CLEAN
CLM-557A342A,1000000075,Dr. Sarah Moore,MEM000797,FAC009,2026-04-08T14:00:00,99215,222.78,Chennai,CLEAN
CLM-A87D6F1D,1000000106,Dr. Sharon Cherry,MEM000637,FAC035,2026-06-01T09:00:00,71045,86.85,Chennai,CLEAN
CLM-0405DDDF,1000000060,Dr. Victoria Garcia,MEM000136,FAC029,2026-02-06T12:00:00,71045,73.9,Chennai,CLEAN
CLM-DF46AF66,1000000159,Dr. Jamie Smith,MEM000514,FAC037,2026-01-07T11:00:00,99214,141.84,Chennai,CLEAN
CLM-A472EF55,1000000173,Dr. Matthew Harrington,MEM000847,FAC036,2026-01-15T09:00:00,71045,77.06,Chennai,CLEAN
CLM-4A42C340,1000000069,Dr. William Baker,MEM000893,FAC045,2026-05-19T16:00:00,99213,103.42,Chennai,CLEAN
CLM-3345BBA3,1000000141,Dr. David Douglas Jr.,MEM000287,FAC029,2026-04-25T14:00:00,99215,201.11,Chennai,CLEAN
CLM-1A5605F4,1777777777,Dr. Synthetic-C (Upcoder),MEM000455,FAC026,2026-05-08T14:00:00,99215,206.91,Mumbai,CLEAN
CLM-6C2364D9,1000000134,Dr. Rebecca Jackson,MEM000079,FAC034,2026-05-19T09:00:00,71045,83.98,Chennai,CLEAN
CLM-EC06C811,1000000118,Dr. Victor Baker,MEM000526,FAC004,2026-04-01T10:00:00,99215,219.74,Chennai,CLEAN
CLM-8DD25D86,1000000014,Dr. Dylan Miller,MEM000571,FAC037,2026-03-19T14:00:00,93000,65.85,Chennai,CLEAN
CLM-BA61C946,1000000195,Dr. Allen Rosales,MEM000729,FAC040,2026-04-10T11:00:00,71045,85.23,Chennai,CLEAN
CLM-13C21EC8,1000000053,Dr. Mark Perez,MEM000517,FAC016,2026-05-21T17:00:00,71045,78.58,Chennai,CLEAN
CLM-7356D52F,1000000134,Dr. Rebecca Jackson,MEM000023,FAC009,2026-01-05T16:00:00,71045,73.27,Chennai,CLEAN
CLM-23E496FB,1000000060,Dr. Victoria Garcia,MEM000607,FAC025,2026-06-24T10:00:00,99214,138.44,Chennai,CLEAN
CLM-6977EB23,1000000161,Dr. Jennifer Adkins,MEM000805,FAC042,2026-06-04T09:00:00,99215,230.48,Chennai,CLEAN
CLM-C7DE4FFF,1000000140,Dr. Cheyenne Horton,MEM000899,FAC034,2026-01-26T11:00:00,93000,61.76,Chennai,CLEAN
CLM-39DB639F,1000000138,Dr. David Alvarez,MEM000535,FAC041,2026-04-10T10:00:00,93000,63.2,Chennai,CLEAN
CLM-D164F923,1000000006,Dr. Abigail Shaffer,MEM000664,FAC031,2026-01-02T15:00:00,71045,83.44,Chennai,CLEAN
CLM-988DEB8B,1000000152,Dr. Denise Jones,MEM000037,FAC007,2026-01-13T16:00:00,93000,55.58,Chennai,CLEAN
CLM-4EDBF4A5,1000000123,Dr. Michelle Harmon,MEM000798,FAC009,2026-05-31T17:00:00,99214,146.63,Chennai,CLEAN
CLM-C580883F,1000000155,Dr. Michelle Brown,MEM000914,FAC014,2026-02-27T13:00:00,93000,61.95,Chennai,CLEAN
CLM-82B83E80,1000000111,Dr. Shannon Walker,MEM000677,FAC019,2026-06-05T16:00:00,99213,94.85,Chennai,CLEAN
CLM-1188187E,1000000080,Dr. Kelly Donovan,MEM000045,FAC026,2026-05-06T14:00:00,71045,80.18,Chennai,CLEAN
CLM-B2A5A0B7,1000000105,Dr. Marc Moore,MEM000882,FAC033,2026-02-27T12:00:00,99215,213.59,Chennai,CLEAN
CLM-44AE0A02,1000000114,Dr. Garrett Lin,MEM000013,FAC031,2026-04-24T12:00:00,99213,105.32,Chennai,CLEAN
CLM-657B75F4,1000000168,Dr. Joel Williams,MEM000920,FAC013,2026-01-26T14:00:00,99215,212.97,Chennai,CLEAN
CLM-5E230E25,1000000010,Dr. Monica Herrera,MEM000697,FAC049,2026-03-23T16:00:00,99213,97.15,Chennai,CLEAN
CLM-A95D2238,1000000164,Dr. Michael Powell,MEM000095,FAC033,2026-05-03T12:00:00,93000,57.29,Chennai,CLEAN
CLM-8FF896DD,1000000071,Dr. Whitney Peters,MEM000269,FAC002,2026-03-21T14:00:00,93000,60.45,Chennai,CLEAN
CLM-20CF5C2B,1000000026,Dr. Justin Baker,MEM000995,FAC004,2026-03-21T10:00:00,99215,237.06,Chennai,CLEAN
CLM-ECBE7077,1000000013,Dr. Michele Williams,MEM000667,FAC044,2026-01-27T11:00:00,99214,164.33,Chennai,CLEAN
CLM-07AB9462,1000000082,Dr. Michael Evans,MEM000871,FAC003,2026-02-20T15:00:00,93000,65.89,Chennai,CLEAN
CLM-B71B1370,1000000029,Dr. Anthony Rodriguez,MEM000332,FAC040,2026-04-11T17:00:00,93000,54.9,Chennai,CLEAN
CLM-E6ACD95A,1000000009,Dr. Ryan Munoz,MEM000596,FAC040,2026-04-23T16:00:00,93000,59.36,Chennai,CLEAN
CLM-491BCE2E,1000000013,Dr. Michele Williams,MEM000894,FAC009,2026-03-01T13:00:00,99215,213.72,Chennai,CLEAN
CLM-B0F24383,1000000131,Dr. Dustin Jordan,MEM000298,FAC016,2026-04-16T16:00:00,93000,63.72,Chennai,CLEAN
CLM-73F39C25,1000000006,Dr. Abigail Shaffer,MEM000936,FAC048,2026-03-01T15:00:00,71045,87.26,Chennai,CLEAN
CLM-BA50D259,1000000005,Dr. Connie Lawrence,MEM000067,FAC027,2026-02-25T11:00:00,93000,57.83,Chennai,CLEAN
CLM-D58508AC,1000000055,Dr. Michael Lewis,MEM000776,FAC031,2026-05-10T12:00:00,99213,97.1,Chennai,CLEAN
CLM-65914A94,1000000127,Dr. Jason Powell,MEM000374,FAC028,2026-06-30T11:00:00,93000,64.92,Chennai,CLEAN
CLM-7DD194CD,1000000171,Dr. Darlene Miller,MEM000150,FAC042,2026-04-23T12:00:00,99213,100.18,Chennai,CLEAN
CLM-FABD0895,1000000143,Dr. Christopher Rubio,MEM000792,FAC047,2026-02-23T09:00:00,99214,151.95,Chennai,CLEAN
CLM-9BEFB738,1000000022,Dr. Ethan Adams,MEM000339,FAC035,2026-04-05T13:00:00,99214,164.88,Chennai,CLEAN
CLM-0E17861E,1000000058,Dr. Brent Jordan,MEM000232,FAC011,2026-03-18T10:00:00,71045,85.67,Chennai,CLEAN
CLM-F1A431F1,1000000188,Dr. Madison Poole,MEM000381,FAC004,2026-05-21T14:00:00,99215,221.65,Chennai,CLEAN
CLM-4F6880A3,1000000149,Dr. Stephanie Manning,MEM000443,FAC024,2026-01-07T16:00:00,99214,144.0,Chennai,CLEAN
CLM-294B116C,1000000098,Dr. Jessica Smith,MEM000866,FAC030,2026-03-07T15:00:00,99214,156.81,Chennai,CLEAN
CLM-986396B1,1000000088,Dr. Lisa Archer,MEM000760,FAC040,2026-05-27T14:00:00,93000,57.4,Chennai,CLEAN
CLM-66122228,1000000021,Dr. Patty Perez,MEM000943,FAC040,2026-05-05T13:00:00,93000,55.38,Chennai,CLEAN
CLM-29F8A903,1000000016,Dr. Holly Wood,MEM000452,FAC000,2026-03-28T09:00:00,99214,161.93,Chennai,CLEAN
CLM-67A444D9,1000000019,Dr. Carla Gray,MEM000525,FAC042,2026-01-25T15:00:00,93000,60.62,Chennai,CLEAN
CLM-F51DF5AE,1000000165,Dr. John Anderson,MEM000854,FAC018,2026-01-26T12:00:00,99215,234.86,Chennai,CLEAN
CLM-0782CD2E,1000000170,Dr. Jamie Walton,MEM000491,FAC024,2026-06-28T09:00:00,93000,57.06,Chennai,CLEAN
CLM-138D9DBD,1000000143,Dr. Christopher Rubio,MEM000208,FAC044,2026-05-05T16:00:00,99215,199.14,Chennai,CLEAN
CLM-7ED55085,1000000032,Dr. Tricia Valencia,MEM000605,FAC046,2026-02-02T17:00:00,71045,76.62,Chennai,CLEAN
CLM-7B3A37A8,1000000163,Dr. Jeffrey Johnson,MEM000247,FAC012,2026-01-08T11:00:00,71045,87.39,Chennai,CLEAN
CLM-E3E59F7A,1000000162,Dr. Lindsey Walker,MEM000356,FAC047,2026-01-08T15:00:00,99214,138.5,Chennai,CLEAN
CLM-E10C17AB,1000000048,Dr. Joshua Blair,MEM000425,FAC024,2026-04-26T16:00:00,99213,102.0,Chennai,CLEAN
CLM-1EB631AF,1000000096,Dr. Aaron Wise,MEM000425,FAC026,2026-04-22T10:00:00,99213,92.79,Chennai,CLEAN
CLM-5720AB96,1000000080,Dr. Kelly Donovan,MEM000764,FAC025,2026-03-03T13:00:00,99214,159.34,Chennai,CLEAN
CLM-16F9F32D,1000000008,Dr. Gabrielle Davis,MEM000137,FAC008,2026-02-04T12:00:00,99215,225.0,Chennai,CLEAN
CLM-AB909E61,1000000139,Dr. Angel Perry,MEM000040,FAC004,2026-02-23T16:00:00,71045,80.86,Chennai,CLEAN
CLM-316F278D,1000000107,Dr. Sierra Johnson,MEM000499,FAC022,2026-06-08T09:00:00,99213,99.49,Chennai,CLEAN
CLM-2759F398,1000000115,Dr. Diana May,MEM000629,FAC004,2026-03-25T11:00:00,99215,210.15,Chennai,CLEAN
CLM-7C352EB2,1000000103,Dr. Christine Wright,MEM000123,FAC017,2026-03-17T09:00:00,93000,55.97,Chennai,CLEAN
CLM-5DC94EA0,1000000062,Dr. Connor West,MEM000795,FAC022,2026-01-17T16:00:00,99215,235.46,Chennai,CLEAN
CLM-B8B1C502,1000000092,Dr. Denise Jacobs,MEM000444,FAC019,2026-02-05T15:00:00,99213,92.2,Chennai,CLEAN
CLM-22A1B8FD,1000000098,Dr. Jessica Smith,MEM000252,FAC031,2026-02-02T15:00:00,99214,136.99,Chennai,CLEAN
CLM-14A4B42E,1000000149,Dr. Stephanie Manning,MEM000801,FAC048,2026-04-02T15:00:00,93000,61.6,Chennai,CLEAN
CLM-BCF59216,1000000091,Dr. Brian Rodriguez,MEM000596,FAC048,2026-02-10T11:00:00,71045,82.96,Chennai,CLEAN
CLM-82510D58,1000000096,Dr. Aaron Wise,MEM000871,FAC016,2026-01-24T13:00:00,93000,54.54,Chennai,CLEAN
CLM-A92276A5,1000000055,Dr. Michael Lewis,MEM000949,FAC035,2026-03-24T09:00:00,99214,157.29,Chennai,CLEAN
CLM-85E68317,1000000085,Dr. Daniel Baker,MEM000351,FAC004,2026-02-23T13:00:00,99215,238.72,Chennai,CLEAN
CLM-0FC3B93F,1000000065,Dr. Amber Kidd,MEM000896,FAC035,2026-04-13T16:00:00,99214,140.42,Chennai,CLEAN
CLM-8DDCC1FC,1000000137,Dr. Courtney Gonzalez,MEM000234,FAC036,2026-01-01T13:00:00,71045,84.08,Chennai,CLEAN
CLM-8FD7C68D,1000000059,Dr. John Daniel,MEM000067,FAC016,2026-04-03T13:00:00,71045,83.7,Chennai,CLEAN
CLM-8322DF61,1000000178,Dr. Lawrence Adkins,MEM000085,FAC023,2026-06-25T16:00:00,99215,223.53,Chennai,CLEAN
CLM-597793C2,1000000050,Dr. Jessica Holmes,MEM000152,FAC022,2026-01-24T10:00:00,99215,228.65,Chennai,CLEAN
CLM-2D59FFD1,1000000150,Dr. David Wright,MEM000468,FAC033,2026-05-13T16:00:00,93000,63.89,Chennai,CLEAN
CLM-F8956B0E,1000000054,Dr. Shannon Jones,MEM000065,FAC008,2026-06-26T09:00:00,99215,198.61,Chennai,CLEAN
CLM-E2677BDC,1000000082,Dr. Michael Evans,MEM000292,FAC015,2026-04-23T16:00:00,71045,78.8,Chennai,CLEAN
CLM-F647EF4E,1000000131,Dr. Dustin Jordan,MEM000198,FAC003,2026-06-28T17:00:00,99215,220.09,Chennai,CLEAN
CLM-8434FC57,1000000015,Dr. Brian Ramirez,MEM000102,FAC046,2026-06-28T17:00:00,71045,87.44,Chennai,CLEAN
CLM-D7548929,1000000021,Dr. Patty Perez,MEM000319,FAC013,2026-05-30T10:00:00,99215,202.05,Chennai,CLEAN
CLM-9CBCC5F9,1000000016,Dr. Holly Wood,MEM000256,FAC014,2026-04-21T16:00:00,93000,58.95,Chennai,CLEAN
CLM-D8CBE28E,1000000161,Dr. Jennifer Adkins,MEM000106,FAC000,2026-05-05T17:00:00,99213,100.98,Chennai,CLEAN
CLM-D1ECA55E,1000000024,Dr. Matthew Foster,MEM000046,FAC039,2026-06-21T15:00:00,93000,57.84,Chennai,CLEAN
CLM-01DEE2C0,1000000077,Dr. Megan Young,MEM000131,FAC021,2026-04-27T09:00:00,71045,82.28,Chennai,CLEAN
CLM-F5AB98C0,1000000166,Dr. Alyssa Long,MEM000857,FAC000,2026-02-06T15:00:00,93000,61.88,Chennai,CLEAN
CLM-1AF56B20,1000000062,Dr. Connor West,MEM000946,FAC046,2026-01-19T14:00:00,99215,205.89,Chennai,CLEAN
CLM-6CEFCB83,1000000190,Dr. Debra Morton,MEM000200,FAC000,2026-04-14T09:00:00,99213,93.69,Chennai,CLEAN
CLM-E0B62BFB,1000000013,Dr. Michele Williams,MEM000189,FAC032,2026-04-21T14:00:00,99215,238.04,Chennai,CLEAN
CLM-9FD078D3,1000000004,Dr. Cristian Santos,MEM000691,FAC020,2026-02-05T11:00:00,99215,230.6,Chennai,CLEAN
CLM-11392205,1000000024,Dr. Matthew Foster,MEM000296,FAC009,2026-01-07T15:00:00,71045,79.69,Chennai,CLEAN
CLM-C8B81E9A,1000000026,Dr. Justin Baker,MEM000322,FAC004,2026-03-07T14:00:00,93000,60.8,Chennai,CLEAN
CLM-C8440461,1000000004,Dr. Cristian Santos,MEM000097,FAC025,2026-04-19T12:00:00,99214,160.46,Chennai,CLEAN
CLM-922769A7,1000000132,Dr. Mary Marshall,MEM000144,FAC008,2026-02-04T11:00:00,99215,199.64,Chennai,CLEAN
CLM-4F233C1E,1000000081,Dr. Mike Allen,MEM000237,FAC037,2026-02-03T11:00:00,99214,136.42,Chennai,CLEAN
CLM-3ACD3A60,1000000096,Dr. Aaron Wise,MEM000143,FAC041,2026-01-08T10:00:00,93000,63.09,Chennai,CLEAN
CLM-02ED1B23,1000000019,Dr. Carla Gray,MEM000116,FAC048,2026-02-23T13:00:00,93000,57.68,Chennai,CLEAN
CLM-FF46ED15,1000000057,Dr. Richard Aguirre,MEM000589,FAC006,2026-02-19T12:00:00,99214,145.91,Chennai,CLEAN
CLM-10BD3EE8,1000000132,Dr. Mary Marshall,MEM000387,FAC007,2026-02-24T11:00:00,99214,156.99,Chennai,CLEAN
CLM-A5857EA4,1000000065,Dr. Amber Kidd,MEM000343,FAC026,2026-06-23T13:00:00,99215,203.55,Chennai,CLEAN
CLM-58114642,1000000077,Dr. Megan Young,MEM000190,FAC032,2026-04-13T13:00:00,99215,224.81,Chennai,CLEAN
CLM-11BB626C,1000000109,Dr. Sharon Cochran,MEM000812,FAC000,2026-02-14T13:00:00,93000,60.14,Chennai,CLEAN
CLM-CA1926A4,1000000109,Dr. Sharon Cochran,MEM000197,FAC017,2026-02-14T09:00:00,93000,65.41,Chennai,CLEAN
CLM-43A9B77B,1000000063,Dr. Donald Wright,MEM000447,FAC048,2026-04-27T16:00:00,99214,143.3,Chennai,CLEAN
CLM-35276A0E,1000000146,Dr. Victoria Larson,MEM000563,FAC040,2026-06-10T14:00:00,99214,153.65,Chennai,CLEAN
CLM-1AD41138,1000000059,Dr. John Daniel,MEM000364,FAC025,2026-01-24T14:00:00,99214,164.92,Chennai,CLEAN
CLM-23E6D82E,1000000103,Dr. Christine Wright,MEM000379,FAC021,2026-05-25T10:00:00,99215,219.47,Chennai,CLEAN
CLM-9E2D1E5E,1000000099,Dr. Stephen Mckee,MEM000983,FAC010,2026-04-05T12:00:00,93000,54.73,Chennai,CLEAN
CLM-845E0A75,1000000106,Dr. Sharon Cherry,MEM000426,FAC019,2026-01-27T13:00:00,71045,84.52,Chennai,CLEAN
CLM-426AE92C,1000000094,Dr. John Whitehead,MEM000224,FAC015,2026-04-14T14:00:00,99214,143.66,Chennai,CLEAN
CLM-73BC502B,1000000113,Dr. Crystal Johnson,MEM000796,FAC017,2026-04-11T15:00:00,99215,227.34,Chennai,CLEAN
CLM-7C252CBC,1000000086,Dr. Shirley Suarez,MEM000213,FAC035,2026-05-29T15:00:00,99214,157.86,Chennai,CLEAN
CLM-6351F9F9,1000000196,Dr. Daniel Salinas,MEM000590,FAC035,2026-03-28T12:00:00,99214,143.69,Chennai,CLEAN
CLM-037F870C,1000000181,Dr. Tina Sanders,MEM000773,FAC024,2026-05-07T11:00:00,99215,202.54,Chennai,CLEAN
CLM-272578EF,1000000121,Dr. Kenneth Scott,MEM000083,FAC010,2026-06-14T16:00:00,71045,87.21,Chennai,CLEAN
CLM-0565365B,1000000190,Dr. Debra Morton,MEM000640,FAC035,2026-02-27T14:00:00,99215,207.35,Chennai,CLEAN
CLM-CDCC5D55,1000000168,Dr. Joel Williams,MEM000293,FAC026,2026-05-21T14:00:00,93000,62.99,Chennai,CLEAN
CLM-28B2037F,1000000063,Dr. Donald Wright,MEM000684,FAC036,2026-01-07T15:00:00,99213,97.87,Chennai,CLEAN
CLM-39EB3D75,1000000137,Dr. Courtney Gonzalez,MEM000150,FAC018,2026-05-25T16:00:00,93000,61.67,Chennai,CLEAN
CLM-B8B7F28E,1000000157,Dr. Jason Stein,MEM000623,FAC048,2026-05-20T10:00:00,71045,73.54,Chennai,CLEAN
CLM-1B3A52F5,1000000057,Dr. Richard Aguirre,MEM000689,FAC032,2026-01-22T10:00:00,71045,86.35,Chennai,CLEAN
CLM-1EEE8EC9,1000000131,Dr. Dustin Jordan,MEM000671,FAC012,2026-06-27T16:00:00,99213,90.58,Chennai,CLEAN
CLM-82A514FC,1000000005,Dr. Connie Lawrence,MEM000509,FAC013,2026-05-02T11:00:00,71045,72.94,Chennai,CLEAN
CLM-ACAC6B65,1000000176,Dr. Michael Elliott,MEM000170,FAC049,2026-01-02T10:00:00,99215,221.6,Chennai,CLEAN
CLM-0E900888,1000000108,Dr. Evelyn Galvan,MEM000834,FAC030,2026-05-22T09:00:00,93000,64.75,Chennai,CLEAN
CLM-348D5C49,1000000098,Dr. Jessica Smith,MEM000749,FAC017,2026-05-27T12:00:00,99213,92.64,Chennai,CLEAN
CLM-6E07B7A4,1000000031,Dr. James Ferrell,MEM000292,FAC025,2026-02-20T13:00:00,71045,78.35,Chennai,CLEAN
CLM-03226547,1000000082,Dr. Michael Evans,MEM000657,FAC017,2026-02-06T11:00:00,71045,85.48,Chennai,CLEAN
CLM-3FA800FA,1000000075,Dr. Sarah Moore,MEM000352,FAC048,2026-04-14T12:00:00,99214,152.94,Chennai,CLEAN
CLM-AADB47FA,1000000117,Dr. Ashley Waller,MEM000142,FAC047,2026-05-30T13:00:00,99213,94.3,Chennai,CLEAN
CLM-7B0707E0,1000000146,Dr. Victoria Larson,MEM000268,FAC032,2026-06-20T10:00:00,99213,93.63,Chennai,CLEAN
CLM-95FD0446,1000000105,Dr. Marc Moore,MEM000719,FAC024,2026-03-16T16:00:00,99213,102.41,Chennai,CLEAN
CLM-D212E9CD,1000000115,Dr. Diana May,MEM000688,FAC001,2026-04-16T17:00:00,99214,141.55,Chennai,CLEAN
CLM-3FC30B64,1000000056,Dr. Timothy Duncan,MEM000614,FAC007,2026-01-09T10:00:00,71045,73.72,Chennai,CLEAN
CLM-A7C62071,1000000089,Dr. Aimee Montoya,MEM000804,FAC049,2026-05-27T09:00:00,99213,98.03,Chennai,CLEAN
CLM-BBFF7A4E,1000000183,Dr. Ashley Barton,MEM000252,FAC036,2026-06-04T13:00:00,93000,54.41,Chennai,CLEAN
CLM-FAB1D53E,1000000193,Dr. Angelica Keith,MEM000083,FAC012,2026-02-27T12:00:00,99215,240.77,Chennai,CLEAN
CLM-78B5047F,1000000055,Dr. Michael Lewis,MEM000487,FAC042,2026-04-18T16:00:00,99214,163.71,Chennai,CLEAN
CLM-F8E26D9A,1000000070,Dr. Jordan Henderson,MEM000546,FAC006,2026-03-14T09:00:00,93000,60.55,Chennai,CLEAN
CLM-7DF8C373,1000000176,Dr. Michael Elliott,MEM000271,FAC005,2026-01-16T10:00:00,71045,79.9,Chennai,CLEAN
CLM-77E40D91,1000000055,Dr. Michael Lewis,MEM000038,FAC004,2026-03-06T17:00:00,99213,92.07,Chennai,CLEAN
CLM-F9DFA782,1000000002,Dr. Angie Henderson,MEM000998,FAC018,2026-05-29T10:00:00,99213,90.95,Chennai,CLEAN
CLM-BCAF99F7,1000000079,Dr. Lisa Barnes,MEM000671,FAC010,2026-01-10T11:00:00,93000,60.74,Chennai,CLEAN
CLM-8B257195,1000000106,Dr. Sharon Cherry,MEM000873,FAC026,2026-01-31T15:00:00,93000,65.99,Chennai,CLEAN
CLM-6DACB462,1000000191,Dr. Karen Graham,MEM000987,FAC004,2026-06-08T09:00:00,99214,143.76,Chennai,CLEAN
CLM-956D790E,1000000031,Dr. James Ferrell,MEM000977,FAC049,2026-02-21T13:00:00,93000,64.74,Chennai,CLEAN
CLM-104F664B,1000000084,Dr. Zachary Ferrell,MEM000309,FAC035,2026-03-08T11:00:00,99213,94.19,Chennai,CLEAN
CLM-6FD8F6AB,1000000050,Dr. Jessica Holmes,MEM000076,FAC027,2026-01-16T16:00:00,93000,65.81,Chennai,CLEAN
CLM-7317796B,1000000024,Dr. Matthew Foster,MEM000497,FAC037,2026-01-26T12:00:00,93000,58.59,Chennai,CLEAN
CLM-35234907,1000000020,Dr. Margaret Hawkins DDS,MEM000331,FAC030,2026-01-26T10:00:00,71045,73.86,Chennai,CLEAN
CLM-701F10CE,1000000034,Dr. Debra Davidson,MEM000801,FAC045,2026-01-26T13:00:00,99213,109.93,Chennai,CLEAN
CLM-979C26C7,1000000077,Dr. Megan Young,MEM000927,FAC029,2026-06-21T09:00:00,99214,164.12,Chennai,CLEAN
CLM-D40AA42C,1000000133,Dr. Daniel Kennedy,MEM000568,FAC041,2026-01-23T13:00:00,99213,92.38,Chennai,CLEAN
CLM-E0C742A2,1000000136,Dr. Robert Potter,MEM000470,FAC040,2026-03-18T14:00:00,99214,162.26,Chennai,CLEAN
CLM-24F8CF07,1000000178,Dr. Lawrence Adkins,MEM000076,FAC049,2026-06-05T12:00:00,71045,79.62,Chennai,CLEAN
CLM-53F078D8,1000000130,Dr. Elizabeth Kelley,MEM000377,FAC031,2026-04-08T13:00:00,71045,75.0,Chennai,CLEAN
CLM-0067DC32,1000000018,Dr. Lisa Jackson,MEM000244,FAC035,2026-01-21T09:00:00,71045,76.83,Chennai,CLEAN
CLM-0E455C99,1000000028,Dr. Zachary Hicks,MEM000673,FAC024,2026-02-01T13:00:00,99214,142.49,Chennai,CLEAN
CLM-A34944B3,1000000038,Dr. Elizabeth Fowler,MEM000121,FAC022,2026-03-14T09:00:00,99213,104.2,Chennai,CLEAN
CLM-DA18C144,1000000021,Dr. Patty Perez,MEM000942,FAC021,2026-02-25T14:00:00,99213,98.22,Chennai,CLEAN
CLM-2F708C8D,1000000169,Dr. Daniel Murphy,MEM000443,FAC042,2026-02-17T15:00:00,99213,98.13,Chennai,CLEAN
CLM-BAE4E072,1000000064,Dr. Jessica Callahan,MEM000833,FAC022,2026-03-28T11:00:00,99215,205.72,Chennai,CLEAN
CLM-7A9B67B8,1000000167,Dr. Alyssa Day,MEM000508,FAC047,2026-03-21T10:00:00,99213,92.78,Chennai,CLEAN
CLM-6DDD59B7,1000000093,Dr. Christina Walters,MEM000289,FAC031,2026-01-17T16:00:00,93000,60.51,Chennai,CLEAN
CLM-914C56CA,1000000180,Dr. Alexander Collins,MEM000628,FAC017,2026-05-14T17:00:00,99215,216.74,Chennai,CLEAN
CLM-97377D68,1000000154,Dr. Brenda Hall,MEM000289,FAC032,2026-05-26T12:00:00,99213,90.61,Chennai,CLEAN
CLM-14F13C57,1000000027,Dr. Stephanie Ross,MEM000605,FAC040,2026-06-29T14:00:00,71045,79.22,Chennai,CLEAN
CLM-CAC98CE6,1000000169,Dr. Daniel Murphy,MEM000939,FAC025,2026-02-23T14:00:00,99215,232.25,Chennai,CLEAN
CLM-4D9F764C,1000000075,Dr. Sarah Moore,MEM000907,FAC009,2026-02-17T16:00:00,99213,99.11,Chennai,CLEAN
CLM-BDA8A811,1000000099,Dr. Stephen Mckee,MEM000413,FAC008,2026-06-17T14:00:00,71045,77.87,Chennai,CLEAN
CLM-7AE011E8,1000000066,Dr. Tracy House,MEM000391,FAC000,2026-05-02T09:00:00,99213,91.66,Chennai,CLEAN
CLM-D79F3C3D,1000000167,Dr. Alyssa Day,MEM000943,FAC017,2026-01-29T12:00:00,99213,109.74,Chennai,CLEAN
CLM-EA2B123A,1000000096,Dr. Aaron Wise,MEM000521,FAC041,2026-04-18T11:00:00,99215,199.78,Chennai,CLEAN
CLM-3B01231B,1000000179,Dr. Robert Oconnell,MEM000524,FAC028,2026-01-27T09:00:00,99213,109.37,Chennai,CLEAN
CLM-4DE7D95C,1000000105,Dr. Marc Moore,MEM000418,FAC034,2026-06-03T09:00:00,99215,241.48,Chennai,CLEAN
CLM-E45D5A9B,1000000194,Dr. John Bishop,MEM000102,FAC031,2026-02-04T17:00:00,99214,135.23,Chennai,CLEAN
CLM-43766A71,1000000104,Dr. Richard Henson,MEM000172,FAC012,2026-05-09T10:00:00,99213,97.02,Chennai,CLEAN
CLM-04BDE098,1777777777,Dr. Synthetic-C (Upcoder),MEM000675,FAC010,2026-02-05T12:00:00,99214,151.57,Mumbai,CLEAN
CLM-44CFEC1B,1000000046,Dr. John Pierce,MEM000179,FAC035,2026-02-09T13:00:00,99213,100.72,Chennai,CLEAN
CLM-D5C7458B,1000000120,Dr. Larry Dixon,MEM000334,FAC009,2026-05-15T12:00:00,99215,242.0,Chennai,CLEAN
CLM-6583F289,1000000151,Dr. Pamela Boyd,MEM000609,FAC019,2026-01-09T09:00:00,99215,202.06,Chennai,CLEAN
CLM-14BB88DB,1000000185,Dr. Dr. Hannah Patterson,MEM000769,FAC035,2026-03-10T16:00:00,93000,63.63,Chennai,CLEAN
CLM-B90C2556,1000000058,Dr. Brent Jordan,MEM000381,FAC006,2026-06-30T10:00:00,99214,145.41,Chennai,CLEAN
CLM-106C055B,1000000007,Dr. Gina Moore,MEM000845,FAC049,2026-03-22T12:00:00,99215,240.56,Chennai,CLEAN
CLM-0AE6F719,1000000113,Dr. Crystal Johnson,MEM000949,FAC009,2026-02-12T17:00:00,93000,55.58,Chennai,CLEAN
CLM-6D6AA8CB,1000000001,Dr. Noah Rhodes,MEM000810,FAC027,2026-03-16T10:00:00,99215,240.09,Chennai,CLEAN
CLM-54858248,1000000142,Dr. Patricia Rodriguez,MEM000041,FAC038,2026-04-29T17:00:00,99214,135.88,Chennai,CLEAN
CLM-81FB02EA,1000000138,Dr. David Alvarez,MEM000017,FAC004,2026-01-07T13:00:00,99213,102.44,Chennai,CLEAN
CLM-BFF75E27,1000000182,Dr. Angela Vaughn,MEM000965,FAC021,2026-03-04T13:00:00,99213,102.27,Chennai,CLEAN
CLM-7675D59F,1000000194,Dr. John Bishop,MEM000129,FAC048,2026-05-11T10:00:00,99215,210.67,Chennai,CLEAN
CLM-D18ACDEC,1000000142,Dr. Patricia Rodriguez,MEM000419,FAC029,2026-03-15T11:00:00,93000,54.44,Chennai,CLEAN
CLM-2DEA9863,1000000021,Dr. Patty Perez,MEM000656,FAC032,2026-06-22T17:00:00,93000,56.68,Chennai,CLEAN
CLM-FD05F594,1000000098,Dr. Jessica Smith,MEM000227,FAC048,2026-03-30T16:00:00,93000,61.71,Chennai,CLEAN
CLM-6C3FECF2,1000000006,Dr. Abigail Shaffer,MEM000689,FAC014,2026-04-29T17:00:00,93000,63.28,Chennai,CLEAN
CLM-7E88658B,1000000170,Dr. Jamie Walton,MEM000149,FAC006,2026-02-26T16:00:00,99215,238.97,Chennai,CLEAN
CLM-EE1BA1A6,1000000061,Dr. Gerald Hensley,MEM000841,FAC046,2026-04-14T09:00:00,99215,233.83,Chennai,CLEAN
CLM-07CAA24C,1000000141,Dr. David Douglas Jr.,MEM000330,FAC022,2026-05-07T14:00:00,93000,60.87,Chennai,CLEAN
CLM-7B411186,1000000178,Dr. Lawrence Adkins,MEM000786,FAC001,2026-05-20T13:00:00,99214,152.28,Chennai,CLEAN
CLM-9ABEE76A,1000000188,Dr. Madison Poole,MEM000000,FAC026,2026-06-04T15:00:00,93000,61.65,Chennai,CLEAN
CLM-87C25B6B,1000000176,Dr. Michael Elliott,MEM000305,FAC022,2026-02-09T17:00:00,93000,63.61,Chennai,CLEAN
CLM-ED4FAEF8,1000000109,Dr. Sharon Cochran,MEM000015,FAC024,2026-01-18T09:00:00,71045,77.3,Chennai,CLEAN
CLM-FE163563,1000000117,Dr. Ashley Waller,MEM000246,FAC014,2026-04-26T13:00:00,99215,217.54,Chennai,CLEAN
CLM-369ACEBD,1000000011,Dr. Jamie Arnold,MEM000084,FAC025,2026-03-23T11:00:00,71045,78.63,Chennai,CLEAN
CLM-A5110193,1000000057,Dr. Richard Aguirre,MEM000428,FAC042,2026-05-24T10:00:00,99215,223.86,Chennai,CLEAN
CLM-19E866D1,1000000141,Dr. David Douglas Jr.,MEM000059,FAC008,2026-04-02T12:00:00,99213,100.24,Chennai,CLEAN
CLM-C5821624,1000000049,Dr. Eric Carney,MEM000490,FAC046,2026-04-13T11:00:00,93000,64.19,Chennai,CLEAN
CLM-76DCB5E3,1000000075,Dr. Sarah Moore,MEM000275,FAC019,2026-04-28T16:00:00,99214,144.69,Chennai,CLEAN
CLM-D0EAFCE9,1000000002,Dr. Angie Henderson,MEM000544,FAC018,2026-06-22T11:00:00,99214,157.32,Chennai,CLEAN
CLM-2C1BF634,1000000064,Dr. Jessica Callahan,MEM000178,FAC013,2026-03-19T17:00:00,99213,105.34,Chennai,CLEAN
CLM-37615D89,1000000070,Dr. Jordan Henderson,MEM000081,FAC029,2026-02-02T13:00:00,99213,104.4,Chennai,CLEAN
CLM-03519C6D,1000000087,Dr. Christopher Bass,MEM000252,FAC025,2026-06-03T10:00:00,99215,221.52,Chennai,CLEAN
CLM-93A9B627,1000000080,Dr. Kelly Donovan,MEM000469,FAC018,2026-05-30T09:00:00,71045,74.79,Chennai,CLEAN
CLM-F3A55338,1000000127,Dr. Jason Powell,MEM000576,FAC024,2026-01-04T11:00:00,99215,205.24,Chennai,CLEAN
CLM-C7DE5B82,1000000115,Dr. Diana May,MEM000062,FAC015,2026-02-24T12:00:00,99214,153.62,Chennai,CLEAN
CLM-3C1D8E3F,1000000086,Dr. Shirley Suarez,MEM000691,FAC038,2026-03-16T14:00:00,99214,162.93,Chennai,CLEAN
CLM-27D60461,1000000021,Dr. Patty Perez,MEM000329,FAC040,2026-05-18T11:00:00,93000,58.64,Chennai,CLEAN
CLM-44FFA510,1000000011,Dr. Jamie Arnold,MEM000286,FAC001,2026-02-05T15:00:00,71045,74.94,Chennai,CLEAN
CLM-1FB5404F,1000000176,Dr. Michael Elliott,MEM000632,FAC038,2026-01-24T16:00:00,99214,137.98,Chennai,CLEAN
CLM-2FF8AF61,1000000075,Dr. Sarah Moore,MEM000974,FAC010,2026-06-03T11:00:00,99214,135.79,Chennai,CLEAN
CLM-AF67DB78,1000000022,Dr. Ethan Adams,MEM000417,FAC029,2026-05-19T11:00:00,99213,97.18,Chennai,CLEAN
CLM-26F813D0,1000000061,Dr. Gerald Hensley,MEM000604,FAC011,2026-04-14T15:00:00,93000,56.52,Chennai,CLEAN
CLM-63E29F21,1000000001,Dr. Noah Rhodes,MEM000405,FAC014,2026-02-02T14:00:00,99213,109.42,Chennai,CLEAN
CLM-24F1F2EE,1000000031,Dr. James Ferrell,MEM000859,FAC014,2026-05-31T11:00:00,93000,54.54,Chennai,CLEAN
CLM-2B0AC8DF,1000000136,Dr. Robert Potter,MEM000798,FAC022,2026-01-02T11:00:00,99214,136.35,Chennai,CLEAN
CLM-755D5F75,1000000024,Dr. Matthew Foster,MEM000687,FAC037,2026-01-13T10:00:00,93000,56.87,Chennai,CLEAN
CLM-33BE094A,1000000062,Dr. Connor West,MEM000216,FAC023,2026-06-08T12:00:00,71045,81.67,Chennai,CLEAN
CLM-2DF8E47D,1000000021,Dr. Patty Perez,MEM000618,FAC003,2026-01-01T09:00:00,99213,93.68,Chennai,CLEAN
CLM-4EE4DB8F,1000000148,Dr. Kathy Rivas,MEM000663,FAC021,2026-04-21T10:00:00,71045,74.34,Chennai,CLEAN
CLM-1C8D1450,1000000087,Dr. Christopher Bass,MEM000385,FAC045,2026-06-23T13:00:00,71045,73.02,Chennai,CLEAN
CLM-4E1BB00B,1000000189,Dr. Jessica Gross,MEM000377,FAC022,2026-06-03T13:00:00,99213,104.54,Chennai,CLEAN
CLM-90116B6B,1000000148,Dr. Kathy Rivas,MEM000636,FAC009,2026-02-28T09:00:00,99215,232.93,Chennai,CLEAN
CLM-A6BE6620,1000000088,Dr. Lisa Archer,MEM000744,FAC013,2026-02-04T12:00:00,99213,109.25,Chennai,CLEAN
CLM-FFA36989,1000000166,Dr. Alyssa Long,MEM000642,FAC029,2026-04-30T17:00:00,99213,95.7,Chennai,CLEAN
CLM-07BDAAFD,1000000096,Dr. Aaron Wise,MEM000296,FAC028,2026-03-15T12:00:00,71045,72.21,Chennai,CLEAN
CLM-FD389ACF,1000000189,Dr. Jessica Gross,MEM000121,FAC039,2026-03-17T14:00:00,99214,155.33,Chennai,CLEAN
CLM-9BED7B19,1000000179,Dr. Robert Oconnell,MEM000934,FAC006,2026-01-21T16:00:00,71045,78.85,Chennai,CLEAN
CLM-FE57C935,1000000107,Dr. Sierra Johnson,MEM000728,FAC027,2026-03-29T09:00:00,99215,205.78,Chennai,CLEAN
CLM-1FFC37CA,1000000120,Dr. Larry Dixon,MEM000663,FAC048,2026-04-18T10:00:00,99214,135.8,Chennai,CLEAN
CLM-794679FA,1000000147,Dr. Stephanie Salazar,MEM000163,FAC035,2026-01-23T14:00:00,71045,80.76,Chennai,CLEAN
CLM-1E1EB616,1000000104,Dr. Richard Henson,MEM000678,FAC004,2026-06-09T09:00:00,99214,138.96,Chennai,CLEAN
CLM-C57117F5,1000000017,Dr. Derek Zuniga,MEM000691,FAC007,2026-04-11T16:00:00,93000,62.16,Chennai,CLEAN
CLM-8EC5D57E,1000000113,Dr. Crystal Johnson,MEM000024,FAC024,2026-06-11T16:00:00,71045,75.27,Chennai,CLEAN
CLM-FF4F2103,1000000062,Dr. Connor West,MEM000138,FAC009,2026-02-20T16:00:00,99213,100.78,Chennai,CLEAN
CLM-814063B5,1000000149,Dr. Stephanie Manning,MEM000159,FAC004,2026-02-05T15:00:00,93000,62.65,Chennai,CLEAN
CLM-C42C94EA,1000000165,Dr. John Anderson,MEM000524,FAC023,2026-04-17T12:00:00,71045,73.34,Chennai,CLEAN
CLM-436011CA,1000000073,Dr. Lauren Daniels,MEM000866,FAC009,2026-06-05T13:00:00,99214,135.65,Chennai,CLEAN
CLM-B78A55AE,1000000007,Dr. Gina Moore,MEM000961,FAC047,2026-03-04T16:00:00,99215,232.01,Chennai,CLEAN
CLM-3F27EFCB,1000000062,Dr. Connor West,MEM000583,FAC048,2026-05-18T11:00:00,99214,156.09,Chennai,CLEAN
CLM-599D9A15,1000000018,Dr. Lisa Jackson,MEM000212,FAC009,2026-03-08T15:00:00,99215,224.38,Chennai,CLEAN
CLM-A621C044,1000000160,Dr. Paul Castaneda,MEM000514,FAC024,2026-04-08T12:00:00,99214,164.13,Chennai,CLEAN
CLM-3F6B7EE8,1000000193,Dr. Angelica Keith,MEM000987,FAC034,2026-03-08T10:00:00,71045,82.55,Chennai,CLEAN
CLM-1EFFEB37,1000000051,Dr. Danny Morgan,MEM000820,FAC043,2026-05-08T15:00:00,99215,223.09,Chennai,CLEAN
CLM-A8777EEA,1000000087,Dr. Christopher Bass,MEM000917,FAC013,2026-05-15T11:00:00,99213,91.88,Chennai,CLEAN
CLM-BCB9BEAC,1000000199,Dr. Nathan Freeman,MEM000281,FAC042,2026-01-08T15:00:00,99215,205.2,Chennai,CLEAN
CLM-1EEAA67C,1000000109,Dr. Sharon Cochran,MEM000402,FAC018,2026-02-17T15:00:00,71045,85.85,Chennai,CLEAN
CLM-790CE3D4,1000000056,Dr. Timothy Duncan,MEM000892,FAC023,2026-01-17T11:00:00,71045,74.93,Chennai,CLEAN
CLM-16D2B098,1000000071,Dr. Whitney Peters,MEM000323,FAC022,2026-02-26T12:00:00,71045,87.2,Chennai,CLEAN
CLM-4586839B,1000000093,Dr. Christina Walters,MEM000688,FAC025,2026-03-22T15:00:00,93000,59.63,Chennai,CLEAN
CLM-1C29976E,1000000105,Dr. Marc Moore,MEM000266,FAC033,2026-04-23T17:00:00,99215,223.9,Chennai,CLEAN
CLM-384EF401,1000000040,Dr. Paula Moreno,MEM000168,FAC017,2026-05-28T13:00:00,99215,234.54,Chennai,CLEAN
CLM-E5FE1F8D,1000000005,Dr. Connie Lawrence,MEM000314,FAC026,2026-06-10T11:00:00,99215,198.26,Chennai,CLEAN
CLM-564B077E,1000000105,Dr. Marc Moore,MEM000592,FAC008,2026-05-26T15:00:00,99215,214.86,Chennai,CLEAN
CLM-EDDDE81F,1000000085,Dr. Daniel Baker,MEM000879,FAC007,2026-02-06T09:00:00,71045,84.25,Chennai,CLEAN
CLM-5E0972B8,1000000192,Dr. Debra Christian,MEM000458,FAC026,2026-05-07T11:00:00,93000,65.34,Chennai,CLEAN
CLM-6D4CE708,1000000189,Dr. Jessica Gross,MEM000327,FAC044,2026-01-06T16:00:00,93000,63.33,Chennai,CLEAN
CLM-80AB05C1,1000000065,Dr. Amber Kidd,MEM000701,FAC017,2026-02-05T10:00:00,99214,152.27,Chennai,CLEAN
CLM-C99B9334,1000000077,Dr. Megan Young,MEM000447,FAC042,2026-04-06T09:00:00,99214,139.42,Chennai,CLEAN
CLM-10A931E6,1000000050,Dr. Jessica Holmes,MEM000299,FAC031,2026-04-29T17:00:00,99213,95.74,Chennai,CLEAN
CLM-FA3C0B2C,1000000088,Dr. Lisa Archer,MEM000995,FAC031,2026-05-26T16:00:00,99214,146.21,Chennai,CLEAN
CLM-40C21460,1000000133,Dr. Daniel Kennedy,MEM000298,FAC044,2026-06-17T09:00:00,71045,72.39,Chennai,CLEAN
CLM-BC577AA6,1000000058,Dr. Brent Jordan,MEM000665,FAC039,2026-05-16T11:00:00,99213,95.85,Chennai,CLEAN
CLM-974B3276,1000000142,Dr. Patricia Rodriguez,MEM000696,FAC009,2026-03-04T12:00:00,71045,82.32,Chennai,CLEAN
CLM-75327A83,1000000039,Dr. Brittany Farmer,MEM000710,FAC003,2026-05-26T13:00:00,99215,200.82,Chennai,CLEAN
CLM-3D06A411,1000000101,Dr. Cameron Parker,MEM000499,FAC025,2026-04-24T09:00:00,71045,75.15,Chennai,CLEAN
CLM-BCEC31FD,1000000161,Dr. Jennifer Adkins,MEM000224,FAC042,2026-02-05T17:00:00,71045,75.21,Chennai,CLEAN
CLM-E520128B,1000000028,Dr. Zachary Hicks,MEM000068,FAC008,2026-02-08T09:00:00,99213,107.83,Chennai,CLEAN
CLM-80480E88,1000000184,Dr. Lindsay Martinez,MEM000692,FAC033,2026-03-16T17:00:00,99215,203.57,Chennai,CLEAN
CLM-6299FC54,1000000064,Dr. Jessica Callahan,MEM000791,FAC034,2026-02-22T12:00:00,99214,147.69,Chennai,CLEAN
CLM-E50FB856,1000000115,Dr. Diana May,MEM000691,FAC036,2026-04-08T09:00:00,93000,56.0,Chennai,CLEAN
CLM-A61D4BD8,1000000176,Dr. Michael Elliott,MEM000553,FAC038,2026-04-14T16:00:00,99213,103.95,Chennai,CLEAN
CLM-E441EF1E,1000000097,Dr. Deborah Figueroa,MEM000008,FAC021,2026-06-13T13:00:00,93000,65.01,Chennai,CLEAN
CLM-779FB164,1000000111,Dr. Shannon Walker,MEM000897,FAC038,2026-02-04T09:00:00,93000,65.82,Chennai,CLEAN
CLM-DC6D2AC9,1000000107,Dr. Sierra Johnson,MEM000286,FAC036,2026-01-14T10:00:00,99214,139.37,Chennai,CLEAN
CLM-D6BECAD5,1000000159,Dr. Jamie Smith,MEM000378,FAC048,2026-01-24T12:00:00,99215,200.2,Chennai,CLEAN
CLM-61ED1A62,1000000167,Dr. Alyssa Day,MEM000992,FAC000,2026-01-20T10:00:00,99215,210.84,Chennai,CLEAN
CLM-8ED0FEE6,1000000028,Dr. Zachary Hicks,MEM000486,FAC022,2026-05-16T09:00:00,93000,64.53,Chennai,CLEAN
CLM-9A36C0EF,1000000055,Dr. Michael Lewis,MEM000974,FAC033,2026-05-11T09:00:00,99215,209.23,Chennai,CLEAN
CLM-83D5E2A4,1000000017,Dr. Derek Zuniga,MEM000062,FAC018,2026-01-16T13:00:00,99214,136.92,Chennai,CLEAN
CLM-2245DDEA,1000000103,Dr. Christine Wright,MEM000394,FAC032,2026-03-29T10:00:00,99214,160.01,Chennai,CLEAN
CLM-FAF78927,1000000048,Dr. Joshua Blair,MEM000534,FAC040,2026-06-17T10:00:00,99215,220.66,Chennai,CLEAN
CLM-8AFEDF7C,1000000055,Dr. Michael Lewis,MEM000488,FAC019,2026-04-28T14:00:00,99215,220.25,Chennai,CLEAN
CLM-F2E7F2EA,1000000050,Dr. Jessica Holmes,MEM000043,FAC039,2026-06-13T09:00:00,99213,108.44,Chennai,CLEAN
CLM-BD95B73D,1000000132,Dr. Mary Marshall,MEM000953,FAC020,2026-04-08T13:00:00,71045,73.76,Chennai,CLEAN
CLM-BA1E084E,1000000115,Dr. Diana May,MEM000562,FAC016,2026-01-10T10:00:00,93000,54.45,Chennai,CLEAN
CLM-D931C7A9,1000000118,Dr. Victor Baker,MEM000809,FAC042,2026-01-27T15:00:00,93000,60.33,Chennai,CLEAN
CLM-EAF60C81,1000000143,Dr. Christopher Rubio,MEM000661,FAC045,2026-02-22T16:00:00,99213,98.72,Chennai,CLEAN
CLM-E4A19C4F,1000000027,Dr. Stephanie Ross,MEM000374,FAC033,2026-04-10T15:00:00,93000,65.73,Chennai,CLEAN
CLM-6828FB01,1000000028,Dr. Zachary Hicks,MEM000087,FAC036,2026-05-27T16:00:00,71045,79.02,Chennai,CLEAN
CLM-21336BCE,1000000148,Dr. Kathy Rivas,MEM000753,FAC045,2026-05-14T12:00:00,99214,139.79,Chennai,CLEAN
CLM-EE3C25F0,1000000016,Dr. Holly Wood,MEM000487,FAC002,2026-03-24T09:00:00,99215,240.66,Chennai,CLEAN
CLM-51464328,1000000137,Dr. Courtney Gonzalez,MEM000212,FAC023,2026-02-18T13:00:00,99215,226.32,Chennai,CLEAN
CLM-B6CDE99E,1000000017,Dr. Derek Zuniga,MEM000602,FAC022,2026-04-19T14:00:00,71045,83.29,Chennai,CLEAN
CLM-80DCC0D5,1000000139,Dr. Angel Perry,MEM000378,FAC015,2026-04-04T12:00:00,99214,152.36,Chennai,CLEAN
CLM-F265C7DE,1000000151,Dr. Pamela Boyd,MEM000788,FAC048,2026-05-11T11:00:00,99215,205.01,Chennai,CLEAN
CLM-D7972993,1000000102,Dr. Rebecca Valencia,MEM000675,FAC009,2026-01-25T16:00:00,71045,77.36,Chennai,CLEAN
CLM-F670AA10,1000000011,Dr. Jamie Arnold,MEM000068,FAC043,2026-03-26T17:00:00,99215,238.88,Chennai,CLEAN
CLM-1914B6EA,1000000109,Dr. Sharon Cochran,MEM000561,FAC031,2026-06-04T12:00:00,99213,106.3,Chennai,CLEAN
CLM-95D390AD,1000000198,Dr. Adam Vaughan,MEM000207,FAC000,2026-02-08T17:00:00,99215,207.0,Chennai,CLEAN
CLM-E0C8B39F,1000000118,Dr. Victor Baker,MEM000183,FAC030,2026-04-09T15:00:00,93000,60.72,Chennai,CLEAN
CLM-25DEC663,1000000165,Dr. John Anderson,MEM000227,FAC016,2026-03-23T10:00:00,99215,233.68,Chennai,CLEAN
CLM-DA42E04B,1000000181,Dr. Tina Sanders,MEM000062,FAC010,2026-03-23T11:00:00,93000,58.45,Chennai,CLEAN
CLM-C256FB9F,1000000076,Dr. Angela Lopez,MEM000436,FAC006,2026-03-03T09:00:00,93000,59.61,Chennai,CLEAN
CLM-08FACD18,1000000048,Dr. Joshua Blair,MEM000963,FAC000,2026-05-18T16:00:00,99214,161.58,Chennai,CLEAN
CLM-B7C7332A,1000000002,Dr. Angie Henderson,MEM000654,FAC029,2026-02-27T17:00:00,99214,163.5,Chennai,CLEAN
CLM-5BFEEF0C,1000000121,Dr. Kenneth Scott,MEM000480,FAC029,2026-01-30T10:00:00,93000,57.51,Chennai,CLEAN
CLM-95A46D86,1000000081,Dr. Mike Allen,MEM000131,FAC044,2026-05-04T17:00:00,71045,75.17,Chennai,CLEAN
CLM-34599260,1000000199,Dr. Nathan Freeman,MEM000617,FAC003,2026-01-03T16:00:00,99213,92.93,Chennai,CLEAN
CLM-28BC1C0A,1000000012,Dr. Lisa Hensley,MEM000847,FAC009,2026-03-13T11:00:00,99214,143.86,Chennai,CLEAN
CLM-493DE431,1000000074,Dr. Amy Silva,MEM000500,FAC013,2026-06-23T09:00:00,99215,230.51,Chennai,CLEAN
CLM-4A0DFD24,1000000123,Dr. Michelle Harmon,MEM000869,FAC044,2026-06-19T16:00:00,71045,73.5,Chennai,CLEAN
CLM-686D9DC3,1000000158,Dr. Melissa Gates,MEM000854,FAC045,2026-04-20T10:00:00,93000,60.99,Chennai,CLEAN
CLM-8E88E571,1000000121,Dr. Kenneth Scott,MEM000110,FAC024,2026-04-04T15:00:00,99215,231.96,Chennai,CLEAN
CLM-0A66A649,1000000103,Dr. Christine Wright,MEM000788,FAC029,2026-04-15T13:00:00,99213,102.15,Chennai,CLEAN
CLM-D2FDAFBC,1000000185,Dr. Dr. Hannah Patterson,MEM000697,FAC024,2026-05-15T12:00:00,99214,143.63,Chennai,CLEAN
CLM-C49E3F16,1000000068,Dr. James Brown,MEM000016,FAC001,2026-06-07T14:00:00,99214,139.84,Chennai,CLEAN
CLM-D0413B38,1000000072,Dr. Brittney Phillips,MEM000967,FAC008,2026-06-22T15:00:00,99215,206.64,Chennai,CLEAN
CLM-3E10B17A,1000000117,Dr. Ashley Waller,MEM000639,FAC012,2026-06-27T11:00:00,99214,160.13,Chennai,CLEAN
CLM-8811DAAD,1000000148,Dr. Kathy Rivas,MEM000077,FAC048,2026-03-08T12:00:00,93000,62.44,Chennai,CLEAN
CLM-36A8B6D0,1000000117,Dr. Ashley Waller,MEM000021,FAC023,2026-06-27T13:00:00,71045,82.75,Chennai,CLEAN
CLM-A1781DBE,1000000107,Dr. Sierra Johnson,MEM000051,FAC048,2026-01-30T14:00:00,71045,84.62,Chennai,CLEAN
CLM-EBD96FAA,1000000150,Dr. David Wright,MEM000117,FAC005,2026-03-26T09:00:00,99213,90.88,Chennai,CLEAN
CLM-80C5EE10,1000000101,Dr. Cameron Parker,MEM000725,FAC009,2026-04-18T09:00:00,99213,100.08,Chennai,CLEAN
CLM-00B22BE9,1000000034,Dr. Debra Davidson,MEM000410,FAC022,2026-05-24T12:00:00,99215,235.17,Chennai,CLEAN
CLM-E8E3B64F,1000000086,Dr. Shirley Suarez,MEM000612,FAC029,2026-05-23T12:00:00,99214,144.56,Chennai,CLEAN
CLM-C19EEC3B,1000000129,Dr. Megan Orr,MEM000512,FAC045,2026-02-22T14:00:00,71045,86.31,Chennai,CLEAN
CLM-B115AD41,1000000153,Dr. Devon Flores,MEM000191,FAC006,2026-03-14T15:00:00,71045,81.12,Chennai,CLEAN
CLM-ED173F14,1000000064,Dr. Jessica Callahan,MEM000393,FAC015,2026-05-10T15:00:00,71045,85.65,Chennai,CLEAN
CLM-7DFC2E3D,1000000173,Dr. Matthew Harrington,MEM000851,FAC015,2026-02-09T09:00:00,99214,137.75,Chennai,CLEAN
CLM-62B40C35,1000000126,Dr. Michelle Evans,MEM000709,FAC008,2026-06-18T15:00:00,71045,77.84,Chennai,CLEAN
CLM-4DE6605B,1000000199,Dr. Nathan Freeman,MEM000530,FAC009,2026-03-21T15:00:00,93000,58.0,Chennai,CLEAN
CLM-1B5DFB76,1000000151,Dr. Pamela Boyd,MEM000923,FAC010,2026-05-08T11:00:00,99215,198.12,Chennai,CLEAN
CLM-1E0653C6,1000000008,Dr. Gabrielle Davis,MEM000705,FAC047,2026-06-22T11:00:00,99213,100.92,Chennai,CLEAN
CLM-9DE62D84,1000000170,Dr. Jamie Walton,MEM000050,FAC005,2026-03-19T15:00:00,99213,96.39,Chennai,CLEAN
CLM-92A1EA0A,1000000150,Dr. David Wright,MEM000024,FAC035,2026-03-28T13:00:00,99214,159.72,Chennai,CLEAN
CLM-6B7D0333,1000000126,Dr. Michelle Evans,MEM000898,FAC007,2026-04-13T12:00:00,99213,107.58,Chennai,CLEAN
CLM-81A63F03,1000000178,Dr. Lawrence Adkins,MEM000742,FAC012,2026-03-02T14:00:00,71045,85.52,Chennai,CLEAN
CLM-40C98FFF,1000000055,Dr. Michael Lewis,MEM000390,FAC038,2026-02-21T09:00:00,99213,108.14,Chennai,CLEAN
CLM-55DD610A,1000000014,Dr. Dylan Miller,MEM000739,FAC002,2026-05-31T09:00:00,93000,63.85,Chennai,CLEAN
CLM-0B2D6990,1000000150,Dr. David Wright,MEM000240,FAC004,2026-05-22T16:00:00,93000,55.37,Chennai,CLEAN
CLM-2F4D926C,1000000000,Dr. Allison Hill,MEM000828,FAC019,2026-05-17T09:00:00,99214,150.8,Chennai,CLEAN
CLM-F5F0AF57,1000000059,Dr. John Daniel,MEM000343,FAC044,2026-03-13T10:00:00,99215,221.93,Chennai,CLEAN
CLM-8C3618A2,1000000153,Dr. Devon Flores,MEM000774,FAC011,2026-06-09T09:00:00,93000,62.88,Chennai,CLEAN
CLM-A8AEEAFC,1000000012,Dr. Lisa Hensley,MEM000945,FAC016,2026-06-30T12:00:00,71045,78.67,Chennai,CLEAN
CLM-70571A71,1000000022,Dr. Ethan Adams,MEM000248,FAC049,2026-04-17T15:00:00,99214,151.01,Chennai,CLEAN
CLM-415CAC7F,1000000164,Dr. Michael Powell,MEM000025,FAC032,2026-01-22T11:00:00,99214,155.23,Chennai,CLEAN
CLM-23D43ABB,1000000109,Dr. Sharon Cochran,MEM000532,FAC004,2026-03-31T13:00:00,71045,86.31,Chennai,CLEAN
CLM-B0CCB530,1000000065,Dr. Amber Kidd,MEM000787,FAC029,2026-01-01T14:00:00,99214,137.21,Chennai,CLEAN
CLM-C7B1E117,1000000022,Dr. Ethan Adams,MEM000037,FAC022,2026-06-24T17:00:00,99214,155.23,Chennai,CLEAN
CLM-58BECE62,1000000189,Dr. Jessica Gross,MEM000250,FAC000,2026-06-06T15:00:00,71045,86.88,Chennai,CLEAN
CLM-ED7A12ED,1000000154,Dr. Brenda Hall,MEM000458,FAC039,2026-05-09T13:00:00,99214,137.84,Chennai,CLEAN
CLM-0F146E09,1000000149,Dr. Stephanie Manning,MEM000127,FAC047,2026-03-20T11:00:00,71045,81.7,Chennai,CLEAN
CLM-71D744DC,1000000121,Dr. Kenneth Scott,MEM000417,FAC046,2026-04-02T09:00:00,99213,98.11,Chennai,CLEAN
CLM-D800D78F,1000000124,Dr. Helen Jones,MEM000437,FAC030,2026-06-26T10:00:00,93000,59.94,Chennai,CLEAN
CLM-4E2EE3E7,1000000101,Dr. Cameron Parker,MEM000890,FAC008,2026-06-18T17:00:00,93000,63.73,Chennai,CLEAN
CLM-664B015D,1000000055,Dr. Michael Lewis,MEM000418,FAC015,2026-04-21T17:00:00,93000,64.87,Chennai,CLEAN
CLM-D1819D91,1000000170,Dr. Jamie Walton,MEM000366,FAC001,2026-01-23T15:00:00,99214,148.8,Chennai,CLEAN
CLM-E5FB9541,1000000102,Dr. Rebecca Valencia,MEM000176,FAC037,2026-02-10T11:00:00,71045,78.92,Chennai,CLEAN
CLM-1D1B6F2A,1000000113,Dr. Crystal Johnson,MEM000527,FAC044,2026-05-12T09:00:00,93000,62.39,Chennai,CLEAN
CLM-330DE0CE,1000000049,Dr. Eric Carney,MEM000458,FAC041,2026-04-12T10:00:00,71045,87.83,Chennai,CLEAN
CLM-D41C9C12,1000000083,Dr. Paul Jones,MEM000173,FAC011,2026-05-21T17:00:00,93000,54.01,Chennai,CLEAN
CLM-B01CF64D,1000000074,Dr. Amy Silva,MEM000594,FAC037,2026-03-03T14:00:00,93000,60.43,Chennai,CLEAN
CLM-92F3A4CC,1000000034,Dr. Debra Davidson,MEM000331,FAC021,2026-06-09T16:00:00,71045,79.44,Chennai,CLEAN
CLM-424559C8,1000000111,Dr. Shannon Walker,MEM000330,FAC038,2026-05-07T15:00:00,99215,199.1,Chennai,CLEAN
CLM-0FC2421C,1000000048,Dr. Joshua Blair,MEM000934,FAC035,2026-04-05T17:00:00,99213,96.34,Chennai,CLEAN
CLM-BB38938B,1000000018,Dr. Lisa Jackson,MEM000940,FAC045,2026-03-16T10:00:00,71045,73.75,Chennai,CLEAN
CLM-09732253,1000000199,Dr. Nathan Freeman,MEM000396,FAC021,2026-05-04T17:00:00,93000,56.26,Chennai,CLEAN
CLM-422B0B51,1000000017,Dr. Derek Zuniga,MEM000976,FAC008,2026-06-01T14:00:00,71045,77.61,Chennai,CLEAN
CLM-361BEC2C,1000000023,Dr. Tommy Walter,MEM000547,FAC034,2026-04-23T10:00:00,99213,106.83,Chennai,CLEAN
CLM-62DBD5D6,1000000078,Dr. Steve Sanchez,MEM000538,FAC027,2026-01-11T09:00:00,99215,232.05,Chennai,CLEAN
CLM-A3060B7D,1000000001,Dr. Noah Rhodes,MEM000735,FAC038,2026-02-17T13:00:00,99215,224.15,Chennai,CLEAN
CLM-C26240D5,1000000163,Dr. Jeffrey Johnson,MEM000185,FAC033,2026-04-25T17:00:00,71045,77.59,Chennai,CLEAN
CLM-C0F6483F,1000000118,Dr. Victor Baker,MEM000050,FAC040,2026-03-01T09:00:00,99214,152.69,Chennai,CLEAN
CLM-FD9BC4B8,1000000004,Dr. Cristian Santos,MEM000126,FAC006,2026-02-08T14:00:00,99213,91.28,Chennai,CLEAN
CLM-27C4F34F,1000000129,Dr. Megan Orr,MEM000400,FAC040,2026-01-10T16:00:00,99215,205.52,Chennai,CLEAN
CLM-5C637C81,1000000193,Dr. Angelica Keith,MEM000992,FAC001,2026-04-13T14:00:00,99214,164.86,Chennai,CLEAN
CLM-3FD5AFFA,1000000041,Dr. Fred Smith,MEM000232,FAC012,2026-04-15T12:00:00,99213,102.68,Chennai,CLEAN
CLM-849A85AA,1000000004,Dr. Cristian Santos,MEM000393,FAC010,2026-01-11T09:00:00,71045,82.22,Chennai,CLEAN
CLM-572130FD,1000000005,Dr. Connie Lawrence,MEM000962,FAC008,2026-03-08T11:00:00,71045,82.42,Chennai,CLEAN
CLM-95A164D0,1000000108,Dr. Evelyn Galvan,MEM000142,FAC016,2026-06-29T16:00:00,99215,208.53,Chennai,CLEAN
CLM-13EFF2E6,1777777777,Dr. Synthetic-C (Upcoder),MEM000752,FAC040,2026-03-15T09:00:00,99215,219.77,Mumbai,CLEAN
CLM-E35BD0C2,1999999999,Dr. Synthetic-A (Phantom),MEM000706,FAC005,2026-06-14T13:00:00,99215,215.21,Chennai,CLEAN
CLM-5400DD72,1000000169,Dr. Daniel Murphy,MEM000984,FAC038,2026-04-05T15:00:00,71045,76.09,Chennai,CLEAN
CLM-E294789E,1000000184,Dr. Lindsay Martinez,MEM000389,FAC034,2026-05-07T12:00:00,99215,226.42,Chennai,CLEAN
CLM-F0D080C6,1000000064,Dr. Jessica Callahan,MEM000962,FAC023,2026-02-26T13:00:00,99215,229.88,Chennai,CLEAN
CLM-F1755F6C,1000000071,Dr. Whitney Peters,MEM000389,FAC041,2026-04-20T17:00:00,93000,61.95,Chennai,CLEAN
CLM-A450E635,1000000107,Dr. Sierra Johnson,MEM000362,FAC032,2026-02-20T13:00:00,93000,56.38,Chennai,CLEAN
CLM-75898A7F,1000000075,Dr. Sarah Moore,MEM000575,FAC047,2026-02-28T14:00:00,93000,65.34,Chennai,CLEAN
CLM-C8218B8F,1000000161,Dr. Jennifer Adkins,MEM000163,FAC026,2026-05-07T12:00:00,71045,87.66,Chennai,CLEAN
CLM-4B40E00A,1000000076,Dr. Angela Lopez,MEM000530,FAC020,2026-03-03T11:00:00,99213,107.21,Chennai,CLEAN
CLM-BA023521,1000000117,Dr. Ashley Waller,MEM000484,FAC023,2026-05-15T16:00:00,99213,108.49,Chennai,CLEAN
CLM-4131030E,1000000155,Dr. Michelle Brown,MEM000297,FAC015,2026-02-10T15:00:00,93000,60.73,Chennai,CLEAN
CLM-2220EB56,1000000168,Dr. Joel Williams,MEM000849,FAC041,2026-03-06T13:00:00,99214,161.14,Chennai,CLEAN
CLM-6BFA10DA,1000000186,Dr. Jonathan Peterson,MEM000440,FAC038,2026-06-26T14:00:00,93000,54.38,Chennai,CLEAN
CLM-05286072,1000000006,Dr. Abigail Shaffer,MEM000781,FAC046,2026-03-20T14:00:00,99213,97.22,Chennai,CLEAN
CLM-937F2335,1000000184,Dr. Lindsay Martinez,MEM000032,FAC038,2026-02-14T17:00:00,99215,215.64,Chennai,CLEAN
CLM-F0D2E5D6,1000000042,Dr. Sherry Decker,MEM000750,FAC000,2026-01-14T16:00:00,99214,143.41,Chennai,CLEAN
CLM-F73413DE,1000000194,Dr. John Bishop,MEM000617,FAC048,2026-02-20T09:00:00,71045,79.15,Chennai,CLEAN
CLM-EA629959,1000000189,Dr. Jessica Gross,MEM000501,FAC009,2026-06-01T14:00:00,99215,225.94,Chennai,CLEAN
CLM-B1481CAF,1000000088,Dr. Lisa Archer,MEM000682,FAC040,2026-06-25T09:00:00,99214,151.87,Chennai,CLEAN
CLM-5DCE1E0C,1000000007,Dr. Gina Moore,MEM000064,FAC026,2026-02-05T14:00:00,93000,65.91,Chennai,CLEAN
CLM-EDAC21A2,1000000028,Dr. Zachary Hicks,MEM000362,FAC002,2026-06-23T11:00:00,99213,96.0,Chennai,CLEAN
CLM-72BEFED3,1000000087,Dr. Christopher Bass,MEM000023,FAC042,2026-02-17T17:00:00,99213,96.23,Chennai,CLEAN
CLM-000F752A,1000000087,Dr. Christopher Bass,MEM000232,FAC004,2026-02-05T16:00:00,93000,57.18,Chennai,CLEAN
CLM-556833BF,1000000175,Dr. Alex Hernandez,MEM000703,FAC043,2026-06-25T12:00:00,99214,157.52,Chennai,CLEAN
CLM-FA19CC33,1000000158,Dr. Melissa Gates,MEM000879,FAC048,2026-03-26T12:00:00,99213,105.95,Chennai,CLEAN
CLM-5019F2AB,1000000185,Dr. Dr. Hannah Patterson,MEM000927,FAC006,2026-01-29T11:00:00,99214,154.7,Chennai,CLEAN
CLM-9487DCA7,1000000147,Dr. Stephanie Salazar,MEM000029,FAC017,2026-02-12T15:00:00,99215,206.12,Chennai,CLEAN
CLM-4F0644EB,1000000117,Dr. Ashley Waller,MEM000836,FAC016,2026-02-08T17:00:00,71045,85.45,Chennai,CLEAN
CLM-E0F97210,1000000097,Dr. Deborah Figueroa,MEM000927,FAC011,2026-06-20T14:00:00,99213,103.84,Chennai,CLEAN
CLM-46BBB19D,1000000134,Dr. Rebecca Jackson,MEM000372,FAC031,2026-02-27T17:00:00,99214,151.62,Chennai,CLEAN
CLM-BE0F158C,1000000173,Dr. Matthew Harrington,MEM000358,FAC022,2026-03-16T14:00:00,99213,95.19,Chennai,CLEAN
CLM-AAAAC01F,1000000193,Dr. Angelica Keith,MEM000441,FAC002,2026-06-04T10:00:00,93000,56.79,Chennai,CLEAN
CLM-38BCFD6E,1000000024,Dr. Matthew Foster,MEM000080,FAC030,2026-06-20T13:00:00,99215,234.47,Chennai,CLEAN
CLM-D6C055E6,1000000080,Dr. Kelly Donovan,MEM000773,FAC043,2026-02-26T16:00:00,99213,108.48,Chennai,CLEAN
CLM-C65EEF45,1000000106,Dr. Sharon Cherry,MEM000138,FAC030,2026-02-17T17:00:00,99213,98.31,Chennai,CLEAN
CLM-A36144C4,1000000051,Dr. Danny Morgan,MEM000253,FAC028,2026-03-06T15:00:00,99213,109.95,Chennai,CLEAN
CLM-E4E74063,1000000035,Dr. Jeffrey Chavez,MEM000866,FAC005,2026-06-20T14:00:00,71045,77.99,Chennai,CLEAN
CLM-0B6EB00D,1000000108,Dr. Evelyn Galvan,MEM000736,FAC046,2026-02-12T15:00:00,99215,236.85,Chennai,CLEAN
CLM-332D55B9,1000000044,Dr. Angelica Tucker,MEM000771,FAC027,2026-01-08T17:00:00,99215,221.13,Chennai,CLEAN
CLM-9D7BA018,1000000130,Dr. Elizabeth Kelley,MEM000999,FAC041,2026-04-24T15:00:00,99214,135.42,Chennai,CLEAN
CLM-676233B2,1000000159,Dr. Jamie Smith,MEM000955,FAC003,2026-04-19T12:00:00,99213,102.07,Chennai,CLEAN
CLM-2EFC1C67,1000000110,Dr. Richard Rodriguez,MEM000246,FAC001,2026-03-02T14:00:00,99213,98.72,Chennai,CLEAN
CLM-53462842,1000000126,Dr. Michelle Evans,MEM000963,FAC003,2026-03-21T14:00:00,99213,104.25,Chennai,CLEAN
CLM-0A6E2EF5,1000000184,Dr. Lindsay Martinez,MEM000630,FAC037,2026-05-19T11:00:00,99214,162.43,Chennai,CLEAN
CLM-AE19441C,1000000180,Dr. Alexander Collins,MEM000740,FAC026,2026-04-23T12:00:00,99213,108.95,Chennai,CLEAN
CLM-CEBCF89E,1000000194,Dr. John Bishop,MEM000220,FAC017,2026-02-28T17:00:00,93000,60.37,Chennai,CLEAN
CLM-93CC2593,1000000009,Dr. Ryan Munoz,MEM000315,FAC032,2026-03-30T10:00:00,99215,226.61,Chennai,CLEAN
CLM-3861EDF7,1000000014,Dr. Dylan Miller,MEM000148,FAC023,2026-06-05T12:00:00,71045,76.76,Chennai,CLEAN
CLM-F65070BF,1000000011,Dr. Jamie Arnold,MEM000879,FAC043,2026-02-07T17:00:00,99214,158.56,Chennai,CLEAN
CLM-DCD32DCB,1000000060,Dr. Victoria Garcia,MEM000109,FAC015,2026-03-07T11:00:00,71045,77.79,Chennai,CLEAN
CLM-AB22521B,1000000094,Dr. John Whitehead,MEM000452,FAC024,2026-04-30T11:00:00,93000,61.32,Chennai,CLEAN
CLM-43E66C4F,1000000028,Dr. Zachary Hicks,MEM000735,FAC021,2026-03-16T09:00:00,99215,225.66,Chennai,CLEAN
CLM-14D4EE37,1000000049,Dr. Eric Carney,MEM000916,FAC005,2026-05-14T12:00:00,99215,208.94,Chennai,CLEAN
CLM-ABE3C330,1000000157,Dr. Jason Stein,MEM000381,FAC014,2026-01-22T09:00:00,99214,154.93,Chennai,CLEAN
CLM-8DC67CD8,1000000149,Dr. Stephanie Manning,MEM000495,FAC030,2026-01-31T10:00:00,99215,198.7,Chennai,CLEAN
CLM-24467E41,1000000037,Dr. Cassandra Gaines,MEM000699,FAC037,2026-01-30T16:00:00,93000,55.52,Chennai,CLEAN
CLM-D994A4BD,1999999999,Dr. Synthetic-A (Phantom),MEM000982,FAC021,2026-01-17T16:00:00,99214,160.72,Chennai,CLEAN
CLM-66B839F1,1000000130,Dr. Elizabeth Kelley,MEM000114,FAC027,2026-02-06T10:00:00,99213,104.62,Chennai,CLEAN
CLM-05828EB2,1000000125,Dr. Erin Edwards,MEM000234,FAC039,2026-02-09T11:00:00,99213,101.87,Chennai,CLEAN
CLM-CFFB5E03,1000000063,Dr. Donald Wright,MEM000406,FAC036,2026-01-20T14:00:00,71045,75.49,Chennai,CLEAN
CLM-9C2D5D1D,1000000117,Dr. Ashley Waller,MEM000445,FAC049,2026-05-04T10:00:00,99213,97.18,Chennai,CLEAN
CLM-99CCA752,1000000144,Dr. Amber Wright,MEM000526,FAC043,2026-04-26T16:00:00,99213,98.84,Chennai,CLEAN
CLM-559726D3,1000000074,Dr. Amy Silva,MEM000354,FAC038,2026-06-08T10:00:00,99215,235.99,Chennai,CLEAN
CLM-7F22D029,1000000014,Dr. Dylan Miller,MEM000260,FAC017,2026-03-23T09:00:00,99213,106.18,Chennai,CLEAN
CLM-4B347715,1000000045,Dr. Philip Cannon,MEM000006,FAC008,2026-06-15T15:00:00,93000,56.93,Chennai,CLEAN
CLM-9AB79FCD,1000000126,Dr. Michelle Evans,MEM000568,FAC039,2026-01-09T12:00:00,99215,226.07,Chennai,CLEAN
CLM-F46F9455,1000000014,Dr. Dylan Miller,MEM000174,FAC038,2026-03-22T17:00:00,71045,79.24,Chennai,CLEAN
CLM-6E41444A,1000000101,Dr. Cameron Parker,MEM000048,FAC015,2026-06-16T09:00:00,99215,198.37,Chennai,CLEAN
CLM-85098482,1000000199,Dr. Nathan Freeman,MEM000736,FAC013,2026-03-11T15:00:00,71045,82.87,Chennai,CLEAN
CLM-EAEE6605,1000000076,Dr. Angela Lopez,MEM000640,FAC004,2026-05-18T11:00:00,99214,158.66,Chennai,CLEAN
CLM-92ADA7AA,1000000138,Dr. David Alvarez,MEM000517,FAC006,2026-01-12T10:00:00,99214,159.9,Chennai,CLEAN
CLM-0AFCE6FE,1000000170,Dr. Jamie Walton,MEM000135,FAC028,2026-02-14T10:00:00,99213,107.43,Chennai,CLEAN
CLM-BED245E5,1000000080,Dr. Kelly Donovan,MEM000102,FAC015,2026-03-04T13:00:00,71045,72.96,Chennai,CLEAN
CLM-451281E5,1000000139,Dr. Angel Perry,MEM000317,FAC010,2026-02-08T09:00:00,99213,94.7,Chennai,CLEAN
CLM-36EFF6BD,1000000168,Dr. Joel Williams,MEM000560,FAC010,2026-04-03T12:00:00,99214,135.95,Chennai,CLEAN
CLM-417EBB0A,1000000140,Dr. Cheyenne Horton,MEM000757,FAC012,2026-06-25T10:00:00,71045,80.37,Chennai,CLEAN
CLM-3379C501,1000000185,Dr. Dr. Hannah Patterson,MEM000798,FAC040,2026-04-16T12:00:00,71045,85.46,Chennai,CLEAN
CLM-B0F0DFC7,1000000060,Dr. Victoria Garcia,MEM000550,FAC036,2026-06-23T10:00:00,71045,87.85,Chennai,CLEAN
CLM-F4BF4741,1000000188,Dr. Madison Poole,MEM000389,FAC038,2026-01-04T16:00:00,93000,61.11,Chennai,CLEAN
CLM-AA4FCBC9,1000000078,Dr. Steve Sanchez,MEM000663,FAC031,2026-04-20T16:00:00,99214,136.39,Chennai,CLEAN
CLM-0B40EE47,1000000005,Dr. Connie Lawrence,MEM000362,FAC008,2026-01-21T13:00:00,99213,105.61,Chennai,CLEAN
CLM-25F0ADA2,1000000121,Dr. Kenneth Scott,MEM000935,FAC000,2026-04-27T10:00:00,71045,75.86,Chennai,CLEAN
CLM-6DDB642B,1000000143,Dr. Christopher Rubio,MEM000373,FAC001,2026-06-17T17:00:00,93000,57.85,Chennai,CLEAN
CLM-2293535C,1000000046,Dr. John Pierce,MEM000221,FAC029,2026-01-02T17:00:00,99215,201.56,Chennai,CLEAN
CLM-2EEE1F22,1000000028,Dr. Zachary Hicks,MEM000903,FAC049,2026-05-30T10:00:00,93000,57.18,Chennai,CLEAN
CLM-7D415970,1000000164,Dr. Michael Powell,MEM000311,FAC023,2026-03-08T14:00:00,71045,81.69,Chennai,CLEAN
CLM-0D3FBB46,1000000036,Dr. Sherri Baker,MEM000631,FAC025,2026-03-30T14:00:00,71045,85.16,Chennai,CLEAN
CLM-8E456648,1000000153,Dr. Devon Flores,MEM000190,FAC029,2026-04-20T16:00:00,99213,94.73,Chennai,CLEAN
CLM-FD59C647,1000000114,Dr. Garrett Lin,MEM000751,FAC043,2026-01-30T17:00:00,93000,58.98,Chennai,CLEAN
CLM-63CE5545,1000000036,Dr. Sherri Baker,MEM000866,FAC027,2026-03-03T14:00:00,71045,73.7,Chennai,CLEAN
CLM-5029DBEB,1000000189,Dr. Jessica Gross,MEM000411,FAC048,2026-04-08T16:00:00,93000,56.63,Chennai,CLEAN
CLM-E1C0DFC1,1000000006,Dr. Abigail Shaffer,MEM000381,FAC023,2026-05-07T12:00:00,71045,73.58,Chennai,CLEAN
CLM-BAE31E1E,1000000139,Dr. Angel Perry,MEM000866,FAC033,2026-05-03T13:00:00,99213,93.32,Chennai,CLEAN
CLM-90E8C47A,1000000035,Dr. Jeffrey Chavez,MEM000222,FAC043,2026-06-17T13:00:00,71045,87.38,Chennai,CLEAN
CLM-EDCFCD4F,1000000077,Dr. Megan Young,MEM000304,FAC025,2026-04-08T11:00:00,71045,78.79,Chennai,CLEAN
CLM-459DFF11,1000000186,Dr. Jonathan Peterson,MEM000223,FAC000,2026-03-17T10:00:00,99213,106.11,Chennai,CLEAN
CLM-26D4D442,1000000106,Dr. Sharon Cherry,MEM000797,FAC006,2026-06-25T13:00:00,99214,153.79,Chennai,CLEAN
CLM-019B50B5,1000000026,Dr. Justin Baker,MEM000383,FAC011,2026-03-17T17:00:00,99214,138.38,Chennai,CLEAN
CLM-5E9D2C79,1000000101,Dr. Cameron Parker,MEM000544,FAC047,2026-04-18T12:00:00,71045,76.19,Chennai,CLEAN
CLM-95B8F398,1000000006,Dr. Abigail Shaffer,MEM000861,FAC016,2026-04-10T14:00:00,71045,80.62,Chennai,CLEAN
CLM-B5D5AB2D,1000000144,Dr. Amber Wright,MEM000396,FAC037,2026-05-11T16:00:00,99213,94.33,Chennai,CLEAN
CLM-9F4C6C41,1000000141,Dr. David Douglas Jr.,MEM000572,FAC049,2026-03-01T09:00:00,99213,95.57,Chennai,CLEAN
CLM-F457A22C,1000000056,Dr. Timothy Duncan,MEM000498,FAC043,2026-06-04T12:00:00,71045,83.66,Chennai,CLEAN
CLM-0B723D8A,1000000176,Dr. Michael Elliott,MEM000863,FAC005,2026-03-30T11:00:00,99214,158.38,Chennai,CLEAN
CLM-DDC2AD21,1000000180,Dr. Alexander Collins,MEM000970,FAC038,2026-01-30T11:00:00,71045,86.96,Chennai,CLEAN
CLM-6C4D475F,1000000098,Dr. Jessica Smith,MEM000337,FAC038,2026-02-27T13:00:00,99213,90.87,Chennai,CLEAN
CLM-B6AA1D59,1000000067,Dr. Carol Tucker,MEM000051,FAC024,2026-06-25T11:00:00,93000,55.13,Chennai,CLEAN
CLM-A3D2421A,1000000139,Dr. Angel Perry,MEM000462,FAC010,2026-02-02T17:00:00,99214,143.42,Chennai,CLEAN
CLM-C205673C,1000000031,Dr. James Ferrell,MEM000531,FAC012,2026-01-06T10:00:00,93000,55.37,Chennai,CLEAN
CLM-B9E1B42F,1000000178,Dr. Lawrence Adkins,MEM000597,FAC049,2026-04-13T09:00:00,71045,77.35,Chennai,CLEAN
CLM-C1D095B5,1000000114,Dr. Garrett Lin,MEM000538,FAC039,2026-05-14T13:00:00,93000,59.72,Chennai,CLEAN
CLM-11791113,1000000072,Dr. Brittney Phillips,MEM000595,FAC039,2026-04-25T09:00:00,99215,205.09,Chennai,CLEAN
CLM-5D147E08,1000000034,Dr. Debra Davidson,MEM000109,FAC031,2026-02-01T10:00:00,99215,222.04,Chennai,CLEAN
CLM-C8853CC9,1000000104,Dr. Richard Henson,MEM000809,FAC021,2026-04-17T14:00:00,93000,62.85,Chennai,CLEAN
CLM-CB670940,1000000141,Dr. David Douglas Jr.,MEM000634,FAC034,2026-06-19T10:00:00,99213,98.65,Chennai,CLEAN
CLM-D456FFFD,1000000126,Dr. Michelle Evans,MEM000216,FAC040,2026-06-25T14:00:00,71045,85.79,Chennai,CLEAN
CLM-C830DD62,1000000024,Dr. Matthew Foster,MEM000417,FAC012,2026-01-25T11:00:00,93000,59.53,Chennai,CLEAN
CLM-057D7E4C,1000000093,Dr. Christina Walters,MEM000852,FAC022,2026-04-25T11:00:00,71045,73.65,Chennai,CLEAN
CLM-C5B9A8C1,1000000152,Dr. Denise Jones,MEM000312,FAC038,2026-04-16T12:00:00,71045,86.62,Chennai,CLEAN
CLM-793F1F8B,1000000129,Dr. Megan Orr,MEM000072,FAC005,2026-05-27T12:00:00,93000,64.24,Chennai,CLEAN
CLM-1F43DEEE,1000000181,Dr. Tina Sanders,MEM000604,FAC041,2026-05-29T09:00:00,71045,80.49,Chennai,CLEAN
CLM-518871F0,1000000042,Dr. Sherry Decker,MEM000714,FAC003,2026-01-30T12:00:00,99213,99.99,Chennai,CLEAN
CLM-7C46AABC,1000000109,Dr. Sharon Cochran,MEM000505,FAC022,2026-02-18T11:00:00,99213,97.78,Chennai,CLEAN
CLM-96F07BFE,1000000176,Dr. Michael Elliott,MEM000199,FAC026,2026-01-31T12:00:00,99213,99.4,Chennai,CLEAN
CLM-23B8F7AB,1000000134,Dr. Rebecca Jackson,MEM000337,FAC017,2026-05-29T09:00:00,99213,96.21,Chennai,CLEAN
CLM-329494DC,1000000154,Dr. Brenda Hall,MEM000854,FAC003,2026-03-04T16:00:00,99214,153.04,Chennai,CLEAN
CLM-7CE633AE,1000000191,Dr. Karen Graham,MEM000302,FAC023,2026-05-13T14:00:00,93000,56.7,Chennai,CLEAN
CLM-650D0727,1000000177,Dr. Michael Wang,MEM000431,FAC015,2026-06-24T17:00:00,99213,93.06,Chennai,CLEAN
CLM-5CFFAB00,1000000071,Dr. Whitney Peters,MEM000750,FAC013,2026-06-04T11:00:00,99214,162.32,Chennai,CLEAN
CLM-06A6DD2F,1000000198,Dr. Adam Vaughan,MEM000984,FAC021,2026-01-28T16:00:00,99215,201.07,Chennai,CLEAN
CLM-91391FAC,1000000153,Dr. Devon Flores,MEM000717,FAC047,2026-02-17T14:00:00,93000,64.57,Chennai,CLEAN
CLM-F590C6E8,1000000017,Dr. Derek Zuniga,MEM000644,FAC047,2026-03-07T16:00:00,71045,86.37,Chennai,CLEAN
CLM-C4E108C2,1000000027,Dr. Stephanie Ross,MEM000838,FAC045,2026-02-16T12:00:00,71045,84.98,Chennai,CLEAN
CLM-8987D88C,1000000031,Dr. James Ferrell,MEM000712,FAC034,2026-04-12T12:00:00,93000,61.18,Chennai,CLEAN
CLM-1D97CEAF,1000000091,Dr. Brian Rodriguez,MEM000264,FAC006,2026-02-23T17:00:00,99215,212.01,Chennai,CLEAN
CLM-946417AD,1000000024,Dr. Matthew Foster,MEM000321,FAC024,2026-02-25T09:00:00,93000,56.91,Chennai,CLEAN
CLM-8FCACECC,1000000197,Dr. Spencer Haynes,MEM000820,FAC030,2026-06-03T15:00:00,93000,61.94,Chennai,CLEAN
CLM-5A9353C1,1000000086,Dr. Shirley Suarez,MEM000793,FAC039,2026-01-12T15:00:00,99215,213.94,Chennai,CLEAN
CLM-4D0CD28D,1888888888,Dr. Synthetic-B (Teleport),MEM000593,FAC034,2026-04-29T11:00:00,99215,238.25,Chennai,CLEAN
CLM-E705A819,1000000008,Dr. Gabrielle Davis,MEM000575,FAC047,2026-06-06T11:00:00,99213,99.22,Chennai,CLEAN
CLM-2D0FC900,1000000162,Dr. Lindsey Walker,MEM000795,FAC012,2026-03-26T10:00:00,71045,78.41,Chennai,CLEAN
CLM-8740EC16,1000000016,Dr. Holly Wood,MEM000068,FAC013,2026-02-25T16:00:00,99214,163.03,Chennai,CLEAN
CLM-F64DCFE3,1000000115,Dr. Diana May,MEM000029,FAC030,2026-06-27T11:00:00,99213,99.58,Chennai,CLEAN
CLM-F2F7FE00,1000000057,Dr. Richard Aguirre,MEM000723,FAC018,2026-01-03T11:00:00,99215,203.83,Chennai,CLEAN
CLM-223D256B,1000000043,Dr. Anthony Humphrey,MEM000661,FAC010,2026-03-11T10:00:00,93000,60.3,Chennai,CLEAN
CLM-8FB0B9CA,1777777777,Dr. Synthetic-C (Upcoder),MEM000859,FAC046,2026-02-28T09:00:00,71045,82.78,Mumbai,CLEAN
CLM-24360A6A,1000000062,Dr. Connor West,MEM000189,FAC046,2026-03-02T15:00:00,99215,211.58,Chennai,CLEAN
CLM-AC9A21D1,1000000003,Dr. Daniel Wagner,MEM000096,FAC034,2026-01-26T13:00:00,99215,209.81,Chennai,CLEAN
CLM-BD41E290,1000000075,Dr. Sarah Moore,MEM000779,FAC035,2026-03-11T11:00:00,99213,93.15,Chennai,CLEAN
CLM-DE2A7FFD,1000000071,Dr. Whitney Peters,MEM000250,FAC048,2026-04-05T09:00:00,93000,57.69,Chennai,CLEAN
CLM-B18680B9,1000000105,Dr. Marc Moore,MEM000359,FAC044,2026-01-24T10:00:00,93000,59.11,Chennai,CLEAN
CLM-901C52E2,1000000016,Dr. Holly Wood,MEM000344,FAC026,2026-03-12T09:00:00,93000,63.63,Chennai,CLEAN
CLM-5C226E81,1000000072,Dr. Brittney Phillips,MEM000105,FAC019,2026-05-07T14:00:00,99214,153.63,Chennai,CLEAN
CLM-D729C4D7,1000000158,Dr. Melissa Gates,MEM000723,FAC004,2026-02-19T16:00:00,99213,96.4,Chennai,CLEAN
CLM-F9BC831D,1000000162,Dr. Lindsey Walker,MEM000137,FAC019,2026-03-25T10:00:00,93000,54.67,Chennai,CLEAN
CLM-C645DBA2,1000000045,Dr. Philip Cannon,MEM000394,FAC004,2026-06-20T10:00:00,99213,102.86,Chennai,CLEAN
CLM-19EA3A5B,1000000081,Dr. Mike Allen,MEM000392,FAC020,2026-06-07T13:00:00,99214,157.48,Chennai,CLEAN
CLM-55C7E6E6,1000000151,Dr. Pamela Boyd,MEM000179,FAC002,2026-06-12T11:00:00,99214,149.41,Chennai,CLEAN
CLM-53CDAA20,1000000182,Dr. Angela Vaughn,MEM000390,FAC027,2026-05-30T15:00:00,93000,56.08,Chennai,CLEAN
CLM-5EC8575F,1000000042,Dr. Sherry Decker,MEM000583,FAC022,2026-03-01T12:00:00,93000,58.6,Chennai,CLEAN
CLM-F474290F,1000000145,Dr. Joyce Solis,MEM000256,FAC005,2026-01-17T17:00:00,99214,153.26,Chennai,CLEAN
CLM-619B8251,1000000004,Dr. Cristian Santos,MEM000855,FAC039,2026-03-01T13:00:00,99214,143.41,Chennai,CLEAN
CLM-8AE17E86,1000000161,Dr. Jennifer Adkins,MEM000879,FAC009,2026-03-17T09:00:00,71045,78.79,Chennai,CLEAN
CLM-CA312BBD,1000000045,Dr. Philip Cannon,MEM000524,FAC047,2026-02-18T13:00:00,71045,75.06,Chennai,CLEAN
CLM-50933C28,1000000076,Dr. Angela Lopez,MEM000690,FAC033,2026-05-18T12:00:00,99214,142.72,Chennai,CLEAN
CLM-BA963810,1000000120,Dr. Larry Dixon,MEM000379,FAC006,2026-05-15T15:00:00,71045,86.44,Chennai,CLEAN
CLM-302F8505,1000000065,Dr. Amber Kidd,MEM000749,FAC002,2026-05-10T15:00:00,99215,233.73,Chennai,CLEAN
CLM-8B9D1D85,1000000044,Dr. Angelica Tucker,MEM000291,FAC015,2026-05-24T11:00:00,71045,87.1,Chennai,CLEAN
CLM-E58B0107,1000000034,Dr. Debra Davidson,MEM000567,FAC021,2026-03-29T09:00:00,71045,76.3,Chennai,CLEAN
CLM-CB19E3F5,1000000087,Dr. Christopher Bass,MEM000840,FAC001,2026-05-28T14:00:00,99214,164.22,Chennai,CLEAN
CLM-1F703942,1000000143,Dr. Christopher Rubio,MEM000648,FAC033,2026-06-09T14:00:00,93000,57.26,Chennai,CLEAN
CLM-39424ABA,1000000122,Dr. April Frost,MEM000863,FAC040,2026-01-03T12:00:00,93000,59.12,Chennai,CLEAN
CLM-9CFB0455,1000000154,Dr. Brenda Hall,MEM000894,FAC027,2026-03-14T14:00:00,99214,144.68,Chennai,CLEAN
CLM-70CCBBC6,1000000024,Dr. Matthew Foster,MEM000859,FAC030,2026-04-14T14:00:00,99213,95.17,Chennai,CLEAN
CLM-A993CD3F,1000000031,Dr. James Ferrell,MEM000821,FAC035,2026-05-14T12:00:00,99213,90.75,Chennai,CLEAN
CLM-730FD390,1000000151,Dr. Pamela Boyd,MEM000817,FAC037,2026-03-29T13:00:00,99214,151.51,Chennai,CLEAN
CLM-7669DE11,1000000116,Dr. William Herrera,MEM000217,FAC017,2026-03-14T15:00:00,71045,80.26,Chennai,CLEAN
CLM-CA43615E,1000000111,Dr. Shannon Walker,MEM000440,FAC028,2026-05-31T17:00:00,93000,60.95,Chennai,CLEAN
CLM-17898F1F,1000000116,Dr. William Herrera,MEM000016,FAC026,2026-06-29T10:00:00,71045,83.2,Chennai,CLEAN
CLM-4EFF94B9,1000000164,Dr. Michael Powell,MEM000022,FAC027,2026-05-30T09:00:00,99213,106.93,Chennai,CLEAN
CLM-A321201E,1000000159,Dr. Jamie Smith,MEM000450,FAC005,2026-01-21T09:00:00,99214,158.95,Chennai,CLEAN
CLM-99EA287B,1000000066,Dr. Tracy House,MEM000815,FAC045,2026-04-25T10:00:00,99215,215.26,Chennai,CLEAN
CLM-3E7BD96E,1000000091,Dr. Brian Rodriguez,MEM000428,FAC027,2026-03-25T09:00:00,99215,201.37,Chennai,CLEAN
CLM-6CB939FD,1000000186,Dr. Jonathan Peterson,MEM000517,FAC027,2026-01-06T10:00:00,71045,79.86,Chennai,CLEAN
CLM-0AAE7A04,1000000074,Dr. Amy Silva,MEM000267,FAC036,2026-06-24T11:00:00,99214,143.52,Chennai,CLEAN
CLM-5888B55C,1000000053,Dr. Mark Perez,MEM000992,FAC023,2026-06-06T15:00:00,93000,60.21,Chennai,CLEAN
CLM-3B369A3F,1000000004,Dr. Cristian Santos,MEM000904,FAC017,2026-03-24T09:00:00,99215,232.39,Chennai,CLEAN
CLM-3550A341,1000000104,Dr. Richard Henson,MEM000877,FAC045,2026-05-28T12:00:00,71045,77.49,Chennai,CLEAN
CLM-B81F1051,1000000011,Dr. Jamie Arnold,MEM000138,FAC045,2026-03-09T11:00:00,93000,59.22,Chennai,CLEAN
CLM-0B74E1D0,1000000120,Dr. Larry Dixon,MEM000851,FAC044,2026-05-18T11:00:00,99215,233.27,Chennai,CLEAN
CLM-717B04F2,1000000031,Dr. James Ferrell,MEM000307,FAC002,2026-02-03T14:00:00,99213,109.61,Chennai,CLEAN
CLM-666F620A,1000000174,Dr. Nicole Herring,MEM000879,FAC015,2026-05-18T14:00:00,71045,78.85,Chennai,CLEAN
CLM-1D101A04,1000000044,Dr. Angelica Tucker,MEM000773,FAC024,2026-03-19T17:00:00,99213,102.58,Chennai,CLEAN
CLM-6F7D8708,1000000194,Dr. John Bishop,MEM000774,FAC015,2026-05-13T13:00:00,93000,56.93,Chennai,CLEAN
CLM-E9F8EB0F,1000000191,Dr. Karen Graham,MEM000416,FAC035,2026-01-14T15:00:00,99214,144.69,Chennai,CLEAN
CLM-C39B29D5,1000000089,Dr. Aimee Montoya,MEM000226,FAC001,2026-01-22T09:00:00,99213,107.0,Chennai,CLEAN
CLM-7D3DAA13,1000000036,Dr. Sherri Baker,MEM000449,FAC035,2026-05-28T15:00:00,93000,58.0,Chennai,CLEAN
CLM-D38A9BD2,1000000156,Dr. Joshua Perry,MEM000664,FAC013,2026-01-01T13:00:00,93000,64.32,Chennai,CLEAN
CLM-8F1BD679,1000000037,Dr. Cassandra Gaines,MEM000928,FAC045,2026-05-06T16:00:00,99215,221.06,Chennai,CLEAN
CLM-BB224196,1000000194,Dr. John Bishop,MEM000486,FAC003,2026-02-25T15:00:00,99215,216.26,Chennai,CLEAN
CLM-D4ADC77B,1000000013,Dr. Michele Williams,MEM000968,FAC012,2026-04-19T12:00:00,99215,211.38,Chennai,CLEAN
CLM-179A2AA2,1000000072,Dr. Brittney Phillips,MEM000216,FAC040,2026-06-02T13:00:00,71045,80.14,Chennai,CLEAN
CLM-C1942334,1000000153,Dr. Devon Flores,MEM000386,FAC047,2026-03-04T12:00:00,99213,100.74,Chennai,CLEAN
CLM-8CD3BBE2,1000000172,Dr. Joshua Cooke,MEM000986,FAC009,2026-02-20T12:00:00,99215,217.35,Chennai,CLEAN
CLM-CE6372E7,1000000107,Dr. Sierra Johnson,MEM000090,FAC030,2026-01-13T16:00:00,99214,160.15,Chennai,CLEAN
CLM-5C56111B,1000000114,Dr. Garrett Lin,MEM000308,FAC017,2026-04-02T16:00:00,71045,86.18,Chennai,CLEAN
CLM-83387276,1000000044,Dr. Angelica Tucker,MEM000691,FAC026,2026-02-04T15:00:00,99214,163.3,Chennai,CLEAN
CLM-3BE8E2C7,1000000113,Dr. Crystal Johnson,MEM000551,FAC020,2026-06-28T09:00:00,93000,61.37,Chennai,CLEAN
CLM-718B7C8C,1000000141,Dr. David Douglas Jr.,MEM000936,FAC038,2026-05-06T16:00:00,99215,232.48,Chennai,CLEAN
CLM-F29ADEE0,1000000197,Dr. Spencer Haynes,MEM000879,FAC023,2026-06-06T13:00:00,99215,226.6,Chennai,CLEAN
CLM-B62114D7,1000000073,Dr. Lauren Daniels,MEM000859,FAC032,2026-03-27T11:00:00,93000,58.25,Chennai,CLEAN
CLM-6EB7201B,1000000048,Dr. Joshua Blair,MEM000456,FAC047,2026-04-28T13:00:00,99213,109.25,Chennai,CLEAN
CLM-20626074,1999999999,Dr. Synthetic-A (Phantom),MEM000245,FAC030,2026-04-10T16:00:00,71045,80.92,Chennai,CLEAN
CLM-9926007E,1000000072,Dr. Brittney Phillips,MEM000025,FAC016,2026-02-08T09:00:00,71045,78.74,Chennai,CLEAN
CLM-D4D11134,1000000090,Dr. Matthew Mcmillan,MEM000082,FAC019,2026-06-02T16:00:00,99215,206.79,Chennai,CLEAN
CLM-C268E38E,1000000022,Dr. Ethan Adams,MEM000077,FAC020,2026-05-01T12:00:00,99214,136.78,Chennai,CLEAN
CLM-21B0B6C1,1000000150,Dr. David Wright,MEM000059,FAC002,2026-06-14T09:00:00,93000,64.21,Chennai,CLEAN
CLM-E9AA997E,1000000189,Dr. Jessica Gross,MEM000034,FAC026,2026-04-06T15:00:00,99215,229.94,Chennai,CLEAN
CLM-115D2F7C,1000000038,Dr. Elizabeth Fowler,MEM000247,FAC047,2026-03-16T13:00:00,99215,208.74,Chennai,CLEAN
CLM-6065C73C,1000000085,Dr. Daniel Baker,MEM000670,FAC042,2026-04-19T14:00:00,99214,145.26,Chennai,CLEAN
CLM-097FE3B6,1000000046,Dr. John Pierce,MEM000935,FAC012,2026-06-23T11:00:00,71045,78.88,Chennai,CLEAN
CLM-FA7597AD,1000000008,Dr. Gabrielle Davis,MEM000646,FAC043,2026-06-21T09:00:00,99213,95.2,Chennai,CLEAN
CLM-74F13467,1000000007,Dr. Gina Moore,MEM000875,FAC036,2026-01-21T10:00:00,99213,104.71,Chennai,CLEAN
CLM-8652CD04,1000000078,Dr. Steve Sanchez,MEM000598,FAC048,2026-06-20T14:00:00,71045,73.24,Chennai,CLEAN
CLM-11A122CF,1000000153,Dr. Devon Flores,MEM000705,FAC048,2026-06-03T17:00:00,93000,61.1,Chennai,CLEAN
CLM-C70BFA25,1000000102,Dr. Rebecca Valencia,MEM000853,FAC020,2026-01-21T10:00:00,93000,55.22,Chennai,CLEAN
CLM-5C57F738,1000000081,Dr. Mike Allen,MEM000514,FAC013,2026-04-25T13:00:00,71045,78.82,Chennai,CLEAN
CLM-B7722B8D,1000000079,Dr. Lisa Barnes,MEM000747,FAC019,2026-05-01T16:00:00,71045,86.77,Chennai,CLEAN
CLM-C026A463,1000000130,Dr. Elizabeth Kelley,MEM000658,FAC048,2026-06-15T15:00:00,93000,59.84,Chennai,CLEAN
CLM-B116DA65,1000000000,Dr. Allison Hill,MEM000287,FAC046,2026-04-29T15:00:00,71045,82.74,Chennai,CLEAN
CLM-28E11B40,1999999999,Dr. Synthetic-A (Phantom),MEM000853,FAC024,2026-05-21T11:00:00,93000,54.19,Chennai,CLEAN
CLM-32F80BBE,1000000095,Dr. Anna Henderson,MEM000729,FAC008,2026-04-05T15:00:00,99215,241.03,Chennai,CLEAN
CLM-6B132D40,1000000150,Dr. David Wright,MEM000383,FAC001,2026-05-15T10:00:00,99215,229.61,Chennai,CLEAN
CLM-25B318A0,1000000179,Dr. Robert Oconnell,MEM000238,FAC044,2026-03-01T09:00:00,99214,152.23,Chennai,CLEAN
CLM-B1175860,1000000047,Dr. Shane Henderson,MEM000508,FAC027,2026-03-15T09:00:00,99215,210.24,Chennai,CLEAN
CLM-5274D0DA,1000000123,Dr. Michelle Harmon,MEM000696,FAC015,2026-06-09T17:00:00,71045,74.8,Chennai,CLEAN
CLM-CCDF48F9,1000000039,Dr. Brittany Farmer,MEM000068,FAC016,2026-01-15T14:00:00,99213,94.33,Chennai,CLEAN
CLM-6EB8FA1A,1000000022,Dr. Ethan Adams,MEM000544,FAC024,2026-04-07T09:00:00,99215,219.32,Chennai,CLEAN
CLM-3B9DEC3D,1000000115,Dr. Diana May,MEM000888,FAC015,2026-02-24T17:00:00,93000,64.06,Chennai,CLEAN
CLM-C9A34817,1000000064,Dr. Jessica Callahan,MEM000464,FAC046,2026-05-09T14:00:00,99214,142.83,Chennai,CLEAN
CLM-07B0917B,1000000076,Dr. Angela Lopez,MEM000885,FAC019,2026-02-02T09:00:00,99214,144.82,Chennai,CLEAN
CLM-00A3B77D,1000000067,Dr. Carol Tucker,MEM000288,FAC006,2026-01-05T11:00:00,99214,158.49,Chennai,CLEAN
CLM-B57ED90A,1000000123,Dr. Michelle Harmon,MEM000660,FAC014,2026-04-02T10:00:00,93000,64.99,Chennai,CLEAN
CLM-10A37AC3,1000000174,Dr. Nicole Herring,MEM000716,FAC048,2026-04-15T15:00:00,99215,238.73,Chennai,CLEAN
CLM-E342E50A,1000000127,Dr. Jason Powell,MEM000490,FAC019,2026-01-25T12:00:00,99213,109.39,Chennai,CLEAN
CLM-B07DF934,1000000093,Dr. Christina Walters,MEM000078,FAC032,2026-06-22T12:00:00,99213,92.83,Chennai,CLEAN
CLM-8052CBA1,1000000131,Dr. Dustin Jordan,MEM000382,FAC012,2026-03-10T15:00:00,99215,221.52,Chennai,CLEAN
CLM-21BA1E88,1000000020,Dr. Margaret Hawkins DDS,MEM000357,FAC013,2026-06-09T17:00:00,93000,58.38,Chennai,CLEAN
CLM-6D6092C3,1000000042,Dr. Sherry Decker,MEM000710,FAC007,2026-05-06T17:00:00,93000,57.93,Chennai,CLEAN
CLM-2D5E8300,1000000159,Dr. Jamie Smith,MEM000826,FAC039,2026-01-15T17:00:00,99215,229.06,Chennai,CLEAN
CLM-2FFF3BDE,1000000173,Dr. Matthew Harrington,MEM000812,FAC004,2026-02-13T17:00:00,71045,77.28,Chennai,CLEAN
CLM-D43740F3,1000000132,Dr. Mary Marshall,MEM000859,FAC007,2026-04-07T16:00:00,99215,231.35,Chennai,CLEAN
CLM-030A4A22,1000000045,Dr. Philip Cannon,MEM000220,FAC034,2026-02-22T10:00:00,93000,56.64,Chennai,CLEAN
CLM-837642DD,1000000136,Dr. Robert Potter,MEM000780,FAC036,2026-01-24T17:00:00,99213,104.65,Chennai,CLEAN
CLM-47731C95,1000000050,Dr. Jessica Holmes,MEM000983,FAC034,2026-01-17T13:00:00,71045,75.03,Chennai,CLEAN
CLM-167A9F67,1000000032,Dr. Tricia Valencia,MEM000720,FAC038,2026-02-14T13:00:00,99214,138.08,Chennai,CLEAN
CLM-4B97A180,1000000155,Dr. Michelle Brown,MEM000897,FAC023,2026-05-28T16:00:00,99214,164.34,Chennai,CLEAN
CLM-16857098,1000000013,Dr. Michele Williams,MEM000860,FAC037,2026-01-27T11:00:00,99213,100.3,Chennai,CLEAN
CLM-99D573A0,1000000039,Dr. Brittany Farmer,MEM000483,FAC012,2026-03-17T10:00:00,99213,95.91,Chennai,CLEAN
CLM-E329753A,1000000102,Dr. Rebecca Valencia,MEM000090,FAC012,2026-03-05T10:00:00,99215,236.84,Chennai,CLEAN
CLM-F5F5B98E,1000000091,Dr. Brian Rodriguez,MEM000371,FAC012,2026-01-14T10:00:00,99215,207.83,Chennai,CLEAN
CLM-70AC9DA2,1000000048,Dr. Joshua Blair,MEM000060,FAC019,2026-03-17T09:00:00,71045,79.06,Chennai,CLEAN
CLM-3C1837C2,1000000022,Dr. Ethan Adams,MEM000687,FAC045,2026-01-26T09:00:00,93000,66.0,Chennai,CLEAN
CLM-E21E921B,1000000189,Dr. Jessica Gross,MEM000417,FAC023,2026-06-07T17:00:00,99215,227.2,Chennai,CLEAN
CLM-57228AFE,1000000080,Dr. Kelly Donovan,MEM000327,FAC029,2026-04-15T15:00:00,99214,157.48,Chennai,CLEAN
CLM-B5A18662,1000000078,Dr. Steve Sanchez,MEM000333,FAC019,2026-01-31T17:00:00,99214,152.93,Chennai,CLEAN
CLM-DF36D648,1000000025,Dr. Judy Baker,MEM000144,FAC026,2026-06-07T13:00:00,99215,204.72,Chennai,CLEAN
CLM-10BA9B00,1000000106,Dr. Sharon Cherry,MEM000314,FAC043,2026-01-22T10:00:00,99213,98.39,Chennai,CLEAN
CLM-D9943A12,1000000026,Dr. Justin Baker,MEM000939,FAC044,2026-04-08T15:00:00,93000,55.12,Chennai,CLEAN
CLM-77A6485C,1000000015,Dr. Brian Ramirez,MEM000916,FAC048,2026-06-29T17:00:00,99214,139.8,Chennai,CLEAN
CLM-F6DB323A,1000000064,Dr. Jessica Callahan,MEM000137,FAC047,2026-02-01T15:00:00,93000,55.7,Chennai,CLEAN
CLM-9EF38A28,1000000128,Dr. Cameron Fisher,MEM000947,FAC008,2026-02-08T10:00:00,71045,77.69,Chennai,CLEAN
CLM-505535C2,1000000163,Dr. Jeffrey Johnson,MEM000411,FAC010,2026-06-16T15:00:00,93000,60.82,Chennai,CLEAN
CLM-881D3373,1000000097,Dr. Deborah Figueroa,MEM000977,FAC009,2026-01-08T17:00:00,99214,153.94,Chennai,CLEAN
CLM-4567938B,1000000127,Dr. Jason Powell,MEM000586,FAC045,2026-01-23T09:00:00,99213,96.91,Chennai,CLEAN
CLM-8B218D89,1000000058,Dr. Brent Jordan,MEM000142,FAC042,2026-06-12T14:00:00,71045,74.07,Chennai,CLEAN
CLM-E4D56768,1000000033,Dr. Nathan Maldonado,MEM000564,FAC040,2026-04-27T09:00:00,99214,139.74,Chennai,CLEAN
CLM-F3B079B9,1000000007,Dr. Gina Moore,MEM000047,FAC041,2026-06-19T16:00:00,99215,222.59,Chennai,CLEAN
CLM-0B56A6C5,1000000157,Dr. Jason Stein,MEM000505,FAC047,2026-02-02T13:00:00,99214,151.7,Chennai,CLEAN
CLM-EF946159,1000000031,Dr. James Ferrell,MEM000148,FAC039,2026-03-31T10:00:00,99215,212.73,Chennai,CLEAN
CLM-C3DB314D,1000000183,Dr. Ashley Barton,MEM000830,FAC002,2026-03-26T17:00:00,99213,104.13,Chennai,CLEAN
CLM-2EC96254,1000000037,Dr. Cassandra Gaines,MEM000935,FAC040,2026-05-13T15:00:00,99213,106.12,Chennai,CLEAN
CLM-48830265,1000000011,Dr. Jamie Arnold,MEM000294,FAC035,2026-01-08T11:00:00,99214,142.86,Chennai,CLEAN
CLM-2D79777F,1000000107,Dr. Sierra Johnson,MEM000801,FAC022,2026-03-18T16:00:00,99215,217.85,Chennai,CLEAN
CLM-3D82A07D,1000000102,Dr. Rebecca Valencia,MEM000709,FAC038,2026-03-29T09:00:00,93000,54.28,Chennai,CLEAN
CLM-5AACFD81,1000000021,Dr. Patty Perez,MEM000649,FAC032,2026-05-30T17:00:00,99215,217.17,Chennai,CLEAN
CLM-D3C79DCA,1000000176,Dr. Michael Elliott,MEM000265,FAC013,2026-01-10T10:00:00,71045,77.27,Chennai,CLEAN
CLM-A1FABC38,1000000090,Dr. Matthew Mcmillan,MEM000441,FAC008,2026-02-26T17:00:00,93000,59.91,Chennai,CLEAN
CLM-F12938A6,1000000130,Dr. Elizabeth Kelley,MEM000948,FAC032,2026-04-24T15:00:00,99215,216.72,Chennai,CLEAN
CLM-F5BF453E,1000000157,Dr. Jason Stein,MEM000638,FAC015,2026-01-19T12:00:00,71045,82.54,Chennai,CLEAN
CLM-926D097A,1000000013,Dr. Michele Williams,MEM000426,FAC041,2026-02-02T11:00:00,93000,54.28,Chennai,CLEAN
CLM-C660AF44,1000000022,Dr. Ethan Adams,MEM000100,FAC046,2026-02-19T17:00:00,71045,72.15,Chennai,CLEAN
CLM-2A373300,1000000071,Dr. Whitney Peters,MEM000493,FAC037,2026-03-12T16:00:00,99213,105.07,Chennai,CLEAN
CLM-08280058,1000000157,Dr. Jason Stein,MEM000015,FAC013,2026-05-11T09:00:00,99214,144.88,Chennai,CLEAN
CLM-1A509529,1000000194,Dr. John Bishop,MEM000738,FAC046,2026-03-07T17:00:00,93000,63.57,Chennai,CLEAN
CLM-50BEDD8A,1000000195,Dr. Allen Rosales,MEM000330,FAC046,2026-03-04T17:00:00,99214,163.52,Chennai,CLEAN
CLM-1176C2B2,1000000145,Dr. Joyce Solis,MEM000296,FAC019,2026-01-19T10:00:00,99215,218.22,Chennai,CLEAN
CLM-4E3A56A3,1000000144,Dr. Amber Wright,MEM000748,FAC003,2026-04-03T12:00:00,99215,217.38,Chennai,CLEAN
CLM-6F9FA00F,1000000143,Dr. Christopher Rubio,MEM000245,FAC037,2026-04-02T10:00:00,71045,79.59,Chennai,CLEAN
CLM-28E71CCD,1000000163,Dr. Jeffrey Johnson,MEM000057,FAC036,2026-03-26T12:00:00,99214,154.73,Chennai,CLEAN
CLM-824ABFA7,1000000100,Dr. Sandra Aguilar,MEM000505,FAC000,2026-05-23T13:00:00,93000,63.11,Chennai,CLEAN
CLM-28D685C6,1000000103,Dr. Christine Wright,MEM000834,FAC040,2026-05-16T15:00:00,99215,214.72,Chennai,CLEAN
CLM-3FA67CD6,1000000169,Dr. Daniel Murphy,MEM000152,FAC037,2026-02-12T14:00:00,93000,61.96,Chennai,CLEAN
CLM-6AD207C1,1000000040,Dr. Paula Moreno,MEM000538,FAC010,2026-05-18T09:00:00,99213,100.54,Chennai,CLEAN
CLM-727FD4BB,1000000039,Dr. Brittany Farmer,MEM000251,FAC023,2026-02-23T09:00:00,71045,86.37,Chennai,CLEAN
CLM-367F7899,1000000131,Dr. Dustin Jordan,MEM000351,FAC027,2026-05-18T13:00:00,71045,79.76,Chennai,CLEAN
CLM-365ECC85,1000000104,Dr. Richard Henson,MEM000654,FAC031,2026-05-09T09:00:00,93000,65.39,Chennai,CLEAN
CLM-91CC8734,1000000071,Dr. Whitney Peters,MEM000331,FAC035,2026-02-26T16:00:00,99215,230.3,Chennai,CLEAN
CLM-6FCDD0D8,1000000147,Dr. Stephanie Salazar,MEM000333,FAC036,2026-05-02T14:00:00,99214,137.38,Chennai,CLEAN
CLM-A9284731,1000000091,Dr. Brian Rodriguez,MEM000651,FAC012,2026-01-21T16:00:00,99215,237.48,Chennai,CLEAN
CLM-F1AF7761,1000000175,Dr. Alex Hernandez,MEM000806,FAC045,2026-03-26T11:00:00,93000,62.4,Chennai,CLEAN
CLM-49EC2714,1000000125,Dr. Erin Edwards,MEM000281,FAC034,2026-04-28T13:00:00,99213,109.34,Chennai,CLEAN
CLM-6962EA17,1000000016,Dr. Holly Wood,MEM000722,FAC040,2026-03-16T17:00:00,71045,82.94,Chennai,CLEAN
CLM-1800D4EF,1000000040,Dr. Paula Moreno,MEM000438,FAC028,2026-03-24T10:00:00,99213,105.8,Chennai,CLEAN
CLM-0717CC05,1000000158,Dr. Melissa Gates,MEM000504,FAC027,2026-03-07T14:00:00,99214,143.05,Chennai,CLEAN
CLM-38C97F49,1000000104,Dr. Richard Henson,MEM000364,FAC020,2026-01-19T14:00:00,71045,76.97,Chennai,CLEAN
CLM-7E1039E8,1000000028,Dr. Zachary Hicks,MEM000626,FAC025,2026-04-23T17:00:00,93000,59.12,Chennai,CLEAN
CLM-849A45FE,1000000184,Dr. Lindsay Martinez,MEM000008,FAC003,2026-05-25T12:00:00,99215,230.4,Chennai,CLEAN
CLM-89816721,1000000047,Dr. Shane Henderson,MEM000062,FAC007,2026-04-12T12:00:00,99213,91.72,Chennai,CLEAN
CLM-522E6D6F,1000000188,Dr. Madison Poole,MEM000335,FAC036,2026-05-02T11:00:00,99214,162.66,Chennai,CLEAN
CLM-D9433569,1000000037,Dr. Cassandra Gaines,MEM000129,FAC033,2026-03-13T17:00:00,99214,144.16,Chennai,CLEAN
CLM-C83AB45D,1000000169,Dr. Daniel Murphy,MEM000614,FAC010,2026-05-03T15:00:00,71045,80.85,Chennai,CLEAN
CLM-71AE160E,1000000145,Dr. Joyce Solis,MEM000643,FAC033,2026-03-07T15:00:00,99213,109.1,Chennai,CLEAN
CLM-BF1DE018,1000000162,Dr. Lindsey Walker,MEM000895,FAC032,2026-01-09T13:00:00,99213,105.87,Chennai,CLEAN
CLM-1C2673BD,1000000050,Dr. Jessica Holmes,MEM000931,FAC019,2026-05-22T09:00:00,99213,106.77,Chennai,CLEAN
CLM-D40DE195,1000000085,Dr. Daniel Baker,MEM000891,FAC014,2026-04-23T12:00:00,99215,232.96,Chennai,CLEAN
CLM-C8B4E19E,1000000134,Dr. Rebecca Jackson,MEM000408,FAC025,2026-05-05T10:00:00,99215,212.36,Chennai,CLEAN
CLM-765ADD09,1000000069,Dr. William Baker,MEM000426,FAC001,2026-03-30T12:00:00,93000,55.85,Chennai,CLEAN
CLM-A0629CD6,1000000100,Dr. Sandra Aguilar,MEM000041,FAC039,2026-04-22T16:00:00,99215,238.98,Chennai,CLEAN
CLM-CCD81B04,1000000103,Dr. Christine Wright,MEM000648,FAC044,2026-02-05T16:00:00,99214,136.44,Chennai,CLEAN
CLM-16583436,1000000085,Dr. Daniel Baker,MEM000767,FAC013,2026-04-12T13:00:00,93000,60.88,Chennai,CLEAN
CLM-EE7B28ED,1000000027,Dr. Stephanie Ross,MEM000613,FAC044,2026-02-09T17:00:00,99215,215.99,Chennai,CLEAN
CLM-63F830BC,1000000189,Dr. Jessica Gross,MEM000641,FAC043,2026-02-09T17:00:00,99215,230.47,Chennai,CLEAN
CLM-CDF3DD0F,1000000043,Dr. Anthony Humphrey,MEM000087,FAC022,2026-03-24T12:00:00,93000,56.95,Chennai,CLEAN
CLM-3A5D9A19,1000000005,Dr. Connie Lawrence,MEM000689,FAC031,2026-04-27T14:00:00,99215,222.16,Chennai,CLEAN
CLM-95E77243,1000000022,Dr. Ethan Adams,MEM000936,FAC010,2026-04-09T11:00:00,71045,76.16,Chennai,CLEAN
CLM-EAEFE48E,1000000155,Dr. Michelle Brown,MEM000379,FAC025,2026-05-03T17:00:00,99215,210.7,Chennai,CLEAN
CLM-12D392E4,1000000101,Dr. Cameron Parker,MEM000002,FAC028,2026-05-24T09:00:00,71045,85.28,Chennai,CLEAN
CLM-326A1811,1000000021,Dr. Patty Perez,MEM000682,FAC036,2026-06-28T10:00:00,93000,60.06,Chennai,CLEAN
CLM-C17893B6,1000000116,Dr. William Herrera,MEM000494,FAC023,2026-04-05T10:00:00,99214,152.18,Chennai,CLEAN
CLM-461E5CD6,1000000176,Dr. Michael Elliott,MEM000283,FAC019,2026-01-25T13:00:00,93000,63.37,Chennai,CLEAN
CLM-CE86986E,1000000086,Dr. Shirley Suarez,MEM000210,FAC043,2026-01-26T15:00:00,99215,225.28,Chennai,CLEAN
CLM-ABBBF4CC,1000000045,Dr. Philip Cannon,MEM000532,FAC048,2026-06-22T12:00:00,93000,63.37,Chennai,CLEAN
CLM-57629E1D,1000000086,Dr. Shirley Suarez,MEM000678,FAC036,2026-05-02T13:00:00,71045,79.12,Chennai,CLEAN
CLM-BB85F061,1000000089,Dr. Aimee Montoya,MEM000388,FAC049,2026-03-23T09:00:00,71045,72.3,Chennai,CLEAN
CLM-D7454BD1,1000000083,Dr. Paul Jones,MEM000310,FAC046,2026-06-06T13:00:00,99214,154.16,Chennai,CLEAN
CLM-64EC71EC,1000000078,Dr. Steve Sanchez,MEM000227,FAC049,2026-04-21T17:00:00,71045,82.52,Chennai,CLEAN
CLM-CDC036E0,1000000026,Dr. Justin Baker,MEM000344,FAC026,2026-05-25T11:00:00,99214,156.78,Chennai,CLEAN
CLM-7937E1F7,1000000149,Dr. Stephanie Manning,MEM000272,FAC049,2026-06-06T09:00:00,71045,78.48,Chennai,CLEAN
CLM-9880809B,1000000177,Dr. Michael Wang,MEM000246,FAC019,2026-01-29T14:00:00,99214,145.8,Chennai,CLEAN
CLM-53DAA7B3,1000000118,Dr. Victor Baker,MEM000477,FAC007,2026-01-14T09:00:00,99213,92.46,Chennai,CLEAN
CLM-6C0D9B23,1000000085,Dr. Daniel Baker,MEM000658,FAC016,2026-04-29T16:00:00,99214,157.99,Chennai,CLEAN
CLM-B968E502,1000000157,Dr. Jason Stein,MEM000984,FAC016,2026-03-03T10:00:00,99215,228.55,Chennai,CLEAN
CLM-065008F0,1000000123,Dr. Michelle Harmon,MEM000136,FAC011,2026-04-01T14:00:00,71045,87.39,Chennai,CLEAN
CLM-845AF4FC,1000000086,Dr. Shirley Suarez,MEM000410,FAC016,2026-01-27T12:00:00,99215,209.9,Chennai,CLEAN
CLM-B8B6720C,1000000187,Dr. Samantha Garcia,MEM000649,FAC031,2026-03-21T10:00:00,71045,80.54,Chennai,CLEAN
CLM-ED4FE386,1000000166,Dr. Alyssa Long,MEM000383,FAC029,2026-02-24T14:00:00,99214,142.13,Chennai,CLEAN
CLM-5DDD0767,1000000037,Dr. Cassandra Gaines,MEM000549,FAC023,2026-04-06T14:00:00,93000,54.21,Chennai,CLEAN
CLM-93D163AD,1000000198,Dr. Adam Vaughan,MEM000690,FAC047,2026-05-30T14:00:00,71045,83.95,Chennai,CLEAN
CLM-B364186E,1000000077,Dr. Megan Young,MEM000852,FAC031,2026-04-03T17:00:00,99213,103.07,Chennai,CLEAN
CLM-8441C328,1000000103,Dr. Christine Wright,MEM000045,FAC009,2026-05-16T13:00:00,99213,105.53,Chennai,CLEAN
CLM-6901EBA1,1000000105,Dr. Marc Moore,MEM000171,FAC015,2026-02-24T13:00:00,71045,72.03,Chennai,CLEAN
CLM-4A30E5B0,1000000004,Dr. Cristian Santos,MEM000476,FAC006,2026-03-06T15:00:00,93000,65.97,Chennai,CLEAN
CLM-6EA43656,1000000113,Dr. Crystal Johnson,MEM000648,FAC045,2026-01-25T13:00:00,71045,82.71,Chennai,CLEAN
CLM-BC113784,1000000125,Dr. Erin Edwards,MEM000737,FAC044,2026-03-04T13:00:00,99213,101.12,Chennai,CLEAN
CLM-870D66E7,1000000182,Dr. Angela Vaughn,MEM000327,FAC036,2026-03-29T09:00:00,93000,62.55,Chennai,CLEAN
CLM-00CD42BA,1000000127,Dr. Jason Powell,MEM000961,FAC018,2026-04-06T15:00:00,99213,92.45,Chennai,CLEAN
CLM-EC59703B,1000000006,Dr. Abigail Shaffer,MEM000195,FAC038,2026-04-10T10:00:00,99213,91.56,Chennai,CLEAN
CLM-ACB6939F,1000000089,Dr. Aimee Montoya,MEM000630,FAC043,2026-01-08T09:00:00,99213,98.77,Chennai,CLEAN
CLM-69002B0E,1000000009,Dr. Ryan Munoz,MEM000962,FAC024,2026-04-28T13:00:00,93000,54.4,Chennai,CLEAN
CLM-FDF51059,1000000139,Dr. Angel Perry,MEM000442,FAC044,2026-06-02T11:00:00,93000,57.75,Chennai,CLEAN
CLM-959992F1,1000000174,Dr. Nicole Herring,MEM000100,FAC025,2026-06-30T11:00:00,99213,104.99,Chennai,CLEAN
CLM-DE1AE91B,1000000093,Dr. Christina Walters,MEM000592,FAC049,2026-03-02T17:00:00,93000,59.09,Chennai,CLEAN
CLM-46864E44,1000000102,Dr. Rebecca Valencia,MEM000693,FAC015,2026-04-01T12:00:00,71045,79.79,Chennai,CLEAN
CLM-1095C8FE,1000000061,Dr. Gerald Hensley,MEM000376,FAC043,2026-04-02T17:00:00,93000,58.89,Chennai,CLEAN
CLM-BDE53535,1000000125,Dr. Erin Edwards,MEM000059,FAC029,2026-02-02T11:00:00,93000,60.46,Chennai,CLEAN
CLM-3F330D39,1000000069,Dr. William Baker,MEM000797,FAC005,2026-02-24T12:00:00,99215,234.09,Chennai,CLEAN
CLM-C611380C,1000000192,Dr. Debra Christian,MEM000198,FAC039,2026-01-02T10:00:00,99215,206.34,Chennai,CLEAN
CLM-E64DC94A,1000000154,Dr. Brenda Hall,MEM000479,FAC019,2026-02-12T16:00:00,99215,240.93,Chennai,CLEAN
CLM-0CD6B26F,1000000058,Dr. Brent Jordan,MEM000442,FAC025,2026-06-22T12:00:00,99215,219.11,Chennai,CLEAN
CLM-EA7FBDB9,1000000197,Dr. Spencer Haynes,MEM000744,FAC036,2026-04-16T16:00:00,99213,109.01,Chennai,CLEAN
CLM-36E03E42,1000000068,Dr. James Brown,MEM000532,FAC001,2026-02-20T09:00:00,99213,108.28,Chennai,CLEAN
CLM-72A7712C,1000000172,Dr. Joshua Cooke,MEM000738,FAC014,2026-04-04T15:00:00,99215,222.67,Chennai,CLEAN
CLM-89B54597,1000000039,Dr. Brittany Farmer,MEM000399,FAC001,2026-05-12T11:00:00,99215,205.98,Chennai,CLEAN
CLM-A6CFE16C,1000000171,Dr. Darlene Miller,MEM000425,FAC015,2026-05-01T13:00:00,99213,92.83,Chennai,CLEAN
CLM-CB18DFFE,1000000129,Dr. Megan Orr,MEM000884,FAC048,2026-05-14T15:00:00,71045,87.02,Chennai,CLEAN
CLM-3FE1F91D,1000000026,Dr. Justin Baker,MEM000090,FAC008,2026-06-22T11:00:00,99214,158.9,Chennai,CLEAN
CLM-780275A8,1000000042,Dr. Sherry Decker,MEM000077,FAC016,2026-06-10T11:00:00,99215,236.14,Chennai,CLEAN
CLM-10398BB8,1000000096,Dr. Aaron Wise,MEM000084,FAC006,2026-05-30T16:00:00,93000,60.81,Chennai,CLEAN
CLM-6E3C7C6E,1000000037,Dr. Cassandra Gaines,MEM000863,FAC021,2026-06-08T13:00:00,71045,87.63,Chennai,CLEAN
CLM-222AED84,1000000194,Dr. John Bishop,MEM000326,FAC028,2026-03-09T13:00:00,71045,86.64,Chennai,CLEAN
CLM-3BC9A5DD,1000000179,Dr. Robert Oconnell,MEM000219,FAC011,2026-04-06T14:00:00,99215,210.6,Chennai,CLEAN
CLM-46B8CDED,1000000019,Dr. Carla Gray,MEM000112,FAC033,2026-01-25T17:00:00,99215,201.75,Chennai,CLEAN
CLM-BA391FC2,1000000097,Dr. Deborah Figueroa,MEM000943,FAC028,2026-02-18T17:00:00,99213,103.74,Chennai,CLEAN
CLM-30941F9D,1000000036,Dr. Sherri Baker,MEM000059,FAC013,2026-05-22T17:00:00,99213,103.8,Chennai,CLEAN
CLM-20AD0B4C,1000000055,Dr. Michael Lewis,MEM000455,FAC046,2026-04-20T17:00:00,99215,232.33,Chennai,CLEAN
CLM-34311477,1000000137,Dr. Courtney Gonzalez,MEM000797,FAC017,2026-05-08T10:00:00,99215,214.81,Chennai,CLEAN
CLM-BC2A1877,1000000034,Dr. Debra Davidson,MEM000169,FAC001,2026-01-20T13:00:00,93000,56.93,Chennai,CLEAN
CLM-A0C26B23,1000000062,Dr. Connor West,MEM000331,FAC017,2026-01-16T10:00:00,99213,93.69,Chennai,CLEAN
CLM-90E2CE99,1000000043,Dr. Anthony Humphrey,MEM000554,FAC013,2026-04-10T09:00:00,99214,135.05,Chennai,CLEAN
CLM-FD53AF38,1000000123,Dr. Michelle Harmon,MEM000899,FAC049,2026-04-12T13:00:00,71045,86.53,Chennai,CLEAN
CLM-9928FF3D,1000000011,Dr. Jamie Arnold,MEM000749,FAC036,2026-01-03T15:00:00,71045,78.97,Chennai,CLEAN
CLM-3A27BEF6,1000000139,Dr. Angel Perry,MEM000242,FAC049,2026-04-30T15:00:00,99214,157.21,Chennai,CLEAN
CLM-9C29F3AB,1000000095,Dr. Anna Henderson,MEM000002,FAC030,2026-04-18T16:00:00,99213,102.73,Chennai,CLEAN
CLM-37C069BF,1000000047,Dr. Shane Henderson,MEM000981,FAC006,2026-05-08T11:00:00,99213,95.64,Chennai,CLEAN
CLM-5E2CDB64,1000000134,Dr. Rebecca Jackson,MEM000865,FAC033,2026-04-12T17:00:00,99213,103.14,Chennai,CLEAN
CLM-39BBC168,1000000026,Dr. Justin Baker,MEM000513,FAC024,2026-05-28T12:00:00,99213,94.52,Chennai,CLEAN
CLM-DCD3AA6D,1000000171,Dr. Darlene Miller,MEM000165,FAC024,2026-03-18T14:00:00,71045,76.11,Chennai,CLEAN
CLM-3216FB1A,1000000109,Dr. Sharon Cochran,MEM000478,FAC019,2026-01-28T10:00:00,71045,72.59,Chennai,CLEAN
CLM-49418D68,1000000183,Dr. Ashley Barton,MEM000927,FAC043,2026-03-01T09:00:00,71045,84.55,Chennai,CLEAN
CLM-3DA7AAB6,1000000064,Dr. Jessica Callahan,MEM000815,FAC036,2026-01-09T16:00:00,99213,94.59,Chennai,CLEAN
CLM-5EC99EAB,1000000033,Dr. Nathan Maldonado,MEM000344,FAC042,2026-01-30T16:00:00,99213,92.47,Chennai,CLEAN
CLM-228F6AA6,1000000017,Dr. Derek Zuniga,MEM000755,FAC023,2026-05-24T10:00:00,99214,146.91,Chennai,CLEAN
CLM-4BEE1B96,1000000139,Dr. Angel Perry,MEM000145,FAC037,2026-04-11T16:00:00,99213,99.25,Chennai,CLEAN
CLM-E16B59A2,1000000044,Dr. Angelica Tucker,MEM000120,FAC021,2026-03-05T10:00:00,93000,56.99,Chennai,CLEAN
CLM-E1258909,1000000101,Dr. Cameron Parker,MEM000746,FAC008,2026-03-29T11:00:00,71045,84.73,Chennai,CLEAN
CLM-48132FC1,1000000035,Dr. Jeffrey Chavez,MEM000178,FAC007,2026-04-19T09:00:00,93000,62.49,Chennai,CLEAN
CLM-4A68A022,1000000116,Dr. William Herrera,MEM000375,FAC017,2026-05-12T09:00:00,99214,160.95,Chennai,CLEAN
CLM-17A683C5,1000000154,Dr. Brenda Hall,MEM000237,FAC012,2026-04-05T17:00:00,99214,157.68,Chennai,CLEAN
CLM-FEEF7207,1000000076,Dr. Angela Lopez,MEM000196,FAC043,2026-06-09T10:00:00,99213,98.17,Chennai,CLEAN
CLM-B7686ACC,1000000114,Dr. Garrett Lin,MEM000245,FAC020,2026-01-22T16:00:00,99215,212.88,Chennai,CLEAN
CLM-190B2D7B,1000000064,Dr. Jessica Callahan,MEM000386,FAC036,2026-02-25T14:00:00,99213,90.52,Chennai,CLEAN
CLM-8D24D667,1000000041,Dr. Fred Smith,MEM000752,FAC005,2026-03-19T09:00:00,99213,93.01,Chennai,CLEAN
CLM-6FD0AF84,1000000139,Dr. Angel Perry,MEM000250,FAC012,2026-01-23T14:00:00,99215,220.58,Chennai,CLEAN
CLM-325B15B4,1000000162,Dr. Lindsey Walker,MEM000596,FAC045,2026-05-04T09:00:00,99214,145.17,Chennai,CLEAN
CLM-F6EAFBC1,1000000194,Dr. John Bishop,MEM000883,FAC038,2026-04-27T10:00:00,71045,86.86,Chennai,CLEAN
CLM-2D7CEC7A,1000000020,Dr. Margaret Hawkins DDS,MEM000877,FAC031,2026-06-29T09:00:00,99214,135.98,Chennai,CLEAN
CLM-A62B27D9,1000000105,Dr. Marc Moore,MEM000512,FAC028,2026-01-15T13:00:00,99213,92.59,Chennai,CLEAN
CLM-26AAA078,1000000178,Dr. Lawrence Adkins,MEM000391,FAC000,2026-03-26T10:00:00,71045,76.05,Chennai,CLEAN
CLM-E75FD966,1000000059,Dr. John Daniel,MEM000779,FAC040,2026-06-11T17:00:00,93000,57.85,Chennai,CLEAN
CLM-0EBB8EA6,1000000061,Dr. Gerald Hensley,MEM000458,FAC024,2026-05-24T13:00:00,99213,105.12,Chennai,CLEAN
CLM-DC9CEA1C,1000000116,Dr. William Herrera,MEM000782,FAC025,2026-04-28T16:00:00,71045,85.72,Chennai,CLEAN
CLM-CD0452C8,1000000002,Dr. Angie Henderson,MEM000397,FAC017,2026-02-27T13:00:00,99215,239.44,Chennai,CLEAN
CLM-9A253465,1000000167,Dr. Alyssa Day,MEM000863,FAC045,2026-05-31T16:00:00,99214,160.28,Chennai,CLEAN
CLM-C57DB633,1000000163,Dr. Jeffrey Johnson,MEM000780,FAC030,2026-03-02T09:00:00,99214,141.77,Chennai,CLEAN
CLM-75B6CB94,1000000067,Dr. Carol Tucker,MEM000594,FAC026,2026-04-26T14:00:00,71045,86.34,Chennai,CLEAN
CLM-3B115AD8,1000000067,Dr. Carol Tucker,MEM000889,FAC021,2026-01-30T09:00:00,99215,221.89,Chennai,CLEAN
CLM-FAF6AD0E,1000000136,Dr. Robert Potter,MEM000879,FAC002,2026-05-31T13:00:00,71045,83.61,Chennai,CLEAN
CLM-979EC916,1000000055,Dr. Michael Lewis,MEM000863,FAC007,2026-05-19T10:00:00,99215,215.03,Chennai,CLEAN
CLM-E2551C8D,1000000087,Dr. Christopher Bass,MEM000865,FAC018,2026-02-11T16:00:00,99213,99.1,Chennai,CLEAN
CLM-DBA4FDE3,1000000199,Dr. Nathan Freeman,MEM000869,FAC037,2026-04-03T13:00:00,71045,78.62,Chennai,CLEAN
CLM-1B1FD85A,1000000030,Dr. Rebecca Henderson,MEM000107,FAC006,2026-01-14T16:00:00,93000,59.67,Chennai,CLEAN
CLM-AB15C64E,1000000078,Dr. Steve Sanchez,MEM000902,FAC028,2026-04-03T13:00:00,99215,216.41,Chennai,CLEAN
CLM-1432F1CF,1000000118,Dr. Victor Baker,MEM000153,FAC032,2026-05-25T16:00:00,99214,139.99,Chennai,CLEAN
CLM-27A99032,1000000174,Dr. Nicole Herring,MEM000590,FAC013,2026-03-17T17:00:00,99215,209.81,Chennai,CLEAN
CLM-07034406,1000000174,Dr. Nicole Herring,MEM000025,FAC048,2026-02-22T09:00:00,93000,60.09,Chennai,CLEAN
CLM-4F7FB087,1000000175,Dr. Alex Hernandez,MEM000389,FAC033,2026-03-31T15:00:00,99213,106.86,Chennai,CLEAN
CLM-F57B3EE7,1000000097,Dr. Deborah Figueroa,MEM000740,FAC037,2026-06-02T11:00:00,71045,73.08,Chennai,CLEAN
CLM-97521DCB,1000000132,Dr. Mary Marshall,MEM000135,FAC026,2026-05-21T16:00:00,99213,102.5,Chennai,CLEAN
CLM-7DC1CA80,1000000113,Dr. Crystal Johnson,MEM000904,FAC028,2026-04-27T16:00:00,93000,58.5,Chennai,CLEAN
CLM-0079D57E,1000000010,Dr. Monica Herrera,MEM000775,FAC041,2026-02-22T15:00:00,99214,146.29,Chennai,CLEAN
CLM-814A1B6A,1000000127,Dr. Jason Powell,MEM000479,FAC037,2026-02-17T16:00:00,99213,103.4,Chennai,CLEAN
CLM-02574D51,1000000021,Dr. Patty Perez,MEM000056,FAC028,2026-03-03T14:00:00,99213,92.6,Chennai,CLEAN
CLM-EA2E4049,1000000152,Dr. Denise Jones,MEM000429,FAC011,2026-02-17T09:00:00,71045,80.63,Chennai,CLEAN
CLM-05DC1D7F,1000000167,Dr. Alyssa Day,MEM000938,FAC010,2026-03-15T12:00:00,99214,141.95,Chennai,CLEAN
CLM-D9E43CA2,1000000175,Dr. Alex Hernandez,MEM000964,FAC049,2026-03-03T09:00:00,99214,141.47,Chennai,CLEAN
CLM-7FDA0777,1000000150,Dr. David Wright,MEM000951,FAC014,2026-03-06T13:00:00,71045,72.36,Chennai,CLEAN
CLM-E7BA5263,1000000102,Dr. Rebecca Valencia,MEM000833,FAC045,2026-01-08T15:00:00,93000,65.82,Chennai,CLEAN
CLM-1FD1BDC0,1000000066,Dr. Tracy House,MEM000724,FAC014,2026-06-24T09:00:00,71045,81.79,Chennai,CLEAN
CLM-A5BA5170,1000000167,Dr. Alyssa Day,MEM000133,FAC012,2026-03-29T16:00:00,93000,64.56,Chennai,CLEAN
CLM-2554FF53,1000000082,Dr. Michael Evans,MEM000797,FAC008,2026-06-03T13:00:00,99213,92.73,Chennai,CLEAN
CLM-40005579,1000000087,Dr. Christopher Bass,MEM000248,FAC030,2026-01-13T09:00:00,71045,85.78,Chennai,CLEAN
CLM-2D14C927,1000000067,Dr. Carol Tucker,MEM000259,FAC033,2026-05-23T14:00:00,99215,221.4,Chennai,CLEAN
CLM-42C47AB7,1000000199,Dr. Nathan Freeman,MEM000969,FAC021,2026-03-04T10:00:00,99213,109.24,Chennai,CLEAN
CLM-D46B25A1,1000000161,Dr. Jennifer Adkins,MEM000771,FAC048,2026-05-14T09:00:00,99215,205.34,Chennai,CLEAN
CLM-7E8310ED,1000000089,Dr. Aimee Montoya,MEM000986,FAC019,2026-02-06T17:00:00,99213,96.48,Chennai,CLEAN
CLM-EC2F2815,1000000113,Dr. Crystal Johnson,MEM000420,FAC048,2026-03-19T11:00:00,99215,212.65,Chennai,CLEAN
CLM-9003EE15,1000000007,Dr. Gina Moore,MEM000491,FAC035,2026-04-19T17:00:00,93000,61.65,Chennai,CLEAN
CLM-FD5045FA,1000000114,Dr. Garrett Lin,MEM000557,FAC025,2026-01-08T11:00:00,99213,94.57,Chennai,CLEAN
CLM-8FEBBAA1,1000000151,Dr. Pamela Boyd,MEM000973,FAC008,2026-02-13T10:00:00,99214,161.63,Chennai,CLEAN
CLM-76782BBD,1000000123,Dr. Michelle Harmon,MEM000035,FAC005,2026-06-09T14:00:00,93000,58.82,Chennai,CLEAN
CLM-8729C073,1000000106,Dr. Sharon Cherry,MEM000944,FAC013,2026-06-01T11:00:00,93000,63.73,Chennai,CLEAN
CLM-96013395,1000000144,Dr. Amber Wright,MEM000537,FAC049,2026-05-04T11:00:00,93000,59.96,Chennai,CLEAN
CLM-6C245FEE,1000000179,Dr. Robert Oconnell,MEM000078,FAC016,2026-02-10T13:00:00,93000,58.35,Chennai,CLEAN
CLM-AAB9EB94,1000000104,Dr. Richard Henson,MEM000177,FAC036,2026-01-29T16:00:00,93000,58.71,Chennai,CLEAN
CLM-583551AC,1000000076,Dr. Angela Lopez,MEM000117,FAC027,2026-01-03T12:00:00,99214,157.81,Chennai,CLEAN
CLM-20264380,1000000138,Dr. David Alvarez,MEM000570,FAC032,2026-01-02T16:00:00,99213,90.39,Chennai,CLEAN
CLM-47ED84BB,1000000020,Dr. Margaret Hawkins DDS,MEM000718,FAC002,2026-02-15T17:00:00,71045,77.0,Chennai,CLEAN
CLM-86DBFA8B,1000000175,Dr. Alex Hernandez,MEM000081,FAC009,2026-01-06T11:00:00,99214,156.92,Chennai,CLEAN
CLM-997C5289,1000000167,Dr. Alyssa Day,MEM000770,FAC000,2026-01-22T16:00:00,99215,211.09,Chennai,CLEAN
CLM-F0B89211,1000000069,Dr. William Baker,MEM000068,FAC025,2026-03-12T17:00:00,71045,81.91,Chennai,CLEAN
CLM-16BA170E,1000000168,Dr. Joel Williams,MEM000885,FAC044,2026-01-18T09:00:00,99215,215.85,Chennai,CLEAN
CLM-57353701,1000000033,Dr. Nathan Maldonado,MEM000895,FAC029,2026-03-23T09:00:00,99213,97.11,Chennai,CLEAN
CLM-583ADF28,1000000103,Dr. Christine Wright,MEM000697,FAC043,2026-05-27T16:00:00,99215,210.13,Chennai,CLEAN
CLM-B2481A80,1000000013,Dr. Michele Williams,MEM000235,FAC046,2026-04-12T09:00:00,71045,80.55,Chennai,CLEAN
CLM-049B9F04,1000000196,Dr. Daniel Salinas,MEM000349,FAC018,2026-05-19T12:00:00,99214,135.4,Chennai,CLEAN
CLM-E7B24654,1000000095,Dr. Anna Henderson,MEM000519,FAC031,2026-02-06T12:00:00,93000,56.59,Chennai,CLEAN
CLM-B432766C,1000000136,Dr. Robert Potter,MEM000724,FAC041,2026-01-03T15:00:00,99213,105.91,Chennai,CLEAN
CLM-9F4D0DB8,1000000066,Dr. Tracy House,MEM000343,FAC028,2026-06-02T11:00:00,99214,139.04,Chennai,CLEAN
CLM-6827D787,1000000124,Dr. Helen Jones,MEM000077,FAC017,2026-06-19T17:00:00,99215,220.01,Chennai,CLEAN
CLM-DC8915BE,1000000025,Dr. Judy Baker,MEM000635,FAC040,2026-04-28T09:00:00,99213,97.3,Chennai,CLEAN
CLM-19A8AC7A,1000000184,Dr. Lindsay Martinez,MEM000109,FAC036,2026-04-21T16:00:00,93000,65.77,Chennai,CLEAN
CLM-426B2402,1000000123,Dr. Michelle Harmon,MEM000685,FAC008,2026-01-08T11:00:00,99215,201.24,Chennai,CLEAN
CLM-799E948A,1000000033,Dr. Nathan Maldonado,MEM000047,FAC007,2026-05-24T11:00:00,93000,62.69,Chennai,CLEAN
CLM-CD302C1B,1000000090,Dr. Matthew Mcmillan,MEM000129,FAC015,2026-02-28T11:00:00,93000,59.4,Chennai,CLEAN
CLM-02FC62E8,1000000000,Dr. Allison Hill,MEM000851,FAC017,2026-05-28T12:00:00,71045,81.37,Chennai,CLEAN
CLM-F68AB280,1000000129,Dr. Megan Orr,MEM000165,FAC037,2026-01-27T14:00:00,93000,65.58,Chennai,CLEAN
CLM-FECBDB5D,1000000161,Dr. Jennifer Adkins,MEM000930,FAC023,2026-03-24T10:00:00,99213,98.59,Chennai,CLEAN
CLM-DE013F06,1000000054,Dr. Shannon Jones,MEM000821,FAC038,2026-06-15T16:00:00,99213,95.65,Chennai,CLEAN
CLM-5C6889EF,1000000042,Dr. Sherry Decker,MEM000996,FAC001,2026-04-30T14:00:00,71045,76.84,Chennai,CLEAN
CLM-4189FEE3,1000000028,Dr. Zachary Hicks,MEM000810,FAC019,2026-02-16T13:00:00,93000,63.73,Chennai,CLEAN
CLM-D5B7B1F1,1000000060,Dr. Victoria Garcia,MEM000596,FAC026,2026-02-10T15:00:00,99214,145.37,Chennai,CLEAN
CLM-FEE1B022,1000000020,Dr. Margaret Hawkins DDS,MEM000529,FAC034,2026-03-02T10:00:00,99214,144.01,Chennai,CLEAN
CLM-8C081A8E,1000000147,Dr. Stephanie Salazar,MEM000975,FAC030,2026-04-26T12:00:00,71045,83.33,Chennai,CLEAN
CLM-9808CAE4,1000000118,Dr. Victor Baker,MEM000491,FAC010,2026-03-08T13:00:00,99214,154.06,Chennai,CLEAN
CLM-F4F60075,1000000050,Dr. Jessica Holmes,MEM000644,FAC021,2026-03-19T16:00:00,93000,59.94,Chennai,CLEAN
CLM-FACE65E5,1000000154,Dr. Brenda Hall,MEM000997,FAC024,2026-04-03T16:00:00,99213,96.75,Chennai,CLEAN
CLM-1C04BE15,1000000103,Dr. Christine Wright,MEM000770,FAC045,2026-03-20T12:00:00,93000,64.4,Chennai,CLEAN
CLM-7FBF9894,1000000165,Dr. John Anderson,MEM000044,FAC010,2026-06-07T09:00:00,99214,143.11,Chennai,CLEAN
CLM-9A4EAD53,1000000136,Dr. Robert Potter,MEM000662,FAC001,2026-06-14T13:00:00,99214,143.79,Chennai,CLEAN
CLM-A80A1A4B,1000000148,Dr. Kathy Rivas,MEM000884,FAC026,2026-01-13T09:00:00,99213,101.35,Chennai,CLEAN
CLM-DA191907,1000000002,Dr. Angie Henderson,MEM000615,FAC004,2026-04-18T14:00:00,71045,75.65,Chennai,CLEAN
CLM-D4B2F94E,1000000106,Dr. Sharon Cherry,MEM000130,FAC018,2026-02-12T15:00:00,71045,83.11,Chennai,CLEAN
CLM-BDA2A279,1000000177,Dr. Michael Wang,MEM000853,FAC008,2026-02-02T14:00:00,99215,224.13,Chennai,CLEAN
CLM-E06E0C26,1000000008,Dr. Gabrielle Davis,MEM000226,FAC026,2026-06-03T12:00:00,99213,101.91,Chennai,CLEAN
CLM-26A0F261,1000000021,Dr. Patty Perez,MEM000735,FAC017,2026-06-11T09:00:00,99213,103.58,Chennai,CLEAN
CLM-99EE8B3C,1000000037,Dr. Cassandra Gaines,MEM000477,FAC015,2026-01-28T10:00:00,71045,74.95,Chennai,CLEAN
CLM-13581B21,1000000046,Dr. John Pierce,MEM000405,FAC019,2026-01-17T13:00:00,71045,87.36,Chennai,CLEAN
CLM-C155E849,1000000084,Dr. Zachary Ferrell,MEM000431,FAC036,2026-01-04T09:00:00,99213,100.43,Chennai,CLEAN
CLM-1D528A66,1000000032,Dr. Tricia Valencia,MEM000940,FAC039,2026-02-27T12:00:00,99215,224.88,Chennai,CLEAN
CLM-3F556B94,1000000188,Dr. Madison Poole,MEM000279,FAC028,2026-03-20T11:00:00,99214,152.26,Chennai,CLEAN
CLM-E2963770,1000000163,Dr. Jeffrey Johnson,MEM000248,FAC048,2026-06-15T14:00:00,93000,59.01,Chennai,CLEAN
CLM-8F9B00C2,1000000106,Dr. Sharon Cherry,MEM000933,FAC044,2026-05-04T16:00:00,99213,109.66,Chennai,CLEAN
CLM-115AC931,1000000063,Dr. Donald Wright,MEM000883,FAC038,2026-01-06T11:00:00,99214,147.94,Chennai,CLEAN
CLM-9BE41247,1000000041,Dr. Fred Smith,MEM000759,FAC019,2026-04-30T12:00:00,71045,77.19,Chennai,CLEAN
CLM-AB84DDDB,1000000010,Dr. Monica Herrera,MEM000736,FAC012,2026-02-06T09:00:00,93000,54.46,Chennai,CLEAN
CLM-9C968B23,1000000162,Dr. Lindsey Walker,MEM000056,FAC027,2026-03-18T16:00:00,71045,73.08,Chennai,CLEAN
CLM-7C9B384C,1000000165,Dr. John Anderson,MEM000319,FAC019,2026-02-07T16:00:00,93000,59.87,Chennai,CLEAN
CLM-563BDBF1,1000000188,Dr. Madison Poole,MEM000722,FAC020,2026-03-23T13:00:00,99213,104.29,Chennai,CLEAN
CLM-0CD5CC96,1000000072,Dr. Brittney Phillips,MEM000180,FAC041,2026-03-05T10:00:00,71045,81.91,Chennai,CLEAN
CLM-77DA0A53,1000000153,Dr. Devon Flores,MEM000147,FAC046,2026-06-30T09:00:00,71045,79.09,Chennai,CLEAN
CLM-4D902153,1000000093,Dr. Christina Walters,MEM000830,FAC017,2026-05-27T12:00:00,93000,56.36,Chennai,CLEAN
CLM-113B3E58,1000000059,Dr. John Daniel,MEM000700,FAC036,2026-04-13T09:00:00,99215,212.06,Chennai,CLEAN
CLM-8F65FC3B,1000000054,Dr. Shannon Jones,MEM000757,FAC049,2026-06-21T11:00:00,99215,205.68,Chennai,CLEAN
CLM-A14E505B,1000000120,Dr. Larry Dixon,MEM000571,FAC044,2026-02-26T14:00:00,71045,75.17,Chennai,CLEAN
CLM-677D4370,1000000130,Dr. Elizabeth Kelley,MEM000100,FAC014,2026-03-05T09:00:00,71045,75.72,Chennai,CLEAN
CLM-A37C0584,1000000087,Dr. Christopher Bass,MEM000254,FAC040,2026-06-23T12:00:00,99213,93.62,Chennai,CLEAN
CLM-1D88848D,1000000058,Dr. Brent Jordan,MEM000433,FAC019,2026-01-26T11:00:00,99214,143.79,Chennai,CLEAN
CLM-BA95A89C,1000000121,Dr. Kenneth Scott,MEM000955,FAC016,2026-01-06T17:00:00,99215,206.4,Chennai,CLEAN
CLM-16119D94,1000000117,Dr. Ashley Waller,MEM000161,FAC003,2026-03-03T12:00:00,99215,199.97,Chennai,CLEAN
CLM-C59843C9,1000000018,Dr. Lisa Jackson,MEM000409,FAC003,2026-02-02T12:00:00,99214,144.8,Chennai,CLEAN
CLM-625B47CF,1000000007,Dr. Gina Moore,MEM000499,FAC045,2026-01-23T14:00:00,99215,212.27,Chennai,CLEAN
CLM-4C8801EC,1000000127,Dr. Jason Powell,MEM000055,FAC037,2026-03-10T09:00:00,99215,204.68,Chennai,CLEAN
CLM-F278C54A,1000000165,Dr. John Anderson,MEM000837,FAC043,2026-06-22T13:00:00,99215,215.3,Chennai,CLEAN
CLM-B1AF4A9E,1000000018,Dr. Lisa Jackson,MEM000080,FAC037,2026-06-08T11:00:00,99215,233.77,Chennai,CLEAN
CLM-4078D5E6,1000000022,Dr. Ethan Adams,MEM000134,FAC020,2026-03-01T17:00:00,99213,108.83,Chennai,CLEAN
CLM-5C654D61,1000000197,Dr. Spencer Haynes,MEM000529,FAC004,2026-05-31T10:00:00,99214,159.67,Chennai,CLEAN
CLM-8197CEBE,1000000187,Dr. Samantha Garcia,MEM000997,FAC022,2026-01-06T14:00:00,99214,156.88,Chennai,CLEAN
CLM-298A6B73,1000000079,Dr. Lisa Barnes,MEM000625,FAC016,2026-01-18T16:00:00,99213,96.66,Chennai,CLEAN
CLM-2AD7C255,1000000127,Dr. Jason Powell,MEM000878,FAC048,2026-03-22T14:00:00,71045,87.19,Chennai,CLEAN
CLM-24C7E2F5,1000000100,Dr. Sandra Aguilar,MEM000442,FAC014,2026-02-14T17:00:00,99214,164.42,Chennai,CLEAN
CLM-A72F3DB3,1000000104,Dr. Richard Henson,MEM000251,FAC001,2026-04-21T10:00:00,71045,74.15,Chennai,CLEAN
CLM-4F24334A,1000000019,Dr. Carla Gray,MEM000687,FAC042,2026-05-18T14:00:00,71045,75.8,Chennai,CLEAN
CLM-C27585CC,1000000033,Dr. Nathan Maldonado,MEM000009,FAC049,2026-01-01T16:00:00,71045,87.03,Chennai,CLEAN
CLM-04DC0B7E,1000000080,Dr. Kelly Donovan,MEM000042,FAC018,2026-02-09T09:00:00,99215,224.71,Chennai,CLEAN
CLM-A1BFF94E,1000000168,Dr. Joel Williams,MEM000394,FAC032,2026-04-02T15:00:00,93000,59.34,Chennai,CLEAN
CLM-14E9FA3A,1000000019,Dr. Carla Gray,MEM000313,FAC012,2026-06-25T12:00:00,71045,72.38,Chennai,CLEAN
CLM-4153354D,1000000129,Dr. Megan Orr,MEM000043,FAC047,2026-06-01T09:00:00,99213,90.88,Chennai,CLEAN
CLM-0DA5C779,1000000072,Dr. Brittney Phillips,MEM000783,FAC048,2026-04-17T10:00:00,99213,104.65,Chennai,CLEAN
CLM-C17E5D7F,1000000153,Dr. Devon Flores,MEM000152,FAC031,2026-05-12T17:00:00,93000,60.69,Chennai,CLEAN
CLM-551AD3A8,1000000137,Dr. Courtney Gonzalez,MEM000608,FAC013,2026-01-10T13:00:00,71045,82.5,Chennai,CLEAN
CLM-9B30EB63,1000000098,Dr. Jessica Smith,MEM000960,FAC015,2026-05-23T17:00:00,99213,98.15,Chennai,CLEAN
CLM-30F65CE3,1000000130,Dr. Elizabeth Kelley,MEM000484,FAC045,2026-05-18T14:00:00,99213,100.55,Chennai,CLEAN
CLM-25942B4B,1000000175,Dr. Alex Hernandez,MEM000361,FAC026,2026-06-02T09:00:00,99215,225.62,Chennai,CLEAN
CLM-C94E893F,1000000169,Dr. Daniel Murphy,MEM000605,FAC024,2026-03-27T15:00:00,93000,60.44,Chennai,CLEAN
CLM-8381E2DF,1000000041,Dr. Fred Smith,MEM000389,FAC030,2026-02-15T17:00:00,99213,90.24,Chennai,CLEAN
CLM-3167B427,1000000039,Dr. Brittany Farmer,MEM000731,FAC031,2026-02-10T09:00:00,93000,55.35,Chennai,CLEAN
CLM-B7CC24B1,1000000171,Dr. Darlene Miller,MEM000966,FAC018,2026-04-25T11:00:00,99214,148.74,Chennai,CLEAN
CLM-67AEE003,1000000090,Dr. Matthew Mcmillan,MEM000430,FAC018,2026-01-05T16:00:00,93000,56.68,Chennai,CLEAN
CLM-6F393D6D,1000000185,Dr. Dr. Hannah Patterson,MEM000729,FAC049,2026-01-08T17:00:00,99214,136.49,Chennai,CLEAN
CLM-C201B057,1000000102,Dr. Rebecca Valencia,MEM000618,FAC028,2026-05-14T14:00:00,99213,102.83,Chennai,CLEAN
CLM-A2F6CDBB,1000000088,Dr. Lisa Archer,MEM000290,FAC038,2026-05-21T12:00:00,71045,79.38,Chennai,CLEAN
CLM-D8434072,1000000020,Dr. Margaret Hawkins DDS,MEM000266,FAC024,2026-05-04T13:00:00,93000,54.42,Chennai,CLEAN
CLM-749D79AC,1000000111,Dr. Shannon Walker,MEM000388,FAC033,2026-05-12T15:00:00,71045,77.96,Chennai,CLEAN
CLM-732B119F,1000000143,Dr. Christopher Rubio,MEM000345,FAC048,2026-05-06T10:00:00,99213,98.5,Chennai,CLEAN
CLM-A677E6C8,1000000090,Dr. Matthew Mcmillan,MEM000441,FAC002,2026-03-31T14:00:00,71045,75.32,Chennai,CLEAN
CLM-FA9E6CED,1000000077,Dr. Megan Young,MEM000254,FAC048,2026-01-23T17:00:00,99213,108.32,Chennai,CLEAN
CLM-92F5C506,1000000167,Dr. Alyssa Day,MEM000449,FAC013,2026-05-31T11:00:00,99213,104.4,Chennai,CLEAN
CLM-E596363D,1000000034,Dr. Debra Davidson,MEM000357,FAC033,2026-03-30T15:00:00,99215,231.37,Chennai,CLEAN
CLM-D49985AE,1000000054,Dr. Shannon Jones,MEM000245,FAC049,2026-05-01T16:00:00,71045,84.71,Chennai,CLEAN
CLM-1BEFFB30,1000000004,Dr. Cristian Santos,MEM000693,FAC012,2026-01-26T15:00:00,71045,83.0,Chennai,CLEAN
CLM-7B417885,1000000123,Dr. Michelle Harmon,MEM000110,FAC037,2026-02-11T15:00:00,99213,97.42,Chennai,CLEAN
CLM-1046576A,1000000140,Dr. Cheyenne Horton,MEM000492,FAC043,2026-02-09T09:00:00,99213,92.87,Chennai,CLEAN
CLM-D72CA7A9,1000000170,Dr. Jamie Walton,MEM000058,FAC008,2026-04-06T13:00:00,99215,212.13,Chennai,CLEAN
CLM-A2D7F2B5,1000000168,Dr. Joel Williams,MEM000059,FAC021,2026-03-17T09:00:00,93000,65.92,Chennai,CLEAN
CLM-04FBB5FD,1000000184,Dr. Lindsay Martinez,MEM000037,FAC042,2026-05-25T17:00:00,99214,152.04,Chennai,CLEAN
CLM-E4856CD8,1000000126,Dr. Michelle Evans,MEM000411,FAC040,2026-04-28T12:00:00,93000,60.12,Chennai,CLEAN
CLM-A3A6B0D7,1000000034,Dr. Debra Davidson,MEM000317,FAC024,2026-01-25T15:00:00,99214,135.4,Chennai,CLEAN
CLM-6E8F6AF7,1000000197,Dr. Spencer Haynes,MEM000288,FAC015,2026-05-15T12:00:00,99213,90.55,Chennai,CLEAN
CLM-B1D2B4ED,1000000148,Dr. Kathy Rivas,MEM000081,FAC018,2026-02-27T14:00:00,99214,153.45,Chennai,CLEAN
CLM-C665A50F,1000000158,Dr. Melissa Gates,MEM000959,FAC014,2026-01-05T16:00:00,99215,202.68,Chennai,CLEAN
CLM-FB340587,1000000145,Dr. Joyce Solis,MEM000579,FAC041,2026-04-16T14:00:00,99215,216.19,Chennai,CLEAN
CLM-C2FEAC37,1000000099,Dr. Stephen Mckee,MEM000156,FAC032,2026-06-08T16:00:00,99214,145.78,Chennai,CLEAN
CLM-35DAF705,1000000133,Dr. Daniel Kennedy,MEM000620,FAC024,2026-02-10T11:00:00,99215,204.83,Chennai,CLEAN
CLM-D4781ABA,1000000199,Dr. Nathan Freeman,MEM000335,FAC040,2026-04-14T09:00:00,99213,93.32,Chennai,CLEAN
CLM-272AE8A7,1000000063,Dr. Donald Wright,MEM000038,FAC008,2026-02-27T13:00:00,99213,97.45,Chennai,CLEAN
CLM-344886AA,1000000190,Dr. Debra Morton,MEM000479,FAC028,2026-01-27T11:00:00,99215,201.47,Chennai,CLEAN
CLM-C5665223,1000000094,Dr. John Whitehead,MEM000531,FAC036,2026-01-12T13:00:00,99213,108.46,Chennai,CLEAN
CLM-093A4578,1000000161,Dr. Jennifer Adkins,MEM000169,FAC049,2026-05-10T09:00:00,99215,201.06,Chennai,CLEAN
CLM-3A8F34E0,1000000103,Dr. Christine Wright,MEM000441,FAC002,2026-05-19T10:00:00,99214,141.53,Chennai,CLEAN
CLM-26BFAB64,1000000032,Dr. Tricia Valencia,MEM000499,FAC033,2026-05-22T13:00:00,99215,219.38,Chennai,CLEAN
CLM-47AE858B,1000000157,Dr. Jason Stein,MEM000034,FAC037,2026-05-23T15:00:00,99214,147.49,Chennai,CLEAN
CLM-63E3E138,1000000083,Dr. Paul Jones,MEM000143,FAC030,2026-04-11T14:00:00,93000,63.72,Chennai,CLEAN
CLM-58A71A08,1000000072,Dr. Brittney Phillips,MEM000310,FAC019,2026-02-09T09:00:00,99214,139.8,Chennai,CLEAN
CLM-3EC1C333,1000000066,Dr. Tracy House,MEM000710,FAC035,2026-02-08T13:00:00,93000,60.53,Chennai,CLEAN
CLM-39D77A66,1000000100,Dr. Sandra Aguilar,MEM000195,FAC046,2026-01-19T12:00:00,71045,75.76,Chennai,CLEAN
CLM-A2F080E0,1000000019,Dr. Carla Gray,MEM000307,FAC023,2026-01-11T12:00:00,99213,106.75,Chennai,CLEAN
CLM-8BAE3C05,1000000028,Dr. Zachary Hicks,MEM000935,FAC034,2026-01-09T11:00:00,71045,82.86,Chennai,CLEAN
CLM-43E09FF8,1000000161,Dr. Jennifer Adkins,MEM000601,FAC007,2026-03-09T10:00:00,93000,63.15,Chennai,CLEAN
CLM-5B77F609,1000000171,Dr. Darlene Miller,MEM000587,FAC026,2026-01-02T15:00:00,99213,90.49,Chennai,CLEAN
CLM-876F9833,1000000116,Dr. William Herrera,MEM000953,FAC005,2026-05-09T10:00:00,99213,106.29,Chennai,CLEAN
CLM-826609A3,1000000157,Dr. Jason Stein,MEM000128,FAC046,2026-03-22T15:00:00,93000,55.72,Chennai,CLEAN
CLM-77F20160,1000000077,Dr. Megan Young,MEM000743,FAC031,2026-04-15T17:00:00,93000,62.03,Chennai,CLEAN
CLM-79015D70,1000000054,Dr. Shannon Jones,MEM000296,FAC004,2026-01-12T12:00:00,99215,201.45,Chennai,CLEAN
CLM-EA7854E9,1000000023,Dr. Tommy Walter,MEM000202,FAC048,2026-01-18T17:00:00,99213,92.22,Chennai,CLEAN
CLM-1D961DC4,1000000143,Dr. Christopher Rubio,MEM000648,FAC006,2026-03-21T09:00:00,99215,238.55,Chennai,CLEAN
CLM-23EC9B7C,1000000178,Dr. Lawrence Adkins,MEM000720,FAC014,2026-02-10T14:00:00,99213,98.9,Chennai,CLEAN
CLM-A9817B8F,1000000150,Dr. David Wright,MEM000684,FAC000,2026-03-21T13:00:00,71045,72.62,Chennai,CLEAN
CLM-79DC8D32,1000000092,Dr. Denise Jacobs,MEM000424,FAC000,2026-05-27T13:00:00,99213,106.13,Chennai,CLEAN
CLM-A3217326,1000000098,Dr. Jessica Smith,MEM000464,FAC006,2026-03-17T17:00:00,71045,80.43,Chennai,CLEAN
CLM-79415193,1000000017,Dr. Derek Zuniga,MEM000022,FAC012,2026-01-27T13:00:00,99215,231.57,Chennai,CLEAN
CLM-A98871C7,1000000099,Dr. Stephen Mckee,MEM000278,FAC020,2026-05-02T11:00:00,99214,148.73,Chennai,CLEAN
CLM-A66B7366,1000000169,Dr. Daniel Murphy,MEM000483,FAC038,2026-03-10T09:00:00,71045,83.61,Chennai,CLEAN
CLM-9C2F42EE,1000000006,Dr. Abigail Shaffer,MEM000227,FAC013,2026-04-26T13:00:00,99215,225.2,Chennai,CLEAN
CLM-FF618505,1000000148,Dr. Kathy Rivas,MEM000628,FAC033,2026-04-26T09:00:00,93000,65.31,Chennai,CLEAN
CLM-FD29B41E,1000000063,Dr. Donald Wright,MEM000623,FAC006,2026-02-28T15:00:00,93000,57.47,Chennai,CLEAN
CLM-3D548DF8,1000000047,Dr. Shane Henderson,MEM000835,FAC040,2026-04-14T13:00:00,99213,90.09,Chennai,CLEAN
CLM-B16D0ECD,1000000098,Dr. Jessica Smith,MEM000017,FAC014,2026-02-12T15:00:00,71045,77.61,Chennai,CLEAN
CLM-7126ECA9,1000000016,Dr. Holly Wood,MEM000719,FAC041,2026-05-23T09:00:00,99215,219.51,Chennai,CLEAN
CLM-3E8D5DB2,1000000101,Dr. Cameron Parker,MEM000247,FAC005,2026-06-25T09:00:00,99213,90.54,Chennai,CLEAN
CLM-6F6B2ADC,1000000136,Dr. Robert Potter,MEM000617,FAC025,2026-06-14T14:00:00,99215,215.91,Chennai,CLEAN
CLM-A884317D,1000000024,Dr. Matthew Foster,MEM000169,FAC020,2026-02-27T15:00:00,99213,97.77,Chennai,CLEAN
CLM-6D4FCC80,1000000073,Dr. Lauren Daniels,MEM000021,FAC003,2026-03-13T16:00:00,99215,239.83,Chennai,CLEAN
CLM-CD29529E,1000000102,Dr. Rebecca Valencia,MEM000475,FAC038,2026-03-18T17:00:00,71045,84.4,Chennai,CLEAN
CLM-75651BF8,1000000162,Dr. Lindsey Walker,MEM000597,FAC033,2026-06-01T13:00:00,93000,57.03,Chennai,CLEAN
CLM-78E1672F,1000000017,Dr. Derek Zuniga,MEM000478,FAC000,2026-06-16T12:00:00,71045,84.93,Chennai,CLEAN
CLM-F4BD483F,1000000006,Dr. Abigail Shaffer,MEM000054,FAC029,2026-04-30T09:00:00,99213,98.89,Chennai,CLEAN
CLM-9038D670,1000000195,Dr. Allen Rosales,MEM000882,FAC014,2026-06-17T16:00:00,99215,223.26,Chennai,CLEAN
CLM-3C465432,1000000079,Dr. Lisa Barnes,MEM000609,FAC012,2026-02-21T09:00:00,71045,80.44,Chennai,CLEAN
CLM-C63B44EC,1000000028,Dr. Zachary Hicks,MEM000953,FAC004,2026-04-24T10:00:00,93000,62.44,Chennai,CLEAN
CLM-DFC941D0,1000000108,Dr. Evelyn Galvan,MEM000852,FAC003,2026-01-10T13:00:00,93000,54.28,Chennai,CLEAN
CLM-150CD0FB,1000000023,Dr. Tommy Walter,MEM000274,FAC018,2026-03-17T10:00:00,99215,212.7,Chennai,CLEAN
CLM-3FF53049,1000000151,Dr. Pamela Boyd,MEM000433,FAC028,2026-03-13T12:00:00,99214,142.0,Chennai,CLEAN
CLM-1F37AEB5,1000000169,Dr. Daniel Murphy,MEM000531,FAC019,2026-06-19T15:00:00,99215,214.46,Chennai,CLEAN
CLM-F3C3D1EC,1000000041,Dr. Fred Smith,MEM000234,FAC036,2026-01-28T16:00:00,99213,106.37,Chennai,CLEAN
CLM-43B7EAEC,1000000186,Dr. Jonathan Peterson,MEM000239,FAC023,2026-03-04T09:00:00,99213,96.22,Chennai,CLEAN
CLM-15DEE6FE,1000000177,Dr. Michael Wang,MEM000816,FAC037,2026-05-30T11:00:00,71045,82.02,Chennai,CLEAN
CLM-DABCF75F,1000000089,Dr. Aimee Montoya,MEM000219,FAC046,2026-04-09T10:00:00,93000,59.73,Chennai,CLEAN
CLM-E7A7EBA9,1000000116,Dr. William Herrera,MEM000241,FAC006,2026-04-27T12:00:00,93000,64.43,Chennai,CLEAN
CLM-D2986FFF,1000000195,Dr. Allen Rosales,MEM000437,FAC044,2026-02-09T13:00:00,93000,59.94,Chennai,CLEAN
CLM-4E31B59E,1000000185,Dr. Dr. Hannah Patterson,MEM000155,FAC012,2026-05-24T14:00:00,93000,58.51,Chennai,CLEAN
CLM-277BE72F,1000000084,Dr. Zachary Ferrell,MEM000993,FAC042,2026-03-04T11:00:00,71045,82.54,Chennai,CLEAN
CLM-F3E1C5DD,1000000099,Dr. Stephen Mckee,MEM000566,FAC029,2026-06-19T10:00:00,99215,228.86,Chennai,CLEAN
CLM-PHANTOM-BFBA64,1999999999,Dr. Synthetic-A (Phantom),GHOST-MEM-9947,FAC015,2026-01-28T09:00:00,99215,450.0,Chennai,PHANTOM_BILLING
CLM-PHANTOM-38D2F5,1999999999,Dr. Synthetic-A (Phantom),GHOST-MEM-9590,FAC012,2026-01-18T09:00:00,99215,450.0,Chennai,PHANTOM_BILLING
CLM-PHANTOM-3F73B7,1999999999,Dr. Synthetic-A (Phantom),GHOST-MEM-9916,FAC048,2026-02-10T09:00:00,99215,450.0,Chennai,PHANTOM_BILLING
CLM-PHANTOM-441089,1999999999,Dr. Synthetic-A (Phantom),GHOST-MEM-9939,FAC038,2026-02-04T09:00:00,99215,450.0,Chennai,PHANTOM_BILLING
CLM-PHANTOM-CD6D46,1999999999,Dr. Synthetic-A (Phantom),GHOST-MEM-9450,FAC002,2026-02-07T09:00:00,99215,450.0,Chennai,PHANTOM_BILLING
CLM-PHANTOM-B41E20,1999999999,Dr. Synthetic-A (Phantom),GHOST-MEM-9006,FAC023,2026-02-03T09:00:00,99215,450.0,Chennai,PHANTOM_BILLING
CLM-PHANTOM-F8FE2E,1999999999,Dr. Synthetic-A (Phantom),GHOST-MEM-9572,FAC041,2026-01-17T09:00:00,99215,450.0,Chennai,PHANTOM_BILLING
CLM-PHANTOM-D1E21A,1999999999,Dr. Synthetic-A (Phantom),GHOST-MEM-9489,FAC014,2026-01-31T09:00:00,99215,450.0,Chennai,PHANTOM_BILLING
CLM-PHANTOM-FD4142,1999999999,Dr. Synthetic-A (Phantom),GHOST-MEM-9473,FAC038,2026-01-19T09:00:00,99215,450.0,Chennai,PHANTOM_BILLING
CLM-PHANTOM-526E31,1999999999,Dr. Synthetic-A (Phantom),GHOST-MEM-9121,FAC045,2026-01-18T09:00:00,99215,450.0,Chennai,PHANTOM_BILLING
CLM-PHANTOM-E06DB5,1999999999,Dr. Synthetic-A (Phantom),GHOST-MEM-9397,FAC008,2026-02-01T09:00:00,99215,450.0,Chennai,PHANTOM_BILLING
CLM-PHANTOM-87461A,1999999999,Dr. Synthetic-A (Phantom),GHOST-MEM-9025,FAC025,2026-02-17T09:00:00,99215,450.0,Chennai,PHANTOM_BILLING
CLM-PHANTOM-0C1BEC,1999999999,Dr. Synthetic-A (Phantom),GHOST-MEM-9570,FAC039,2026-01-23T09:00:00,99215,450.0,Chennai,PHANTOM_BILLING
CLM-PHANTOM-593592,1999999999,Dr. Synthetic-A (Phantom),GHOST-MEM-9956,FAC023,2026-01-27T09:00:00,99215,450.0,Chennai,PHANTOM_BILLING
CLM-PHANTOM-5D5012,1999999999,Dr. Synthetic-A (Phantom),GHOST-MEM-9402,FAC019,2026-02-05T09:00:00,99215,450.0,Chennai,PHANTOM_BILLING
CLM-PHANTOM-183CA0,1999999999,Dr. Synthetic-A (Phantom),GHOST-MEM-9213,FAC037,2026-02-14T09:00:00,99215,450.0,Chennai,PHANTOM_BILLING
CLM-PHANTOM-7E62EF,1999999999,Dr. Synthetic-A (Phantom),GHOST-MEM-9710,FAC038,2026-02-08T09:00:00,99215,450.0,Chennai,PHANTOM_BILLING
CLM-PHANTOM-DBC576,1999999999,Dr. Synthetic-A (Phantom),GHOST-MEM-9015,FAC006,2026-01-29T09:00:00,99215,450.0,Chennai,PHANTOM_BILLING
CLM-PHANTOM-03469D,1999999999,Dr. Synthetic-A (Phantom),GHOST-MEM-9678,FAC040,2026-01-31T09:00:00,99215,450.0,Chennai,PHANTOM_BILLING
CLM-PHANTOM-E88EDC,1999999999,Dr. Synthetic-A (Phantom),GHOST-MEM-9369,FAC031,2026-01-11T09:00:00,99215,450.0,Chennai,PHANTOM_BILLING
CLM-PHANTOM-8EFCA5,1999999999,Dr. Synthetic-A (Phantom),GHOST-MEM-9867,FAC014,2026-02-18T09:00:00,99215,450.0,Chennai,PHANTOM_BILLING
CLM-PHANTOM-D2060C,1999999999,Dr. Synthetic-A (Phantom),GHOST-MEM-9734,FAC015,2026-01-27T09:00:00,99215,450.0,Chennai,PHANTOM_BILLING
CLM-PHANTOM-F1E61B,1999999999,Dr. Synthetic-A (Phantom),GHOST-MEM-9677,FAC008,2026-02-10T09:00:00,99215,450.0,Chennai,PHANTOM_BILLING
CLM-PHANTOM-3500D3,1999999999,Dr. Synthetic-A (Phantom),GHOST-MEM-9712,FAC006,2026-02-14T09:00:00,99215,450.0,Chennai,PHANTOM_BILLING
CLM-PHANTOM-77E105,1999999999,Dr. Synthetic-A (Phantom),GHOST-MEM-9404,FAC025,2026-02-17T09:00:00,99215,450.0,Chennai,PHANTOM_BILLING
CLM-PHANTOM-4EEC54,1999999999,Dr. Synthetic-A (Phantom),GHOST-MEM-9988,FAC009,2026-02-03T09:00:00,99215,450.0,Chennai,PHANTOM_BILLING
CLM-PHANTOM-DC8D04,1999999999,Dr. Synthetic-A (Phantom),GHOST-MEM-9329,FAC008,2026-02-18T09:00:00,99215,450.0,Chennai,PHANTOM_BILLING
CLM-PHANTOM-BBC775,1999999999,Dr. Synthetic-A (Phantom),GHOST-MEM-9853,FAC041,2026-01-14T09:00:00,99215,450.0,Chennai,PHANTOM_BILLING
CLM-PHANTOM-A5C28D,1999999999,Dr. Synthetic-A (Phantom),GHOST-MEM-9337,FAC001,2026-02-19T09:00:00,99215,450.0,Chennai,PHANTOM_BILLING
CLM-PHANTOM-C48114,1999999999,Dr. Synthetic-A (Phantom),GHOST-MEM-9946,FAC011,2026-02-04T09:00:00,99215,450.0,Chennai,PHANTOM_BILLING
CLM-PHANTOM-E777F5,1999999999,Dr. Synthetic-A (Phantom),GHOST-MEM-9054,FAC000,2026-01-14T09:00:00,99215,450.0,Chennai,PHANTOM_BILLING
CLM-PHANTOM-A06334,1999999999,Dr. Synthetic-A (Phantom),GHOST-MEM-9682,FAC005,2026-01-18T09:00:00,99215,450.0,Chennai,PHANTOM_BILLING
CLM-PHANTOM-F115CB,1999999999,Dr. Synthetic-A (Phantom),GHOST-MEM-9683,FAC049,2026-01-14T09:00:00,99215,450.0,Chennai,PHANTOM_BILLING
CLM-PHANTOM-A30D8A,1999999999,Dr. Synthetic-A (Phantom),GHOST-MEM-9085,FAC020,2026-02-07T09:00:00,99215,450.0,Chennai,PHANTOM_BILLING
CLM-PHANTOM-1BC6EE,1999999999,Dr. Synthetic-A (Phantom),GHOST-MEM-9075,FAC026,2026-01-15T09:00:00,99215,450.0,Chennai,PHANTOM_BILLING
CLM-PHANTOM-CED14B,1999999999,Dr. Synthetic-A (Phantom),GHOST-MEM-9866,FAC037,2026-02-09T09:00:00,99215,450.0,Chennai,PHANTOM_BILLING
CLM-PHANTOM-5397E7,1999999999,Dr. Synthetic-A (Phantom),GHOST-MEM-9197,FAC035,2026-01-27T09:00:00,99215,450.0,Chennai,PHANTOM_BILLING
CLM-PHANTOM-062962,1999999999,Dr. Synthetic-A (Phantom),GHOST-MEM-9806,FAC016,2026-02-19T09:00:00,99215,450.0,Chennai,PHANTOM_BILLING
CLM-PHANTOM-BCD59A,1999999999,Dr. Synthetic-A (Phantom),GHOST-MEM-9641,FAC032,2026-01-16T09:00:00,99215,450.0,Chennai,PHANTOM_BILLING
CLM-PHANTOM-61F1A7,1999999999,Dr. Synthetic-A (Phantom),GHOST-MEM-9142,FAC005,2026-01-25T09:00:00,99215,450.0,Chennai,PHANTOM_BILLING
CLM-PHANTOM-7C0CA3,1999999999,Dr. Synthetic-A (Phantom),GHOST-MEM-9001,FAC003,2026-02-15T09:00:00,99215,450.0,Chennai,PHANTOM_BILLING
CLM-PHANTOM-69B48A,1999999999,Dr. Synthetic-A (Phantom),GHOST-MEM-9524,FAC008,2026-01-23T09:00:00,99215,450.0,Chennai,PHANTOM_BILLING
CLM-PHANTOM-D365E0,1999999999,Dr. Synthetic-A (Phantom),GHOST-MEM-9543,FAC019,2026-02-04T09:00:00,99215,450.0,Chennai,PHANTOM_BILLING
CLM-PHANTOM-A35811,1999999999,Dr. Synthetic-A (Phantom),GHOST-MEM-9852,FAC036,2026-02-19T09:00:00,99215,450.0,Chennai,PHANTOM_BILLING
CLM-PHANTOM-153DD0,1999999999,Dr. Synthetic-A (Phantom),GHOST-MEM-9052,FAC048,2026-02-15T09:00:00,99215,450.0,Chennai,PHANTOM_BILLING
CLM-PHANTOM-003F2B,1999999999,Dr. Synthetic-A (Phantom),GHOST-MEM-9873,FAC025,2026-02-10T09:00:00,99215,450.0,Chennai,PHANTOM_BILLING
CLM-PHANTOM-B6B9B7,1999999999,Dr. Synthetic-A (Phantom),GHOST-MEM-9130,FAC012,2026-01-24T09:00:00,99215,450.0,Chennai,PHANTOM_BILLING
CLM-PHANTOM-7B645D,1999999999,Dr. Synthetic-A (Phantom),GHOST-MEM-9075,FAC003,2026-01-27T09:00:00,99215,450.0,Chennai,PHANTOM_BILLING
CLM-PHANTOM-04340E,1999999999,Dr. Synthetic-A (Phantom),GHOST-MEM-9681,FAC016,2026-02-13T09:00:00,99215,450.0,Chennai,PHANTOM_BILLING
CLM-PHANTOM-7EBE6C,1999999999,Dr. Synthetic-A (Phantom),GHOST-MEM-9127,FAC031,2026-02-09T09:00:00,99215,450.0,Chennai,PHANTOM_BILLING
CLM-PHANTOM-2F6B9C,1999999999,Dr. Synthetic-A (Phantom),GHOST-MEM-9971,FAC040,2026-01-26T09:00:00,99215,450.0,Chennai,PHANTOM_BILLING
CLM-PHANTOM-6AFC61,1999999999,Dr. Synthetic-A (Phantom),GHOST-MEM-9643,FAC026,2026-02-03T09:00:00,99215,450.0,Chennai,PHANTOM_BILLING
CLM-PHANTOM-D6AB5C,1999999999,Dr. Synthetic-A (Phantom),GHOST-MEM-9992,FAC020,2026-02-06T09:00:00,99215,450.0,Chennai,PHANTOM_BILLING
CLM-PHANTOM-19788B,1999999999,Dr. Synthetic-A (Phantom),GHOST-MEM-9071,FAC038,2026-01-19T09:00:00,99215,450.0,Chennai,PHANTOM_BILLING
CLM-PHANTOM-9397E4,1999999999,Dr. Synthetic-A (Phantom),GHOST-MEM-9129,FAC004,2026-02-13T09:00:00,99215,450.0,Chennai,PHANTOM_BILLING
CLM-PHANTOM-959A3F,1999999999,Dr. Synthetic-A (Phantom),GHOST-MEM-9560,FAC008,2026-01-19T09:00:00,99215,450.0,Chennai,PHANTOM_BILLING
CLM-PHANTOM-737D80,1999999999,Dr. Synthetic-A (Phantom),GHOST-MEM-9021,FAC026,2026-01-24T09:00:00,99215,450.0,Chennai,PHANTOM_BILLING
CLM-PHANTOM-738E1B,1999999999,Dr. Synthetic-A (Phantom),GHOST-MEM-9768,FAC005,2026-02-13T09:00:00,99215,450.0,Chennai,PHANTOM_BILLING
CLM-PHANTOM-7C67C0,1999999999,Dr. Synthetic-A (Phantom),GHOST-MEM-9744,FAC025,2026-01-29T09:00:00,99215,450.0,Chennai,PHANTOM_BILLING
CLM-PHANTOM-6C9E0D,1999999999,Dr. Synthetic-A (Phantom),GHOST-MEM-9124,FAC030,2026-02-04T09:00:00,99215,450.0,Chennai,PHANTOM_BILLING
CLM-UPCODE-8E1346,1777777777,Dr. Synthetic-C (Upcoder),MEM000064,FAC040,2026-04-01T09:00:00,99215,1800.0,Mumbai,UPCODING
CLM-UPCODE-234532,1777777777,Dr. Synthetic-C (Upcoder),MEM000642,FAC045,2026-03-06T09:00:00,99215,1800.0,Mumbai,UPCODING
CLM-UPCODE-70A444,1777777777,Dr. Synthetic-C (Upcoder),MEM000848,FAC001,2026-03-01T09:00:00,99215,1800.0,Mumbai,UPCODING
CLM-UPCODE-0E2B61,1777777777,Dr. Synthetic-C (Upcoder),MEM000194,FAC026,2026-03-08T09:00:00,99215,1800.0,Mumbai,UPCODING
CLM-UPCODE-BADF83,1777777777,Dr. Synthetic-C (Upcoder),MEM000782,FAC007,2026-04-05T09:00:00,99215,1800.0,Mumbai,UPCODING
CLM-UPCODE-205D78,1777777777,Dr. Synthetic-C (Upcoder),MEM000642,FAC027,2026-03-30T09:00:00,99215,1800.0,Mumbai,UPCODING
CLM-UPCODE-722A99,1777777777,Dr. Synthetic-C (Upcoder),MEM000244,FAC027,2026-03-24T09:00:00,99215,1800.0,Mumbai,UPCODING
CLM-UPCODE-9558AB,1777777777,Dr. Synthetic-C (Upcoder),MEM000193,FAC020,2026-04-01T09:00:00,99215,1800.0,Mumbai,UPCODING
CLM-UPCODE-103F31,1777777777,Dr. Synthetic-C (Upcoder),MEM000624,FAC037,2026-02-24T09:00:00,99215,1800.0,Mumbai,UPCODING
CLM-UPCODE-ED9E5D,1777777777,Dr. Synthetic-C (Upcoder),MEM000423,FAC029,2026-03-19T09:00:00,99215,1800.0,Mumbai,UPCODING
CLM-UPCODE-BBD555,1777777777,Dr. Synthetic-C (Upcoder),MEM000280,FAC000,2026-03-07T09:00:00,99215,1800.0,Mumbai,UPCODING
CLM-UPCODE-7997DA,1777777777,Dr. Synthetic-C (Upcoder),MEM000150,FAC014,2026-04-11T09:00:00,99215,1800.0,Mumbai,UPCODING
CLM-UPCODE-E7215F,1777777777,Dr. Synthetic-C (Upcoder),MEM000591,FAC042,2026-02-24T09:00:00,99215,1800.0,Mumbai,UPCODING
CLM-UPCODE-7F6429,1777777777,Dr. Synthetic-C (Upcoder),MEM000730,FAC036,2026-04-07T09:00:00,99215,1800.0,Mumbai,UPCODING
CLM-UPCODE-A88B6B,1777777777,Dr. Synthetic-C (Upcoder),MEM000233,FAC042,2026-03-03T09:00:00,99215,1800.0,Mumbai,UPCODING
CLM-UPCODE-634EF5,1777777777,Dr. Synthetic-C (Upcoder),MEM000351,FAC008,2026-04-11T09:00:00,99215,1800.0,Mumbai,UPCODING
CLM-UPCODE-64E836,1777777777,Dr. Synthetic-C (Upcoder),MEM000921,FAC034,2026-03-01T09:00:00,99215,1800.0,Mumbai,UPCODING
CLM-UPCODE-C60622,1777777777,Dr. Synthetic-C (Upcoder),MEM000906,FAC040,2026-03-17T09:00:00,99215,1800.0,Mumbai,UPCODING
CLM-UPCODE-111BEF,1777777777,Dr. Synthetic-C (Upcoder),MEM000824,FAC029,2026-02-26T09:00:00,99215,1800.0,Mumbai,UPCODING
CLM-UPCODE-A3C1C6,1777777777,Dr. Synthetic-C (Upcoder),MEM000179,FAC024,2026-03-30T09:00:00,99215,1800.0,Mumbai,UPCODING
CLM-UPCODE-9B9A07,1777777777,Dr. Synthetic-C (Upcoder),MEM000246,FAC029,2026-03-29T09:00:00,99215,1800.0,Mumbai,UPCODING
CLM-UPCODE-8A0618,1777777777,Dr. Synthetic-C (Upcoder),MEM000266,FAC038,2026-03-31T09:00:00,99215,1800.0,Mumbai,UPCODING
CLM-UPCODE-F2C2D0,1777777777,Dr. Synthetic-C (Upcoder),MEM000581,FAC020,2026-03-02T09:00:00,99215,1800.0,Mumbai,UPCODING
CLM-UPCODE-EA5DA0,1777777777,Dr. Synthetic-C (Upcoder),MEM000958,FAC011,2026-03-12T09:00:00,99215,1800.0,Mumbai,UPCODING
CLM-UPCODE-936197,1777777777,Dr. Synthetic-C (Upcoder),MEM000189,FAC039,2026-03-18T09:00:00,99215,1800.0,Mumbai,UPCODING
CLM-UPCODE-7FE330,1777777777,Dr. Synthetic-C (Upcoder),MEM000779,FAC016,2026-03-08T09:00:00,99215,1800.0,Mumbai,UPCODING
CLM-UPCODE-C58BC4,1777777777,Dr. Synthetic-C (Upcoder),MEM000308,FAC043,2026-03-25T09:00:00,99215,1800.0,Mumbai,UPCODING
CLM-UPCODE-C67A6C,1777777777,Dr. Synthetic-C (Upcoder),MEM000285,FAC048,2026-03-07T09:00:00,99215,1800.0,Mumbai,UPCODING
CLM-UPCODE-463B06,1777777777,Dr. Synthetic-C (Upcoder),MEM000820,FAC047,2026-04-01T09:00:00,99215,1800.0,Mumbai,UPCODING
CLM-UPCODE-FD96F8,1777777777,Dr. Synthetic-C (Upcoder),MEM000439,FAC049,2026-04-06T09:00:00,99215,1800.0,Mumbai,UPCODING
CLM-UPCODE-0F4A2A,1777777777,Dr. Synthetic-C (Upcoder),MEM000747,FAC034,2026-03-19T09:00:00,99215,1800.0,Mumbai,UPCODING
CLM-UPCODE-A5695E,1777777777,Dr. Synthetic-C (Upcoder),MEM000519,FAC007,2026-02-27T09:00:00,99215,1800.0,Mumbai,UPCODING
CLM-UPCODE-37409D,1777777777,Dr. Synthetic-C (Upcoder),MEM000076,FAC019,2026-04-11T09:00:00,99215,1800.0,Mumbai,UPCODING
CLM-UPCODE-714DA2,1777777777,Dr. Synthetic-C (Upcoder),MEM000994,FAC014,2026-03-06T09:00:00,99215,1800.0,Mumbai,UPCODING
CLM-UPCODE-FA588C,1777777777,Dr. Synthetic-C (Upcoder),MEM000047,FAC027,2026-03-08T09:00:00,99215,1800.0,Mumbai,UPCODING
CLM-UPCODE-8155FF,1777777777,Dr. Synthetic-C (Upcoder),MEM000024,FAC038,2026-04-06T09:00:00,99215,1800.0,Mumbai,UPCODING
CLM-UPCODE-F1D8F0,1777777777,Dr. Synthetic-C (Upcoder),MEM000532,FAC001,2026-03-12T09:00:00,99215,1800.0,Mumbai,UPCODING
CLM-UPCODE-086B8C,1777777777,Dr. Synthetic-C (Upcoder),MEM000575,FAC031,2026-03-22T09:00:00,99215,1800.0,Mumbai,UPCODING
CLM-UPCODE-BAD967,1777777777,Dr. Synthetic-C (Upcoder),MEM000087,FAC021,2026-03-12T09:00:00,99215,1800.0,Mumbai,UPCODING
CLM-UPCODE-9109BF,1777777777,Dr. Synthetic-C (Upcoder),MEM000719,FAC022,2026-03-30T09:00:00,99215,1800.0,Mumbai,UPCODING
CLM-UPCODE-3AC702,1777777777,Dr. Synthetic-C (Upcoder),MEM000691,FAC042,2026-04-11T09:00:00,99215,1800.0,Mumbai,UPCODING
CLM-UPCODE-B36CEE,1777777777,Dr. Synthetic-C (Upcoder),MEM000710,FAC003,2026-04-10T09:00:00,99215,1800.0,Mumbai,UPCODING
CLM-UPCODE-ED61CC,1777777777,Dr. Synthetic-C (Upcoder),MEM000655,FAC024,2026-04-05T09:00:00,99215,1800.0,Mumbai,UPCODING
CLM-UPCODE-B03683,1777777777,Dr. Synthetic-C (Upcoder),MEM000910,FAC010,2026-04-10T09:00:00,99215,1800.0,Mumbai,UPCODING
CLM-UPCODE-C34923,1777777777,Dr. Synthetic-C (Upcoder),MEM000493,FAC033,2026-03-22T09:00:00,99215,1800.0,Mumbai,UPCODING
CLM-UPCODE-9C6711,1777777777,Dr. Synthetic-C (Upcoder),MEM000951,FAC039,2026-02-23T09:00:00,99215,1800.0,Mumbai,UPCODING
CLM-UPCODE-0C79AA,1777777777,Dr. Synthetic-C (Upcoder),MEM000175,FAC022,2026-03-28T09:00:00,99215,1800.0,Mumbai,UPCODING
CLM-UPCODE-4A1C48,1777777777,Dr. Synthetic-C (Upcoder),MEM000100,FAC044,2026-03-01T09:00:00,99215,1800.0,Mumbai,UPCODING
CLM-UPCODE-7C98D1,1777777777,Dr. Synthetic-C (Upcoder),MEM000016,FAC045,2026-04-07T09:00:00,99215,1800.0,Mumbai,UPCODING
CLM-UPCODE-36AD52,1777777777,Dr. Synthetic-C (Upcoder),MEM000272,FAC024,2026-03-07T09:00:00,99215,1800.0,Mumbai,UPCODING
CLM-UPCODE-99A28E,1777777777,Dr. Synthetic-C (Upcoder),MEM000479,FAC010,2026-02-27T09:00:00,99215,1800.0,Mumbai,UPCODING
CLM-UPCODE-C075A8,1777777777,Dr. Synthetic-C (Upcoder),MEM000422,FAC011,2026-04-07T09:00:00,99215,1800.0,Mumbai,UPCODING
CLM-UPCODE-D48CDB,1777777777,Dr. Synthetic-C (Upcoder),MEM000989,FAC025,2026-03-17T09:00:00,99215,1800.0,Mumbai,UPCODING
CLM-UPCODE-85B1B1,1777777777,Dr. Synthetic-C (Upcoder),MEM000742,FAC001,2026-03-05T09:00:00,99215,1800.0,Mumbai,UPCODING
CLM-UPCODE-FDE195,1777777777,Dr. Synthetic-C (Upcoder),MEM000149,FAC012,2026-03-12T09:00:00,99215,1800.0,Mumbai,UPCODING
CLM-UPCODE-1F85D9,1777777777,Dr. Synthetic-C (Upcoder),MEM000520,FAC019,2026-02-24T09:00:00,99215,1800.0,Mumbai,UPCODING
CLM-UPCODE-E1845F,1777777777,Dr. Synthetic-C (Upcoder),MEM000548,FAC000,2026-03-03T09:00:00,99215,1800.0,Mumbai,UPCODING
CLM-UPCODE-CF1E97,1777777777,Dr. Synthetic-C (Upcoder),MEM000637,FAC020,2026-03-14T09:00:00,99215,1800.0,Mumbai,UPCODING
CLM-UPCODE-F88FCB,1777777777,Dr. Synthetic-C (Upcoder),MEM000673,FAC039,2026-03-29T09:00:00,99215,1800.0,Mumbai,UPCODING
CLM-UPCODE-21507A,1777777777,Dr. Synthetic-C (Upcoder),MEM000581,FAC031,2026-03-21T09:00:00,99215,1800.0,Mumbai,UPCODING
CLM-UPCODE-AADFA2,1777777777,Dr. Synthetic-C (Upcoder),MEM000788,FAC014,2026-04-07T09:00:00,99215,1800.0,Mumbai,UPCODING
CLM-UPCODE-AC4625,1777777777,Dr. Synthetic-C (Upcoder),MEM000466,FAC036,2026-03-04T09:00:00,99215,1800.0,Mumbai,UPCODING
CLM-UPCODE-2B920D,1777777777,Dr. Synthetic-C (Upcoder),MEM000616,FAC022,2026-03-23T09:00:00,99215,1800.0,Mumbai,UPCODING
CLM-UPCODE-F7DF5B,1777777777,Dr. Synthetic-C (Upcoder),MEM000873,FAC037,2026-03-12T09:00:00,99215,1800.0,Mumbai,UPCODING
CLM-UPCODE-F39D23,1777777777,Dr. Synthetic-C (Upcoder),MEM000781,FAC022,2026-02-24T09:00:00,99215,1800.0,Mumbai,UPCODING
CLM-UPCODE-FD044A,1777777777,Dr. Synthetic-C (Upcoder),MEM000577,FAC041,2026-03-01T09:00:00,99215,1800.0,Mumbai,UPCODING
CLM-UPCODE-2068B5,1777777777,Dr. Synthetic-C (Upcoder),MEM000260,FAC046,2026-03-20T09:00:00,99215,1800.0,Mumbai,UPCODING
CLM-UPCODE-DCA384,1777777777,Dr. Synthetic-C (Upcoder),MEM000275,FAC043,2026-02-25T09:00:00,99215,1800.0,Mumbai,UPCODING
CLM-UPCODE-991D81,1777777777,Dr. Synthetic-C (Upcoder),MEM000075,FAC004,2026-03-22T09:00:00,99215,1800.0,Mumbai,UPCODING
CLM-UPCODE-7EBC22,1777777777,Dr. Synthetic-C (Upcoder),MEM000691,FAC013,2026-03-17T09:00:00,99215,1800.0,Mumbai,UPCODING
CLM-GEO-CHN-0,1888888888,Dr. Synthetic-B (Teleport),MEM000000,FAC001,2026-03-15T10:00:00,99214,300.0,Chennai,IMPOSSIBLE_GEOGRAPHY
CLM-GEO-DEL-0,1888888888,Dr. Synthetic-B (Teleport),MEM000000,FAC002,2026-03-15T10:30:00,99214,300.0,Delhi,IMPOSSIBLE_GEOGRAPHY
CLM-GEO-CHN-1,1888888888,Dr. Synthetic-B (Teleport),MEM000000,FAC001,2026-03-15T10:02:00,99214,300.0,Chennai,IMPOSSIBLE_GEOGRAPHY
CLM-GEO-DEL-1,1888888888,Dr. Synthetic-B (Teleport),MEM000000,FAC002,2026-03-15T10:32:00,99214,300.0,Delhi,IMPOSSIBLE_GEOGRAPHY
CLM-GEO-CHN-2,1888888888,Dr. Synthetic-B (Teleport),MEM000000,FAC001,2026-03-15T10:04:00,99214,300.0,Chennai,IMPOSSIBLE_GEOGRAPHY
CLM-GEO-DEL-2,1888888888,Dr. Synthetic-B (Teleport),MEM000000,FAC002,2026-03-15T10:34:00,99214,300.0,Delhi,IMPOSSIBLE_GEOGRAPHY
CLM-GEO-CHN-3,1888888888,Dr. Synthetic-B (Teleport),MEM000000,FAC001,2026-03-15T10:06:00,99214,300.0,Chennai,IMPOSSIBLE_GEOGRAPHY
CLM-GEO-DEL-3,1888888888,Dr. Synthetic-B (Teleport),MEM000000,FAC002,2026-03-15T10:36:00,99214,300.0,Delhi,IMPOSSIBLE_GEOGRAPHY
CLM-GEO-CHN-4,1888888888,Dr. Synthetic-B (Teleport),MEM000000,FAC001,2026-03-15T10:08:00,99214,300.0,Chennai,IMPOSSIBLE_GEOGRAPHY
CLM-GEO-DEL-4,1888888888,Dr. Synthetic-B (Teleport),MEM000000,FAC002,2026-03-15T10:38:00,99214,300.0,Delhi,IMPOSSIBLE_GEOGRAPHY
CLM-GEO-CHN-5,1888888888,Dr. Synthetic-B (Teleport),MEM000000,FAC001,2026-03-15T10:10:00,99214,300.0,Chennai,IMPOSSIBLE_GEOGRAPHY
CLM-GEO-DEL-5,1888888888,Dr. Synthetic-B (Teleport),MEM000000,FAC002,2026-03-15T10:40:00,99214,300.0,Delhi,IMPOSSIBLE_GEOGRAPHY
CLM-GEO-CHN-6,1888888888,Dr. Synthetic-B (Teleport),MEM000000,FAC001,2026-03-15T10:12:00,99214,300.0,Chennai,IMPOSSIBLE_GEOGRAPHY
CLM-GEO-DEL-6,1888888888,Dr. Synthetic-B (Teleport),MEM000000,FAC002,2026-03-15T10:42:00,99214,300.0,Delhi,IMPOSSIBLE_GEOGRAPHY
CLM-GEO-CHN-7,1888888888,Dr. Synthetic-B (Teleport),MEM000000,FAC001,2026-03-15T10:14:00,99214,300.0,Chennai,IMPOSSIBLE_GEOGRAPHY
CLM-GEO-DEL-7,1888888888,Dr. Synthetic-B (Teleport),MEM000000,FAC002,2026-03-15T10:44:00,99214,300.0,Delhi,IMPOSSIBLE_GEOGRAPHY
CLM-GEO-CHN-8,1888888888,Dr. Synthetic-B (Teleport),MEM000000,FAC001,2026-03-15T10:16:00,99214,300.0,Chennai,IMPOSSIBLE_GEOGRAPHY
CLM-GEO-DEL-8,1888888888,Dr. Synthetic-B (Teleport),MEM000000,FAC002,2026-03-15T10:46:00,99214,300.0,Delhi,IMPOSSIBLE_GEOGRAPHY
CLM-GEO-CHN-9,1888888888,Dr. Synthetic-B (Teleport),MEM000000,FAC001,2026-03-15T10:18:00,99214,300.0,Chennai,IMPOSSIBLE_GEOGRAPHY
CLM-GEO-DEL-9,1888888888,Dr. Synthetic-B (Teleport),MEM000000,FAC002,2026-03-15T10:48:00,99214,300.0,Delhi,IMPOSSIBLE_GEOGRAPHY
